GeneSymbol	iCAF	mCAF	tpCAF	vCAF	Pericyte	apCAF	rCAF
A4GALT	491.92294086345981441	286.06982926207530227	399.57202207140124983	196.60417642413301564	132.56021459149923203	327.31680263592562596	0.00000000000000000
AAMDC	402.53952666652924108	516.66040910086223903	467.47865068897385754	525.80072054086861044	145.17510731790488876	299.38140426927475346	753.23705632051894554
AARSD1	323.13590600829104460	281.42921216602275081	185.19488942291707190	160.76278627472200355	49.30130095530235224	459.29680511389062758	0.00000000000000000
AASS	224.78166865268940455	282.66732846206025442	190.54854603541559754	89.71725238507038114	126.57785577688393630	412.32995346194945796	206.15666490421924095
AATF	201.99735961803290252	161.00834539329946438	212.72189859074256901	250.84439442970537471	727.23522015052947154	0.00000000000000000	441.45509504998329930
ABCA1	251.67001248444654493	79.62717716460912243	310.64518002907590244	27.59071165813494630	304.12033966561239140	380.24191254598696332	0.00000000000000000
ABCA6	525.75346970404132207	94.92505093898471102	374.06171132816882618	60.01647535530106126	45.06326509489646526	415.53912003196165870	157.33910823495037334
ABCA8	156.83463494718824904	28.47340284356168283	304.99350179946742401	40.41383957551875739	28.49776388760850310	499.01710103366167459	0.00000000000000000
ABCC9	120.96761601467530056	686.41448494834503435	184.67999562695320037	188.42251848720661656	117.98605225744826441	137.50582367312014753	62.88088769502640929
ABCE1	293.14943090333071041	329.39763557917092385	481.72013132434437921	143.47659902843983559	178.08035209751415096	455.41702267374699886	8.08271925683156667
ABCF1	393.59805876139199654	347.95710478837526125	376.71216983403559198	411.44177773243586671	381.20146259379657749	459.97264401260207478	58.79831535636138540
ABCG1	29.77192415410635817	40.97880466280113865	30.73787128806704061	0.00000000000000000	62.77787263509610938	26.51946604630217763	169.41815852158325129
ABHD14A	208.42206766454276590	137.10841571014879037	204.94688572062705134	163.96441187629773140	150.65330478061054009	325.31360514574657827	47.26692314186175281
ABHD16A	282.07020714420769991	365.14823656937380747	143.79939524567691933	89.54465061379649171	115.27215464024205005	245.38916706011474389	511.65365643878027413
ABHD2	349.45741838501584198	127.10731250383319946	285.68449139330249409	92.75793164284978332	268.48725639320878145	292.53681513697210903	237.40274666816119975
ABHD3	82.72754831601218939	117.30480193029191582	60.51122884689318226	52.79453049643332463	159.51001573714231085	87.84670839398138753	0.00000000000000000
ABHD5	202.44474225212405827	206.56598111389146766	227.25739932342889915	156.22751991024378526	410.07635074908756678	291.45165365490584009	16.63480377622772011
ABHD8	47.30647552045510906	20.18407699701528912	40.90321745393662667	72.40190638064841266	39.74963351906156106	101.63048156748774886	74.11878364993479806
ABI1	218.88578263910272881	193.14727153143803662	269.08831035452811875	296.46595136016497918	312.94999308773520852	112.23497407428517647	688.80868414722647231
ABI2	343.09566596646283188	622.42559908983571404	298.56056138843445069	445.61977205495242060	74.14440646874533059	243.36256714480333585	428.91623562353225907
ABI3	40.39742800474849815	52.78608068411870136	88.34517325969261492	70.71714353891516680	487.83777613669627726	0.00000000000000000	343.92797486659321748
ABI3BP	215.01770261892943381	33.81722790779533483	242.02676279934144077	116.48786457652930437	128.24109234233574739	787.35645936100183917	414.78864063933070838
ABL2	262.39981500692601912	242.71249853813347386	171.44362018178441076	245.02458891773270011	368.72948419997021574	517.77142653755447554	367.27237075678056044
ABLIM1	14.43017751140133953	9.58279063205342574	55.16957987941687236	0.40048194324077707	8.98108908584524990	49.70475767031234682	299.94485101197807353
ABRACL	571.88343408352341157	310.53345050269371086	496.54121096746808917	279.47661851950209666	796.92264630581360052	275.61178199983646664	65.58886768107866772
ABT1	274.56824576797248483	268.28136622783841858	233.82192206050206096	206.48998618700693441	145.95414112980211030	257.65210318226104391	537.92078629902300690
AC004951.1	61.75039127431835340	88.21922009644622165	56.26645723753160411	40.77156523759907714	307.16390950637241986	47.61707419088535431	0.00000000000000000
AC005670.3	141.60586394518074371	91.99084172481515509	55.15567311281703411	75.36305316152352418	51.88070772259150232	132.80143265691739884	354.44780072893405531
AC010642.2	235.11739225473451143	275.26719673497797203	239.46713554463741502	290.14464015271533981	160.94645030192296531	287.16404110615604850	86.96685169791709313
AC020656.1	25.96920879702627616	29.24282761744719750	36.53450639410571910	0.00000000000000000	448.71257098656479911	0.00000000000000000	48.13599251968169312
AC020916.1	537.36383361457558294	349.05015536650802233	574.09232280639832879	295.36306041013006052	597.49600735862327383	925.15201278308472865	0.00000000000000000
AC060780.1	77.73208839521458913	88.30333243996075510	35.08874048890128705	127.95200108885313739	263.47789326918206143	0.00000000000000000	139.10331833002575763
AC068491.3	83.87266046722861290	223.42263948634089843	52.82001309268470379	48.64418168909826790	72.36145732735155889	49.23476594290059438	0.00000000000000000
AC100793.2	36.31210123318741267	293.20901642290846212	42.37661198419301911	90.70074799229631424	114.56279832676973740	0.00000000000000000	18.88387116317677794
AC100810.1	244.84110748241468514	121.14662083917977498	284.30732929719414415	80.31828828850161983	580.35066625769843540	0.00000000000000000	493.60598301245732955
AC105114.2	54.59173106419496690	37.31525794648415939	13.37696742248426851	3.43349225757576182	34.92143557805653131	36.85959563616300727	139.94798322358028031
ACAA2	401.56658076566117188	191.35134057637424121	412.06065396291018033	199.75810001514489045	1107.31605802210424372	0.00000000000000000	622.40644010361654637
ACIN1	243.48362202480831229	314.65365607964861283	159.27044459806120358	204.41644160549915910	225.16394300668753203	292.66411113447657044	29.63773848576297354
ACLY	164.90972600890069089	207.79406668177418283	185.75901941304945808	98.88619148105109957	257.83505550885126922	155.87269815475249857	534.97622670558803293
ACO2	278.40128390190670871	283.93119316421416443	224.27417693622280126	520.58752547975109337	165.10602351215104022	87.97204617166664775	633.38393301059250007
ACOT9	287.15957026227692950	211.44688980213129526	285.44611238428842626	302.30735752591004939	279.40811591107495815	210.85137433848959176	63.81102052435662131
ACP5	388.05932872946118550	291.20052915056845677	239.51128160627095554	80.34200261781272445	905.42237574758519258	323.64113660804883921	286.73002524969700744
ACSL5	23.67923718210138517	15.86344857030184663	65.16935120637398882	54.43644500750406934	63.08900392962045345	46.71637324732747487	195.38614558137604149
ACTA2	15566.24598142305876536	14427.20460632946742408	12919.10664864132377261	63120.92380310422595358	15738.57233044568238256	0.00000000000000000	14494.39214508140867110
ACTG2	487.50053671280505796	528.21885944962400572	529.47576706284053216	5463.02197644016632694	1050.80201924981611228	0.00000000000000000	540.07904617489657539
ACTN4	502.71543588024957216	646.22867757214055473	430.86584079953422588	1476.70573699073793250	557.82120543165649451	339.11564240191000863	658.43408217842102204
ACTR1A	393.87695261637179556	510.24650192323059628	301.55384386398748120	363.98447762631468549	261.79832452353275585	293.73449103651938685	281.04966325618147494
ACTR6	116.84017406300461062	181.13356574964203105	100.38518697397692847	145.49909284880644122	29.77204230142441688	153.27705448371389707	26.91307118939892717
ADA2	41.65600401464003255	34.02026608958169618	45.85993401206062003	26.82898482147519914	256.26699701233951600	48.01989934243672309	92.82469587466763983
ADAM10	314.68343095760269534	317.99578053487255147	210.02174435767639693	137.63653960826951561	79.80220155337859467	341.31732589861871929	224.07727058253163932
ADAM15	114.70540442820073679	102.75764569960203687	138.31757350406772389	79.92394970066099802	149.39449939659814959	166.08172278846737413	301.41851269369186639
ADAM17	409.84599273337630621	227.90764207399914199	179.12688748002011607	90.89164122392772072	357.41632781696500842	444.76016685534284534	100.52074796229040032
ADAM19	130.45026528686153711	107.41250941267689711	91.10023691592783734	142.64941849849711275	201.13254008476661738	43.15632419042384527	879.07293656633430601
ADAM9	374.94018230350729937	492.32980636780700934	435.12987626724748225	694.72379364152914150	263.38033222462706817	386.00662574841066998	715.83363179314562785
ADAMTS1	175.05975920664397449	648.13002792805696117	375.15233432563928773	1375.96095195924044674	216.03307643687872996	329.42501809760801734	148.95865167659601980
ADAMTS12	599.96142418162037302	390.41663528059069677	231.21502908823561029	59.04832431457137432	185.94401378344480236	273.99143928305767304	0.00000000000000000
ADAMTS2	554.46006637732307354	236.79875367025226751	247.22195104041657032	128.41569907689708430	213.09227050351719868	255.43725643478461507	151.15066465563515408
ADAMTS4	308.11713474097751941	863.45595412087811837	281.31603302058960026	589.87241503102200113	307.33470649604328173	329.02279844893701011	411.16008482376088295
ADAMTS9	84.86876275492276989	592.69096482358179401	83.54466594973277438	426.56274176907584206	62.48753751999230843	141.67003144052677044	685.56643656343703697
ADAP2	50.00205608714665573	415.52207451603567279	119.98961656029001688	201.93943179668048060	127.61998987737564448	0.00000000000000000	21.92660373933448170
ADCY3	52.28052120687307536	299.37609072606591099	91.67701237007580062	258.10913386053232443	118.33931768779540050	52.71265469321168240	3.84282593197048294
ADCY4	41.12841704937780918	185.05892269318528065	18.17176053442426920	9.53597051621087743	67.80046866210653889	0.00000000000000000	968.92711032792067272
ADD1	441.59791307779363478	512.80061067903875482	443.42856833729342725	566.64271904239603828	283.71090512057406841	437.63563961457612095	379.76106466067597012
ADGRA2	241.72459907539604274	404.07433645400573141	141.64140842724737013	372.08187059045684464	150.89786348264118487	65.85498524796007302	283.05708760077487796
ADGRE5	88.12179689690412943	152.02371968480593978	123.04345065762932165	105.08627961986616128	256.50097302957681222	95.21613709963497740	2.87762995731168791
ADGRF5	86.15872383132743551	622.06993441761039776	129.18553403913108468	369.53135643393386545	197.68239663470765777	120.65466097820514335	41.37579233778848931
ADGRL4	28.64551767804234572	13.62380533633121438	60.27814502863920154	0.00000000000000000	13.57854975687789967	0.00000000000000000	580.29269307297693103
ADH1B	248.82056899181696963	145.32680412313280272	1772.03917231937998622	433.84266366013554261	200.88954515927335365	3320.71591603505203238	0.00000000000000000
ADIPOR1	314.46044362367894109	277.17041412064997985	307.68277621920856291	235.24200980058020605	331.75271896832833818	155.43293892828714320	553.73517832621575963
ADIRF	425.63308988983686731	1506.54499363708828241	1171.10207835553114819	4989.54458584158965095	407.72342005978225643	692.74618090777698853	6441.36691222324770933
ADM	1850.25358314398567927	372.48425850747196364	1811.81846960478924302	90.45002465792134672	1626.28583346841014645	869.13383470356484395	1116.90497487195898429
ADPGK	247.66360237527942445	254.92946061895872845	196.76487565714583639	113.43526878485498344	623.49262218598641994	373.27310376711648132	66.40515913692848926
ADPRHL2	271.98705983992471147	247.41552110196437297	306.67623251613173352	133.46929984616687648	227.78883561366461663	261.86186877939252327	169.22117397143597373
ADSL	287.49044963184888957	234.31213525951019960	412.97713276484762446	316.29710708428905264	205.07086070720609428	321.93310551210123549	0.00000000000000000
ADSS	422.18433390748049305	287.89115753954297361	243.36862170477067480	114.00270805836086652	429.62894371418065020	339.15183862223926781	265.99100667941866050
AFAP1	273.45920207027131710	159.94565848778179884	266.68890777472017817	143.60910162440279692	144.50468264903241788	148.09901612788328862	448.91217274188488773
AFAP1L1	22.15585380718656694	21.41311488075868397	47.41666105974738343	1.05330992706021997	38.03602059603679209	0.00000000000000000	449.14790830551311274
AFDN	151.55634907612156326	24.97445687788068014	158.70613367355247192	20.21778509309009308	87.71676587361096722	79.11972172100288958	446.93582740383124019
AGFG1	103.05295162388343044	63.69270203667157659	268.14939384183838911	13.87671253229482460	126.20991953752022141	98.25807105176953371	227.05732648613366109
AGPAT1	256.19560728990245480	222.86616788085206053	146.55945769889649455	112.80881754879123946	298.64453406233286614	45.21187559992241489	372.63669400342320159
AGT	53.44873275629838361	65.43495786997712571	192.99975830388564191	314.61301375577392037	126.63401236831789731	0.00000000000000000	21.20486399429433177
AHCYL1	518.76472232648711724	359.39598521680557042	256.49550886852756548	328.29413368948098650	445.98129344905771632	661.32516276616956930	0.00000000000000000
AHI1	294.97890578208978241	360.34062924676271678	369.62450764915763557	192.69777623541412481	268.03866414717765565	375.89009685621419976	7.84626461961327504
AHR	478.86214024311357207	305.24262452780772037	326.25592609199179606	146.16947765979421092	341.13455985978805529	873.61299192541866887	0.00000000000000000
AIDA	400.92423368495008162	484.54658005656506248	457.60556635610242893	75.01296152674009932	198.22169474006662426	219.51247163660553952	528.70534555400649879
AIF1	92.71559033419670470	166.89973052567552259	215.03864993201381139	72.44412467500755781	3041.44844974295619977	0.00000000000000000	228.24098081412918759
AIMP2	146.10190854273128025	334.38113654402496877	163.06759770536402243	124.70351577471478777	420.48039276210590742	167.43921437945866160	442.30171267803603996
AIP	395.55918174138429322	633.71570776994099106	529.79612965672652081	443.54462854284651030	222.39413688715731610	491.30083315833957158	11.38529051367972933
AKAP8	85.55916804337509518	179.86011132641471022	57.97420840036217271	84.69909598736627743	21.25494138798867638	83.46578545535905391	211.45386981535673954
AKIRIN1	210.90779270693590774	244.65226660252318425	308.58900719501991716	289.23496078182233759	101.40036547666163358	349.81234415232904666	0.00000000000000000
AKIRIN2	219.07139642106221800	321.11798765544909884	258.59288917111496175	295.58665224898521728	601.29550629594450584	154.76334073750254561	364.43304123444659126
AKR1B1	578.23280914223130367	285.40357528351290739	527.17679939310414738	144.79423794266648429	479.63008926700899792	433.33342926613755708	0.00000000000000000
AKR1C3	135.29883540453405999	159.11755273985690451	269.90419907377662412	162.41020002103414299	58.30218232421899671	261.97866202115704937	589.23436655956049890
AKT1S1	288.35919627909157725	259.65993717533507379	327.65269748920019310	99.06160275679695815	115.67269907866051426	296.55727910208094045	134.72539973246111344
AL118516.1	87.87034645145466527	69.63647720316414791	73.63556170624438835	78.83898983311436837	102.01281477648971929	137.04232355542615096	114.16697790463587125
AL121933.2	124.66114164814300125	43.75895435607934303	75.51764544147067681	25.17146587993495643	180.14741025810363340	101.08170466385148245	9.92611792621466549
ALCAM	63.87899716360421110	129.48332788252059800	104.87593047581613348	115.38187787079746727	167.46194846828916525	49.68622380587895293	0.00000000000000000
ALDH1A1	214.71585133123085143	40.32906126572770944	348.42693935212946599	82.17406398755417740	98.16706720338882519	770.15222184260585436	651.06479914786632435
ALDH1A3	692.13047728341200582	187.81836143054695754	555.52673516584479785	134.04657608155559956	476.82934334179333291	1347.86800127346941736	0.00000000000000000
ALDH9A1	295.42164145210608694	301.40790363057760715	361.02273073550964000	181.15367364509737058	574.63185454789902451	442.90988554792483001	357.32741999888872897
ALDOA	617.36189728083684258	330.71474144118218419	1384.51974891130316792	507.58092554830017207	799.32214647311184308	437.35968910127775189	0.00000000000000000
ALG13	145.05514548721296819	150.70014171801830116	219.80675139844402111	286.87002139867286132	70.08465019791100303	0.00000000000000000	663.52682947055973273
ALG3	421.34326697317112576	341.15242074063257860	308.14962450122345672	112.10724544720807216	397.17607950865101429	328.47670529809022355	59.24296222318750438
ALG5	549.00737356450122206	461.56732573947482479	457.89930629072711099	288.98382325797524572	202.83924371188530245	495.97371590745439107	481.33977302752992955
ALOX5	13.45485033280628961	21.24620572423934206	11.20801692158282314	22.25226711255293921	174.10369633228393127	0.00000000000000000	58.58682375619540750
ALOX5AP	170.35306672372837511	270.70367762042798176	342.28827405957906649	118.90205856709089005	4034.83805852870909803	0.00000000000000000	196.37953710445410138
AMD1	282.35542440976252010	258.65978901489364716	394.63031853052456199	371.13056413423589674	736.67880967875009901	162.92772576398033380	926.36590996121515218
ANAPC10	142.18828221480580964	221.23829316065075545	305.91177763580765259	136.33914505937249828	156.78046172137837289	178.00494414229950735	142.80884147856468758
ANGPT1	115.84562494687355638	313.43100779073967033	226.60573383819098581	344.87884061650987633	291.04560764594958755	103.13366991885720836	522.51865810630624765
ANGPT2	101.58153162878448938	734.37055892134492296	145.60147764765429201	513.78591653471289646	158.42366345839667474	0.00000000000000000	1242.75579930725780287
ANGPTL2	1451.39655138725333927	393.55204306962690453	812.34015896843868632	351.46410097052563515	301.35965641832655137	760.64702964138314201	356.90414759298960234
ANGPTL4	1690.25090732847138497	636.29024887605703498	2851.30764887086161252	947.50743429195904355	779.94596581911628164	1812.18244064240820990	72.24796910004909023
ANKH	658.91294422223847960	149.93608999836331463	213.75301468021919504	7.22673410119519755	179.83171784534059157	328.34152453167416752	337.60436670566360817
ANKHD1	205.24733510986496299	290.00319749212440001	220.10002386954531062	112.84030626950395515	312.35500513730755756	193.08564691220263398	211.97239265586750889
ANKIB1	213.73622696530782150	173.39451003844237675	263.79150711178158417	60.46509687317204396	37.00262458012981881	272.21654448687030481	154.68630818668253823
ANKLE2	309.20100153589578440	190.12963916386854635	194.23136118936071171	201.40116690625046658	181.12680006492021789	336.57367058488569000	116.39407408198354688
ANKRD11	367.49609653999584680	509.30589035455699332	284.42458503920153134	255.93884254643663212	228.78783388612353633	356.63794407976860157	144.31213668249620241
ANKRD28	541.97834271135548079	246.52091896656494896	235.20986281818903763	172.30582590982092484	223.95417514386377889	46.01318169133371327	1270.12355847708499823
ANKRD29	11.25448914138498324	29.49529012781614767	27.57360417566979294	163.62004525200316607	28.88070465043315238	1.26179128911655969	67.16538710301092863
ANKRD35	378.03995961918298008	112.35743646006430652	287.26385359663203189	88.47478035974219779	139.66971450003686073	153.64867761742732455	290.71060725143132686
ANKRD50	93.93652741854984356	133.99549900761172694	71.77795530136262414	88.28655348402520531	29.58126042957686508	127.19891488953744840	170.84866939783523776
ANO1	159.71414859373228978	263.74665614117549239	77.10122066011537356	190.71976922023139878	22.41253454998483363	84.90400676814759606	0.00000000000000000
ANO6	294.69397954678066753	363.06153986832737246	212.36937363622863018	306.64022544468275555	245.67361936462140193	371.21725333943123815	102.09653800944381885
ANP32A	312.63981211964744489	633.99557872332422903	512.51161424294605240	97.96840001818250698	433.32749772998135995	180.58527630954111487	524.06688846900260614
ANTXR1	2415.34772118959381260	614.39671801495296677	721.45970890264800346	438.36432587472552314	727.95962056084044889	748.70059821358609042	567.91938149135660296
ANTXR2	532.14585202888736148	192.23835506072603607	326.11420458593204330	100.98376312092148055	58.38911006186542352	408.90153297593468551	495.51929492117074005
ANXA2R	29.69896209671999898	34.12385930937662692	47.19574027267952943	4.23804876167746514	5.51890787307013309	0.00000000000000000	161.91239196990912319
AOC3	315.17108736596810559	334.67244390137346954	330.99006238314552775	651.35680710825772621	158.27237343292588889	472.53321052368551136	85.52647881276764963
AOPEP	952.73019518692433394	571.14632694914007516	710.20768008757875123	1105.85960262246931052	556.84130172898437650	666.35211494522252451	50.90641804211448829
AP1M1	173.45397452207450328	211.33639427331354455	164.52454510193163628	211.60946989492720149	276.85040297507498508	228.05544592650124969	0.00000000000000000
AP1S2	165.92997647933347594	208.34098135341577063	282.28964191580939769	89.03276793809168055	1211.73320986456974424	0.00000000000000000	805.60212835070706205
AP2A1	294.04093763598496025	283.92273342800160663	323.19090748462610918	185.00225257921704269	229.48584162643277296	274.95723908834798976	0.00000000000000000
AP2A2	158.18014179049973222	189.83530479686621106	162.53007773591457408	127.08158172599057423	259.82799233219975577	261.69970340715252632	162.72586865448346316
AP3M1	77.05856162557583389	115.37386536792513425	77.30543889436908955	68.72418794701752631	424.59798487170576209	0.00000000000000000	171.55768964905934126
APBB1	117.33309333333957625	60.15264979958747205	54.66322101995515226	96.09082390369684390	202.31858339117971468	63.39025940487724853	186.28214516275744472
APOBEC3C	194.41982612559044696	280.28923386304398946	186.06796430334651404	147.90942581653365551	271.13453230638515379	196.49421085420817690	0.00000000000000000
APOC1	315.84158441396829176	522.81099124457500693	924.80743798161176983	423.72765107678515051	4402.92081851720649865	0.00000000000000000	1728.34339212982422396
APOD	1299.05093562335764545	210.72333397797595467	3266.39382016738090897	0.00000000000000000	382.81296101889313377	2149.87548677904533179	0.00000000000000000
APOL1	795.38061213989033149	461.13287718789172231	408.05013933605880538	266.83609727587707994	254.95705516627094767	742.77264973927265146	74.67243933954806323
APOL3	170.22501035680576820	252.01076761673809301	211.18327881791719847	223.88426823810084443	59.26117064756464714	142.31550484541187984	103.41309170158109509
APOLD1	73.40168727661671255	510.41782549760603160	151.68534428248568702	413.79288415509989818	161.70719505921718451	0.00000000000000000	436.56838614461588577
AQP9	18.38416823837301450	9.72106706473221216	32.99793724650771054	2.41208129788135706	202.63072351198437104	14.39350519400602479	0.00000000000000000
ARCN1	325.67067515953885959	321.21186364416860215	177.23866555411893842	170.72294739491553628	129.44720980207429761	330.04564514576890133	133.65295295727767666
AREG	1332.10784573359160277	412.38089856071866279	2855.60751425880562238	0.00000000000000000	825.03220749685431201	2823.94167992032635084	0.00000000000000000
ARF6	556.36962447081293703	372.77731113454223077	580.72047600149971913	540.95681007908058291	944.58778484826052591	525.21566787440428925	0.00000000000000000
ARFIP2	236.73160562868972079	217.55126223846559697	269.76466177398606305	193.36855375148232383	107.13400985660661036	226.04421303307384505	374.59651298828862309
ARFRP1	387.77938045796162214	396.85057920411986743	394.46227501278258387	108.70753682167944021	132.05110609356381701	315.56137199881067090	213.50758880226291581
ARHGAP1	341.90343545780615386	447.85222531100322385	219.17297237887655115	248.78294510376613857	221.54317859681671621	230.34334475601298209	0.00000000000000000
ARHGAP10	126.23126741252883676	328.31342479926956912	124.89339106423250314	167.06288831054473576	230.85272141479671859	177.40086114061136868	0.00000000000000000
ARHGAP15	89.47288350692643633	688.10972660769255072	209.58862740963908777	354.07947374521455686	240.31532709707340700	66.86020282186184716	49.80443791930882469
ARHGAP18	118.10704315052413449	197.51945573549778601	131.36893121175168631	43.75713909707906168	532.74798328572239825	60.76144001524269100	468.90628413707520394
ARHGAP21	264.98397392595040856	179.51779621242721419	95.34532694285732646	191.84555651658365605	80.20615890346664401	250.22121094221586191	449.31559265651128499
ARHGAP23	69.76470534026427117	69.69408129110864536	73.24073455404406729	1.65127636052024873	78.92560354534323608	14.65627686378950223	357.97323805114979223
ARHGAP24	196.81347886491820987	254.66335205430297606	221.03254062617872933	165.73380082868416707	224.42310312497227187	246.26589101569362583	0.00000000000000000
ARHGAP26	26.50784784255766979	252.86090730379083880	36.53495348983682334	47.32970965881840897	99.04747556042548240	0.00000000000000000	401.96317406481472290
ARHGAP27	9.68421563996112766	13.44809585580336275	23.92476190470336306	0.00000000000000000	15.44756029071052694	12.85716024125632195	176.60620922990293025
ARHGAP29	128.35141855387672649	772.87629292705389616	204.55137648211234591	515.13580268569035070	163.79542735877470250	241.82165253501881352	1251.01391566577285630
ARHGAP42	42.80754817102044996	238.87829457222994733	109.28687743889743444	51.39280953798881058	59.90495799647617758	48.66715921497568331	0.00000000000000000
ARHGDIB	483.59530327995520338	2362.10901827503721506	832.39430575523056177	678.60057857643437274	1980.11765402142418679	102.04989610816807044	333.40007004186929862
ARHGEF1	165.99918352920289522	292.21472206533525195	167.65156655743064107	176.16139375775526332	78.40361010184288659	172.81882286558033002	489.77811512096496926
ARHGEF12	254.40838443080619413	519.61304848895611030	269.43624030622322607	291.95699072746231195	149.67636510042788700	320.47130783226720041	471.97682596804867217
ARHGEF17	156.19440194353421703	577.38497429202470812	190.85213331682007265	178.48058270253832802	75.69622342859524622	67.29841573305766644	0.00000000000000000
ARHGEF25	371.00558304751939431	150.68119057379237802	118.13577249762707311	322.13283621521065925	95.89981509091218470	0.00000000000000000	267.92815465739329284
ARHGEF7	152.01788535541518854	304.22500209570483776	152.52983630489922007	247.67553238569072960	210.16496565798470897	106.57141465629156585	142.83999066306350301
ARID5A	250.24815218991557231	392.99243414469219715	305.49708634216875680	364.67274001033166542	94.82517664321693474	173.56433186092223764	151.91295513327185063
ARIH2	158.36927894972305353	229.66482527960508264	179.55165662621186584	216.23857422565461661	497.54474839416081977	122.53323360233777350	522.84346334587257843
ARL13B	161.39490334315922837	256.16055778726592962	179.88276550937803222	181.85060674704655526	68.91539371894917565	164.25786622775120804	321.39918220044376085
ARL16	462.97446893601517104	405.37266013391467823	366.66524443594346394	262.11257786856737084	211.00121945531154211	210.58755189914981543	765.88082484401263628
ARL2BP	699.94906124809494941	471.50349656943438958	535.67814645102657778	457.96503359425440749	435.96159176368684030	467.03482080478187299	197.12872588980940236
ARL3	693.93457597400185932	781.44284234950657719	772.05737583374502719	586.32348725380802534	280.77488633857763034	336.34646566838029003	465.65400798687005590
ARL4A	202.60083514724888687	129.74553062241673729	368.37160393851854678	115.10274771966702190	421.04683192374761802	260.42533696465534376	2368.33241071522570564
ARL4C	550.88510611714195875	81.89546874236134499	182.09930784171163509	232.81661125430096604	491.38536648878630331	354.83165975446524953	0.00000000000000000
ARL6IP6	155.20117757829834204	308.17271925203414185	325.47825590959160991	87.38441477291935655	94.78831006676050208	147.80015818173291109	0.00000000000000000
ARL8B	319.29608085672174411	300.16680426381338975	262.94200668943716437	324.91228170849120716	125.80152238750312677	393.11674346094184784	209.50445597277342813
ARMC10	223.20042124742317924	75.98869900951386569	142.46608404074902410	62.34446732363110755	246.23079735995241890	95.79096946127361889	444.27355944751218431
ARMCX1	252.75328039346135256	330.74377043144147592	245.72791747382552785	148.30635590148145297	129.55432005352835745	136.07319690537474344	701.27684850632022062
ARMCX3	572.93382710306855188	711.86916116169606994	408.62887960814646249	541.99620536878069288	354.62319955861812559	558.08568955925409227	780.21878976459436217
ARMCX6	251.57225364002374590	415.33565053985154236	186.16075066527281479	269.31468461781059887	166.91119144747779046	117.73443583580623795	334.63800909327352429
ARMT1	87.35315624010733870	112.62713120975543291	190.62506704518264655	97.61829178679860775	72.90034775786082832	9.86216007191003108	235.44307872996216702
ARRB1	63.10824876714622178	122.84078694727662651	45.31359823478139504	99.17259818933658266	47.42969885115798689	79.49488925291905161	28.05938417261308260
ARRB2	38.73731237328289012	86.99833285635953928	71.87984268147053513	62.63185272819417548	345.04517667123383262	37.28229214111335210	51.16513884930830613
ARRDC2	78.42830748763590520	76.48003587964727501	71.99746161700826974	50.24986028525682968	64.85592105475093661	40.30825919022355919	526.62706261364598959
ASAP1	339.78300119374540600	558.26103087612398213	212.36181866777786809	206.09894374293691044	233.32471677078501671	292.98433677153957433	788.20362261676882554
ASGR1	19.23577101903465802	26.03628966414547818	21.96413160036318146	0.00715879749230174	186.10824619642608013	0.00000000000000000	490.08302358610063720
ASL	219.32415675906955244	300.21191097535279368	258.14573567348185179	126.79692208525389674	152.20598114934216483	357.44602845941165015	5.59433141346076468
ASPN	4335.26388889025201934	2634.13433764590263308	1223.50040737648851064	1239.64388760458473371	2178.14182279236456452	683.67373313371865606	0.00000000000000000
ATAD1	213.69882121831332711	325.36981257254649336	202.20417611360903720	243.74497116238080707	221.45752034543465925	195.78118330304596384	51.59701703079553425
ATF1	204.29280294370207116	177.73836550994843719	214.44971187340286178	158.64342233321968934	121.44450562734485288	133.39640002315121592	468.93737419568640235
ATF2	134.65483656138400193	146.58182702354508820	147.05215707444955342	168.47358396304218786	490.82746676929832574	19.21818856446715529	364.65560785938475874
ATF3	273.72329366885088575	393.38343649119269685	230.48723297212694661	354.04918397251128681	412.26109368724411297	555.89560244417486956	8.88368442654715551
ATF5	101.24531347306270845	60.06400550145837514	114.97564393971636321	102.71765265435918479	451.28171553402364680	100.04252915864415741	90.79384130149068710
ATF6	214.64381334616231811	200.73267234269815162	140.37994356651410044	352.28979446369834250	329.52448345538505237	207.95339830503044709	454.61768209298651300
ATG101	511.02300619631938616	281.73969419086552080	489.50919874315798097	380.63486995952808911	670.19242227561437630	508.13330577384175513	18.93438809812858281
ATG12	472.12048064862057117	388.36463037933782516	428.75662051845318956	391.64709668842237988	236.98458209857255952	419.67380868567340713	10.30141163255822967
ATG13	128.07766308599428839	141.85171261517407970	103.43108921204004957	102.81491581787517475	192.61325447004347211	175.93243654292624001	101.84796182119029595
ATIC	255.51856290097649094	204.57929746190637843	184.60192052792973527	196.93802116473702313	344.06061697117030462	256.37618049598347625	0.00000000000000000
ATP13A1	114.92474726378702599	74.54667682117036520	117.47961883978346975	173.11580081867543868	189.43463787104377616	80.17284755763914461	93.12794131361779648
ATP13A3	242.94753653033069440	127.89543320889474387	213.54153412689191782	268.89446660483594087	149.34829647965253230	396.92131719791041178	499.52634295519226271
ATP2B1	319.09687704971554467	305.44401567326991653	251.23517103658886640	152.33301527712623624	220.90068019386899323	527.00800676044605098	281.26940586939451805
ATP2B1.AS1	0.00000000000000000	0.00000000000000000	0.00000000000000000	0.00000000000000000	0.00000000000000000	0.00000000000000000	0.00000000000000000
ATP2B4	140.94238447036502748	339.97393222008099656	144.27967645545635378	351.26401138534441770	287.35519559838837722	118.80825562440462306	335.83028288687961549
ATP6V1B2	378.77862523195705080	227.47009726060392154	339.93563642332378549	161.28130575235320521	1040.34514478634605439	135.57188033002029215	459.37737519326111624
ATXN1	433.31009782256825247	238.79936635719718652	299.55525366291192313	119.98908012675450152	404.94780931842473137	385.34779996478675912	280.91472132195161748
ATXN2	304.41932277697594600	196.38233789886987779	153.90248900624982298	183.60920807706753521	197.86440996336884268	222.64468212125638047	285.73493031065100922
ATXN2L	197.28016992457753531	83.98683389796482857	57.85823957526178418	164.66643604852791327	284.12535953744912831	130.94301839690592715	129.16527283872241583
ATXN7L3	59.29770853173581457	49.08564813894896162	65.28880874820271174	60.42440280592025914	173.88728026590811737	28.36058236366605811	279.49043757067198612
AZIN1	255.99158696050011486	400.58476986183774216	237.57018457330497085	222.16731307786432126	352.80932380335309517	123.19406960892710856	109.41604799420024108
B3GALT6	44.99741054581261324	55.51826225248209568	28.32508057458722206	31.06715685229475099	146.59211355544175603	74.06358886868419233	19.77285963904884980
B3GNT2	165.07786771731866793	244.70012303637574291	115.20938066265200916	231.91205254199860519	144.49997139380761269	0.00000000000000000	340.48943184072328449
B3GNT7	1.24431027731167498	2.97452656823863570	41.59764969580583482	7.46797209871970580	26.87468217244504842	0.00000000000000000	144.16890962821710787
B4GALT1	694.34760750828274922	365.42632193306576482	480.15545331496065273	187.62152038555680633	822.09057241490859269	884.01300887973070530	0.00000000000000000
B4GALT5	279.90083489025090557	131.76967425154612101	69.09419766041273192	56.93406655628248103	155.51492390946845035	287.57459290990027512	451.36663365407122228
B4GALT7	300.31427970586832998	154.84409429548117032	311.16744783634004534	159.45639048380908775	74.54253645120117255	439.70299640100557781	26.27636928598574073
BABAM2	295.31566842310769516	238.29097624845420000	309.78033783892726660	166.40151511238789794	251.59911123995453863	125.22676662110430357	237.20237904573505716
BACH1	108.43656651127365365	174.43809064260713626	124.43347688357297898	74.67311356334063532	217.98889605099165578	181.70091726941703314	38.69749754343663284
BAG2	434.85350639173589116	169.35220119125915517	378.30046118306592007	402.82629670166369351	284.85563297192572918	351.20114125811358008	607.67069418897563082
BAG3	204.18073247995124575	212.57763394835126292	411.72296056579256174	299.26506987234301960	171.26567993358020203	314.09400217152716550	0.00000000000000000
BAG5	118.53589361749433806	123.41638626111395638	132.44769171315149947	58.73209904751472266	161.05091974655195486	103.99402450932605291	0.00000000000000000
BAG6	249.44940445463589640	285.24998680623286873	352.41122716997620046	217.31857443559300691	136.79669144256359914	358.10940437835921557	145.69392017500697989
BASP1	584.21012555725644688	125.88750350509272380	365.98289093453678333	68.05155162327326934	653.16181051172247862	748.07549619685255493	0.00000000000000000
BATF	30.07590421818235882	20.80065067553732661	65.11405983805806841	26.03806016753390651	97.11617115378550125	41.40093361301786246	438.65486531861807862
BAZ2A	262.97986430958690107	302.33534041951816107	200.34146099348970438	158.66759614633824071	120.66893084364220101	180.18547309443425775	0.00000000000000000
BBX	496.11096940444713255	752.10953876333326207	488.12203995999294648	572.32594624313094300	277.11373284509750192	571.55462015680370769	0.00000000000000000
BCAM	121.22230373856204722	366.91714615704177049	203.59771201936547413	755.45102713530923211	95.49294427530837481	104.09153569224332614	352.00226427421461040
BCAR1	341.70974119558201210	418.67477278411200814	355.68302533795406362	252.30821391909574913	118.54035913888161247	238.60001136378801334	552.57987458883246745
BCAS2	333.46745043917309204	207.97065870461048576	339.94787199550370360	432.54073408175423765	389.95352360567738970	317.56659677171955991	122.71775001237955394
BCAS3	74.58403082345236612	250.78972192176382805	85.49295754898156474	144.49539336611704243	79.09080445137058746	15.06177976798649709	141.69590084466045710
BCKDHA	263.05364107690343189	247.46550706707446921	227.10125271563757110	237.75033247010048854	143.37008357896530697	218.44399455469283566	0.00000000000000000
BCL2A1	27.04869782275814316	39.93807747167736011	192.15884773020474086	27.12186915068171089	442.27415647651946529	0.00000000000000000	71.18080374045939607
BCL2L1	178.99535491151053179	288.99478000397436972	251.11285487255480575	242.34769641577693733	108.25820880383550104	60.15154420796932300	195.41169668590231367
BCL7B	324.50073481075952486	295.50534543091299611	369.38590331470163619	465.66241043285594969	132.78008886327592109	191.89714847656293273	105.85622302460717492
BCL7C	382.35435403384184383	355.39601753977240151	426.34641555563837301	331.13468382466959383	161.02647272124787037	300.82771442023670261	1189.38463309801136347
BDH2	434.55495789032261200	320.63286656615548509	426.92426543797853355	445.52489202959907288	239.10589345624308066	510.07489762420459556	175.32609588896312403
BDP1	212.09375183993697078	278.65610307353375674	194.22148493275392411	158.07762552316302163	161.51250439052174102	263.51113464988287660	325.01918410247196789
BET1	282.30979492769910166	354.15892344701569527	273.64360950511900228	158.92468549176842885	379.27503636499864115	282.78905847003841245	182.47081127695108194
BEX4	359.99883693792691020	165.53044098628021175	388.06071907702795443	185.66634698162314976	338.27883491088857681	342.29405290832249875	195.80128203488541772
BFAR	417.22908976838851913	271.70096377521468867	409.18835534994701675	248.31843600665598615	167.66024737483087392	270.19537139360909350	742.68650652098233422
BICC1	530.39724715926286081	170.87615512713634303	433.10321658800995692	23.66523881543554353	312.31041035352717472	466.78524390662647647	0.00000000000000000
BID	250.69014609770107427	225.20075678287162191	357.32356657124785215	53.75420399336686472	234.96780875006552947	314.57044381390460330	91.18347235462512401
BIRC6	265.09034433676930576	198.50764266418033799	174.43906817739917869	235.88004094256322674	335.83913990537240579	174.85979839978188011	544.82094137239232623
BLCAP	265.57394690937633186	225.62755026975727901	252.27514601313839648	159.52628492859105336	119.77521658007462690	168.83008779063251836	742.07065371023759326
BLOC1S6	255.25308472499207824	153.55670314336992988	356.11709975360139424	207.44607915176328561	188.84678934074693757	385.43501600234873194	119.47437129520825749
BMP1	702.02743994080151424	793.16630107037394737	218.50376787635030951	148.86596383900723595	271.42542523526020659	434.55552547510768591	0.00000000000000000
BMP2K	107.18023232968442926	65.71605912662043636	56.77379502155729796	5.41951627641548228	98.48013380527063987	35.59894607737930983	696.41613620501971127
BMP5	152.86948971201277914	48.16494417360778613	205.07929443790118285	2.52171185812820475	109.84752006533872759	513.46148326081709001	107.36274471999917068
BNC2	510.03428744906779002	44.21926142122022441	135.22409039921629414	0.00000000000000000	47.01188758154967928	460.76301618072011479	0.00000000000000000
BNIP2	241.73803151889015339	340.72102182843025275	362.31604317159622042	560.55276915853687569	152.26921435887544476	80.54591886954760582	791.73731515815779858
BNIP3	592.61680114088335358	340.85019187176692412	1195.02347490061583812	199.65718686497376666	652.38260476185337211	539.32085690823248569	748.21887392282508245
BOLA3	232.18583124528504413	375.12295516373364990	484.64364780705301428	204.64062083038598416	294.69143522457670770	179.81205368910568154	479.81046750608010143
BPGM	387.25415414843718054	92.52516543407026006	194.44215093464694633	248.79490280347494036	387.55371829813486784	0.00000000000000000	165.25018798238636464
BRD3	178.95977257193641208	286.87063239717519991	155.71980986924305057	94.39447087249581614	323.01958837643240940	149.43570297405514680	597.79224831691851705
BRIX1	278.85435801357806440	288.84628581793367630	328.40385367528716642	296.08030588954250106	192.49077257309014044	385.90390954787727651	261.63009064585878605
BROX	168.24943926449716969	97.69861987475908904	200.69970308154452709	74.28493861660794551	283.91702699099448637	242.76885546294104756	432.41462414475563492
BRWD1	218.48982190648786172	331.47554497546360608	201.88574302715730369	147.40164544725564610	73.35682997058633248	335.64946284108305008	344.50513251175635787
BSCL2	573.29309529979593663	508.69419185899567992	441.07543769364667696	463.00382537930300941	276.92791239000985115	580.66514680483885513	0.00000000000000000
BSDC1	262.27779763016076231	292.96455792136168839	216.03261041924946539	236.16640718456375225	216.69081259202158662	322.43437938277497778	0.00000000000000000
BTBD7	154.56423456369725500	206.12506961937083361	104.60951491445835870	118.99040896821112767	134.00498789304461411	216.48449336250982356	345.11963908561045855
BTG2	449.07835707508758105	346.02728914815168082	538.08516433982174476	629.82930265134064030	498.84499013442473370	720.74947413454651723	135.41294967319407760
BTN3A2	278.15978321579535759	314.49327976776214655	291.85052316738614309	185.09738046008010315	232.01076975952057069	320.89213354010917101	0.00000000000000000
BUB3	439.57734799537433901	654.94753256049170886	531.76073170749953078	440.70970178295112873	394.51685884907067248	494.78908356539483293	258.36141237688298133
BX284668.5	103.24941332648261039	144.98017023947107873	134.72814161906447339	126.04044540956412845	31.51188617673760817	188.54369465427717500	110.51933529071371254
BZW2	199.87296497118438765	222.61861965844093447	413.03110969201162561	134.15409447772162821	222.30983000969123964	166.56996514914752083	386.25365778301841146
C11orf24	322.63021698744529431	170.92949610029523910	287.49551133795165470	283.76472428028472450	179.52309178025373626	391.16786510842365487	0.00000000000000000
C11orf96	333.66379931412609494	358.21608269666973001	242.10830560080194118	379.94795558164781824	237.03533904301824009	415.64757725740258820	0.00000000000000000
C12orf75	345.35619791192073080	137.77626307237500214	637.31090255994365634	922.26789795591002985	380.33044638825134598	409.85721887605438951	0.00000000000000000
C12orf76	187.17945244093957058	130.63659431917415077	92.97592216110076890	71.37212735066540858	256.48352062655089867	66.78521206358354334	113.43120111711137099
C14orf132	187.36228156999007410	81.62185078076571187	88.46495975296964787	0.00000000000000000	146.94118080699132634	224.42976647326841544	153.57899822332601047
C15orf48	327.50830828532463102	212.97733204393526307	482.68758770196120622	160.71625648640267059	2326.46093082464221879	0.00000000000000000	566.54882701786391408
C16orf72	124.40076311904805095	125.98481957750580307	114.43282537033626056	55.80708768597224179	22.63699569267767231	103.69857587291900813	87.33888205598059074
C16orf89	78.52243840021492360	34.14127335504804961	57.39463982920725016	5.48257150950678618	15.52583004915383391	372.78123683083174456	0.00000000000000000
C19orf48	234.56724315923494828	186.73501128991119913	405.36648836361541726	210.60213967437002225	109.76096695725277641	202.48071002418262765	265.33585003624114051
C1D	390.73003089971638246	486.13472990821844633	543.57131594396787477	309.90598327534905820	275.86461374835920424	383.25828615605951200	385.91889671097692371
C1orf162	42.60897811707302907	37.48846894440456623	114.48263545151719711	32.38148370026766543	857.80674695005347985	0.00000000000000000	77.80669835924295796
C1orf198	306.98193934067336386	149.36678506315482196	225.66636701947058441	503.26094283171130428	77.24983165342308666	219.53115851075020259	0.00000000000000000
C1orf21	289.70952997604479151	503.50246500797300087	352.64263520748812653	309.53791267232378459	184.57373030576337669	271.00962356368427209	256.47424076198313969
C1orf35	220.39381990723518356	246.66290214773238176	242.91318100032350458	189.62879054123627043	291.23585395953347188	233.92122200566097945	156.87429059720111013
C1orf54	389.94956961090110781	645.18270267262755624	518.14787065390430598	585.34017902582343140	655.93894659535374103	322.65161001469471103	315.57695805047097792
C1orf56	193.85680594307723368	236.13455634849378839	191.68608007371790336	67.48446317971153974	343.13192248221815817	149.79903434554205433	0.00000000000000000
C1QA	329.94918488241654586	395.23756628429293869	367.19001159915325161	134.42902393982643616	6572.59333157222681621	0.00000000000000000	1016.23446770435759845
C1QB	286.52512924809286687	402.07380572553751108	432.53534722104950561	240.79224384042441898	6490.64972844529165741	0.00000000000000000	734.82303045627190841
C1QC	150.49217506668372835	229.98291237213393856	217.05679473977622251	29.48936562674241912	4593.58060713412032783	0.00000000000000000	208.67425429653320634
C1QTNF1	367.15097916167013636	845.53195888029404159	518.29836795111975789	746.36102683943067859	128.96444530156657038	340.34021111469178322	115.50226570783979696
C1QTNF6	503.24335218083490417	377.95500981976408639	106.20576590645273996	129.35572398122340587	378.05092349116983996	239.45954890974081763	19.09252702459047768
C2	571.39094615740941663	521.40432751086655117	322.27496348211479926	263.50781530332602642	295.50429949773575800	649.96617692409301981	0.00000000000000000
C20orf27	271.75636611729356673	890.01897685848655328	504.66866373609326502	430.73372000737373355	687.56327417915872502	176.97459809535959607	450.35505403927345469
C22orf34	1.55101632466673900	1.13884346819024129	2.79134015350006237	2.08386047744847192	17.85979948755551661	0.00000000000000000	150.27973333967108260
C22orf39	158.79194713069981049	192.85730956188606910	198.37888140062969455	114.52731416513648810	503.24489236774462597	57.07776964716819634	179.20542543795789925
C2orf27A	266.91133771718216394	337.84473429747259843	193.08938086612511142	168.65712593017823906	132.55982483423281337	74.88009091585452381	66.25887590872578414
C3	1925.44763705668560760	364.46343986884727428	3224.44717293404391967	411.23290022618311923	873.45817810854362051	10037.37172804236979573	0.00000000000000000
C5AR1	5.43789700242885221	9.62068566491253740	32.54970499463477296	8.64968296760625321	134.08873428398931082	0.00000000000000000	21.77688033873445406
C5orf24	334.31844241757380587	638.64276085935409810	448.17377894792946336	576.22090357518175097	184.23884859727877483	330.74758997303780461	165.33443766295823707
C6orf62	244.14769442031516178	399.53956779150314560	309.75582575880866898	336.98288247781215432	425.97893521456421695	285.11543020247927416	251.03051885880992700
C7	1045.33198386773278799	620.30109839578540232	2128.41138088879733914	368.39516536894120691	661.05507495418919461	4988.65343661266433628	0.00000000000000000
C8orf33	236.73025062663182894	314.08457947804754440	292.09015869805449483	150.78941864630314740	194.01266617446512441	387.73452278815460659	0.00000000000000000
C9orf72	37.61908390040941441	46.34097155391093281	50.70154010092934982	11.73455575782409532	155.35163553059632591	44.18232755081264429	0.00000000000000000
CA11	64.66623453572137237	38.27385260218702712	37.36122551693063798	27.83126771068782546	143.85093369897151661	79.48800913317427330	293.24369042520891071
CA9	109.38222919807272149	23.47718611506836695	681.54235724791965367	69.47757216347217479	14.49047432326350560	88.28488064498381505	0.00000000000000000
CADM1	143.37206751510387903	199.09166954225736390	63.99485717167333121	56.71083236177723563	332.33479488279851921	110.92717960537228805	2.66417911157637599
CALCOCO1	279.82907195476963125	127.90538596738944932	271.65594310282205015	163.92729101796626878	104.16072510181098210	311.52210242232678183	44.01447736914268916
CALCRL	45.25698627169123256	58.96385822400065990	73.59115180781263632	78.94036347054537828	95.69768284731553365	0.00000000000000000	2170.48465174220928020
CALHM2	217.98888690699720883	270.10372401487899197	251.31334250527521590	246.40579683025111990	113.87555488897942269	133.83169525766339802	623.56530312579241127
CAMK1	127.14037985920150220	369.81588905627569375	137.76015954178595280	135.81937278508991085	197.93991633979945277	155.21837577307547917	80.15246516292747003
CAMK2D	147.86928885727689931	359.48993954901709458	88.43091838466351362	71.23378100149913905	145.40466100563367036	418.56021316341644933	59.09097728031099450
CAMK2N1	260.82361749685128416	534.35836476140161722	277.82814466580714452	166.68931513411160950	250.75220101388916305	412.02755797330775067	61.76587211592268289
CAPG	321.43023357111542282	174.38444453582931715	478.00033212838394547	267.23004785761446556	2298.66458020245090665	0.00000000000000000	1273.14851237533707717
CAPN1	457.95040778955512906	438.43172054279750682	375.23350485524463238	428.78419543095418476	164.84146886705028123	385.14337328345703781	336.18118941435659508
CARD16	171.41934043712262792	416.41452712143666304	393.71642438078237092	277.92678129075585503	455.29632912409829260	185.11123587973725080	1039.46303611092275787
CARD8	86.45439314130668151	66.38668829991507891	29.47363339469385224	142.39257280529591299	112.87445978188598872	59.26307535839526963	274.29539412977732127
CARMN	441.48421677905741944	1397.88846483156135037	267.39378416070985622	1248.44787332334567509	310.13986549044972207	126.26914190184247389	106.58011753122687537
CASC4	535.36825658305497200	423.64513922267900625	291.73237747803210596	189.63915815870794290	305.21426853871389540	432.90714959773896453	0.00000000000000000
CASP3	98.62860049254331329	145.72570116414814834	140.35985576331486868	62.55374832541270536	413.34265475075096674	49.79215017505666196	87.87191183978968922
CASTOR1	98.37444158032469943	113.65485138554021205	98.87127135766934316	13.77592388463506978	36.17715920062483548	53.84774797757754072	290.35306580375555541
CAT	294.72350889196155777	404.31597262347071364	265.24615774032594118	313.03992568279068109	842.86319182890963475	34.09060415784145448	472.46270405554872696
CAV1	1339.98539337126339888	3230.21169251582023207	2001.65403856959210316	4862.15642026054138114	1822.43924834066660878	1010.50979152596255517	3855.44380302741501509
CAVIN2	190.27698595377350443	263.70804346413638086	251.34608945767877231	525.83822208206458981	88.55582909773079336	43.55143908465743863	4527.70985458439463400
CBLB	390.82517587544504067	168.09115809395214569	168.73094128674728154	59.34098974230168011	252.05547401957659304	219.16675008422876658	203.38219003280704555
CBX1	323.65531847259518372	379.54586542209278832	445.04558870374694379	154.50640963417023954	202.58574520178916600	505.88571443713908593	0.00000000000000000
CBX6	280.72233240048370817	226.43775787496667817	275.08682562842045627	726.78548993323170180	256.76869958174791009	320.42789510466769798	528.92011880342522545
CCDC102B	443.77356740613640795	1905.78604599830168809	562.02003063507515890	833.77918602702118278	442.42759228654387016	305.44573395322521492	453.25586993041667938
CCDC107	615.41620519281946144	551.86924734497665668	683.09138296243258992	1253.59670759441110022	396.02604563775264523	211.44670783964161842	731.81562862272369330
CCDC25	323.68459215796275430	238.10317043281332872	484.10302924548159353	185.24822285878050820	237.20516014792119108	284.76631224892696537	1067.45107516973689599
CCDC71L	243.55796022944699075	141.77248986321740176	172.28871795990744431	33.82689149864374656	46.83810091249223717	434.87758571504525662	407.55485643608903956
CCDC8	336.79727141687249059	60.72685885057951083	109.97887958817058518	50.87951631122733431	87.47139374727899508	240.30213218586220592	0.00000000000000000
CCDC82	217.72887254240112043	355.47525984621688622	255.46008425423787003	128.76465470627712762	551.10972219748225598	103.55759912689430280	344.66772054761520394
CCDC88A	297.71736175935626534	215.50196598204806264	199.30769380597240570	305.83957486924737168	408.17386341560398932	175.11436631417828380	703.81478560929622290
CCL14	161.33724199667574339	83.44391693853617653	218.84760566841794116	76.68660023752104848	58.38488502757935095	0.00000000000000000	9137.68874386677089205
CCL18	175.75475290571964138	189.83968847025508353	295.08485189982650354	63.44535236417426916	1216.20386510510866174	224.76040126523417939	636.95861224393956945
CCL19	1127.23403159280769614	1314.34941879531220366	4576.53588407073311828	4337.11531438199926924	443.83356859437969888	0.00000000000000000	2549.50449478244172496
CCL2	1335.23028121418929004	732.51230772564952076	2633.30933951545466698	4233.63137100672702218	3962.95209318580282343	9234.01573754403943894	0.00000000000000000
CCL21	1631.07280081321891885	1438.20120201766121681	4976.36385881086516747	10414.92708302036771784	1005.96803391844696307	0.00000000000000000	181529.56117163042654283
CCL3	80.80216535668752442	35.64198801328727484	108.87285725519259927	18.20536267095940630	654.11693287349112325	0.00000000000000000	50.28022623723192908
CCM2	290.76176266272926796	290.18063402721429611	451.20739825818833424	186.77374150964183741	215.15166973825853347	336.02414891849474543	141.59426370625132563
CCN4	869.08853177671107915	185.92757678654461984	573.11856529451290498	68.98396873217171787	397.00912258879253613	622.72079407728415390	33.26324016835192054
CCN5	595.44292253495143541	91.04193661327877862	409.58393339993097015	825.52105983961973834	235.55108396540350668	896.34466915289635836	0.00000000000000000
CCNC	297.09233415491064534	213.21017597609758809	351.54494767730693638	94.24955890626485200	207.92935572634982577	88.20727744579905050	503.14127248258927239
CCND2	152.32659869264088570	580.58800114438372475	195.50879111990730053	321.01530387781849640	159.13633728242942311	269.11050238230643572	99.25033122449534062
CCNH	218.79818168830371405	261.36235481301412165	330.91228484702730839	37.50027585965761290	164.31876605452578133	350.76947785641522159	0.00000000000000000
CCNL2	402.30986263128124847	330.64285963577822258	240.86163878859372289	369.52343167566255033	343.39559371953282607	384.34795048083424263	0.00000000000000000
CCNQ	153.17587969343924215	65.64240389555834554	173.94774344603041527	79.94400144919251261	72.42671896953858379	107.49260956696979008	313.98799437858167494
CCNT1	72.47400562436702387	69.85135038528358109	96.32125133001382267	45.32851570572874778	108.85467716408162175	0.00000000000000000	356.80495486967237184
CCR10	37.94165763084406251	317.29497046877941102	58.16819124093544247	131.39772048904126223	21.45845360710912786	13.43989854232753700	127.49887521929976231
CCSER2	370.67968594596766252	373.04628899537453890	286.61040518123434140	448.49615620338749977	219.24760234903746436	424.20305743378827401	0.00000000000000000
CD14	95.42196428561005916	143.78066253523729756	268.58621489750191813	47.67830440001298342	1355.19119592824972642	0.00000000000000000	827.47701748968995616
CD163	21.40541954524724488	14.44097522068347672	25.99213290789844777	50.74474574670571059	374.38930038992555183	0.00000000000000000	26.85169235150768685
CD27.AS1	0.00000000000000000	0.00000000000000000	0.00000000000000000	0.00000000000000000	0.00000000000000000	0.00000000000000000	0.00000000000000000
CD276	499.36849091199752593	410.21603044660986370	183.75505745384879219	152.12232891743985874	426.08469843865555049	376.96522951131402124	0.00000000000000000
CD2BP2	420.89958339694362621	404.63320865589844288	408.13901817982366538	480.56869555167912722	189.75987830254169353	461.64139796180620579	0.00000000000000000
CD300A	11.61734414170527252	21.79397142833769152	18.97203015524890546	8.55692110617971480	446.98038911114412031	0.00000000000000000	184.69690215097000419
CD302	408.21617283847223234	605.73293701917032195	455.90032223821361868	278.77046200142819998	360.91622054653686291	786.28116482354971595	0.00000000000000000
CD320	210.91654935498806367	309.72960829199070076	433.14285549719085111	220.29507917856057020	321.61905675716997166	614.04134715864370264	49.35443004776195863
CD34	48.60414604679288431	26.36206307450073183	25.02200704942383425	17.29293656426589720	6.00788076917665137	0.53684232628852258	685.36065960877317593
CD36	53.98747634454778677	532.48048290063343302	98.05422360394554460	62.83384163326615379	387.88670606503762883	293.37534507691862018	570.47664058594750713
CD37	54.52394376506659057	40.75352112658249126	98.63790740907167276	38.39619111660577744	352.05459018166197893	17.27709280842207917	65.59631834976137554
CD4	321.65466222138417152	546.62636766988850923	250.79943407172962111	277.03070714413399855	1009.85639873711602377	218.28603756212419285	168.50582145115640742
CD46	416.18176264036287648	542.71014607863264700	347.71174232904922974	250.39612890708477266	212.45163814766240762	466.52857508388945007	472.19293688757340988
CD48	23.05006674558794799	19.15150962448076655	19.72783107643365241	1.92865236261120154	301.29579192842123803	0.00000000000000000	114.38160904876414747
CD52	144.89792942112146079	243.00446868161890279	245.11590827436722861	136.44040363468661781	1643.32936491104032939	0.00000000000000000	284.00785472955897148
CD53	43.45970360529909016	53.42762027944745284	136.99982506028467810	40.79772940675294279	616.45731698550150668	0.00000000000000000	129.54995482370665627
CD55	1069.85989727081096134	404.18399018647249932	618.00796968350425686	351.30842854906410366	370.39276415040245638	734.65789916112919400	332.73411325559777652
CD58	90.35116750482652037	127.65292179782717596	90.59214103184041278	156.59573384504167848	246.57085996684659790	93.40907752407804310	269.24563910042985526
CD68	427.27947670565862381	286.91657976892770421	673.45781616212252629	65.35850884266359628	2583.15392560435429914	0.00000000000000000	637.36904215082279279
CD82	565.15663611492709606	64.39819853445330011	445.25234971511042659	400.10134372322011131	114.54799336945517041	795.07277342430575118	401.22647672895874393
CD83	16.15165188923427664	14.93976291658033873	38.85535998863032603	9.05995553022017042	225.89257841023521678	0.00000000000000000	30.68182462966390389
CD86	17.65987719007751267	11.33659776671714958	12.26598358227214369	7.79591145339712899	314.76136997480108448	0.00000000000000000	35.62993035484630155
CD93	35.26477130034238883	36.15564052882766077	18.82403592750419108	122.49353755418404432	45.35017804108188955	0.00000000000000000	1137.30992401332559893
CDC123	429.86713706393101120	415.09323331190489625	464.08403927339713846	427.09289505959162625	308.26603233114565228	389.07313546240760616	0.00000000000000000
CDC40	187.88555061817936576	314.11994558601134031	317.01804838302570033	168.75705868758618067	349.75513122312855785	274.78490774424011533	0.00000000000000000
CDC42BPA	300.99551224829184548	481.43008776887580780	138.05662726051630784	211.07532217134195207	170.31159767585575082	230.02720586557180127	0.00000000000000000
CDC42EP1	604.93419535521218222	487.36144076937631553	387.82751008411588600	435.91128869173724070	237.24257406392067082	591.84864800218747405	0.00000000000000000
CDC42EP2	90.33464403767506212	331.69881295533798493	183.63510908919002418	65.26361995757319789	110.97080524052968542	242.91874091242809186	125.23101282486283026
CDC42EP3	337.11514373360591890	51.95662520790312300	337.47355532871574724	139.10519052661169326	250.61583726848073184	262.46529443385492186	164.80252343109631852
CDC42SE1	282.51099919869847099	165.43578534594271900	310.42494459123275874	150.66411009494814266	528.60767771120401903	236.60524440548024927	0.00000000000000000
CDC5L	273.24990388184676249	338.38235820876798243	244.66572047445339422	195.07463608661922194	272.74312860138309134	174.54570719611024288	296.45018766914012076
CDC73	236.85010416598555594	321.93724275201174123	246.43975477239987981	228.71817255227759347	153.12487785909954141	267.96524338552490008	14.82467727659165568
CDH11	2623.46268287794691787	609.10845593840156198	1030.48815047023435909	467.79539835083807020	832.69216018583892946	2739.88593683842236715	136.04485069502814554
CDH13	205.21758082350186214	150.30338357749343459	143.07730351319398210	335.29626722836815134	113.52802980286163859	102.62646454913584648	202.70468628633165054
CDH5	12.80019671765915312	11.82821520619793532	15.79854137372515943	20.14349328558764896	6.68845023877113576	0.00000000000000000	1268.79483429062975119
CDH6	40.68667936840220278	514.05371000452748831	239.17892424139887453	318.63601444298842580	92.68941263746182813	49.69073031704089516	0.00000000000000000
CDK13	280.20351317245979317	161.37300171112872249	118.84955848000821277	92.18167406834160715	198.27653495204214096	225.73205354640356290	157.43769311474687811
CDK2AP2	275.03776156368371630	336.33737038876057568	336.00475541680975766	255.72278741529538593	258.57929207826180118	262.12818164242725061	0.00000000000000000
CDK5RAP3	408.28340989882048007	292.03993054685264497	302.35420462561512522	445.04871619322250353	326.98459082143887144	377.15203768741872636	189.89856282419674471
CDK6	125.24141460875318899	203.82824546512284769	130.77505237487403633	108.20109760914716901	216.41480796352848870	234.94467054767306990	458.85793473227357708
CDKN1A	436.42695322113286238	454.62119894068206349	889.12712062432615312	899.47598599265961639	649.56294368274302542	694.51732977341600872	198.22771651875996213
CDKN1B	165.57620823386878328	357.25125463153767669	264.42412196905331712	244.73483717378343272	418.18369579081308984	182.47660846874754270	0.00000000000000000
CDKN1C	309.80865831184291892	85.90182806502006940	163.53255877365072024	0.00000000000000000	190.94323759227498272	357.70154817357592947	47.62922950442608538
CDKN2AIP	68.54777521275383378	88.26591524528080868	32.43572451631683151	67.02814542305496559	186.63902939824009763	0.00000000000000000	95.52485604058702506
CDKN2C	194.83368874683358740	217.59441959951348622	364.41062447199760754	252.26170646502831119	147.96698134639510158	155.26507339986494571	1000.42730830921732377
CEBPB	756.68751884509708816	372.19887706240200487	950.51482808558012039	211.86983513830986681	1086.42275055999311917	1077.14889090285396378	616.60232383091511110
CEBPZ	232.50762692990153369	312.97438325600285225	350.75777211024166036	174.89881942199514242	204.88047982388158630	250.81648673156962559	102.94826248853237871
CELF2	305.93896026587350434	118.14249855605343953	255.72624642058877953	160.43260090689835806	484.93716029323093153	686.82731763422134463	187.98618456974205060
CEMIP2	164.86504572380181344	59.20045258301150426	88.35073945488304048	17.28451853549803374	49.96006451694434247	206.43651837204919275	192.57643702679644093
CENPT	190.66481155137728365	198.35740250867814893	180.03975037447440855	216.03400837976846560	201.98012609121491323	136.68354111541856355	85.59701136354047435
CEP170	165.67282520584601002	225.01789012770834120	155.96042369403036787	112.29461477849307016	227.97875618670531139	128.12515689116503381	0.00000000000000000
CEP350	173.92596117919507037	298.96830334472878121	148.13062940822874225	144.06310174919764222	133.95256170752185199	132.63660232990855548	297.00160340620152510
CEPT1	84.68583698503472590	108.22132115582412837	78.62051911686707228	28.03053501870185471	493.60145999626820412	1.49917777940567287	162.84067940929935503
CERS2	466.50804181382869729	161.71237929438584047	512.80465121032113984	213.07433082244921252	253.36193029944919886	533.19704250353254338	0.00000000000000000
CES1	1066.94046593054986261	249.93649289187445106	738.49435945169216211	150.84535977411715635	570.56744955774638584	2404.26747056160502325	196.76060589406694135
CES4A	33.64789723004727051	2.59719395192447733	11.34298192075591238	0.10687749726577757	3.77523141329023026	39.16072645080157599	196.41321859824932972
CETN2	552.95202899075559344	535.22497036881998156	869.80084028559213039	919.28312717660173803	460.00907031313516882	571.18957025945110217	0.00000000000000000
CETP	5.91726307744261248	42.40559535781088840	15.06968301474700311	36.13964830967941566	16.08137651316349803	0.00000000000000000	279.91883921952950232
CFAP20	286.67375139199674550	418.32052790028791378	231.51991954661201589	278.23357226214289994	114.53579827111992984	212.10242638825997119	167.69427051393219585
CFAP36	419.94676739516580710	452.49429427934421710	434.23706342947639314	684.67119443241335830	105.15625478698152051	364.29898536571079148	84.13807387955867512
CFAP97	376.34292779241803828	444.93033766808969176	310.33341036639006916	332.92479609535462259	194.05326661432812330	423.59456692066368078	372.82537851599215628
CFB	716.72335891943191655	424.30066491736056378	1050.82306350307544562	396.79180373175569230	172.30441114018907456	1815.04140391072701277	0.00000000000000000
CFD	958.36479282672780755	363.75886422011433297	2144.88635071028193124	506.29323886637706664	2472.73277696008199200	11671.90688348011281050	4833.45352957536124450
CFL2	174.42657482655505419	385.65070648885637183	347.27702258233034627	667.32004456388654035	120.02567697293935112	120.21139084297627164	226.84505645375028848
CGGBP1	325.38254478802008407	319.45529580450602225	327.13144950948060341	129.33784570254442770	289.80393649962149993	197.87686500170511295	257.80768276039844977
CHAMP1	81.10868072474544022	90.31139887899486496	91.76381442509274677	26.32133623083151619	237.93888102072497759	4.05520478407467522	320.32707384800733053
CHCHD10	503.07357356734229370	849.08451722254199012	717.64708550509305951	718.31919293652606484	487.28801028355258040	135.00493981600740767	861.56922733944918491
CHCHD3	316.08998274149854524	363.94679045304360443	346.22522065638094091	377.68122013814331694	383.92716825641463174	348.15675508820805817	102.37885704193072911
CHCHD5	365.15306176740347155	534.60101205190881046	522.46349542262748855	510.28880846591329146	188.36252079255501712	345.89965496217683949	435.23785062979379745
CHD1	140.94077638641041972	163.23326787615903299	137.70752485680492327	238.25766186688196058	437.34605097943824603	231.24832503284872587	18.40623022278855814
CHI3L1	2267.11480832509460015	144.45050807356824407	1475.39236473136406858	7.33766680022573059	769.27002698049363971	1155.99129844995377425	0.00000000000000000
CHMP2B	443.03059656659030452	249.82699533364976219	452.80201545870852442	428.60516165342494332	450.81200107784667352	425.20746540186735274	504.49857015419337358
CHN1	821.20460584164686679	2360.71041071421996094	967.40161055946089164	753.84560842550547477	591.83630021126646170	336.17962015687976418	0.00000000000000000
CHPF	1491.84322036201319861	461.38972038496103778	667.21548745297252481	498.76232946843703076	598.72152621969723896	767.24669263320458867	0.00000000000000000
CHRDL1	61.26517752824192797	26.71730052906252695	113.89032890498029360	65.69747790713326197	149.23691831222240012	635.13888211286075602	337.33260152406393217
CHST11	285.25790881512176611	392.31346045609120665	131.70594766471617731	106.20243224516450198	223.28610381420887165	148.61251476097365298	0.00000000000000000
CHST12	396.13587224547393362	336.40191981841593361	311.45162479942058553	168.50777144473255476	298.19315117508290314	386.92356569979466485	146.40055509864563987
CHST15	104.53888345307191798	67.86491624851052507	38.76406822733174096	60.35358179886614494	479.09531129160444607	0.00000000000000000	816.51816542966605539
CIAO2A	290.01414666797381869	213.80027743218633418	249.58404133607197650	116.46366884913615536	572.11759028489905177	259.25083013624134765	230.31552272572270113
CITED2	290.38132038399982093	237.94409103731007349	362.28591190064850025	443.77162833182745771	651.65867380291604150	715.83724482121704114	671.63336019903010765
CKAP4	955.32651755043184494	478.88298706684599892	429.37193268687758518	266.74965581246794954	573.78842410158051734	735.23041432127683947	859.05262798741603092
CKB	72.58840584669083285	355.01635478348850938	159.43998249574005399	119.44166314796076733	160.04043207743447397	201.31760467785341007	126.72244355463189436
CKS1B	317.34366355855223674	468.47639804018331233	451.72403999849456113	529.97958649643931039	233.55026218831221740	616.35921731396706491	0.00000000000000000
CKS2	269.60500342661367768	621.51998769804822587	208.24531128706436789	243.59473276916702389	702.23810250527105836	262.54103666079947743	0.00000000000000000
CLDN5	209.85982567491643636	63.33756810210686439	425.64980357683492684	130.30748799103818669	44.25207262090058435	0.00000000000000000	6322.93407120774736541
CLDND1	313.99346362899620999	602.51686494326918364	404.43029843318606709	359.56905911661522168	145.08286732458029178	365.54467595432595317	0.00000000000000000
CLEC14A	33.63058760704721806	19.38451729092550124	107.97202863200377010	24.25417627305904134	15.48153578233576866	0.00000000000000000	1389.02715107193694166
CLEC2B	845.13703974282645959	449.73133725247561188	651.65759776078277810	97.64847624629145173	723.10451568911821596	756.18862116187199263	1530.58734029332731552
CLEC4E	10.48796416302761969	6.32092924945582091	7.10216433070950970	0.00000000000000000	182.90105361485078106	0.00000000000000000	1.96217512861781063
CLEC5A	8.29203662973334232	8.40513145994731303	43.58256736107703233	9.27216794816186685	203.10627813266160047	0.00000000000000000	5.44491985513604959
CLEC7A	9.76436655099777795	8.99255966798092032	49.15186145537860085	10.11153503400156062	218.22458970309361348	0.00000000000000000	18.84992477667926636
CLIC4	809.51848356955349573	827.82812562409878865	625.70731839454458623	985.08800566708055158	916.07055502371258626	589.29759283806890835	271.86817112359341309
CLINT1	171.90307263341301791	150.13840661212984173	210.02371449591498731	94.73040000584732923	165.95016137384686772	343.25277768019134328	100.63780999043657971
CLIP1	290.12995056132041327	239.37593461066609279	353.03618898930727710	182.92707182616521777	133.06991315129607756	374.60497347005389202	39.17945395101053663
CLMN	50.86112207540472951	342.50603197886482576	75.57233814057144627	195.12015314721057280	120.77476163226610595	42.74532028214502333	45.83182536967222376
CLMP	714.26471516946901374	90.64445594007403884	307.94294701795951141	0.00000000000000000	917.66497350535814803	354.09001155157204721	716.20510554478369158
CLN3	236.37571646088429134	200.25079751353214874	250.22584973071343484	107.03342046861664016	55.43206590410076728	245.42110634319681139	197.50772820431203058
CLN5	259.54702270431761235	246.97734782527624020	233.75053285155379967	175.10705084185971714	217.70631996607997394	283.42577840344966944	233.57354064692879092
CLN8	123.61394894359455066	183.78528009817910061	82.15624902132775276	98.15573184841329635	182.29611230939858046	142.57144601033704134	0.00000000000000000
CLPP	497.03649012208143176	595.02945461609999711	538.95953477899968220	795.33227378794447304	392.85349509441789451	282.67165277770243392	338.68581465714925116
CLPTM1	365.58072556648363616	302.39731306815389189	279.70334765345347705	205.75863180415726106	293.86861553441843853	287.61711548428996821	264.26169750859281748
CLU	470.57032148283144579	268.50066435699426393	3786.32011740480857043	1490.97318775986855144	761.73919039619204341	3959.81198472627738738	3025.38576399470412071
CMC2	273.23856338715160064	209.60093025333154060	341.77803152734014702	217.49374410093437859	205.86964626808068601	292.68106794097604961	424.14940201254876229
CMIP	283.61253159919067457	154.37684942076279526	220.04772406503127513	23.45244607812254500	73.78268241355780788	65.13953381865546532	520.29172310306591953
CMPK1	414.72439602436713812	440.93249747900699731	588.99834378688944980	620.08753701105911205	411.18741235610525564	458.49017821701465891	24.47199403121384975
CMSS1	277.56041723508627683	174.31124769891664528	329.02423044729528101	182.81590426129494631	42.32251661778223450	372.31094553445853990	110.02078545854045899
CMTM7	107.04574698848949765	107.98374239744374847	86.55959604637185123	84.98013382400192484	336.63832599520509348	92.90793646567118458	71.66250910196690427
CNDP2	194.28636937557558895	341.31013125013856779	224.47407599138534806	59.98804725146067085	443.29109093221910598	321.00357010128954016	149.34303170872769329
CNKSR3	67.65087163903940848	16.42996274608273666	73.86265739160485566	23.26097246119516271	101.87695536749374980	74.31533686480405265	1041.22874147769812225
CNN1	492.52915409569391159	238.32135458235745773	491.99935913198368098	1545.43215196970550096	527.46626136595887147	143.00174559355423298	96.49011185878711672
CNOT6L	111.06007059624255362	127.41294181668541796	95.04594365310578041	74.12414105065717251	186.92307520976254409	87.32331696798965481	0.00000000000000000
CNOT7	269.58925483116354371	300.69494142959808869	507.79306118062510222	248.92248484835306499	353.66889712639022036	309.48059264187190820	0.00000000000000000
CNP	292.78804336162386335	339.28432192713637505	426.90287071903463811	216.22447482476300706	821.31292509850345596	247.36703902120743237	529.12231867846298883
CNPY4	266.68653140175587168	389.48275423329749856	306.79642013436335901	206.91163522022583265	128.76034855499463561	246.76128723960732714	277.75400176724883750
CNTLN	175.84578998650047765	89.37779753501554580	423.33819299584990858	63.08346058058248218	103.26203283289009960	81.96679324576508918	422.09728887553848153
CNTN4	20.72947321692786815	152.63431450222282137	49.74933572497157286	99.38524740928639289	21.06112825290829349	0.00000000000000000	13.36870543244495479
COA5	192.67892138026911653	224.63623846559531216	315.06820612214761468	183.40526565781021873	493.94868475103595529	217.34079068912402022	43.72873889842845330
COA6	281.88479114402696268	408.54172119730947088	293.19770032818325944	166.39629091088193036	272.63875504902006242	269.49381625434710941	0.00000000000000000
COA8	386.50853125133767207	264.26217000953494107	533.87658331908676246	220.53857666666962700	257.45291743064524326	436.07527367767244186	117.12865641702040875
COASY	234.12801224389028221	190.70143543023050370	233.78100937674398097	164.81029057077606126	212.89818760765666639	192.69832483912222187	334.38074422604472602
COL10A1	2551.99643381187343039	159.26741824910581613	664.53769907779178538	0.00000000000000000	383.15450188782688201	576.39142076420364447	46.91962481998906753
COL11A1	1349.03516958365116807	55.34204717869933887	206.45430445139734843	0.00000000000000000	82.06152574569621549	34.28693311740939009	205.27579950513626272
COL12A1	1912.89563335175557768	637.03242124505982247	558.36448530654627120	297.47219109853142527	844.98777605682710146	349.88719563217580344	178.35531185013786626
COL14A1	840.18725390412714660	659.20178289319551368	733.37721340249709101	1711.00297831251532443	745.70253275939307969	2112.36964315201294085	0.00000000000000000
COL15A1	1175.48269400280014452	326.38388404838224233	457.05061690709629829	200.81347852972794499	551.96907093201207317	116.47129659658155276	405.51148471232721704
COL16A1	1212.63878190658579115	136.64157791167770029	391.59044447460780702	150.47920420203794833	631.25725298546160502	1066.09357553812196784	221.75856591804057416
COL5A3	382.71720869076858662	513.19298271443835802	146.18752310354116730	215.28744261422573913	209.06624224630024855	99.77575034381264629	0.00000000000000000
COL8A1	4324.23510695491586375	477.03813829910961886	1141.90235741406263514	445.12000567453378608	2096.72889480285357422	2691.57130651572288116	410.03048413899057323
COLEC12	345.23929827451189567	60.38692256133559511	190.77875191957340917	21.27706314460671777	435.19503151935310825	730.05734943001425563	672.98081669253986092
COLGALT1	240.56495021180609228	286.10123454765295037	149.23327185650134652	37.51182831936106510	371.47806165209101437	212.09829349012377975	608.17871567303188840
COMMD2	271.79900593744645221	214.01119877734700481	195.48033110117196998	165.58135574475534213	266.10501865814973144	155.03855192155660347	258.00899458434707867
COMMD4	470.77501833946371335	519.75537733078556357	479.30459511180021082	382.67890420518858718	268.90436496016423007	548.35024218431806275	0.00000000000000000
COMMD5	402.67524162749430161	337.12382365147135488	258.15861568728132625	181.39723640405608762	267.05614709737665180	256.83511606209458478	32.40744655111485883
COMMD7	458.67124925403345514	722.06308947375407570	422.08846189812015837	497.70532212978542930	311.03907511665357788	88.64201606011280887	639.88755273048946037
COMMD9	248.28736584389989162	189.94185611662496171	346.90857774027620053	190.32720308347691685	306.01737698355327666	129.63716787771298300	191.09884423459962477
COMP	1623.99160859758740116	82.52972063656828539	872.46022978750602306	61.91642394631001167	147.80778129029988577	281.09335346904578046	132.67652415017087719
COPA	586.95969197255351446	380.97887044416449953	438.48976329065544633	529.24756642175157140	451.03301597651920929	642.27535725964821722	0.00000000000000000
COPG1	381.53387145027954830	249.04093256357822384	401.06040212141613210	154.16719839491773314	365.78625711472369630	207.90493430516846729	311.26546748807538734
COPRS	365.71442846173977159	161.16642118756163882	257.37799006044167527	251.34225029707437216	74.78125674337022133	276.16584869089012955	168.43787044335857672
COPS2	434.37995684882019987	401.20893501066916542	410.98189378626074131	342.66494578441637486	158.39053242197550730	241.87857661050963998	602.89853559743983169
COPS8	803.91936642773282529	508.37303111909028530	735.36861191563809825	799.65554607239789675	359.16717771786318281	856.02694013167024423	90.58906868014017277
COPZ2	365.48454146116529273	113.43170053641696882	336.57298832320407200	217.11544564759844889	104.29500164253536809	534.33347607108566990	0.00000000000000000
COQ10B	335.10777574556533409	356.04567279812437164	256.17733572426044475	277.66508701505961199	132.59776840326026104	359.66773372969709044	92.87249575960402126
CORO1A	78.43246523325935016	105.49340527998776906	92.39057404529035011	122.37717831285991110	970.22618020809807149	0.00000000000000000	157.32096169918173700
CORO1C	338.78452621456159477	233.05564771256413792	308.25655582957762135	428.80782868543769837	574.69837385227765481	270.65526118879353135	1033.86259510756963209
COTL1	270.92548222928235191	259.11886547330226449	576.76408084126239828	295.07033101685539123	2547.28899277147183966	7.38204448371332145	1855.50941946217903933
COX11	246.06190609603382313	309.26631221242280390	420.48455443622509620	337.29209688433326164	173.89268726555593503	196.81740957834867345	830.96644744183242892
COX19	120.71602912284058107	81.24926842290719264	201.07917157686756582	90.92871840528860616	186.22605358055113811	106.77913537360797136	0.00000000000000000
COX4I2	466.07425369158369222	5092.83689644587866496	1112.83228199255995605	1712.42705969868234206	730.60251842298669089	0.00000000000000000	117.53308997805996228
CPD	619.95959921166399909	301.73826954215957130	334.36332149795504165	114.25406023997774696	507.03032894717750878	753.22793771403655683	821.71282807094246436
CPE	1086.63733863277343517	1702.81902119054666400	1329.34164396326718816	599.14104122325716162	285.40931941989407505	611.16750782235067163	70.26885123782417963
CPEB2	51.21625969685340607	28.48986561412051088	56.53750392712801442	53.35631821900491900	9.10044088135738249	26.12473297638386782	132.29868489949831201
CPEB4	130.89997816278867049	140.49498674177394264	72.60500694549945422	104.86182815846667893	292.97554003827013958	62.84997292693613957	542.46823043782046625
CPLX1	9.73294437475213314	11.58014130105358852	7.30279908299362113	6.09536318568443480	3.04210669722789273	0.00000000000000000	357.76876623602748850
CPM	92.72321287022360536	580.56697765969602187	143.72336063345053958	194.81677361106599733	322.70186021332926884	67.71936213138670269	0.00000000000000000
CPSF6	233.67479608792618251	324.07802635427935911	170.23925204378292619	51.75534236260833865	250.94261197355834270	323.68189551467776255	111.23308383251770692
CPVL	49.46039412935894575	42.41657758624507579	73.46677109090359181	11.82307802508320016	484.27276362496434103	19.58248802569023184	149.83630786986671524
CPXM1	686.05903018429455642	449.90971587100085571	193.29402944142626097	208.40207653106025987	148.96129426349267533	561.11398612263360519	232.43452554687448242
CRABP2	806.18658636200643741	101.22008901581212115	393.35900653385533587	29.29541321781245244	624.04446774048017232	535.68465704094580815	106.12061022187310755
CRACR2B	30.45301679094878367	40.59880374318677809	20.35972146670184202	59.15782577240794637	7.96710681003024579	20.01042869866675389	497.30906206141833081
CRCP	77.48367592018321659	51.24242761146887659	100.28339389451646468	33.29148593995073213	210.73731840536973436	85.40096012150787885	166.51844999107939316
CREB1	237.05785861931977365	209.47384142372828819	160.50184079417877570	224.17719679423953494	191.38152548949236120	105.61757995899533569	433.45701423541430586
CREB3L1	548.57653574452353951	102.65037058250463531	544.49529817500297213	174.51525133513877108	465.65141608522156957	345.83779154926565980	0.00000000000000000
CREB3L2	392.21398669117525060	293.64311039041689355	204.01163470835359703	321.75686460091003482	382.24114482162633522	273.58615293778780142	0.00000000000000000
CREB5	53.21936951945084360	86.38776527717867282	30.38812804590200400	195.01617342516146891	148.65612135671796068	51.03249958357002214	669.37092353774050935
CREBBP	180.89728453176843459	207.79734479587978058	97.89044017262177988	135.83921536763492099	310.77715000881119067	213.56507851075267013	282.80867578004728102
CREBRF	203.02106660398010263	272.35603507590559502	155.82180268099966725	110.51862306783458223	201.91520951771366299	225.02157771931288721	351.12738751034260076
CREBZF	131.87308774476844064	89.79276339321866374	154.97341551255408376	98.62103554008531603	178.79439183716760908	162.40148963134333826	405.38741225120969602
CREG1	592.33810277792804300	266.09236565284999187	668.57055998338319114	180.08196059015062929	592.48464796481869143	572.50619107639886352	297.97580288780801538
CRELD1	172.44074901717198145	240.43298664136455045	161.55827273721743609	176.27194319304183523	31.43381141741931017	156.22135515401254224	184.42399779822423511
CRIM1	226.28710461286655686	362.15156257726141575	169.43084343399033287	625.89420006693171672	486.36533455701925277	348.91647934064167202	1892.81407067001578071
CRIP1	1509.00189141406758608	6570.94328023342040979	2737.23561151485046139	6947.01833911825360701	3693.86955034845732371	1082.31389409392863854	1134.13924252107449320
CRISPLD2	1340.28645460954157898	1542.49260350545569054	944.43300535271748686	1629.32449663005058937	1260.37397003872024470	1846.55912038949873022	41.04575122625769978
CRK	302.78499177270151677	389.32941303972188507	329.58155816036412489	351.93607942299894376	117.44000234592034815	228.82331944858310635	789.46785402332295689
CRTC3	164.16905434315495427	379.87523185521524738	150.70043096966588791	304.95310124665707008	351.99238161430844229	56.86498842858351566	288.43981186358314517
CRYAB	695.94927206124600616	553.13037011976086887	934.46781600951533164	2179.90057213811724068	220.79853912978643393	733.83363074238206991	0.00000000000000000
CRYZL1	250.95603743031705335	305.58772487872533929	276.48268000177887416	245.83133707553182035	159.31648280161417119	12.15266521054078552	353.30790706103852017
CSF1R	16.45273110166248642	16.28131553020313405	11.78693362719430837	3.76034301428116402	287.60665580049590062	0.00000000000000000	17.59906837832762960
CSF2RA	9.34309249770466366	7.36752276694593711	8.38626191033300117	2.08762518873054148	178.87590826608007433	0.00000000000000000	13.03234508744293230
CSGALNACT2	339.69713756236103563	123.47796738121806470	239.56702313054006481	285.49344457140193754	192.12248793883850340	227.00372680557376270	0.00000000000000000
CSNK1E	392.79864398739488252	609.52849268862860299	250.25493454886083100	107.76354417487347348	139.74650621595665712	384.02909171144295897	0.00000000000000000
CSNK1G3	145.91502400392158734	82.83337046822910565	195.48196047281081178	38.92128889407788250	126.06965399239648207	180.70647157828111062	0.00000000000000000
CSNK2A1	306.71263048674921947	372.53656355281475498	188.65613621886740248	286.14636683971178854	210.81000730819519617	333.90159691378261186	288.60552191342441120
CSPG4	52.44182635963581163	564.99680028697980561	53.43354058093407133	79.75359928397404019	138.45461421318537987	13.34016883036765577	0.00000000000000000
CSRP1	1411.90075152822396376	1078.59715402683286811	1377.75345682060037689	3435.02336075658422487	940.84235281707901777	1314.66178943643035382	677.65744064680461634
CSRP2	347.87508820694012002	2199.36056436000308167	550.16581111683501604	2309.04056398806551442	302.11246898529839200	0.00000000000000000	735.64894050590623920
CSTA	175.22839341803273783	80.62350721238645690	345.24572864167942043	30.88026383611043713	576.56092666434108196	291.68398268587640132	76.20495428624525402
CTDNEP1	297.22258236291821731	365.30550537344913664	354.22594485469716119	231.67293803166109001	407.46236804801566223	377.75882909675550536	218.47215738802344731
CTDSPL	265.99017276167478485	245.12324382873697459	62.42909754327430960	102.62821415740245357	266.99302975487489675	92.07716378263080514	128.70448842988972160
CTHRC1	19985.90365125554308179	1842.35096410917458343	6320.81325886526155955	122.58735705416845008	5188.63657668823361746	7374.14326658756363031	0.00000000000000000
CTNNAL1	177.80426459696954566	193.62988780494927710	295.52468794282594899	133.17604048726553856	101.35022316741739701	397.10657029108392635	270.58131003048373486
CTNNBL1	206.90111973819665536	204.86563740182083393	275.50557958333337183	202.23234295786230064	668.23160158060443337	60.74666216545720232	136.82079247016949353
CTNND1	292.62079525678586833	295.93128420444941185	133.51227448450694624	249.53523339135057313	757.66655268970816905	0.00000000000000000	885.42924820163409549
CTSF	774.00800748265498896	640.92302160054032356	730.86196826054504072	335.27044679839286800	285.87146254548218849	920.47182732845180908	0.00000000000000000
CTSH	420.24627387370816223	190.82920317164726498	528.56097482969391876	214.99927341981788231	2015.65445989351951539	334.30480299408452538	682.87553704299352830
CTSK	5949.32069685129863501	931.07480238831408315	2200.19927563458713848	274.36759804722402123	1716.66492112347418697	2659.09268765431488646	0.00000000000000000
CTSS	318.72691651551173209	267.00126355018278446	443.20765219525293332	78.90938545274867977	2230.77240709816896924	0.00000000000000000	1005.03785204230041472
CTTNBP2NL	96.52570631068124385	138.55585469969523160	148.94457290704883690	95.74828261276680053	92.21751408859019250	5.44811390307929067	445.92690956343903963
CUX1	276.69695048236417279	250.04574101689732402	280.72855641290539097	176.05302402104402404	719.18553755201673994	179.86336741553958518	314.38570402967746986
CWF19L2	162.34247657983513591	273.65006449467057337	140.97474948863307986	316.68116937725909565	166.91384959060926008	79.84572424614040642	402.54409409047542567
CXCL12	1278.80618542759611955	180.49541228309132634	1314.30791278102810793	291.76047998511552350	274.79074875425271784	1715.84432539866452316	0.00000000000000000
CXCL16	147.60644224883930065	117.24086652439223144	175.27637858880660815	67.63578675250312244	528.09768896874288657	199.30105488903473088	0.00000000000000000
CXCL3	30.06192717271694193	41.18105421879290162	69.63609290741050017	32.17728931792757407	675.96321534712262746	0.00000000000000000	406.49270541941717738
CXCL9	202.09723800355698131	251.27739025228811443	140.57965829230116128	78.36087684522121322	570.18734386792834812	0.00000000000000000	171.92239069448066857
CXCR4	175.15943520576783499	369.79878129274129606	472.95518677331102708	194.55623471639648869	891.64369010193752274	125.84303153152383459	679.73531896383485673
CXXC5	203.70223469069017597	119.19409533212783003	125.96257260883025708	90.61797313802840392	102.81784061749597470	362.06868779148754811	120.21713965996845275
CYB5R1	235.89039232681042790	163.71681631206038787	283.00366817321139479	163.77720843284740226	127.65814661581715939	293.98719043523300343	248.13333999294593468
CYB5RL	13.79887089017247348	17.67481306127345420	31.86612460911454292	75.01740520406252699	3.46046110394489093	0.00000000000000000	198.89796275553203486
CYBC1	323.90682966504459728	292.57968886775182682	280.40761208818440764	227.19888686489076690	174.77689806128680061	204.38905912468146653	145.60818865245465759
CYBRD1	791.71325066993449582	405.39029195974438835	856.34649947762079591	269.66233912993124022	499.41647378056291018	1378.54798039925162811	0.00000000000000000
CYFIP1	267.24103112448483444	239.46682193209335310	239.52957503501173164	221.68133509726573038	131.01926834425648849	200.70623503554776335	0.00000000000000000
CYFIP2	36.69542130452921924	45.99308829423939216	87.30870056982431038	282.27789947913288415	23.49011121526413248	31.68148564301460368	0.27056505264077740
CYGB	263.23686780732521129	436.62146122056037711	322.89828999663512832	71.43463282100788092	100.44807513294072976	175.28820357104777372	76.59503126382867322
CYHR1	302.59167138419167031	305.23839761751111155	266.87258595031175901	209.00002521733804883	123.83708447082747739	415.48001442926596383	56.59860400654437029
CYP1B1	4009.68634548737418299	530.15984733715868060	2207.76178423752480739	0.00000000000000000	1440.53453863366530641	3882.97634425012211068	0.00000000000000000
CYP27A1	241.94999963624954376	114.66579068024961430	169.82302652233144613	123.98302761998975541	193.83468677350464304	368.51278042642053379	200.53718482562570102
CYP7B1	453.34987054020655250	235.56611357144288377	377.35787532027632096	263.31161312514240080	90.72333501524875032	456.01812707781863310	459.33140271112557684
CYTH2	356.12903406947310714	462.96551626968630444	347.31077697045310515	170.57966173181810632	117.47234840340210837	244.58465688486768386	276.57225548792973768
CYTIP	15.29648513766767692	34.89155875084244229	59.71426366255969498	87.94782072052824162	123.23582791115623536	31.75720071102586672	0.00000000000000000
CYTL1	11.66065907940311064	6.83960430911423511	18.84842485207073182	4.46526750121740168	139.03976050698551603	0.00000000000000000	214.30032084509662127
DAAM1	471.09105857857389310	299.20306575256387305	225.51685013670635271	115.85227817917022719	200.44856286330829676	547.66093678964114133	710.62179557360127546
DAAM2	71.49393213468613340	333.22651782634289930	141.52558176711480087	135.75647984263594026	34.47030998717318084	0.00000000000000000	128.49674832885389719
DALRD3	223.92081428426584466	150.41294728035975936	235.78143061778439460	143.66200424895592391	386.77786685681934387	176.49503450453298115	79.72789442401939652
DAP	444.33944657686663504	296.03794856786430501	484.60146292872224194	662.51238161389210291	295.50096665458471534	259.82936616296916554	385.77240376253928389
DAPK3	425.56397550740138058	402.11565402657384993	454.33597531097876754	442.43593999361405622	234.25804504466489675	213.33193127645637333	332.00990099331994543
DARS	585.72024645208148286	509.01324620400862386	736.41597554122995462	342.83353823889240175	290.32922978810239556	531.69540663768907507	0.00000000000000000
DBNDD2	408.93458682953490779	1375.28332133281674032	538.91094242294150263	1287.47637114613553422	416.39699436127227727	230.76196480919210785	0.00000000000000000
DCAF8	194.90955570049609946	282.69275058200037165	169.06129514078594411	21.68247352377752790	421.10203972380520554	159.86286294120023399	111.54595366714528382
DCBLD1	333.51968252704989482	259.02316135299008693	162.81268310723638137	91.49366016039004990	55.42454607487923823	336.11181487013357128	0.00000000000000000
DCBLD2	352.71074722347435682	256.84840293693855529	129.77561494707364886	163.97430058620764726	257.83880330882698217	378.09334426749319391	0.00000000000000000
DCP2	145.57144094307244586	115.55927538810917099	115.51051382161958259	22.18741971400563884	338.07407344293613960	191.55197791660992834	0.00000000000000000
DCUN1D5	335.23772179764199564	351.23747993011545532	494.23963071617799869	232.31738413621411610	211.67621545417205198	420.99853524307053476	0.00000000000000000
DCXR	486.08264817443915717	400.49870129341127267	537.49190783688698048	293.91118315183689447	350.28232780461945595	914.90524621188899346	0.00000000000000000
DDA1	274.25829738207329456	364.69652248980821696	194.43617838549269550	235.11071904909113073	89.77364490074604930	306.80661480976198163	316.28135885203812450
DDAH1	159.20578681035939894	106.63229950363327703	139.19275373382475891	549.00789707342289603	44.72050482894078272	122.47040739347586680	66.84975206253626823
DDHD2	119.15320888389803144	118.13060507704001623	114.51796416299330872	22.98648490050879545	128.26260983769282120	184.52954250339135456	0.00000000000000000
DDIT3	284.87663537015231441	284.77380672128776951	227.72751404613859449	214.03693023759407765	226.95609311434969868	199.71814523069332381	110.15110776164284800
DDR2	808.54395207326558648	532.29700664422966838	537.89414107782772589	269.95397435030099587	269.11554071470362715	576.07097334112211229	456.84590202300870487
DDX39A	331.57751743753317442	468.71934701604351403	468.46440838561767350	491.82955506519772371	315.83897147563163799	297.55356065135168819	0.00000000000000000
DDX3X	459.05155177079092255	458.12209838551353869	617.44923303758980637	538.31479456668819239	385.39667913588209558	497.39610299844315477	508.75883103329272217
DDX42	233.22545873661925953	215.50917207852418755	349.78624990986037346	271.43967886666024469	220.50292591118019914	312.78348635912379905	146.20844319429019720
DDX49	233.43063099730932208	361.01788267354351092	552.69872031435681947	63.98520268595282801	123.93254146399814886	205.72001938483319350	0.00000000000000000
DDX54	204.09571594595851707	320.40065636075979683	346.41534990974861330	185.87016258771308230	93.34598190713465726	185.72602930420109146	93.16273215255939988
DENND5A	124.12393297730058350	305.81820617655870365	178.14113481968828978	57.27034278522836530	160.16638607559528396	135.03660157412554099	0.00000000000000000
DENR	287.99880762172983850	295.87634345787307666	605.35779675982678327	335.84782964914211334	266.60503872548241588	207.03732414077015278	792.73826617674512818
DERA	303.32661356598299562	221.70451173569907155	256.12361656005339228	20.28517032258739761	161.01914334473065082	154.84531620597397250	0.00000000000000000
DERL2	524.83047774640158423	411.55809835319922740	320.25683267241907970	397.57139258975308849	361.42649204469427104	405.88983726787898831	0.00000000000000000
DES	29.96975391538603617	44.76606904258414943	120.64121069206770187	865.15853184283605515	61.19633674679642610	0.00000000000000000	145.89398682292545573
DESI2	403.39554865507034265	313.85294805662039153	353.82833574639710150	270.73203644416042835	236.32583407544365173	435.56608997299889552	0.00000000000000000
DFFA	208.98179741429694900	223.68923675278949759	216.83546206238196419	184.75498869058790774	147.00426519065015896	258.24429985312156077	147.70431509303259077
DGKH	160.92760803719244223	403.72101209932634447	148.63245129784360188	121.42898067680708607	142.06503894508165331	250.85832566331342264	104.62015904413217982
DHPS	357.16090954383679446	364.33861905677014192	435.04812039906659038	215.81264831850214136	212.76988464419338243	224.36285839257544694	513.79803887450543698
DHRS3	591.71279095389604663	109.67276773096465092	216.17087612545623188	103.91347101532169006	706.74302720375169429	171.63290332146769401	329.38369361452515705
DHRS4L2	310.01574263855212621	470.19069934053521820	569.85699297822213794	344.22751384311430911	226.28794081816607786	284.55045942368155920	226.17140168364366559
DHRS7	642.20103538585533443	348.92495908773855717	703.75878049182267659	243.01721573094650353	367.24148111085258961	301.08572830810834375	469.35616759894872985
DHRSX	377.10893204688028391	222.10574382851271480	271.02009553505888562	65.59353260782150130	165.52325430596380329	302.99461859843512457	379.65656355177486603
DHX15	275.27456885440437873	329.60787853171888173	287.11846582634069591	355.75364672134287503	139.37264026948233209	478.92681330123627959	166.28471613841193744
DHX29	463.54738678585897560	521.11007946623476528	367.18625358872816378	361.77470233453112769	231.57678247132648153	420.88349437434732181	117.20367328753336267
DHX38	101.89129453569135819	61.89214492079806007	131.08584124266647564	214.81678342252862990	39.34282198056572355	203.45863239013357315	0.00000000000000000
DHX9	260.88092925899047714	373.51740142005735379	362.98710028142704687	181.65885288769513295	346.71493377046675732	263.37533937370085368	0.00000000000000000
DIAPH1	90.14617255982400934	99.19765229079452240	121.18067320925270280	82.68383433018583162	229.58272261543285708	66.95823685461930097	170.53636955200065017
DICER1	179.66409017001882376	283.91450208229605323	164.09302562519212643	389.84279167353628281	263.31804380220097528	274.12203216624703828	188.39656327979733419
DIDO1	140.86130578563899007	127.88533526616342328	125.50645963528070581	99.90907615329942359	379.91228203752109494	0.00000000000000000	185.02882953825852042
DIO2	577.69571144111819194	46.68505003458904667	244.79391599838919547	0.00000000000000000	187.44578873595918367	122.17067140857625418	50.23387340734591078
DIPK2B	16.00319936282356181	17.30235361803129734	13.16719215967250101	11.94251186579193202	4.76715776060912422	0.00000000000000000	1165.68183457593931962
DLC1	329.23939774679291759	632.90602796241626038	197.55687292873389538	462.06949160959851497	197.82194372860772091	440.26833449260846010	236.15488344641602225
DLG1	159.49743195871161561	146.30915427619379443	156.40216286032048743	112.37824556139720755	339.78412319420021959	142.60425562982351266	147.24349468054927570
DLGAP4	246.29012316917444991	323.65475557520045413	277.97406314041921860	122.16094692060012505	418.54097645399190242	146.41188863765444239	188.32491352514040273
DLL4	2.07718727334360143	19.14551798407990546	48.73680606256701253	0.00000000000000000	0.00000000000000000	0.00000000000000000	136.10003659219762540
DMKN	245.27547726239902204	121.20072655400561246	364.13589717421746172	29.18551341340343441	86.03070893878789605	302.98916115771027080	814.70442888690877226
DMWD	120.10226679526346061	118.38214759551640043	114.38282976847865768	153.44167203905354313	200.07582124313825034	83.02984095671479281	508.79914307143639007
DNAJA2	286.96818285099959667	329.43961516967476655	352.65283460989530795	324.70760748548383390	535.31963418239502062	217.27415078876148868	0.00000000000000000
DNAJB12	265.67691172052872162	240.17701640880378022	279.41281996905297547	247.78238735203461829	260.22159286734864736	162.05069797585611013	226.11452024656821891
DNAJB14	326.18041903283193506	338.92258828645981339	164.63511044384557636	143.55660254734095815	125.87019887910358307	342.64422606017166117	82.97973286142646998
DNAJB4	241.74784015591313846	357.97040128250574753	292.64590659396714045	711.21052891179317612	158.72207323785329436	102.39137447954752247	668.17386834818637453
DNAJB9	427.37494465920934772	406.70720937542665752	557.19854837754110122	324.62998101045150179	146.71151805984453631	487.97719626681941918	0.00000000000000000
DNAJC1	921.29061351453970019	416.26328302382813717	669.26962268892964403	333.79042675682973140	354.34484700658822476	687.58233437414571654	0.00000000000000000
DNAJC19	386.06267479333092751	352.80976033606970077	569.83026705350380325	415.45496666440385525	158.61108806369335866	281.98992937580464968	445.75722164258525027
DNAJC4	345.26446784690830327	300.50922943668297194	447.10603243113547478	420.47643382227892062	155.16748844531548457	286.02330987638657689	541.14782492081849341
DNAJC7	470.37818974313069020	424.09002259328701712	439.54086673056804102	460.30551631917393252	261.10183804585574308	406.80451733035903317	356.13586591093229572
DNAJC9	185.41543575958530710	132.14909970907186221	337.64221445736410487	161.76898649152872167	58.09194795787271914	117.58953571381184133	844.53093735669745001
DNM2	148.84013493013463858	161.51318516206916343	196.66731695299611715	100.79712883808392121	180.75648653387418108	29.50652037811191519	183.26882478899781859
DNM3OS	408.37124428324881364	193.54078175260175954	206.33342699981000123	23.90363618774906840	126.16028860853265314	226.01988754907762313	0.00000000000000000
DNPEP	397.14303938202840527	355.12264361004963575	487.04375863617099185	155.92970899870661583	667.28500385395420835	464.92267091194440809	0.00000000000000000
DNTTIP1	318.31892447723737405	289.28581432748455882	291.62763436852713994	226.05429269562080208	181.82805435260303284	207.96120198026133608	14.44227592645858138
DNTTIP2	172.46882720111736376	200.48611229222581187	233.47204747316445150	127.61563222026273934	222.85753956504450457	184.80937059680729817	0.00000000000000000
DOCK6	106.21694128804834634	270.32878010113449818	89.80088880948042629	19.23640040797394235	19.37515942621061171	101.42372418984984961	327.13248555947268414
DOK2	9.07835448312250115	22.96047927695819624	36.26553151563313548	11.53619358187898314	157.44785679519853261	0.00000000000000000	22.94768910954087815
DPH3	240.44262554004660615	211.31083483016956848	263.27487582513629150	187.43848689277874087	281.57589388638336914	238.73029555410866465	0.00000000000000000
DPM1	539.00710443161506191	467.22502665361508889	561.06014772660944345	134.33150364977433355	271.31743347100132269	455.11286814944674006	425.80471604992823131
DPM2	553.35638116666973474	405.62762861478938703	694.75402837012779855	187.14943021785936139	305.31432239826648356	679.34196249531339618	67.28868796422288767
DPT	2869.88822956573358169	196.32015907851754832	1106.28536950104262360	22.26641072380765252	244.44739852323871787	1522.87272922557599486	0.00000000000000000
DR1	207.94533285905794173	186.32971063096988473	227.04315101482094974	196.81252303246878910	531.52076691945831044	151.17605602573016199	242.77852952752135707
DRG1	245.17512824090579215	356.56391011205539598	268.64579210354060024	154.65676330245494796	212.07721768850132094	226.04450216344420710	0.00000000000000000
DSE	286.70086731876949671	203.38298711970847421	193.81264985185515570	122.46446193302219285	323.94169188536375259	278.72750437769428800	49.14576895293092207
DSTN	5727.05603149163198395	4637.06034879033450125	6201.29381509244649351	10118.69420021789483144	3407.39540156980274332	4541.95192263927219756	968.43902870176168562
DTD1	335.49459147614379617	162.47763796035002315	672.83782751442925019	384.46460101470927384	170.90757467046890383	83.66785355564975646	717.04878009616595591
DTWD1	362.35528580376450236	151.98519850491743455	262.04245402367348561	72.33781698354685830	210.34973133247331134	351.39903452228713832	0.00000000000000000
DUSP14	429.53001136081098821	375.24305262631571622	237.03362807776471755	285.76857116488065458	63.58045967328328629	207.85898546299338818	162.07753657924052959
DUSP23	622.54540216886562121	383.59633231656175667	897.85434784904714434	241.24539106534720645	431.89437561635003249	732.40661805016736707	401.51863526001045557
DUSP6	167.93519465209311647	102.24646228701274708	144.70548169563929264	27.25516869676298981	231.10640859730037278	603.31212845043489779	202.80631065071236208
DUXAP8	330.68451432796098288	331.13562094714973227	148.60463329908330365	245.31148302649586412	214.43879719086453406	105.40925305123474232	302.01377778401462137
DYNC1LI1	217.25649087583943242	391.30245953387554891	145.97815846324928657	150.11146081995116219	231.64296043856845131	84.97629122818096903	266.40442274087143915
DYNC1LI2	633.41097133414507425	590.18300312708697675	423.70263068036848608	354.50268585767895502	237.44609174566753040	600.24251284106708226	0.00000000000000000
DYNLT3	403.15131446241161939	402.10506408271254486	452.17381011206100538	545.78993776137599525	342.28250328493061261	441.06869371869026963	183.63077142672096898
DYRK2	262.97265218354561966	207.94498556409359935	165.13981838607730879	88.27228235630576592	120.38750277422647628	55.78971479577326420	223.67756573245529239
DYRK4	247.78906610589393722	171.07996440496998503	289.50777499522286007	104.50030458872342365	263.30644145623188024	253.47939593987553053	0.00000000000000000
DYSF	2.16172904449487646	11.20278182049713855	10.24301566470984959	44.36162289978597784	146.32948817426449750	0.00000000000000000	200.40070341698441325
EBAG9	230.09327541213971813	198.33150739538865537	206.61117177678042367	317.45469261897096658	190.07076889322854640	275.22617518868958086	129.54325146027713345
EBF1	97.52264285511836306	559.09142108135074523	250.43897912055530242	423.11639085105400682	153.55727564127923301	6.13519581351662779	151.59243672272688741
EBLN3P	310.07122231452098049	247.64415217577817430	269.89526719218042672	91.63508506498999395	314.71708330102325135	320.76063804238941657	0.00000000000000000
ECE1	130.39502289052580863	400.14608496613203670	191.31485550309679411	166.50176081032174125	146.37862519511105575	170.90915211171869714	83.05924716568912913
ECHDC1	348.62247511426789970	293.15162473284698308	424.24717032202278233	395.98499205995841521	186.40193084305681737	479.20496238848352277	459.74157993917037857
ECHDC2	256.27894435999411371	139.33243925409257713	322.22412078749863440	126.30904864055733583	168.74027668725824469	377.72983594449351585	0.00000000000000000
ECI2	360.40004292780008655	227.12613517597409896	410.66741624082328599	266.67765089275764012	212.23203863367956501	273.13655589400559620	4.31511208237093680
ECM2	374.42342916398609987	632.63173061214797599	356.68578854762137098	312.64887900137830457	247.36476918729556473	401.19202330347809493	0.26099493690232090
ECRG4	29.48604658596445205	75.95036619974757741	46.74822716777529052	313.11339610568796843	139.31582959859699145	0.00000000000000000	88.15158562611631510
ECSCR	83.09642368620825437	23.64122525272813391	40.83738802684204217	34.85027483487179722	18.09727573168512649	0.00000000000000000	2568.73105038641460851
EDIL3	456.26442444184363012	238.66133413166983246	114.33984340963931459	311.23623873550741337	297.03707640001925938	115.86275475506856480	168.03003172251109731
EDNRA	538.27791929281431749	886.49765167557984569	396.72225642060681139	291.86127796288343461	359.28858032783409726	434.46942723714732892	34.73870471157702156
EDNRB	99.07974314153847217	529.40191091912697630	160.48011986991190270	405.56904984559707827	140.52041118029450217	111.88068854327769941	602.80470873100114204
EEA1	340.92157670978645001	334.53186422600708738	280.26587549153106238	120.22504260352027927	209.59048972251869714	474.55476424069399854	237.35232538542328484
EEF1E1	221.58689261944573445	288.44706612761632414	370.91319307644926084	191.02810558592469192	214.24364469325252003	282.87429172719276949	158.13529265000067880
EFCAB14	266.09947960658161037	279.22211149882144809	167.31219546199000092	162.07363402377134776	365.74345843935799394	177.41143396851623493	184.40776479118429165
EFEMP1	2062.82727905419187664	387.45245605431506419	2294.11114668624531987	537.35540382586839314	711.67579845612215195	3221.04822922963967358	2124.10322265850163603
EFHC1	212.52367610248575147	300.89786598595236455	153.36760562667214458	185.58120255184616099	144.26160156971894821	171.60765497669493129	149.72221465906898175
EFHD1	40.00946778059180531	263.91496677891473155	85.99778281475178687	318.17437887310506994	37.44299374298469019	9.05306621458634986	0.00000000000000000
EFHD2	140.88760592082545031	102.33459532242267187	74.68451033093695912	44.31507336055889112	535.75775019735101523	0.00000000000000000	227.03850494514142611
EFNA1	70.94533380120920185	52.07762377087875905	98.77035263301058876	88.84322192831200482	18.72584104700620955	127.21758752656818103	632.85497090287708488
EFNA5	34.53443962247039423	24.78987999528533237	41.81983546734071666	0.83476451337459190	14.05740472978735411	72.93189267953931676	780.91063921959323579
EFR3A	316.39769919429829770	393.74128234422647665	229.66855608918305620	206.23056347793811938	583.90365338486435576	136.18704815445073564	253.66156348004000165
EGFL6	1156.39179945188107013	4292.95553925940566842	1101.17921983509540951	2915.27729851421736385	1326.23952582301194525	707.04797461916984957	327.05808970277848857
EGFL7	125.48686567638888789	164.47733336326339781	270.67554982916590234	153.68422127738966765	73.96058825967585904	77.89446544967631780	2609.81726845981711449
EGFLAM	48.36281497381192196	308.55757888552244594	29.51977266402730038	96.32452643024248573	63.58318708278250853	6.29338999430752111	0.00000000000000000
EGLN3	414.11384073535083417	64.97179708064609827	226.59710284620632592	27.65976349562486902	172.48548184602981337	193.49053970997371721	430.13837646283775484
EHD1	199.47658630906633448	396.48522686337918230	234.73728200077638917	228.66812810022688041	207.30824502511205765	235.12475489043876564	0.00000000000000000
EHD2	510.75118823560126202	1010.17172894503130465	378.42147125823856868	889.15751616067745999	275.75137430027302798	3.14115663755403229	810.97064195512894003
EIF1AY	183.62649656057976699	195.99821298520814139	297.64693600152696717	200.66683023137417763	129.92849567981627956	183.44906721197401112	814.66143342778968872
EIF2AK1	390.79234105287645207	238.78613271446528188	219.28160168384584949	109.78022906927502333	390.98172760531065251	232.51520669066152891	1032.74172156876466033
EIF2AK2	310.57319425038247118	442.30304445991623652	217.82101862587049368	309.08046645094401583	166.72125613008716982	252.37256943313008151	22.28645966533282774
EIF2AK4	299.32644839784046553	204.89164574866379098	158.90496473222799523	154.11988129554632110	40.00210258047319911	153.81665106055535830	740.92040707170804126
EIF2B1	321.40212014465703305	270.62143470042008175	204.14412408349789985	233.20909193319093333	135.23873495575793413	150.27387400174575305	310.20811819820835353
EIF2S1	366.03526767331828751	346.61494325591212373	641.45026735160149656	417.14580322949564106	352.30876945543138845	461.29822778387546123	0.00000000000000000
EIF5A	1456.97997255068662525	1241.60823041982666837	2706.89019389414715988	1094.37502694392946978	1707.28958552204380794	1731.51931742586157270	0.00000000000000000
ELK3	259.65889276434342037	257.63523327063768420	234.76201993140381319	113.13745701229346707	139.88187260742392937	228.16468111037144695	1038.93347472132768416
ELK4	146.02437828353762939	145.00933576675956260	67.32775470111013760	76.75229734727399489	305.66294293106085433	90.86791963905254477	441.84576615590907522
ELL2	276.90206625981426214	165.73525137064311252	306.81840674142472380	292.06017315788739097	331.77828834083942411	233.16884865788247794	81.48016268348925450
ELN	1188.54240030683536133	240.33095703357173534	666.53165830523039403	1889.07129569869016450	1874.19168062838730293	1935.57362923421169398	2585.81214752684127234
ELP2	356.96474991168003044	194.48226984720849941	211.78380216045874818	131.47559097918539806	93.99496415005448569	327.17466244676353426	149.76144344419583376
ELP5	263.11725855507506822	472.88709742368126854	206.84019629413683106	124.90950899899559090	167.92930693109241247	286.30817057137846859	442.10924397881177583
EMC2	368.39173844384259837	533.08706651932868681	362.33447830916787780	390.04528569465315968	173.14665000052272603	229.63671980936265982	574.57224299476968099
EMC8	289.59751648450514949	267.14592178712950954	173.17985204938136690	116.12647753750492541	149.68407870253881242	214.87700095237462961	0.00000000000000000
EMD	293.21505270371199003	286.12527431523983523	409.51308874838611018	443.17282713247789161	261.16700670849638755	202.06158184251935950	442.43933055617765149
EMG1	317.86956281779163191	266.22927545972083863	391.02474130676233699	200.10550783298555189	62.08624690945920577	358.02384804157173903	0.00000000000000000
EMILIN2	21.08270504362408815	56.07043337869132671	47.74510296196793746	20.58532635001126110	256.05856790173214677	0.00000000000000000	61.78986061601756319
EML4	238.94141775563178953	228.09356533071837703	294.42939425701973732	145.16364994196166549	362.84690875791034159	340.06841646584979344	0.00000000000000000
ENAH	834.98586450898233124	588.12293753327492141	682.01830614846517165	902.30836177612820848	1144.11065567535911214	799.65457332210564800	110.58974592414786287
ENPEP	120.98141010879685098	602.17639410877472983	169.29581163060521476	238.58133337908179783	35.90874036601444175	109.24387496566514244	0.00000000000000000
ENPP2	440.44879891738321476	93.81436328080408771	336.57092374338498075	201.13986444473496817	261.62481416729588091	666.95419386087996827	535.54891317280942076
ENTPD1	443.75322066542497623	278.05559887915876516	241.08096870832309833	331.83943700061234949	262.66096042794742971	144.47675575841242335	0.00000000000000000
EPB41L1	52.21662152592813300	212.13817178547236608	71.95457037690366064	99.50954384635336680	100.29230281046120865	52.82602290449360538	0.00000000000000000
EPB41L4A.AS1	0.00000000000000000	0.00000000000000000	0.00000000000000000	0.00000000000000000	0.00000000000000000	0.00000000000000000	0.00000000000000000
EPC1	285.85647277107216269	348.05703883510352625	340.21137181004138483	217.07857886293001570	126.34228648510163850	262.07451440807301424	453.26848310051860835
EPDR1	270.32683725839046929	83.52783003736657008	200.47242074880887230	268.20524762841421307	69.17469488230433683	182.62221908108205071	79.79157781251892345
EPHB4	75.19809698364184669	33.99903467829165038	53.43434325474034097	3.84694818496284174	10.11408046015534090	45.45013438861828803	544.77024436558622256
EPN1	333.97233197234066893	350.71257605750162156	301.99843425298803368	245.39538742368199564	236.43293689037668059	300.00822221178555083	0.00000000000000000
EPRS	280.70560827046631402	347.59340133964428787	305.32885109604961826	323.58024605026577092	181.17481231592418567	235.45019691802053785	55.16827622604571246
EPS15	234.23638198597143401	216.90945107506661316	176.21813211670109922	184.53891855116739862	181.62882033414686589	310.50243738199617383	924.64072792393835698
EPS8	323.59308083142451551	1113.90743511682967437	425.61642419299471385	858.18926211413702276	315.95236740794678099	136.10286142492472550	404.64486685133010724
EPSTI1	641.82402115686932120	493.06576461862988481	381.44575645879228887	293.59924172418101307	274.11818499829223583	274.26909630264594853	84.35040135974833220
ERAP2	263.99672019204649587	409.41166386155782675	198.05942025784744942	79.63931534332053275	153.09837943484242828	302.98616570864652431	45.45492876537919358
ERBB2	170.53006967753566414	116.69600874239603172	63.94283545116749679	25.89506389136843723	393.73208913721498448	58.74618043869654116	228.34115288938562571
ERCC4	131.07338393006224919	145.86248674728778951	155.85811218284720781	26.03315627296724699	171.85592951684924401	149.67848008181147179	0.00000000000000000
ERICH1	201.54932171046300482	289.46129040634684770	204.81314691713600951	137.76551270705914476	185.37359537562045375	266.22400506749488613	497.42623770635037772
ERO1A	317.28053081969187588	320.22359398086376814	639.64414127393365561	360.03592682230112132	232.06889487497360847	275.77565245963154439	0.00000000000000000
ERVK3.1	0.00000000000000000	0.00000000000000000	0.00000000000000000	0.00000000000000000	0.00000000000000000	0.00000000000000000	0.00000000000000000
ESAM	105.79466965550423652	790.08096039930615007	176.29166193615665748	568.27587354982449597	175.27103468649829665	32.55055210973105062	446.62731993825036625
ESF1	306.24982431122305115	354.89780697505148055	252.82120316971443685	534.54808929185503530	213.19437701635581561	280.72137517810961072	955.87508760617208736
ESYT1	123.20445256371985465	184.97819078721255437	103.24122467078949228	153.64296984229494569	318.32732825120740472	217.54735915719754757	7.80149205418169434
ESYT2	305.47037479062072407	188.98590502111977685	161.04513750081216017	334.29931802207948977	77.17330948839816074	165.77763888788254576	460.74039181918340091
ETF1	345.10781982664332190	290.48210933342107865	266.05486100597619270	337.56985000610080760	200.68563700529887228	436.14014963320863671	311.06100900122089570
ETHE1	694.07213806447259685	346.74322536646877779	604.06435882701816809	150.43445414732192944	337.83381645217508549	693.69538904712192107	449.37719168895131361
ETNK1	156.09399492147113619	205.46073290132329703	152.07053882043180693	123.57160415872328940	233.73218338050349985	125.52274590420491052	430.97162664859752113
ETS1	207.39962638016450569	470.29475441977683658	298.80601817446631685	291.99864783355963027	110.10728627721306339	0.00000000000000000	872.42856360463849796
ETS2	155.09562122809049356	130.87531754402084516	279.08308748796798682	357.78819200537060397	309.41227015694852298	165.13756294066641317	658.02035763243293331
ETV1	428.58514749722849047	263.51494633822039759	238.21061134616581967	64.87795570328066219	209.88843265046273245	346.28717882040194809	61.37858077813218216
EVA1C	223.84582204008555095	201.09610775934072535	296.49470013545618485	43.05823974336022530	154.41299275256568535	292.74946316286457204	96.42295531393783392
EVI2A	457.97497227181338530	91.54930262876494851	211.56186808066397020	78.04273138634711415	1019.66220464776688459	0.00000000000000000	307.23188844517875395
EVI2B	38.52481929240028080	42.14254590098866515	58.13561960909434845	66.04968244035124769	414.09491346293413017	0.00000000000000000	75.70166588393895779
EVL	388.19177219241561261	307.52283496334405299	245.71600979649650753	382.55976727856858588	370.65220169891949809	189.21749569815722225	595.32726749380015008
EXOC7	287.51179094100331213	278.94828034286302909	212.59578176813710115	138.78866519389913492	147.62075994948787638	224.08936147400902428	202.40273614481117193
EXOSC1	272.85980055054511695	290.35033767065277743	315.72639257313767303	313.94297027422925339	271.60571729476595237	300.76977883465281138	67.83872588421117200
EXOSC3	152.93037145650231423	163.57719824250366969	169.22340160712712986	163.73100333294868847	311.24272835644597990	170.93929702913104052	266.24822743660428159
EXOSC5	140.12587406276753654	180.50337747245248465	165.41879304026630848	145.33291492928535149	271.15001477856998235	230.69768585817749340	50.26431162326179702
EXOSC7	313.11374991051462757	208.72777189836889988	293.92171740223369625	95.86792528097016941	158.06462138158582320	283.36934164022756022	0.00000000000000000
EXOSC8	358.12397351954331270	291.66215820521773594	238.25875578558620305	310.44469335030737511	104.54013871671578784	340.01372637390562659	0.00000000000000000
EZR	218.59982966481351241	731.21709630588293294	372.06932147228030772	843.95097736313573478	477.71342452448521954	289.38255392434302848	739.44458473071119897
F11R	62.00646298750312013	19.22233098546522712	106.52275834203062743	131.84316724432261481	75.24779025478360950	228.20382750992851584	116.56103987325498395
F3	1139.10105374399449829	509.45249385956668675	602.38402274742350073	296.97281319451985837	722.02511888456149336	1096.19680370424498506	73.05902879003753014
F8	25.07657490147663992	57.73650949119910081	23.40742574044272573	14.48545572083340005	14.93751736341549652	0.00000000000000000	942.26596617807228995
FABP4	45.20025631346441486	255.92697381920430644	143.17220188223845412	117.70362816903961800	200.31174076822154007	0.00000000000000000	6352.77550863109718193
FABP5	443.74919261482159527	2633.63476901061221724	865.33762781318205271	929.19278270463075842	1818.19997513628527486	0.00000000000000000	9664.31651911706831015
FADD	324.05032748629082562	174.39241661353014479	163.37205029875821083	80.78969026682267440	101.85112750915881463	120.65970079377306945	122.30361609998648476
FADS1	324.02433324924885483	167.21611487312182476	173.91440844374190533	104.07030427855606547	94.17924986946991339	178.68449106694498596	464.30691674990220008
FAM104B	149.51681911423892757	178.94850838688140016	159.38146461834466550	118.91144569122744201	228.34188185611998279	175.64866758955056980	0.00000000000000000
FAM107B	227.12552617402752730	193.85750383807902608	98.57881460863741552	82.33625309425006833	330.40076659169517370	145.34066566154811539	515.16054329486121333
FAM110B	25.94708338805259373	91.55456534766905463	104.57030156537845755	66.90328677882328634	10.99117729540234123	13.44338456839594365	506.65206848523894223
FAM114A2	130.31822758143417218	75.79928915844116943	130.81922267625643030	37.21795109889217201	54.17182137850723933	145.01037198251682980	280.83342074056832871
FAM126A	211.70627381763202379	202.73948446240063959	94.58666657700591429	209.32926791120598864	298.97109626712733643	352.85694238194162153	198.30691977100002532
FAM136A	233.15986709828530365	209.90859513000688708	320.52352530472558101	66.13246170904476173	345.32207941811634555	167.29290021275394906	162.80768734064071168
FAM13C	186.28590849273399499	746.96721930060630257	134.81221384318769196	531.94226903681408203	88.50581933249520716	21.20482474057915212	142.81991075462630647
FAM153CP	150.21868726175981124	117.97615547201620245	165.81682541816027765	164.07110775307009476	312.48228725272667816	121.07348767247502508	191.38859549534035409
FAM162B	182.31343987557269770	1271.78196802566253609	465.27162117130080787	200.92751264881840711	176.62692980347719640	170.65678229078440609	102.14203252213553696
FAM167B	35.84855934584669512	31.44005209124563294	23.97206527705032286	0.00000000000000000	8.26879000446568924	29.64485186721120868	269.36861351009446253
FAM171B	33.39006771495384385	21.11972413100683355	47.31247548216498444	4.89313442516629227	4.66604462338592185	70.82921540333144605	368.27137665649826204
FAM174A	245.38553493106107339	195.07755750515562454	241.47749317841746119	126.66216192550920994	344.04619266019864199	141.38838686781031129	72.91019863146884461
FAM174B	58.02578101042033865	61.24930414104414922	22.54728646085502675	1.63217543533900566	7.58755453427477189	23.54354509862474742	208.17015997016713413
FAM174C	626.01278882939561754	336.86316131035221133	633.80715311123503852	207.12266951587818653	1004.35522471022011359	159.45822940156665481	869.68814209452750674
FAM192A	185.02165430418469327	345.10035061675392853	368.92203504838505523	178.99289143108109101	85.69203565060833228	224.88031051723680775	51.84153155565523008
FAM204A	421.48904256962015324	510.06097685815194609	416.93453836322731831	566.22092934029456046	375.93242460742465028	406.32367311052831838	0.00000000000000000
FAM207A	277.35894310122682782	226.47762264925643194	424.27798607332664460	240.69980881049917798	140.08955875954484327	310.89119741899605742	553.45339531404590616
FAM20B	93.74924210740356045	47.15492953666475984	115.33426452187059397	11.66926701248914178	198.55422844946295413	86.57766568641035576	0.00000000000000000
FAM20C	680.40319122922846873	409.83957234990623419	387.85476336987329660	80.60640485395032329	220.80549476569370881	248.94251831234950600	603.71118383631198867
FAM210B	316.00594876088655383	275.46108940994798786	209.23096423815570688	279.14376596570701849	175.42940022821039747	144.72431366586735635	280.94655073699624381
FAM229B	304.95308371092181687	173.44291357920383234	292.11265451667242132	156.71812993851287388	133.16977319889144837	459.83636593661947245	343.78351798089829572
FAM234A	287.55221860293403324	334.56277132016083442	182.61411769033480823	265.87742861609910960	188.08584776981467712	244.96748971714146137	0.00000000000000000
FAM241A	81.53028224832614512	257.04164772673601647	118.65294176448037433	97.82053451563018598	19.03632655423796649	181.75148135385921933	172.19393428110959121
FAM49A	47.68019942650525422	138.66244372327693668	61.66930280060738312	32.12711266840661750	173.92856607355670917	83.76319686962564504	0.00000000000000000
FAM49B	102.94725640707926573	113.08680419126716288	139.34672417070055417	197.61725577543185750	872.57759352977302569	111.72499853521345869	112.09410603475333801
FAM89A	41.33829496586292862	40.14980623848602903	30.62950420802437534	7.10402672346979269	63.90255020193853142	45.88818975729270022	334.46986360051431575
FAM8A1	109.30911110801618236	128.30447477511754073	63.17644941712932649	144.56327203004602211	17.02533887186785932	107.00930440724413018	236.29043012411651148
FAM92A	320.13174653949550930	192.25710399658521510	330.29246638334774389	153.90508331089540661	146.93153147284863280	358.54792814434517823	39.05249015079620989
FAM98C	77.50569087624539577	89.27912047904254678	76.51702173557946196	165.74888681695642845	27.48594319897708971	67.37567594349178535	331.67707296851631327
FAP	2530.20152861668111655	216.92620464402585867	1058.26595162685043761	0.00000000000000000	397.10778844089276163	1096.14361645114377097	70.84162831266642968
FARP1	303.40303717849155873	474.39077692482703696	161.75691937708197088	98.90684443696878247	431.51184607430991491	203.76238251318457628	0.00000000000000000
FARSA	290.28955512274325201	212.53373544979925214	234.22830855851478304	231.19826828704353261	174.80725891156632201	255.72662007602522749	421.38661168537646518
FAS	280.60709638614446249	272.79507597681532616	267.76595458597205379	280.22090391627733652	49.31474842731886099	505.50541216026579150	16.71181045239390528
FASTK	508.97590092400884032	442.54833470972096165	387.22983355366608293	343.36253610563835537	199.73386829970641543	152.32379807143885841	423.46500716708385426
FAT1	224.48669375244026014	415.06268083455842088	161.54710965778363629	493.66567021782742586	208.62564663900843698	181.65078332608101164	0.00000000000000000
FBLIM1	486.97960395492282260	941.73907347291094538	579.89584666959262904	884.71027332138271504	228.75180306861241775	324.35657228187386636	726.98037374483465101
FBLN1	2786.91045415559710818	634.39351738449306595	2138.41904744174644293	388.86238330311380196	823.27621087189959326	6466.89160288652601594	1367.11095449278195701
FBLN2	2106.66122379938860831	171.49717588891655851	909.03840693387917327	297.04857445584457309	501.93021872160568364	1546.20068923637631997	0.00000000000000000
FBLN5	582.28245141588661227	119.18437156247972553	470.77900760633821164	140.91140443774978053	698.74250365052841971	1395.20680799290653340	0.00000000000000000
FBN1	1723.99305787568459891	674.24171524561450042	608.70954284866502348	267.82888408324731699	390.41187554777872037	1399.34565340821154678	803.28760123405265858
FBP1	36.86516149489530392	41.98016612654476631	164.91003611804151774	105.41062758256595089	873.20798085264266319	0.00000000000000000	158.36601995589961689
FBXL5	348.34384331510040056	271.47805552272495788	217.13834769515639778	292.16714849022082490	116.82754688597447057	156.15925681502969269	316.90173880711915899
FBXO21	182.33317253131707503	354.19328167271572738	170.51079969619047461	237.43410627174310434	237.41131944764970285	283.21849608318223090	354.80243339821691961
FBXO3	138.03731365236779993	287.61206728930744703	238.46474266891536331	162.55657309025724544	131.69429938586739581	178.61788581807653031	146.21778384424024466
FBXO6	136.85444301038842241	107.84663221346131934	111.66240034589878860	102.10596456812837118	224.77082320692932171	59.47817826494285498	0.00000000000000000
FBXO9	228.44654998762823084	171.34874800935872940	158.51304031643550729	173.22887758490185206	366.32783376362522176	219.85017998400971351	23.73817533068334384
FBXW7	101.27728179653293239	114.44212606883972683	30.26801943365751413	85.46907559755817374	12.41183795811928547	81.94401244522944694	302.70411837234155428
FCER1G	297.91446341638766171	327.01466369865278239	485.56044950901844004	142.31850648788591229	4590.71846162086967524	0.00000000000000000	657.17762833547533319
FCGR2A	40.98286685887191538	48.05798799875214655	24.62233649791338763	55.67921272652564113	529.01101304792359770	0.00000000000000000	97.62578328126814142
FCGR2B	20.12134500875797016	25.86950645657735848	23.41500137710236373	54.59233472755217775	488.47061385981953663	0.00000000000000000	27.69492990207201188
FCGR3A	49.17883277727933944	57.90239300548638823	54.02862863695473550	4.00401009843342770	1169.01173346032760492	0.00000000000000000	45.09344912091356150
FCN1	19.48428751825475302	27.82704052951916296	19.08627489281333922	2.98212404721851865	364.48852096294598368	0.00000000000000000	4.93076445882264913
FDFT1	251.19783984562872092	377.58114876861185394	289.45946956046344667	145.44203439973804848	213.17136952932256122	201.93794438471982744	0.00000000000000000
FEM1B	160.90892362455804232	135.56820844832967055	168.58548743013261628	81.49795594367074614	238.58611590269427438	91.95362333061977722	286.31314795108164617
FERMT2	600.92478577561655584	1029.80453168990266022	677.39707059391651001	1044.18299835161383271	257.93193229788511189	317.67679125014802821	980.48763144179713436
FERMT3	33.74560855019071681	52.05997012672418833	30.15520858101348622	22.52175814111213015	281.81500553188567437	0.00000000000000000	71.18716316368099228
FES	57.46462470575773551	116.16807574978899709	56.61401047211603554	0.69971565466523378	190.27283295236773597	42.90659292354584409	130.27392661933552631
FEZ1	219.54865489912182852	248.53131971898139341	384.34681198942456604	321.02953796216638693	82.89156362048865390	358.73566158479087562	236.81597392922157042
FGF11	18.59313124438638809	6.34604739134182161	13.37249904943320722	2.49017827135390846	148.35573709893702699	18.34616905384714869	10.33173580816206893
FGF7	1536.81638818791134327	238.72344144111798414	1543.88037654123218090	273.28284922524403555	386.75229753506255292	2364.81120786178780691	285.66063329553151107
FGFR1	849.33852066755855503	162.75866200869199929	433.35805421115549052	179.35866288278899106	178.85595249920521610	722.74441876278797281	425.40180482991274857
FGL2	35.04959400564403182	37.31692167232485957	58.08157992457876873	5.07356955286055111	389.80658593544779933	22.18577767431976966	129.05789132141833875
FGR	19.03487187565522376	17.56522222861979188	12.61287468280477420	3.91380105359259600	287.84182610531894397	0.00000000000000000	172.70583748130997037
FH	203.42230116255473149	258.35233015157422187	339.58117673928336444	260.05286353120504828	126.23726673064237502	155.90679880825035752	419.17946344972926909
FHL3	501.20727210723157441	403.72303128086042534	644.33054472512844768	274.01180998511011921	188.97083654297932753	355.13585118781355732	388.40381985367321249
FHL5	29.52821954425492024	218.61719123511633711	70.19568430785660951	162.56624548271844333	28.39947509090514544	1.68701594109422093	0.00000000000000000
FIBIN	921.75858115081814503	94.50016057564357652	457.29874770374686932	87.21176773202907384	544.82693366332046025	994.98132311236906844	11.22210732599197769
FIBP	659.18398299278567265	658.97264031099268777	505.56219741644400756	624.11795995280965599	637.37186869752429175	791.42890315027182169	169.09808365548687448
FILIP1	111.64168221944711945	605.03109340949765738	160.53250890645026061	726.32000263852853550	162.80722239726856060	0.00000000000000000	650.27118906213183891
FILIP1L	1000.38459988875501949	1765.06127315007188372	826.94155384128112019	1955.77166693551157550	1104.68113911392060800	558.67669083040800615	408.25275628448366660
FIP1L1	250.19313433311984340	175.65159258280078802	294.26625799143340600	128.07053071727131055	122.21521567357524418	292.27551962551643783	13.97225413356172474
FKBP11	1172.55923777503289784	1304.99389395653179236	1089.57491243383446999	307.29724819724879126	300.21218174324104666	1507.89324541677228808	0.00000000000000000
FKBP14	299.35211048998291972	195.59357044203275677	105.16066553163659592	215.07192490758234271	180.96688602485360775	382.32674924688365081	690.32744995182338243
FKBP4	149.05251716088582725	405.38986620516175208	273.23577194466923856	227.06796809642557378	290.68918188727838015	231.62982204380375606	0.00000000000000000
FKBP7	775.50135993159460668	542.14264201517062247	526.16232476767675053	333.37505248915209677	163.78116553097498809	587.02967648105845910	0.00000000000000000
FKBP9	643.91632753152759960	359.31758127513990075	418.36196057803437043	189.75824754464701982	203.77542615690967409	207.93373454260003541	695.42554758478956956
FLII	246.90083541821573476	220.57804882203384977	187.14551743246391879	181.87173764921419661	320.20108761907022199	200.85353128178337556	138.05982776988756200
FLNA	2437.84714970369623188	2098.70876567758068632	2109.82727492163303396	4122.36137755989875586	1794.65423945191309940	1753.26304196155228965	1142.91026527756434916
FLNC	53.77282904708703626	7.38646649101780639	61.79317252713006070	9.04305517403449421	6.70708183031562388	166.66273235893879701	314.04753600476749398
FLRT2	105.78826581107378502	21.98239592092516759	130.19733554475484993	46.73814444612187202	18.52101812996836472	255.03661580335116810	0.00000000000000000
FLT4	8.66351512895700182	3.83534289376403681	13.00923016856257419	9.96787828984526847	8.05845970029791836	0.00000000000000000	1164.31301031035127380
FLYWCH2	391.81277379991638554	402.29126565392766679	429.64161473521750167	449.66244854317909585	405.36084405540191256	345.30550080466798590	55.46128801503957106
FMC1	218.33730320758940024	444.59867379559858591	274.95378908708778454	162.12129259182177066	150.65623769798170883	299.35632553371453923	36.65738048586504760
FMO2	1110.79886438064181675	225.91195328909884665	1261.56783740047603715	216.41868427703164457	220.71720340124710447	1296.28681487133576411	356.04763000766246250
FMO3	284.21045664468056202	137.69214317506327916	144.48570036083125956	652.16155007062911864	149.96146718786135921	215.89010633680274509	0.00000000000000000
FMOD	1089.67033270329670813	441.05443214557686815	656.28388334105272861	464.23737781918703149	611.91181049894214539	934.75116281410862484	0.00000000000000000
FNBP1L	180.97417516317793229	64.77012044106309929	33.29065946442258905	150.15932165592329284	50.16728933326742634	69.18535674078638920	373.24528343914533934
FNDC1	580.53356049625472224	135.73227725589484294	99.66931060734108883	0.00000000000000000	301.16162706791271830	186.81285894354641641	0.00000000000000000
FNDC3A	197.98683578320694210	155.14047191128599934	322.83272570128502821	116.55378405111351015	332.67643614512843442	275.98750170143716787	0.00000000000000000
FOSB	637.55206198039286392	391.77426533564431566	827.73593543655135818	246.37362565936811620	1026.77692445595994286	1866.51497407477768320	433.14495567770899243
FOSL2	533.05881931498265658	335.98006312749350855	456.17377030920567904	345.41900602575128687	377.35157622284106083	706.40771396928766990	0.00000000000000000
FOXK2	91.50291827336860706	125.47830507507774200	48.76895554488087470	54.58920193469372606	40.73924978794291718	0.00000000000000000	366.49648848894332787
FOXO1	621.34744818143997236	86.73293052702042871	190.09035014430907040	52.75289463853889771	263.65031709686996919	348.16891688624031076	531.58056916633324818
FOXS1	96.95120328153905120	630.78813847444109797	120.87254672429715185	372.29883283724410603	200.40011544102361540	0.00000000000000000	0.00000000000000000
FPGS	198.12316441805592149	162.66235051669258382	262.16318884738632278	112.57336080207574014	53.59981481587673358	237.19582081106312899	378.25579158351291653
FPR1	10.42149245282885417	11.25354664651654346	17.65203209279662744	5.62140778423344400	199.66212523253435052	0.00000000000000000	0.00000000000000000
FPR3	17.77912794168130617	8.92666535591696686	13.58625108875575371	5.15246695563217383	241.45289862188423058	0.00000000000000000	48.57106694996808471
FRG1	387.95872009063913310	417.80950940759487366	552.62256104217499342	414.57166208418442466	168.00897537978627838	155.91271235464876099	262.48140874549039836
FRMD3	17.28947274450171534	168.46928670082957069	71.07961358493001569	87.46142719666730159	13.44177665943051814	0.00000000000000000	174.46342521034799233
FRMD4A	107.80647886076268094	176.51713563698706366	133.30062813297075763	235.82801280488888551	192.92814907142485481	60.50645494868692964	0.00000000000000000
FRMD4B	134.73552004128319481	172.56877528977443603	67.56373536157728665	76.56385047150344292	288.18503352242873916	198.70193886779898662	692.44331308971709404
FRMD6	591.81006908467122685	165.77554240786224682	197.15216640492442934	62.11595160499396684	102.24095295924566074	332.63141489569466103	397.52999172077539924
FRMD6.AS1	0.00000000000000000	0.00000000000000000	0.00000000000000000	0.00000000000000000	0.00000000000000000	0.00000000000000000	0.00000000000000000
FRZB	551.24249100542260749	2323.20834465296775306	835.54878699575954215	1619.29014915031643795	432.76361632774711552	193.35916130378279831	1457.17376417566129021
FSCN1	477.62158106251052914	145.65836332711813839	500.09954237718721970	151.91894060775302933	134.23771943822762864	353.39993352841963770	1102.90473281118715931
FSTL3	453.50822609795977769	221.77244605020564450	335.09666255590974515	461.35047334781108930	483.93766467946824150	633.94971554976962125	222.00405026062654201
FUBP1	255.99588224297093575	216.11075915347669252	295.96396526392311443	223.50883177885270925	590.06680100320670590	348.02673844458081476	111.32188641446425947
FUOM	254.44037799965056479	107.85529857566218936	100.49931499056982886	204.83935672973012743	376.71844147056123120	96.38597999496550983	217.01935342889936464
FURIN	129.49612713701364441	318.31833693551141096	175.24503652212516158	15.30836572578416899	105.29043437368292757	69.93062990632000719	293.73249289535385742
FXYD1	315.75632036270980052	311.34981641356301907	467.65248334325707447	736.55898008514930098	335.68025483332644399	735.92729117706642228	93.80184057686969368
FYB1	15.62743360486785704	33.41195694415384310	70.68667792638608205	1.64196005422775260	488.68122428194072882	0.00000000000000000	18.13076392742474141
FYTTD1	292.45312044406040286	225.73887843573487544	367.48632866832366517	251.45806810420623378	284.37138561615523713	390.19682054709443264	0.00000000000000000
FZD1	341.85450386727177374	161.82227922266710607	144.53947288726888587	18.99981551408826874	233.34250691853964099	239.14008530966208355	152.42838279276483604
G0S2	303.58060647895882767	784.99754270298990377	956.35543150854061878	37.51741145905175756	1079.16459656996767080	1083.05936094894991584	0.00000000000000000
G3BP2	261.33148963933490450	242.91005711222146601	304.20190934684893591	289.53536768363716192	387.91141706610972051	302.27915687433801395	242.19454014948013310
G6PC3	373.94638073214400720	311.93924297849429195	239.34052651811188639	144.29327162791963701	146.10958175523438740	424.91084231933820092	1.43875831205840687
GAA	316.18622295015950385	197.15228768697323858	294.64844139937281398	145.97407935793734168	367.98347508599852063	376.52140255974234151	160.82943945231559724
GABPB1.IT1	0.00000000000000000	0.00000000000000000	0.00000000000000000	0.00000000000000000	0.00000000000000000	0.00000000000000000	0.00000000000000000
GADD45A	604.93824122946807620	320.24923272009755237	957.66717452940019939	258.54665563848948295	106.63266545474962754	1196.20243410728562594	0.00000000000000000
GALK1	287.38368833845487416	384.63117197914158396	222.28842637955332862	62.78540781647671309	507.43998641384411030	117.20899724862285041	419.63946536379887675
GALNT18	25.90871350090246139	25.28963527090322572	27.19725759477579530	9.04201632518560672	9.49527495886747630	38.59476579377642480	551.85416791061913955
GALNT2	351.69733541090693052	248.85375684953072550	343.36831533889937873	143.81963558078379606	241.86696381732662076	391.91129683030385422	0.00000000000000000
GALT	83.24903477698623533	75.96211279545109107	96.92840464427860070	64.72539153027213388	154.24756056582103270	74.16832336090688216	162.22696273871264339
GANAB	486.12628932149658567	342.97994891252801608	313.63025988347021666	502.22172729889382481	252.55099446584662815	565.33627353393160320	1.42965617194163830
GAS1	661.84985062637872488	126.36951335618809367	244.16754217923025294	107.44079428295259504	160.61396755225416655	338.95906174449186210	165.39544370254748173
GAS6	458.98457492279089820	398.53523709935990382	210.55392757561719463	285.82614864142811939	221.00456475166546966	303.15020775161229949	388.94569022095271293
GAS7	443.19012221125842643	31.71990231304529928	113.47044649404584504	11.39064759586147524	211.12182710303179078	451.07142410224184914	76.33213128378731938
GASK1B	347.01987683518490257	53.57718112397773069	206.30704604213076436	13.61656031947730838	447.09674893106199534	0.00000000000000000	253.19234454838419879
GBP1	1007.80017447635179906	1042.56885849874788619	604.22436124897319587	899.75390797174463842	639.64700733509073416	534.13966738576357329	0.00000000000000000
GBP3	251.18521248973357274	209.90845435347856096	149.61751033809753153	102.56922213287445800	203.85985829358952515	109.65378870599343486	0.00000000000000000
GBP4	223.17402451139795971	407.55044913855294908	134.07283004390041015	170.72154607126512360	193.62721776241409088	94.12856576856495394	0.00000000000000000
GCA	87.03648156316872075	153.85799480957018659	85.81114169132655434	161.41509819269759873	334.18363851549736410	108.40949469200924682	80.19009978507530434
GCHFR	97.94863308540075764	62.51400366023409561	122.45788066883567069	71.78041412734333448	672.56625469464904654	0.00000000000000000	353.56919848191836309
GCSH	525.50592567387968757	289.67580913798303754	722.72525511088247185	299.99521646672639008	299.91691944135834547	958.42458212362691938	0.00000000000000000
GDAP1	22.14035330647081068	23.14441402683299742	10.46258175293926840	63.92817709882448440	16.34808576338325992	11.77747250058550499	273.26392668275047981
GDE1	279.93707656227974212	266.64063571188472679	150.22542455077683599	297.22187857866504146	152.98079630127648443	194.07604450537436946	660.99915571120936875
GDI1	280.41699597062029170	365.21777105297650223	401.98241873825770654	255.43880813373803562	144.22099301940090754	157.38905204969864826	77.86126216143907186
GET1	203.45368850809498440	182.27981029137444580	192.57294399365522963	115.45807588468689175	269.08126892537296726	273.00049274386992693	0.00000000000000000
GFM1	202.68316898356081879	125.65192084523107496	111.17474202286842910	120.19631231389757886	109.68005374415670872	248.17450918746456523	631.25044252486327423
GFOD2	83.98692402721567873	94.87751357527892537	91.88870908142877170	83.25789447685195910	46.91842330681014772	114.94429914790980263	72.98438986865021150
GFPT1	280.79801375758529502	274.57882582384792158	276.12745164267153086	229.07090550011255914	223.64983470352251516	315.85118178927945110	71.82376904695875908
GFPT2	377.07694706713311916	71.25239124620581777	360.89934825054893963	28.02637401584666677	178.81314165092217650	679.25368169727903478	0.00000000000000000
GGA1	222.46316675540322194	158.06754722908314648	157.57448547263433625	78.52175638329755714	221.23809367183307018	170.07886078315507916	320.22471643251412843
GGPS1	210.20539092964014571	313.97072101391250953	235.51872580694708859	149.17828652450091909	261.17075912503338486	142.26324314238877378	0.00000000000000000
GIMAP4	35.48840991473356610	37.34968385830983806	84.06966345857649969	5.58636924862536155	235.86758120413688289	0.00000000000000000	1378.00332659769128441
GIMAP6	12.58428384248781029	2.93292269521198046	5.15320325093526144	4.84449737355645027	22.95475667821403576	0.00000000000000000	451.28063372500480455
GIMAP7	60.35259207360063982	35.68921760207599903	26.01773002420311443	30.86558863844965472	120.89843992809134932	0.00000000000000000	1135.01247301717990013
GINS2	22.76255821359335485	102.66433871363483377	77.49734684790372796	42.23281789626852856	450.70168912306110087	0.00000000000000000	86.11914316346366149
GIPC1	254.43360462275623490	202.09639238582465737	320.13564078503679866	229.56253230214667838	142.33693717791771860	293.41557311969131661	208.66463971213889295
GJA1	693.41721086103746075	137.05434220853160809	393.98027455621075887	113.79087073290331489	92.28182168054520673	511.06812890510218494	1972.04169149275003292
GJA4	164.86644423413474669	2028.47599806243556486	298.79118095860263793	633.13868317164997279	368.60675669715487857	0.00000000000000000	246.80733519591464642
GJA5	365.46156245505926563	155.16019799231028742	213.11359311566531005	40.55325440500412526	59.24559258067460377	505.69507717999488250	0.00000000000000000
GJB2	829.85381453907143623	42.09014955058935925	271.26759768474221346	1.45511860155590611	169.21695413481683090	203.15085090903343712	0.00000000000000000
GJC1	83.82495460552959798	820.04401236415412768	190.00579968738782100	318.83066066144567685	131.53199272797203889	0.57282686043278597	0.00000000000000000
GLA	187.58074597174714881	322.91128661537777589	235.03378440935679805	70.79289541074318493	253.90271197248989665	235.00966240844746835	0.00000000000000000
GLB1	327.49056816670031367	250.20934481213743084	180.25140317931183631	121.53218875578079405	686.45229472303765306	222.83852098295082556	446.04854854229552075
GLIPR1	480.74544032520844894	355.55947801733941560	524.40073668949514740	545.62555107648313424	488.64602034037352496	507.88145019562244897	0.00000000000000000
GLIPR2	330.93453570958376986	254.09735522440226418	398.38770184797715501	795.45215006799764978	446.37492689113128108	521.53732033720882555	0.00000000000000000
GLMP	505.66471529885274094	323.76233715645093980	434.62370292753746526	248.86786355724538566	328.84712440719761162	498.59093293308256989	0.00000000000000000
GLO1	607.56041278296572727	551.52847251315176891	635.06363118475246665	339.23762249618738451	476.77753775525218316	598.77280199256165361	310.89634525829637823
GLRX	594.43691728364353821	788.35781909264539991	1034.35659517776571192	284.91705765769131631	1035.23090195573627170	654.31385097549832608	57.19168334282758082
GLRX2	252.18456364421751914	212.80895841510752575	129.12883438164439553	192.27179066832715648	170.32636174750098235	247.19842372453021540	299.06581446987468098
GLRX3	510.66230149062204191	458.44127476674395893	436.69480901017766428	431.55461111680727981	219.62096351574098207	446.75453631289099121	80.33583000449893063
GLT8D1	585.81548435429419897	383.40150625002621609	477.68984380709986226	291.64419196982856874	211.81760796073774600	467.37230877321479738	273.67957825496108626
GLT8D2	926.47483809650714193	116.09859274813614149	364.08745727437565165	219.81546909218837982	230.15484522422067926	580.65054187634609661	194.64918852495742385
GLTP	176.69922978896940435	192.49238548644299840	222.89118612333433589	110.11084644901933416	492.46527765557357270	159.25780217433037933	390.72170457589942316
GLUD1	264.75741746388985121	324.55368449563025024	279.14406415102774872	414.01769897629441175	178.04400216593626283	372.97067200800950104	16.26232082493694264
GMEB1	62.60361806225576942	89.46689610227619482	140.10791030652268319	0.00000000000000000	69.44294045835044926	104.39389647573251807	61.91452580357475455
GMFG	215.20744716731425683	890.70355341438403229	478.73901609348058628	431.77904539138893369	1041.76596300254686867	52.81631182216715814	1773.72162636761527210
GNA13	114.55272737045204678	139.50801256516214721	74.70985693880045631	139.51442045886051346	316.70561927270364322	80.41725652484944931	598.35400676420908894
GNA15	8.99631702286792745	15.39454787674760716	21.48556120853885076	9.20770740107558083	226.65742434551472684	0.00000000000000000	20.18771721135527386
GNB4	279.67053285642947458	399.15123741505891530	340.52192739520364739	206.88446020336195375	295.52225066801406683	66.90802776813910668	780.64960680085437161
GNL2	245.29198796139397132	231.08849078640085395	235.37924185582693326	257.45043234231502538	90.22936302304225364	297.72344610714350210	0.00000000000000000
GNL3	575.43307764347446209	420.82014984761940468	530.35530854832654768	259.68361499330666220	269.39163406425268477	634.82914067374770184	278.44876389234491398
GNPAT	158.49590914042821055	208.05352210012085834	350.24952849714901504	64.98673874369427494	223.27370604260693199	125.48306438799058071	0.00000000000000000
GNPTAB	315.69596468974890513	207.08136936424355667	115.81254163120513567	93.08531151709786400	355.00371338462326776	147.19210109617864646	362.16485339521227615
GNPTG	304.00330430137643134	216.15244764834162083	284.36153130365806874	83.51339793797369282	204.02774973306827633	291.75443245088428057	0.00000000000000000
GNS	224.08296297987462253	161.08380716508551700	189.39889293018768512	122.16899996821011598	517.19334695336715413	181.84237060892564841	93.45222552050785225
GOLGA2	461.45800635042900240	342.50188342768581151	328.62128916496658348	567.56279008334092850	152.12674509208036966	522.26472527335545237	0.00000000000000000
GOLGA3	207.92016600221373324	111.65313856570521978	164.12019996799975274	299.06457956333122183	113.73539182184768492	179.66117578461165749	145.77349157816837533
GOLGB1	476.93045107022999218	373.69360099869527403	342.02148632070714029	458.37905984855632369	259.23341745174974449	442.51150415799327220	745.99327837640726102
GOLM1	654.63595759959059706	230.67811408344687152	379.69719183715750432	37.75787587701860559	118.43444904313446386	394.14086929220155753	213.55636100456484883
GOPC	401.93648218799984306	289.48741142669399551	163.56420466699958638	166.95825155675208862	124.60807422910777120	354.20101784441050086	328.91249509713713906
GOSR1	192.04585877675970096	232.72937769690017262	239.82281243845429231	212.29453321494648321	236.95219370731422259	230.65039480164077190	0.00000000000000000
GOSR2	278.93623928671155454	261.93265237904967080	293.35066382652615857	173.96331863945698615	178.64852062737864458	265.28410587900941664	269.10731612098015830
GOT1	79.22212721071342401	58.84576238596051923	167.52802561367658996	106.73597351599632077	126.43618274502836130	136.99133538868665028	319.66785311973802663
GPAT3	5.59701362930484514	1.98387350366818382	3.64574070280003504	9.48335269867208197	2.32587413583137703	0.00000000000000000	175.14203884242772347
GPAT4	183.14100193437511166	134.75966280915486095	51.82080843326776431	55.02219822472473254	175.28137007033356554	127.54189494755641476	265.06117692381519646
GPATCH2L	141.61736101687910150	155.76561287493552754	64.31011611730464494	151.48118218677265645	203.97076779172365946	205.03038408516670188	0.00000000000000000
GPC3	248.83716391662596834	347.06631712202204199	243.17592111476221817	347.39756827271463635	704.00671721486367005	1208.18178512018857873	643.12986646451031447
GPC6	668.64636858056360325	210.39418480636760478	227.08270014572849504	189.09936377236363114	144.34227828383586711	242.41065756569267364	83.47565746221302163
GPCPD1	100.64388407002383019	195.67368763718226887	74.22707303236025211	30.85717448527894646	294.73502217306179318	137.85583096258363867	0.00000000000000000
GPM6B	360.27983347594374663	377.24554507982816176	166.13547390877104704	389.43933051057075545	240.55487760233253880	190.15123215289943914	216.26638720674102956
GPN3	182.35120620782797118	196.26610188589506834	322.64547003087773192	205.50289519830874951	486.83386062152231943	0.00000000000000000	609.13553740798329272
GPNMB	972.79899283546569677	266.18037274663026892	1000.83070230160979008	273.32971408302773852	1719.12251220659345563	1021.54719731282000339	423.99479599241811911
GPR137B	182.18553780391775376	67.08283856793092070	99.23093566581532343	102.61571949281726290	371.25362449921379948	33.40675678243214719	171.87258396882074862
GPR146	15.32906214495688069	4.55491180408851637	33.85755562273326547	46.84077133015539118	0.97819725987711792	0.00000000000000000	461.76850389473611358
GPR183	26.17618254435530645	18.20932395086951416	40.20060896371893477	47.26986553088345033	316.07350234397165423	0.00000000000000000	195.17196818818891302
GPR20	13.44250377335645474	182.03251783800766361	20.40261120560783326	124.79622703868336941	14.00759395889832604	0.00000000000000000	26.12964622072090037
GPR68	351.60259591067142537	20.59173765038187653	89.99581470032492803	5.22230092504918897	128.49375514214924010	78.09163455121333186	53.64567129194131212
GPRC5A	182.39425590970384405	124.18592008709907759	139.09384069774901604	171.33433180710383681	82.92639011104681401	572.16113374093083621	0.00000000000000000
GPRC5C	51.71384519317023631	232.16865043298662385	35.76292017387554267	246.89334995426210639	95.08767674094171696	29.10278246211804642	79.39543312782726048
GPS2	317.66932046637788289	352.04183082957251827	211.77382559919931282	314.64351632208109777	199.03521088760061275	204.39002472973675140	103.56968931093938124
GPSM3	165.82397673339809785	253.87159033583097312	242.91908714678547199	93.48270808050295955	411.59549641442680468	80.24123589378675092	66.14014714606680911
GPX7	709.80239839973023663	354.16840172999991410	474.17338698058216551	325.19991977678733974	388.03347401997723409	410.59893773412875362	0.00000000000000000
GRB2	212.30962713936861519	201.97637078458771498	305.42233892775141157	249.68413485198487933	715.86917377311692690	120.34708569454897997	314.64611951153437985
GREM1	1193.16840528776629071	84.76903275869685217	376.50858353863895900	0.00000000000000000	212.49479311686059191	438.00891429266238219	0.00000000000000000
GRK5	107.40214611442907255	452.28472292842820934	96.95587898214493805	257.08092585642714312	92.53605862090157075	62.09737369845592525	159.09746941877787663
GRPEL2	76.41245791061064097	28.19491299027253817	12.19278331650005320	30.30348850881478029	31.82571293919820121	15.92970507416921144	190.42507570391458671
GRSF1	405.77457293232720303	419.43257636004261713	234.30478029892924496	174.90808773059276859	253.08561456175340254	369.64412511127630978	0.00000000000000000
GRWD1	162.08756790881955112	108.38686313779538750	377.54676420939000536	24.43688210176462405	489.20557498857812107	164.83230723612763313	341.30025122207456434
GSPT1	286.17829026027595773	234.63028014005044497	337.13897819054017191	350.79724392886907935	192.41958393323156429	335.57027560722383441	0.00000000000000000
GSTA4	216.90689123044825237	346.01697196304297677	274.99025749086109727	161.78917315811690969	49.41683881817401414	265.40191070015151809	117.31492068231605685
GSTM3	606.81739793377607839	848.72788340784131833	583.83506465566415500	1174.92093530861620820	482.25331059604349093	486.67202435190586129	258.29002076496254858
GSTM4	288.41948456855118366	376.31863920001092083	139.46911409085998912	292.55843393689076493	202.69698768897671926	235.37834607419546273	61.73786354258972864
GSTM5	155.72054678029530805	99.65039457205440954	200.76729730903241489	193.67719899432688635	134.17169343090222355	343.45615295763434460	13.42556028957154624
GTF2E2	237.43519416436700453	219.27100020145360304	385.41468519689226468	80.04260573445060345	194.00415221570557378	183.71279155465688859	387.27042653897581204
GTF2F1	343.28940380672190713	313.87037204695400305	283.21240254931217351	219.28608258430060118	234.12383148721644943	233.35367485274889532	313.13168500347313739
GTPBP4	237.42236414810642486	272.19962859294008695	300.94999204623593414	371.12723662017089055	188.01795279442441711	262.40871560193647838	513.75736542248830574
GUCD1	120.71872760268786351	115.84172881285765300	130.08992954920665852	181.26677478062242699	253.63989569957939807	90.25623846853157772	109.46668991870171794
GUCY1A1	450.66724223008782246	873.95901561216805931	440.90678565426310342	325.05177203310512368	414.29178747260641558	444.22119987762079063	0.00000000000000000
GUCY1A2	137.19363679274437118	766.54747561635031161	148.70104431996369954	274.69827083741336082	549.74727389714405490	114.89966379032726707	0.00000000000000000
GUCY1B1	237.01319445394958052	973.11638408503358733	234.28275742587737795	607.68048311690722585	183.26370384164138727	21.66695771506489621	283.02768241388810111
GULP1	479.67760405303693005	146.49361544696043325	252.41076880617782763	141.37396033006109519	153.03895105957806777	285.84549060099880080	0.00000000000000000
H6PD	208.44302810714262364	91.24612193073123478	168.25376269902355375	63.96914116328666466	155.48902397508419426	275.02245629325938125	250.07087243557384681
HAAO	62.99411442130847405	237.96179248031330644	100.48630473660477946	48.24136009224546484	96.87322917773171582	0.00000000000000000	81.68809917055499170
HACD4	160.92067835455409863	171.02461190708316963	58.63640595605058081	132.93277281593140060	364.43094541449141843	31.12318115048604383	350.69457715022724642
HAGH	177.29809866762192883	172.85141573439818785	182.84017661456564952	177.84705796512318443	224.93418304556001885	177.83272831663148850	0.00000000000000000
HAPLN3	813.03065971950013591	338.57843427720365526	414.05102725774190731	208.16433326453915242	293.43903794330185519	364.24054292562425417	703.24416089455974088
HARS	337.42374878079004930	402.17978662451702121	324.28002936554008784	286.03187931948832556	162.02010717946549789	241.57529822100167394	205.14596470644832493
HAT1	230.80024746012247761	425.02686660951701469	310.09669104332454026	253.54876032809497133	300.05373092840096660	71.33691525209164297	547.49705665817350564
HAUS4	203.18274683616209586	220.64363501802563405	144.20424785407055879	202.29147475491626551	213.73412006018105558	231.94288659065108504	33.99754465618673294
HBA2	266.36316844150303496	259.13384201318632449	269.58957745183789712	234.93972047504107081	35.52831214449662411	304.92828795980824452	230.55604412874308196
HBB	573.68803469926365324	1225.28735411734555782	1279.76645031771749927	701.52605767046259189	602.44962534727233106	1447.01089811916813233	0.00000000000000000
HBEGF	21.55490924339048320	63.02134636381057220	59.21372107305474231	19.80087405599921269	250.23413250064166391	56.58635933660487183	49.74067743067798375
HBP1	432.66949943989277472	381.72790075679517940	267.47629628628044429	137.95868836026212989	183.91073025768716320	220.80376395936937683	391.97005286449916639
HCCS	99.90546928229679224	127.07230339692202392	156.48846536536635199	66.48707293417443509	554.93662070273262543	8.10625838277016797	234.82532203779180691
HCLS1	46.99685256337940586	39.79717431330542610	137.03221195978034075	23.63564678145523956	455.51343389976352682	3.31195891172340184	146.22267913291292984
HCST	73.35275267443124392	102.08644691900424561	90.42794666033324802	54.81049296364950152	850.34669511890365357	0.00000000000000000	98.04858228418024169
HDAC1	210.10719026642595963	366.06080543100074465	315.44591957385148362	277.81398177909647984	314.88022213190600951	133.58209387528833645	502.19531202242501422
HDAC3	276.10433414664703378	155.52611338799286500	261.97789172645781264	74.97483936753563682	165.48250917396472914	254.94345629605754766	0.00000000000000000
HDAC4	78.84407042518493824	21.15645451957201928	38.05180744259926939	64.48777988722447674	33.54913925334372493	74.91824154163118976	219.57151437592625598
HDAC7	310.48060566669420268	320.85606115306069341	342.26378232286162984	116.74792446601813367	127.41010611585748791	339.93990509996450555	522.83108960618937999
HDAC8	110.88529445189537626	115.49226939926579405	86.33646290525958022	108.40830834610522970	196.52722602871492086	144.54654834429771881	0.00000000000000000
HDGF	288.58459054281314593	319.14867240732161235	471.11408325356103433	159.90744584686453322	111.84499637538472427	346.27521732217161343	0.00000000000000000
HECTD1	341.59914180465835898	279.34809288980466135	276.01881358474736317	252.69756339872432704	166.45411193921285076	327.96633855731761287	0.00000000000000000
HEG1	680.31746858478697959	313.51323705347846271	367.94646055843446675	173.12757470181315966	419.93204269888911995	512.40144966779121205	867.91696081919963035
HEPH	248.60477344871569017	135.80646485034267812	286.40760991378425615	180.80043440440445579	152.26954942520353598	275.06904573380217016	80.01222625153344836
HES1	575.14956338391129975	578.36622669390351348	396.91537692456847708	488.27750554098247449	344.08344495513887296	468.53987668750892226	254.35148716371233490
HES4	171.61458204146066464	171.72171499706769282	234.46513566266662565	365.57520263650218340	116.99563635027206487	279.35685601013261703	0.00000000000000000
HEXIM1	243.73878822367689168	312.96003890838807138	265.04018291055200507	302.12792382519705825	464.03227939829508841	304.82598862066828360	25.80123292400624280
HEY2	49.97039866982248668	189.11091748363554643	71.75436462004869043	303.00297807237166126	55.08238281187190921	0.00000000000000000	19.82917858117619048
HEYL	231.84315660408202575	722.77561277328379674	163.69853812654309877	348.12254662795731974	142.37961908452632542	57.87543377826249014	0.00000000000000000
HGF	171.51351796397244698	291.09419370518628511	177.46824528565284140	81.97714517340963880	275.52231565373938338	352.79522710646006090	14.69247512148951884
HGS	192.12507096434907794	168.97857102351807157	215.00101744355225719	121.18313021090379777	217.77935013908989959	220.37596560672815826	240.59487834103180148
HGSNAT	268.03541982172066582	224.28398377557633125	176.20844951518134280	212.58115042373819392	124.03190355496613506	317.49306740563059748	190.01024389377863599
HIC1	178.57857874510739293	353.52277085213540886	125.03634939860275210	10.29000283348929301	122.53399964285642909	66.17123295866558408	397.65778877888789111
HIGD1B	330.90448599329181434	4038.89841821189065740	805.87324531180024678	2127.99907474263181939	520.09678017962687591	0.00000000000000000	0.00000000000000000
HILPDA	1498.47472626120361383	468.90669606108269818	1645.75960936296746695	861.89044758010015812	853.28173424728470309	1507.31448518742809028	0.00000000000000000
HINT2	425.98421925534785260	510.18553590846113366	582.54808906233756716	386.87060641873529221	314.04440447072289544	468.55296573808226412	9.60281316696196718
HIPK2	161.13768065395356643	327.13870680692616588	114.56376675022684708	196.01097965765998765	340.11308760002782492	187.31323666688015805	0.00000000000000000
HIPK3	182.14924128737439446	112.14481896645412462	160.96781219772026361	196.99428134387230216	210.76795353778868503	129.75409572508888800	0.00000000000000000
HIST1H4C	623.56542093641144220	1203.40983456713524902	489.86475512106397900	832.98512997484442621	425.68868254068974011	1161.76249533061650254	0.00000000000000000
HK1	264.35839976502853688	285.20328962209373458	250.00890875011342018	149.38339555554293270	333.06905911271576315	238.98293287658560757	0.00000000000000000
HLA.DMA	0.00000000000000000	0.00000000000000000	0.00000000000000000	0.00000000000000000	0.00000000000000000	0.00000000000000000	0.00000000000000000
HLA.DMB	0.00000000000000000	0.00000000000000000	0.00000000000000000	0.00000000000000000	0.00000000000000000	0.00000000000000000	0.00000000000000000
HLA.DPA1	0.00000000000000000	0.00000000000000000	0.00000000000000000	0.00000000000000000	0.00000000000000000	0.00000000000000000	0.00000000000000000
HLA.DPB1	0.00000000000000000	0.00000000000000000	0.00000000000000000	0.00000000000000000	0.00000000000000000	0.00000000000000000	0.00000000000000000
HLA.DQA1	0.00000000000000000	0.00000000000000000	0.00000000000000000	0.00000000000000000	0.00000000000000000	0.00000000000000000	0.00000000000000000
HLA.DQB1	0.00000000000000000	0.00000000000000000	0.00000000000000000	0.00000000000000000	0.00000000000000000	0.00000000000000000	0.00000000000000000
HLA.DRA	0.00000000000000000	0.00000000000000000	0.00000000000000000	0.00000000000000000	0.00000000000000000	0.00000000000000000	0.00000000000000000
HLA.DRB1	0.00000000000000000	0.00000000000000000	0.00000000000000000	0.00000000000000000	0.00000000000000000	0.00000000000000000	0.00000000000000000
HLA.DRB5	0.00000000000000000	0.00000000000000000	0.00000000000000000	0.00000000000000000	0.00000000000000000	0.00000000000000000	0.00000000000000000
HLX	312.16044621617294297	159.59771187496428979	213.01294363071221483	91.18365970272543564	182.78483093547691851	185.09585795968254729	117.98103354154137890
HMBS	140.83070878951946270	168.13932559163745850	165.32813684269711985	42.66714118760341279	98.31561067434299162	167.92041451572953292	297.76085132476043782
HMCN1	381.17756479128269120	94.08332978139596037	153.60786584995219073	35.47812892118599848	307.55432465620503990	728.83600558523301061	0.00000000000000000
HMG20B	573.77483442621576160	546.74478850369041538	523.57668629228476220	433.40915225870560334	284.13586723579334148	348.66063126551796358	59.93716783259808523
HMGA1	148.58388876524080047	118.99407037621041638	302.66421812267833502	42.82126552175532908	295.44390899334263167	524.77584020402139231	0.00000000000000000
HMGB2	474.08493261385069673	972.47124358239921094	538.27953996311396168	1022.48795983653644726	905.60571624224735388	423.16661450207033113	342.64545448681548123
HMGCL	172.14211827964658141	134.87682765249715544	282.24886875106329853	58.71013690735033919	209.72935771478012157	139.06083349239722224	0.00000000000000000
HMGXB4	270.26124013144385572	243.41997042507006199	256.09837466946220275	278.55743413807419984	118.18594306890823020	221.12229641340195485	258.35933663676166816
HMOX2	438.01914148437356289	817.37659812685876659	321.24387730762992987	661.20574926613824118	193.58211560183607958	261.37937631998511279	227.97748798157300598
HNMT	706.78716697873608155	402.86332996581910493	670.40670221439518173	323.77764444907222696	553.09585970199975691	575.19038319073342791	18.47421859656470744
HNRNPH3	636.11332350956945447	598.02460297338132023	598.14755473826937759	973.44869344581650239	469.19554091650240935	584.19673462977334566	460.32730557317103148
HNRNPUL2	199.36618780162982034	301.99730359934926582	316.63804226484893434	137.48185424685064504	217.65149900912956582	297.80126180793797630	466.07213495101115086
HOOK2	187.28738293851228036	96.14578160217860159	129.05701821293376952	137.22894015281167412	289.73012568186459248	128.98874175760545313	291.67539055849533725
HOPX	2282.88513374327703787	1285.32585931224707565	1049.47477010869738479	1428.53054675545809005	1167.11813989183815465	843.69280669898330416	88.25639828674474074
HOXA5	466.08551550939455410	403.06677134208052848	313.88175649504671583	87.28718959966433033	187.89536792719741243	487.19812207800748638	0.00000000000000000
HOXB.AS1	0.00000000000000000	0.00000000000000000	0.00000000000000000	0.00000000000000000	0.00000000000000000	0.00000000000000000	0.00000000000000000
HOXB2	440.87517705293896597	486.82759746587572636	328.93268590007971852	155.94704978663634165	326.24615887251377444	290.45398758422817309	209.06538126855542714
HOXB6	250.06947875069869269	250.82949148592004462	243.47210611397261459	84.00758896701695733	101.25967600981924477	94.34750534219482176	0.00000000000000000
HPCAL1	265.68843277032510741	65.69946391638161742	299.14408565152172059	208.49677970106560565	234.40348071947798303	33.78417974191793149	362.67887212011675047
HPRT1	206.94880829011739820	410.47543733386044096	433.58813571501133310	276.04309567027058847	396.63940676153873710	261.94926551471030507	288.28755107714948736
HPS1	200.82925291972253490	179.73307152519120677	123.73882862259964099	94.12869702478700162	193.76514574497215904	17.56521000195891347	760.14420658527512842
HPS3	60.60863661761575116	45.33296683482485889	73.05534221382106352	42.16820432889330306	37.48598584294995817	68.17694950195553361	224.07975679973708338
HRC	12.68138252225960194	147.50278387818431725	37.04915329164201410	65.42524168009377661	8.48338892942428302	0.00000000000000000	0.00000000000000000
HS2ST1	319.51036213519427065	280.18381893676490790	176.88612906961009230	59.77366567141851306	61.17051243191230725	107.79069604912263003	163.18504738020109812
HSCB	141.66971638208062245	129.82413661812879013	304.23632322421605068	294.59559434106819253	142.67627621698551366	248.55905243545532812	0.00000000000000000
HSD11B1	451.40635985243545747	405.00915529196589659	580.63308956597791166	44.35825692062503123	96.33097088855014078	225.44452820646122859	362.22881409131639430
HSD17B4	171.83103064484112110	158.01230979710913971	189.14994550905905157	98.21666312678276256	440.45432657521587316	174.47867440112034387	427.33556225315504662
HSF1	373.85965427321093557	254.45851005143521206	221.72277491978056219	202.08592035344321403	163.95292171945311566	345.16106741691459092	4.33636951234711443
HSPA2	152.09063171353375310	282.46711860736866129	255.68876776651870841	846.00505399918176863	119.58119169524442782	0.00000000000000000	385.67471894573162672
HSPA4	238.41486670462251141	151.43054557283272743	257.64568145658358844	164.27840522151410596	209.88076519905291661	139.68089104417344970	613.21566403444433035
HSPA6	219.78129246206177072	223.26146776045322895	118.29589906338948424	49.16774594416132516	653.78701342092347204	100.87210940674646054	26.10989998720318539
HSPB11	276.68190178402238644	403.47635219224019920	521.27699453406182784	374.12770951157682475	275.35448377314571644	292.47990216325212032	195.30084252668649469
HSPB2	285.30228939977166647	523.32155858806243032	276.36015942830965741	587.42127673024685919	73.07418330758571301	289.23632521918165139	178.52309072932172285
HSPB6	136.88734605083132578	196.61033781589290470	382.49095282725875222	581.73939525117407356	123.78981111273910187	403.92020188671182268	211.20050369940963719
HSPG2	1182.56426829735482897	418.95944853830820875	587.27451291303486869	300.70593309534064019	433.54621880995256333	378.28333043081642018	963.43926589037823760
HSPH1	282.61804500570337950	322.94491423353457549	309.54604948391369135	41.86250574584008177	522.21069969723509985	444.85003622177015359	468.16051697901230000
HTATIP2	274.32002582324963669	298.23596469228732531	314.18453499233538651	274.90490145911445552	174.18756275280506429	287.39459096769553526	0.00000000000000000
HTATSF1	203.19909672676553214	191.91423739887815714	223.32661928519274852	269.33900387609179461	134.16687467005135659	180.31931393932703145	304.75346783047240251
HTRA1	1647.40880643453647281	279.09904405019483420	581.79310040502423362	393.95120504877417034	852.31846493075556737	1123.23723863971417813	1336.69546575864706028
HTRA2	313.71574853322550780	233.77064176946382190	339.02174101482307833	168.67140394841482021	148.75244892587383561	322.99094483958197088	0.00000000000000000
HTRA3	2588.40712344088660757	448.97219843388938898	692.37273928462082040	7.33671523187633490	918.83254465115896892	800.03554849108866165	174.02394223695154096
HYAL2	342.75450548411549789	347.75966641344706431	345.45567415630239338	225.45321529970405550	288.15144615246447302	536.04713497046463999	1625.85472739554870714
HYI	307.89649139303173797	173.79438636060638146	398.52294365808774046	286.19264926692932249	145.90375612415775208	323.92910794817049691	114.86457377313394090
IARS	268.94387865290781292	363.20227638459891750	266.13399311732558772	104.69410855123143733	93.73501202280736777	302.08286817546996872	448.98638959857493091
ICAM1	408.94611602753178659	159.32523121996968030	357.73633849199211454	129.27580405178801470	542.23127517636089578	816.13874172211706082	0.00000000000000000
ID1	783.95260613101197578	793.17394520155153259	690.42896643105746080	957.91807544768528260	179.56107259273699128	271.14787967796411294	2355.34628345224700752
ID4	183.52911302017270145	283.36460803253794438	188.17748521796355021	858.60822590256600506	179.16891625251679443	128.73432070770678592	0.00000000000000000
IDH2	586.90823688746843345	954.88869068185545075	536.78161212627333043	874.17548164954985168	860.61030411582555644	724.77807870680965152	271.07996957359404178
IDH3A	148.78393752530928396	185.44424838184437476	233.70625267373230827	120.16170234390943961	368.68140200344834057	85.98270900825825436	323.94467431024111193
IFI27L1	137.34779480884782288	164.66039562123901874	121.15369573316277751	36.18474784661938060	705.85780182335406607	0.00000000000000000	354.34005624130389833
IFI30	722.77958526230645475	657.58667211021588628	722.26055164545073239	295.26234110590087312	6859.85750389253007597	0.00000000000000000	1176.22933449204742828
IFI35	547.17932369150446448	540.69999215767927581	266.43256051975680521	371.68337170807706116	229.85935918251578869	155.21178600693818339	254.36200540043492424
IFI44L	303.86067863934403022	371.88612508314503202	100.46096868072568498	102.41095574078711650	149.08323181666855817	141.62270887982205636	0.00000000000000000
IFIT1	132.20655293684657750	258.00791338658973473	88.96553534735760138	17.91784310027246008	119.55126719570439775	16.50909481832141878	0.00000000000000000
IFIT3	487.20303634578681340	580.83287656155164314	235.27806400468463721	339.40031946687361142	416.04544594867422802	60.55421562032440619	0.00000000000000000
IFITM1	1431.42797881689466521	2077.21153832012350904	1119.66059895640910327	443.66840005304698025	587.66125237409119109	521.46661359312622608	0.00000000000000000
IFNAR1	268.89834949391183727	337.62861899978224756	344.03832541609716600	274.60359899457205302	435.56653861729483879	155.38344552932875331	275.50239884045987537
IFRD2	184.88282186939957796	222.49218785550789335	265.38063648891238699	185.54183859711648097	140.71865256111377107	247.79764239679835214	256.83859573493833750
IFT22	292.93117311892274301	171.08921958249709405	295.27053386539932944	352.20221854850882437	132.27101443888150811	283.10622181703467959	0.00000000000000000
IFT27	318.17653523373490998	229.36956868986632685	265.99017605386040941	71.60878653666657101	213.37188939142689037	351.06424858555834589	0.00000000000000000
IFT57	430.77291807205210716	514.52353116860911086	534.82228362078694772	674.20614142039607941	543.27582470072002252	500.73743903657708643	160.35283357549027983
IGBP1	655.87654905730391874	605.75092733503413456	902.72965198155520739	438.04838583517096140	367.22859305528641016	649.57395154621497113	0.00000000000000000
IGF1	1784.53258424803289017	249.74897214561843839	1592.97523188615423351	194.30003964515231019	1027.45439401745761643	5463.10514585146120226	2563.36286253181060601
IGFBP3	2245.84569887926909360	222.86737691149485840	1222.48798277403693646	188.81737982667300457	566.55734795716500685	807.27176844289056135	0.00000000000000000
IGFBP5	5004.69712058962886658	1883.95967701023550944	5452.32700089275567734	5188.18655225404563680	1966.58401105917710083	2939.75890792836526089	0.00000000000000000
IGFBP6	2289.97752611194027850	695.77508504130548772	1871.47458020175827187	714.71445268869968004	353.47648700830194457	2407.08431404400789688	380.62432450269631090
IGFLR1	55.34963009407714196	51.26657323064183203	34.72354960991040684	12.79595846050634478	244.77195593121749084	40.76768633903011363	39.70789944444906183
IGHG3	605.32372524433651506	741.62093429988215121	984.01979884607203530	937.38647481807720396	596.54362861513220651	994.83600937402582076	555.89018044002023089
IGLC1	312.30951588883641534	428.41997272065657398	1754.97880961771215880	298.45181395886930886	572.58557381814682685	300.05072653699176044	1147.72123204990407430
IGLC3	308.08761829218332196	273.91046128135542403	492.42504383996924844	628.59444719569921745	501.27409155674865815	397.51649702101826733	556.44735593146333485
IGSF6	19.80718627673828180	11.69884888751730401	47.87212551178336639	25.68438632644101105	449.74494716559638618	0.00000000000000000	7.22804295916270956
IK	537.66607873096279491	790.59297402853019321	605.78390076701828093	517.21992064103437770	327.46684788860176241	422.64100787271837589	134.58966591012890035
IKBKG	145.03699838772155317	154.51678476779588323	130.45655599664530655	21.80497486588546963	145.55028862960418223	177.09863401333788602	447.42752465465963496
IL10RA	8.88628314147095111	19.23272923733730266	34.21041040682150935	0.00000000000000000	125.85066302391084037	4.09192312243485734	0.00000000000000000
IL10RB	308.68429128414680918	230.91741097019328777	219.20044653764614395	126.49525641090048111	751.76603557056785121	255.22077188315222429	0.00000000000000000
IL15RA	531.08433574934883836	173.53347907504476666	264.73211196253106436	312.06517944016644606	129.18817198706574345	374.22144244363636290	36.38355866555910012
IL18	15.36414963573756687	14.46984296658149383	40.89604311286709049	24.93605672383488780	337.49627935564643622	0.00000000000000000	128.57106955746411359
IL1R1	1371.83302574763411030	472.06233167452018051	1227.70780291141068119	139.81185211337049168	515.06851669600712285	2275.27840526778072672	0.00000000000000000
IL2RG	24.87412904180670026	54.18209687897178384	87.03387621671427610	46.33138169656313465	241.00373850411506282	53.43310515793714899	0.00000000000000000
IL4R	340.75779665516870409	180.76193121760300642	164.68484878933017512	161.93005201802608894	156.48475300212479056	145.54421290920581100	406.62542234846517886
IL6	430.18649680547667913	128.07403869944332087	960.94760679610737952	745.67478755859428929	190.95572857066909478	2540.75807627707536085	0.00000000000000000
IL7	53.19063755531254145	16.36937505661258996	30.76137625932440045	59.61023915194865452	39.40301779753714584	0.00000000000000000	1371.58951272174135738
ILRUN	88.26878053444356453	113.07692026960879161	134.59322992399580698	45.69940246191040245	16.83641097962282274	114.19810227250376045	166.62965465910366447
ILVBL	326.05737164655403149	266.33771974633106083	214.95297647261426732	117.94633100329312470	65.65185361116759566	354.98135595324953329	0.00000000000000000
IMMP1L	183.08180410072748145	108.21611090554706891	173.71030481288929082	44.48015552290788577	79.85367941951417947	172.57845267331487094	286.83882626539070770
IMMP2L	125.33609021142878248	148.87396385515921793	154.66768678489617628	89.59761534184598020	123.82920392090031214	134.37841746716324565	366.06618779611267200
IMMT	268.90302244128690745	458.04398151389250415	292.55494483447768062	357.93833937760740582	186.92402603781260950	18.53395491507235349	498.51653811884256129
IMP4	537.67196507188589294	336.66972932110712691	650.89014039343146578	368.70655146582197403	346.21940371420294014	363.04693244096660010	0.00000000000000000
IMPA2	58.02775474249123278	256.12408157898437366	93.61645695339839790	41.41425180031357911	120.35087331109487252	38.75509928415265648	59.94294135977111182
ING1	193.52461088744169615	267.33694810689877386	154.05111844624008199	115.88131180425055788	131.27486653337967937	142.07515268672122488	0.00000000000000000
ING5	114.53501773786607032	84.39395607129071664	131.92940830074900305	109.93067246917577506	244.83312253715607199	119.10152809145853325	496.59703162007565425
INHBA	3757.45656722785361126	295.81099836866275155	1189.46978508425058862	1065.54647672719261209	1018.34294060714330499	1276.37583093462308170	0.00000000000000000
INMT	150.10674554567358996	394.23714534973578338	365.22273905719379172	196.73633013290231020	302.10793891509013065	953.59689078885742219	631.51406526593984836
INO80C	163.17545987494224846	107.50098391638576345	157.23424117993812388	108.29458425254871656	44.29124213497204465	106.83135236707778404	70.27671828141033927
INPP4B	50.29159050033501188	276.75918122694753265	185.01703942871137087	308.43408110201193040	89.87656696484845043	0.00000000000000000	47.78293784437442326
INPP5F	63.15443970963616493	35.50005983574526880	32.89704458643439011	51.67842699811198770	219.84039026211516443	50.43681557803190429	0.00000000000000000
INSIG1	286.25350498932550636	67.43698049026023966	329.45231032564709039	33.39444607311364877	133.92224673034840521	107.31644255988426551	275.55862996258036901
INSIG2	254.26929933871377898	189.17739244102571661	143.31373372875572159	156.78443896225746812	139.88721515111976146	120.44606642213929604	740.59598365138208464
INSR	84.57577054796540494	121.27781723041705675	142.81769099561458347	68.09202836813649640	243.91571340384271593	108.97061332735711403	59.18628575113660872
INTS10	317.54174417535375596	204.24184938011845247	270.04063101667674118	148.65806891857698702	207.86449574214751124	234.67186479408661626	572.22165271704727729
INTS11	374.30825942967055653	320.72527991264695402	340.35148803733841305	240.71271858909642560	168.16368908379232039	160.07668570322769597	535.70307125746808197
INTS6	245.68228443137201111	282.63639219749865106	222.32134647144337691	149.86478719571320539	562.73695083892494040	263.97359226312329383	387.87287285367153800
IPO11	37.83008178318009129	29.93768875086853498	11.38890204162717801	28.68966049095648430	77.83625927934879485	9.05597434460630524	192.05283571179856494
IPO7	210.55375107915858734	241.64468327081340249	210.46925985615470722	286.37927043879307121	715.38389493258614493	212.83193254085483659	257.24307314578243222
IRAK4	90.88647455200587899	41.26101256585470622	111.34879357580580006	27.27225504656898281	217.44291712599090260	91.04586095486739339	0.00000000000000000
IRF2	158.05706136603726009	250.13977731626366108	193.37959495177636882	138.35999634309911244	347.87022514965252640	196.83611446479554274	0.00000000000000000
IRS2	600.19436628775531517	90.97866614201701907	309.88484580189498274	262.88063999137528981	149.70230288612671643	479.11046682039153666	180.87995447947437810
ISLR	2914.13096303699194323	466.51797681959612873	1036.57117598354125221	202.20847226511330064	1589.27529489322114387	1615.79597529779357501	0.00000000000000000
ISYNA1	217.16775832946942160	721.51850956666862658	461.75875128295479044	731.66713385396781177	283.26077436079390282	266.27519329451047270	0.00000000000000000
ITGA11	746.26252530090516757	60.55461676471633581	130.52620918500085168	0.00000000000000000	185.44347314175627162	127.45178436309495851	0.00000000000000000
ITGA2	321.61634358094465824	149.48220216643619551	185.90910475724595585	79.63933076304964231	272.88778896521591832	485.10774905098350018	0.00000000000000000
ITGA4	87.00519599395872206	479.36898829936512811	44.24587013961055249	46.71189916044217938	147.47898028353745303	7.69807473573798795	0.00000000000000000
ITGA5	864.68498044251600732	167.70123306316159528	501.99441935666362724	614.03598354360735811	427.77649192947876600	754.88917919668494960	673.54971078347466573
ITGA7	36.06896381927104756	265.23599576817451862	48.89869711255639118	181.12418755427327710	21.87806123384407186	0.00000000000000000	9.98715048474875999
ITGAE	321.59227312173902646	415.25817697030396403	355.14330985017016928	337.22038765814255612	512.38924249503963892	338.82236245287043630	264.15453102261108143
ITGB2	137.19387615643000800	93.89747435627893424	231.42485939859795963	69.52345953203901274	1830.63753510172819006	0.00000000000000000	143.38109533992977163
ITGB5	918.15999253742290875	343.69846586452308657	428.62901571758646924	390.76827562285723161	286.49501449606452752	894.76550412559890901	137.68118606303792717
ITGBL1	1787.63088244708910679	246.16082877769008519	689.41449105774790951	25.73429483353550751	665.01389729027016529	1063.97706882196985134	587.39564218367615922
ITIH5	108.23605934474555568	120.89491902318890482	168.85342013914791437	54.12989023933484845	22.74896136576512262	389.73509803755024450	353.08263547173277175
ITPR1	108.86190357919349481	415.12027946167893333	138.57391731292747750	200.23633251420275769	148.86808342834666519	133.97181972702776420	114.52544342998463378
ITPR3	23.06019943601129185	38.79714445376924914	14.16922160227872496	0.05492552911327818	7.65564763844759533	50.82125090369382292	217.66191112843779365
ITPRIPL2	334.01472009162159793	325.15825493996334217	241.24720932879648672	162.04035678889692917	397.21465147074195556	145.72731655600333056	415.43215643396837322
JADE1	147.90912397156438374	253.76541263885712851	258.38794658993572284	271.48268559174022130	283.89331404034766138	174.78722698573966454	244.57800629745045740
JAG1	205.72357195758453940	356.00260401829348211	153.71561689149234553	614.76898288055792818	123.25318711651370052	128.10167861853949489	288.01230200491721689
JAML	51.80783309729531538	34.67919408280142335	31.00822566704558980	40.17472877438726897	612.58743254756109309	0.00000000000000000	11.59178455774127947
JCHAIN	177.62091091183989988	434.56726986327453233	181.96324769975504410	93.32249042237630476	236.55940810885547876	125.14105730887253287	802.52592850237442690
JOSD1	176.46438737947264030	61.15708040636406650	114.91383341072680935	204.64834614286249348	117.09509181197546468	94.15300689252964617	594.49001243019370122
JUND	626.90905793005595115	536.50424403765259740	520.28675445563192170	837.73227984784989530	796.62586234261618756	864.30844775710079375	0.00000000000000000
KANK2	447.03339448165928616	495.26534480862517285	502.39094503441708639	590.64214511298678190	251.68215801820139177	483.33651067494145082	0.00000000000000000
KANK3	11.14963817499295473	15.37202299660826910	12.38421995159228572	7.92552177800473334	5.17533247763255400	0.00000000000000000	422.12646817719144110
KAT6B	139.00542828733699707	254.14249739707361186	134.14279225206752244	124.57991712615499580	47.86232853365515894	261.62669617026858759	32.05369544159664486
KAT8	174.04927837484910924	232.96143736488497211	149.08280921250650408	145.31286293656424391	133.21150173620952728	139.23077202148218134	211.76713147388008451
KATNBL1	220.77981566163185789	299.07171517782416004	174.76443103582565186	257.74196416048738456	239.04786998135250542	235.36811487216795058	303.74673156807551777
KBTBD11	23.76939460098896717	4.38208750822153092	11.47999911473523760	11.25794217574378386	10.36357643981778587	0.00000000000000000	740.84800801244637114
KCNE4	622.33379031865490560	1213.37626636977302041	360.99998448848430144	409.43103448692039592	289.09057154156579372	259.56619569190939956	0.00000000000000000
KCNJ8	288.50724724529527521	1752.04106637804716229	430.59474609772632903	366.79562265955519251	152.91314725465852575	0.00000000000000000	351.94012033814061624
KCNK17	49.10294738188527930	590.52681337935939609	118.12868984598016198	138.03964492834262501	28.78512269263007184	2.50392148391325309	0.00000000000000000
KCNK3	46.83064021113713693	466.30876610471170807	95.14030224994149876	87.06626144079609730	138.20696472791334486	44.65890853905317925	0.00000000000000000
KCNK6	165.32780479037296573	291.03126233254437238	102.72088114104205658	143.02456528883377018	139.18262239762262311	265.32782897192691962	34.59090554551319485
KCNMA1	11.83315336609082280	11.85534518024949868	11.48309036086295976	7.98480876341584356	274.73392435627488339	0.00000000000000000	41.01708442944851640
KCNMB1	143.18326680466998369	43.22605428461250909	98.39981539466263882	318.35561285260030218	186.70438497032452574	98.56994236086272565	0.00000000000000000
KCNQ1OT1	921.81192748352987110	386.37196211054333617	327.44607986405230804	231.99562710863438042	648.32793405373547557	1136.74857287776558223	529.64822759473429414
KCNS3	211.82656541185218657	369.76849838154771533	164.01898638173304334	399.35649907636911848	69.98893342031810505	0.00000000000000000	232.52362590935041453
KCTD17	109.63672052034229409	83.75612395349376982	127.50644696948633339	78.75895278096949426	13.20025096227719352	58.87857583511630111	155.82899378763227105
KDELR3	981.08543477918658482	430.79653526989892498	552.80708910948078483	257.50755702833015448	371.00861889020848139	875.71531689134496901	0.00000000000000000
KDM5A	223.87377589075595097	278.89662972374009087	205.89770450261838164	138.98327175088635954	274.84473426532366602	128.20198050928127032	695.61961923839146493
KHNYN	77.85956555686986746	120.25902962948134700	33.02873470313182480	63.46420500640532225	194.08605865459884399	55.52537076842980213	48.18630690207312739
KHSRP	153.48531021432589228	137.76965628920169138	138.94363714002301435	170.36276051861293013	546.04935943503824092	64.23157018737525448	218.67089858136330349
KIAA0040	70.57064826987131312	428.98265027968415097	86.89468704713272018	263.51658893172361786	142.10800126268551935	14.77084581141305897	80.64755313175623996
KIAA0100	110.23972610894240631	79.23272453923786429	45.61883893232978693	69.85188632410482512	72.38902473119316028	186.82865535027585224	237.46061849717500536
KIAA0355	222.38003919012862752	239.19106847422432338	142.90594159074987601	243.49762007056196467	65.30233550840389967	212.00133028176534822	937.87774406031996932
KIAA0930	216.86360636340788233	55.56449140763481864	114.31621943941388508	57.66791192201140603	523.08412057013356389	0.00000000000000000	200.75566264410565509
KIAA1109	148.34183141655114468	269.60830581122337435	111.23837229371746105	149.47068572173409962	73.89741183636893140	153.78047292904099663	283.70399196467877800
KIAA1217	398.00050593859265291	47.05179236295300171	135.09261398237725871	0.25097282827805562	219.09216905944174414	104.05359963456595551	37.42095051496913527
KIAA1324L	196.44647770791306129	49.30332089086569880	142.73968313211008763	15.77769434925782832	156.34632309048498655	360.43141079149819461	134.35295157458386939
KIAA1671	12.11493672839432634	3.28734065236284634	43.20086287068260589	23.50938269753498844	6.08828089478132117	26.73171127212265574	120.93502348692524606
KIF26B	507.18357562287457085	126.38537669197079083	196.20942454582183245	17.23009517468987539	76.63526558778799824	235.71236925643461291	0.00000000000000000
KLC1	387.47806655832340539	358.45108602422055810	268.55563597913970852	486.53688040972065210	200.41915087909572435	207.03878336865389542	575.91356641232266611
KLF10	557.22303927593520712	370.39576872427568333	410.01634339714610178	192.56882744731004209	269.08783524505838614	638.57296607013154244	499.73350599311851283
KLF13	309.47561613582365680	207.06583217625905036	150.95879419812615652	124.07976756274287311	190.68734880555416566	159.50316996831307392	0.00000000000000000
KLF3	253.99216546791231508	182.29928511996808993	299.67744303436052178	43.02224920829282695	190.08910583432518138	235.23135948731345479	17.20583819049077334
KLF4	201.97337733734946141	107.61799761068037640	374.18154076760072257	43.94708029247427561	887.35161418510881504	484.95249552759344169	689.23517425427701255
KLHDC3	507.19130181251131262	545.42309196946393968	380.82042004918037037	415.66458299718607350	189.12883014734271114	117.28741604912934804	644.35055891673835049
KLHDC8B	130.69212316151640607	247.62480140357331493	111.66167526673631016	104.18258679778202236	432.71730324659733924	170.79244133353884649	0.00000000000000000
KLHL23	57.69024669875747691	478.17769609302422396	126.63244681721913310	346.89311038189310921	163.63660733187921892	0.00000000000000000	52.34968076530206105
KLHL24	351.19867299311277975	367.83815765113075713	142.22588668787068400	90.52691973620429167	122.55868682993308028	211.11184436025101263	280.90359273500087056
KLHL9	127.15896010831380636	110.26159779970227248	72.33559039139160518	118.26920627677073128	229.43189424411809796	90.85218431309725418	0.00000000000000000
KMT2A	257.71101524157694485	291.54367207505032411	288.61036265926287570	206.55583362982952167	235.40764237410678561	136.01489760377009475	899.54040798511857702
KMT2C	216.57682230027586456	223.36078222598425214	261.72490618166136755	169.46553117137611366	220.23413514262651347	308.18271575229141490	266.45967595259679683
KNOP1	232.55183636697466909	628.60756852970143882	200.60572657112811612	337.48135208979005029	216.17656246542907184	190.11142874013955861	342.22749240446881913
KPNA2	194.76535593267058744	540.22303920935337374	224.19362696266969692	552.80679922795945913	266.27009637243685347	266.06092692508821074	402.60134624943259496
KPNA4	215.71670216432084999	210.26118420149788335	80.20925811739171252	107.29156179076697697	180.43855608758693165	244.65114173595932812	302.60197083303023646
KPNA6	170.95038172946129862	223.81816986238987965	168.60789138808675602	209.32106683148313664	288.02229719259116791	223.12458813228525401	169.02926752153976508
KPNB1	645.73255388717348069	594.91886048408775878	698.91925925968371303	832.15161538217375892	845.19002696161476251	896.80924112539503312	683.00527592032108259
KRAS	300.79518740378711072	237.75943389481960821	182.60221067388295069	189.75357705722865376	223.49728098396113296	405.09346990185878212	76.27882655656070199
KRCC1	239.63048269942862589	295.04768149277049361	255.58178390148412973	118.66102593317710046	268.42881769869057962	274.21270470337526604	90.84999417805782684
KRT19	444.40851690026971710	572.76700807553720551	515.61508657123636112	60.54499653798387726	146.26887052171261416	783.23163537768266451	0.00000000000000000
KRT7	398.57942795238642475	468.76368126691266980	707.44592413902012140	275.11752434899113950	155.08136956646239923	677.07474316968261974	0.00000000000000000
LACTB	297.11630727044791911	183.65055948030317268	265.30441800217801074	89.18679072460473378	425.82449171276033439	177.62011933520554408	155.17569750773466808
LAGE3	349.65013491449207095	330.49179155254950047	498.31136048568447450	231.99205384562554855	671.56896389238670508	307.33493387274791075	134.27041510353294029
LAMA2	339.01055222409047474	257.97243947319327617	191.34739399654739600	39.11089072748791295	267.20675298614270332	498.21408642442872861	462.26735511583171956
LAMB2	664.58235337581777458	780.36097703231587275	478.14669469430089066	521.70147162594241763	158.38484210180538980	546.70546963681533725	1285.18794839809925179
LAMC1	536.02558075136732896	844.73841071340189046	498.51320511129586066	780.74523095187271338	495.79442911242671244	600.39714821620179919	739.56236964760853425
LAMC3	132.56551483653367995	561.71995822612348093	179.66303655220028190	80.09445370543434706	211.86603421752050735	13.55759865887312010	0.00000000000000000
LAPTM4B	272.39286556514002768	563.32613014358071268	341.35577838456862310	255.99136877706544624	185.33405845097891529	320.62529863093658378	568.43965563932977147
LAPTM5	171.67812574251351521	227.03144029247300750	248.36890718175052939	55.10917146490000817	2724.10735089389118002	0.00000000000000000	927.37470174274812962
LARP7	348.56143567629374047	549.84361977106891572	520.13164769281058852	381.78702247857631846	699.82973498965588988	184.70248169594003684	486.86091756819564580
LARS	225.57373093657582785	340.79252563166130585	329.35701038306183364	354.59301261891209833	463.25273928082418706	445.28078899825612780	234.45214962815049375
LASP1	348.67150635776761192	475.53651101770435616	208.96836257589717434	724.31967933671637638	344.00172695195874439	78.50481985675989449	1128.95035102624296997
LAT2	6.88368126242209311	9.84880245362897888	17.22347149975416158	6.52159494595618572	212.08289039111687657	0.00000000000000000	13.83980574294304766
LAYN	222.05265232230271977	88.15161028445498914	294.11765852996626336	106.33722549362828147	137.61677410958802170	117.06555614737112592	951.73812607298282273
LBH	902.62829545095758021	756.49679207331746511	653.77149342128279841	906.39707038253425253	363.29011942238327038	1337.11597006115039221	35.38030228418284651
LCOR	110.38031303514829062	127.20674573093711501	85.30222512794409795	111.97654384195742239	118.99711853529477423	45.12464918438355710	236.83020265016810413
LCP1	33.18582001017206551	36.96245669165156045	67.63738145812868652	29.77332498295152519	913.61469323577000523	0.00000000000000000	245.84892868795228082
LCP2	39.28436036469444304	47.97741131845109663	40.64876303071431352	6.46207669788733430	209.11342033107445104	0.00000000000000000	226.74087146910554225
LDB2	176.83943045369480274	326.41415980899938631	61.54448085828686033	72.55068778372614702	154.73026573312634468	12.17535037057447944	1289.64839741133823736
LDLR	175.95234441509674639	45.79530846029293656	68.77942440869496465	122.64644453498264909	265.51019782121323942	298.84280681193638429	6.39958061543832457
LENG1	161.37440256429900387	290.57465401293148943	187.16772619899074925	91.99877086548605121	350.52561584530729988	99.63818095344258552	38.71677349049215877
LGI4	35.42095870116470024	398.24401103471734586	101.40054993245628623	278.72388598899226508	54.62724013427554581	1.01378488384451759	19.71802568931150645
LHFPL2	162.54723681804577495	89.91488632564586680	216.89961458181480225	25.37039422177748804	252.35057007877338719	174.38877072282841141	62.14986239993054085
LILRB2	3.01650831281568310	4.12580025952499874	5.48719023315535459	0.00000000000000000	150.13666292707620187	0.00000000000000000	0.00000000000000000
LILRB4	17.84818730852500224	29.68558527301578209	26.56524935768090856	74.28969340754861150	461.13831940422176103	0.00000000000000000	32.48239018016496260
LIMCH1	440.19533230732662332	97.42977492684229901	401.80744906916788750	72.61066271611397838	202.71671327113153893	1318.66173343629293413	1186.00339397120433205
LINC.PINT	0.00000000000000000	0.00000000000000000	0.00000000000000000	0.00000000000000000	0.00000000000000000	0.00000000000000000	0.00000000000000000
LINC00665	60.86398006910131642	87.80888507676858978	76.46941431181804205	27.85631492916029117	10.46899026647841247	113.70303851935662465	350.54593535425937034
LINC00963	297.02561022288409731	158.94793058340061975	212.02294421293677829	293.46491500194440505	303.00690458206543099	343.22405775548332940	0.00000000000000000
LINC01184	130.15889916964135864	188.32623023410727114	127.75760603975626850	174.54755757895316037	35.51385779875611348	109.56091854092139215	239.94553900130827628
LINC01235	1.78418483921366189	1.17225388354890292	2.80087505982401153	1.54784170926031672	1.64990351622867570	0.00000000000000000	159.22023863413681966
LINC01473	25.12254985913624949	40.15604537230622384	9.59880868294322198	35.39638203765655788	134.00948259040339394	4.74827537920426224	47.97362247265078850
LINC01480	17.35486485595951223	18.74098551272277291	4.08379364914258325	0.00000000000000000	2.79186660162582356	1.94367847391489512	108.89307213054705414
LINC01558	4.20535699086965753	2.48873795060075764	8.26129335501375728	5.10483495192344883	3.74528209452481997	0.00000000000000000	513.45755674707584149
LINC01578	174.34322640286947603	249.79508589257451945	82.81751500099981911	128.16120475474275509	249.15688653172216505	167.55494177851062432	143.77600218812813182
LINC02802	181.83078524408901444	253.06357339572326737	280.77981712200949005	164.75788851520985645	63.01841428602962480	27.91854142023625229	496.89181680106844397
LIPA	220.16419895177369881	315.24300406556460530	310.97124593484295474	209.08123046657453870	460.54681768588358182	317.78575269923902624	459.69331065916185253
LIX1L	244.02371688091471924	355.31059088969880122	241.04970209663994751	233.10513030096561238	233.46675870300629185	146.37732476570019458	443.54223410750353196
LLPH	322.61345872801871337	203.78653397767237720	540.73044164407053813	126.45648965265407071	254.41276065759996072	368.83849038502074791	0.00000000000000000
LMBR1	46.76735638499616243	59.80432026763951114	100.62768174112585484	0.00000000000000000	145.73767896182383197	103.60508644180107751	251.73355872423422852
LMBR1L	144.51223256676956908	176.93111463082288992	106.03844934091482344	59.67884330800274739	223.25350377537216673	9.92233826240392602	222.26699779847612604
LMBRD1	250.57493591783557463	325.17503988321203678	272.61456087402183357	259.67240966709454142	171.16723387276459789	254.85929604854058539	0.00000000000000000
LMCD1	2703.75661541100453178	570.66527387501355406	1470.02098523386894158	1754.08414010106594105	778.86497533834210572	2372.64717184887786061	598.17311910869500480
LMO7	381.52145941975481946	177.82166606233568018	220.77895055936068047	49.41895964582155898	31.95256323799414133	171.33795498702076543	0.00000000000000000
LMOD1	235.35470068492759310	332.59981023347376095	295.10337716264098162	831.60428424572216954	203.47069255511084407	19.50607083311181356	275.57644507425641223
LNPEP	184.37501809187401136	305.17506540919282543	136.72546078220418053	197.01167901196308208	60.49700996297445243	182.40337343825726180	564.54464592187264316
LOX	931.00858194856118644	261.22890244187044573	1056.44180803119252232	238.65416818704724733	384.34983120453500760	1070.71969645001649951	718.40974036123077440
LOXL1	759.28438828718822151	93.20487012620361611	451.47541918662722082	148.30704457013987962	221.49982744609712881	560.45577600004560281	0.00000000000000000
LOXL2	901.37817644584060872	634.34702846729885550	463.18671792038611557	251.44133594586600111	504.29135282209631441	150.95917231604235553	173.20109818886265884
LPL	69.56024214741502476	551.83434574950581464	140.17599043954223248	44.44792894610453970	202.91690185955079073	124.24003819091817036	57.61828744630614096
LPXN	35.14642363004954007	31.06125579016522309	21.79414352661265397	37.30665998099754432	162.42304233694932236	13.54672874343097533	58.06244585330984620
LRBA	80.40211872688804817	59.33835313869961681	84.95678334979959345	65.37046573817551121	8.72814869143170924	68.69620412871253734	177.37153589559369493
LRIF1	80.29529362268155523	83.26642202303682438	87.44948417474385849	28.99097410592751700	302.97382139641109688	0.00000000000000000	349.67728522255328016
LRP1	1944.95712874661148817	581.09792593242377734	1100.32755006975366996	400.72254009816595044	801.42667543355560156	2482.27103573224940192	585.00470501680706548
LRPPRC	180.52583255870743528	99.68439416169422884	154.86718546077474912	168.89379352388266398	183.07739562566436575	198.73350090091901166	392.87796993669934409
LRRC17	479.61956857145327149	270.69398794676772013	288.61855892400575385	42.27118106925849617	192.87983679661874703	282.21734060315117176	0.00000000000000000
LRRC32	221.38216268233787787	436.68876919367835399	228.68655566923638389	316.05860455485935745	228.30469068282980061	77.46635480074762370	82.82675178882979594
LRRC41	351.09289526829144279	291.97070615506140712	381.98181540821974522	56.16393153478891520	162.19956671991084818	379.24828685362990655	0.00000000000000000
LRRC59	724.84167302083631057	640.03202142253712736	710.40267150756574210	428.41298929964233366	278.39428146001341702	691.57730730409718944	413.48983794685665316
LRRC61	88.49320656547563146	12.49708760191096779	99.84679607309139726	0.00000000000000000	75.51751962388155448	83.45542860144800557	282.91522269698486980
LRRFIP2	298.32162724944578258	491.58322705598038738	245.21231263171918613	251.46318199199336618	170.26572107495533714	319.82854860218986914	147.05923235306278229
LSAMP	546.87305637113468038	60.58323830684724953	351.00285264770701588	52.02408509363140610	62.84002250182470561	1072.59813931466942449	434.55085353420270167
LSM1	712.37368269050614344	555.69603136587625158	736.92836769534790164	379.76467974529344929	277.54787652497765293	459.21415218359470600	150.27727063602077351
LSM10	431.29965681479274053	385.21060041013220143	475.08548636834592571	374.32130439231013952	456.34637249802926817	390.24959096403438252	93.00825138075434495
LSM12	199.01081928509401564	226.18341957163025313	292.15132183939721244	212.79981104072919607	211.32313019216837802	326.99272986825337739	78.68010434583791834
LSP1	57.63661683615559639	94.32728261411195092	61.67669234150239532	36.49275808191764980	709.91423827277719738	0.00000000000000000	98.19716175988693863
LST1	89.89748800494545833	99.08626916417287589	161.16856266272318976	165.09701435859767571	2005.42804048380185122	0.00000000000000000	162.48433241526049642
LTB	205.27655860138884236	33.83928915339251375	718.20217833296590015	257.04212514543530688	3722.20957691613602947	150.92035027368663691	0.00000000000000000
LTBP2	1439.59509190896847031	163.20554684892420028	1001.20688022249680671	228.72922425266779101	745.84415351987308895	1629.54858956615589705	793.81323413027985225
LTBP3	673.51732846078596140	295.70681529656656039	397.85585230470496754	221.98307034686612838	336.93355295585064368	525.93485165769061496	465.36985373053227022
LUC7L	230.79910733352164698	270.34600607748132006	242.85309097255296251	115.99048775580216386	169.84661413018440612	330.37351942445411623	329.81990164913014496
LURAP1L	229.91533365929666388	687.08962701537484463	310.69475070173615450	702.39428525102653111	139.94577000170573911	98.99719948784344581	518.05424309943464323
LY6H	26.80006644046094166	4.19128610343845942	9.30097985268026228	13.14795339424270715	3.69233481783210626	0.00000000000000000	543.30690826233330881
LY86	28.29579302863545109	15.16910927106068208	12.81063901562437124	5.20312268593979699	226.90095600018639743	0.00000000000000000	70.89356277231877357
LYAR	104.89520958352096613	200.13672220759107745	365.84878035349157699	149.38168953427833685	138.08540690905940096	135.99112255648020664	632.52820720486954542
LYN	69.80571589173153768	56.10038129698637022	61.95786514906271947	108.17141458554854694	273.27329444377073742	0.00000000000000000	807.46546547704269869
LYPLA1	303.58482744103582718	470.33903646542626120	360.98839922904778632	258.96044799033563777	335.19212785111056974	216.48327141827749642	455.01867651901261524
LYPLA2	199.00892424043757956	230.07027440429996545	241.69319079970230746	99.87809481014392077	74.70196170633899158	166.98362015720354634	427.98072707453707153
LYRM4	336.94285970708193645	400.31965301770128463	542.17195939469297628	411.64509702423117687	294.15100050779210505	330.77327277078364887	82.61094549865403280
LYST	105.37647452194212860	198.34990349079561156	108.29613755112715978	68.04534429720236233	236.52826526201971546	193.03950897190145497	12.67717140974227696
LYVE1	10.82855866835747349	26.64787158289833968	62.54961368983786940	0.00000000000000000	12.97643003913167981	0.00000000000000000	612.23675501014918154
LYZ	319.50620487034149164	429.32304901129464270	807.25823702827744910	100.50639668226224899	7524.13153519100706035	0.00000000000000000	807.26531106367622215
LZTS1	71.73774123974995121	380.19870938837436825	89.16099909614804631	204.24822885916319137	76.08784826083403630	55.85099973079515934	0.00000000000000000
MACO1	165.34412869792430456	103.04966632309027830	179.55866307584909691	74.55799339471610665	165.63126505009816469	106.87100743369668976	303.33715650374631423
MAD1L1	40.03945520961162430	57.01809314970748943	109.47471352344929585	15.03920826668372790	232.90285995200781599	15.50213907174196848	88.14091868721068579
MAD2L2	406.97852672996145884	301.36313154117198110	498.47963307657573750	216.48437961372246718	194.89659689771266926	254.46024776166169090	249.77029945197915595
MAF	419.82083499106340696	390.61721159915589396	325.16402033897077217	124.96853834920862880	318.98192783592998012	452.70474057836116799	1541.22806020793314019
MAFB	718.74606189434211956	167.85065835820660141	336.09963096742200150	10.47621807608719102	1024.37317153762433009	549.60448235053604549	0.00000000000000000
MAFF	156.14154077323865977	71.13252298721397437	343.28375874813031032	110.25112854418806307	87.80896073852670725	255.91522186902059843	107.11630128718626054
MAGED1	844.95622343719799119	486.54099035389788241	670.93991929482376690	317.95262047702220798	506.52186606720880491	878.74718590868030788	0.00000000000000000
MAGEF1	400.81384672935513436	313.09374672329005307	309.03997250220794513	315.88313323838582392	102.77115376973854666	316.26327006484427784	279.47940593049503377
MAGI2.AS3	0.00000000000000000	0.00000000000000000	0.00000000000000000	0.00000000000000000	0.00000000000000000	0.00000000000000000	0.00000000000000000
MAGOHB	360.30452068755931805	419.27086635900059264	208.28000153771131409	377.05464300066392980	340.89970264467655170	392.24216366113864751	0.00000000000000000
MAMDC2	38.78025321198717990	26.76763102434784969	89.44936539680188048	23.97360076866749168	132.34352391754666201	380.71464559141230666	0.00000000000000000
MAML2	109.70346163503734260	195.56137513194869371	77.00549617863245544	131.01142703334028283	13.94799363872439990	171.30302433713754340	96.64940623656114838
MAN1A1	412.91932290382681003	288.16793006440718727	317.63147678454384959	214.00671202566945794	137.88605289105581164	336.32445391094074694	2144.28381455198632466
MAN1B1	457.08580827200989916	370.54941095093687409	253.64567059360226153	173.88209699027220267	191.00836336665946646	365.25193914544166773	0.00000000000000000
MANSC1	40.53011137082639692	51.23555572814134962	59.59876382839910747	20.46525312440886069	8.08621610990286044	54.08348539375757724	324.94596221190738561
MAOB	162.55367116205880507	36.52879125693277018	393.86712677902619362	193.75818145559705385	35.43906888141065537	441.28542406511326135	73.54594434112058821
MAP1B	622.27176875940381251	1853.80708931813296658	850.21375699236250512	2326.05048486194618818	971.46112543388846916	159.95143073908079145	1710.36273792468159627
MAP1S	102.03196720880980308	46.52045454304509775	73.60613684376932042	173.23251037535698060	201.93325299453687194	80.39528103363640810	0.00000000000000000
MAP2K1	222.44234631856565443	271.28644374316354515	288.15422265785753098	262.07170388219361712	642.63909642162684577	241.97870091901023670	0.00000000000000000
MAP2K2	134.52590142443554555	166.09493353730235299	169.19233790374283899	154.17864400356327792	296.55111733057299261	160.10596236736202513	0.00000000000000000
MAP2K3	277.00591650256541243	238.00900735435516253	180.79683877248280055	330.02475086550845162	252.51394673136397273	560.12952359957921544	93.60325953943778643
MAP3K13	260.57555598441837219	359.69486556456837434	570.17586788831840749	389.92770209499678913	357.22548455517232924	455.96287588432801385	0.00000000000000000
MAP3K2	241.32254023376137297	225.73135923552808890	230.31534832355299613	77.09371243257851347	535.40773428192096617	266.31397785839101289	0.00000000000000000
MAP3K20	382.33860185074405535	886.57818731342467800	541.25099759741544858	810.60695982862296205	543.83122432380037026	224.00224852956827704	482.68746081247735447
MAP3K7CL	126.73387731191714067	660.27241897217061251	188.07642669314947170	1195.45141466933318952	123.48457566152050902	0.00000000000000000	119.67276792058683554
MAP4K5	292.95400921425505203	282.45122837990805920	279.59643972306525939	329.55128429685112224	139.64659239698494275	89.22267376163632946	575.74777624199055026
MAP7D3	198.23936814574159371	305.68969919067086494	171.29835677002654393	536.70613069263663419	101.93623216204537130	155.49374750331887185	246.61077121963691638
MAPK1	153.76266663491654185	288.01329056569556997	257.78396281106984134	168.81273881928328251	544.42670452488277988	72.88235215466612260	309.43616723268769420
MAPKAP1	288.87668926625184440	179.93294225289852761	239.24094201796015113	98.45989661101327783	172.37592736777472169	154.55078639698709253	352.99840253062018292
MAPKAPK2	375.40741015613275522	318.13780898659820195	158.15502265796826009	192.26852312072054474	155.88722188605225938	299.29149451477405819	126.86318390685303825
MAPKAPK5.AS1	0.00000000000000000	0.00000000000000000	0.00000000000000000	0.00000000000000000	0.00000000000000000	0.00000000000000000	0.00000000000000000
MAPRE1	381.53157577066968997	539.62688623298595303	481.03546770143395861	544.67639800898371050	355.69543600345730283	324.30873706838332282	461.61458155364181266
MAPRE2	102.94918446871506035	221.78204907857596595	166.00501088446750941	410.23901176333396279	128.42716319133947422	163.65480361498896400	22.09042210923510652
MARCH5	198.31360839683506470	326.11679180229526764	288.48943022955484139	176.75667598575486750	94.82451028564079820	164.75676520923678936	0.00000000000000000
MARCH7	241.29554974252565103	350.47689383667403717	243.51305704678620145	158.88433985403943893	217.43469403173031651	161.90684224010144021	176.11090469545646897
MARVELD1	456.95646970159151579	256.23379479446327878	284.16111944750844032	227.94268331810633299	422.69090216257029624	315.68336838161297919	0.00000000000000000
MAST4	191.49819564215670198	172.46222679925159582	194.24416807953636521	45.94454300006398029	79.58311818710451746	325.02583438987318232	144.09936623031305203
MATN2	35.45442961792675618	38.29486421472043389	24.18282593603657915	34.95385372322569850	11.10534382599850112	79.77634607840103342	380.72132098987680138
MAZ	227.51029286551852238	266.11558701002087446	323.69951675492256982	139.84440258250063494	484.16552390466034694	200.54365999812003452	54.59073761768692634
MBD3	170.43307936923127954	103.86293797368568903	104.07823277457337952	35.59843043548141139	91.52456640440831848	67.63592173818398123	459.03133187459047804
MBNL2	258.16873134162329961	262.94777235990289910	239.20952273780642372	322.17982806284322805	129.68849182031371470	370.19021731409208087	0.00000000000000000
MBTPS1	339.18594431824868707	348.11058670623697253	139.67266014443796962	136.15021898864080185	163.52845395304237286	223.35533500073228197	313.59361710835213444
MCAM	158.07392136042935249	1212.19826581569350310	165.90181072218263125	912.19240125847113632	496.57728642473648506	0.00000000000000000	0.00000000000000000
MCEMP1	11.01122405720938957	35.53852181058682191	26.37848479901370169	3.04008282082072068	242.16071569113157125	0.00000000000000000	0.00000000000000000
MCOLN1	164.35954974148535257	192.82443087759330069	206.90374191126960568	136.21141593059076058	484.75992069805590745	208.56067850405631248	144.61912733142676757
MCRS1	251.15579490934695173	243.93236024592724220	181.87508967618461497	112.24741123142960930	481.68527753447085615	115.45824792502753553	125.92966177634589542
MCUB	475.71483745353214090	67.34582511330327748	396.92449522228241676	27.36666537445784897	466.08511579881957232	286.20122053362240422	241.29088187508915553
MDFI	609.39621339994891969	222.48925645669908135	443.36584645948244088	13.04838412009228499	208.65998834653612448	704.23076727756529181	116.16052501880182035
MDFIC	140.33441493669707256	66.05603854469624991	121.16475749102329473	16.26587000331414856	190.46583249481628286	0.00000000000000000	177.34890090504427462
MDM4	239.47569973203246718	404.91868159644201342	210.52286736231610575	275.19774350318101597	123.48662488679546811	182.08467814332868784	584.12866966754245368
MED21	287.02065965631430799	431.09496423389555275	195.40060184980168856	403.87440139168029418	164.97313851767353299	216.00597120421957698	415.31257349640617349
MED28	342.56205117389356474	426.16853226587414838	550.42244176671533751	248.41050896838765993	265.31363240889220378	334.45880341922128309	305.78792501027464823
MED30	178.28462929928309677	213.83337553971568923	305.38259856051661245	208.32777053291550828	229.48243113513527192	182.44742847481461467	172.66167505792631687
MED31	287.62298393149842468	260.71260671216964511	240.25430193221288278	162.82992212645481800	522.54142428754732919	61.37881362435992116	580.12896680910637315
MED6	184.92174939365159503	219.91436050728825080	280.11295252840068315	150.52404130798942106	178.52066262706622979	100.39951438685251617	242.68797953092274611
MED7	83.75124534286268840	157.56673044980803411	141.02545591730375918	108.29317194761922849	25.84945179372433444	127.21170120528479686	231.93460354931838197
MED8	383.49315857548612030	382.37278927915559734	322.40355529221039887	306.40097020642707548	150.91896493183097050	225.93897377232218560	126.75748007590146926
MEDAG	568.69889066288408230	145.32041569189311758	701.48485925362160742	173.86975462657429148	401.84140560062667191	985.47744719847617034	0.00000000000000000
MEF2C	207.44823888621891683	1521.84203401446370663	312.90734724109142917	953.73246505257566241	314.48341084502845888	123.51050431631125548	716.22654251742778797
MEF2D	127.18717125940490575	328.66554457863526295	147.33410406620961908	130.43411955836975835	119.99285135219768961	147.37070455146394465	0.00000000000000000
MEG3	1440.38999737009544333	456.71007825897913790	971.53806754301183446	362.05728034715735930	493.22397661303426730	1702.53343873290577903	0.00000000000000000
MEIS1	321.75298649385734961	148.32047343142414775	162.06249564261977980	70.48120449626115658	184.04041933418665167	366.06067364801987196	0.00000000000000000
MEIS2	157.97443539786470978	186.83418091214707601	201.18462438874828990	55.13360329098770052	464.97467092295863722	93.57850034576291876	463.08137375964491866
MEOX2	185.23679617613106529	140.74319750411532937	265.64003022252836672	35.68820827769452819	34.87801000258691886	370.35131025421810591	0.00000000000000000
MEST	326.13023821024370363	875.70941138287651029	631.62650345225040383	332.55287506065070602	400.53705909408262187	523.41348998194598607	291.66046919751948963
METTL23	249.18011632088513352	234.37872137901860015	332.53354725948832993	108.63808435900175198	242.92922656319672114	303.23303821855211027	0.00000000000000000
METTL7A	306.54225097398546040	318.89453666740377002	377.59282501847417279	99.27635911369154087	192.92702326505596488	947.05385971128498568	0.00000000000000000
MFAP4	3300.02823113626300255	465.20621882630808841	3741.90368883572273262	2866.36475753599188465	1604.93896215412837591	8631.72634291669601225	0.00000000000000000
MFSD1	447.57387120516972345	376.99432078287452441	370.63003621792734066	195.45302571930278646	893.75474481634921631	276.11049009936664334	443.00782335393171252
MFSD10	633.52686657305355311	456.85020361991513482	566.31167052896466885	333.54371943255586075	150.68251923068132214	389.24913698169228837	467.78124642367322394
MFSD14B	159.07603979191631538	136.57096924486955913	122.86265127606296232	144.26907793546203607	120.90645192906688976	210.21924426370563310	209.38036237410932472
MGAT2	329.35530467168985069	256.32225989664664212	204.10785597333403985	259.49298064007371067	125.78125404561116341	276.66483227853063909	201.91842761886405810
MGLL	104.34982497504783794	346.71048090673491515	219.98338418975299646	322.41573138897240369	127.40597585923011081	122.80204212973944777	0.00000000000000000
MGST1	373.06983053500061942	230.57435847752878999	1163.64016215235051277	437.30476195342913570	545.01970326848470449	1579.02348214084008760	0.00000000000000000
MGST2	334.07734011983035316	475.41208048262654984	360.99181593733129603	372.10659672985610769	398.77015629472236924	367.49259034138134439	2760.63379946901659423
MIA3	259.53440777111563875	220.30215318194908036	175.90297391751371947	277.47578506402396670	189.11718379714989169	103.88342616815022268	197.12565559006350213
MICAL2	371.47022371777040917	177.75126506466290266	194.74666631177231579	132.12415126530936504	184.31975367149871659	151.63556666609301260	238.33889784803355383
MICU2	257.20837988494645288	290.67553864572636257	249.40958099011436389	192.82588086045191744	165.41393262831647348	265.64757610559678369	575.89540580261211744
MID1IP1	257.44162658350728634	218.04010071173763663	234.56745107076065437	201.11168521518780494	293.35774601383513982	264.49933500634557504	14.65673169141778409
MIER1	239.42644233817620147	480.06980535283400968	231.57505918503468934	238.78537055986140558	242.86460360787469881	237.41385661623243664	69.63817980986351586
MINDY2	530.12779015763260304	255.47865419102043916	304.14748906989382249	887.35323234260215486	345.36415730644563382	235.69419593166034588	108.47573627087403736
MIR100HG	397.20990262231140377	84.58232791360711644	496.23542628457488490	122.48986643256593254	80.43406354902235478	411.04100590840516816	0.00000000000000000
MIR4435.2HG	0.00000000000000000	0.00000000000000000	0.00000000000000000	0.00000000000000000	0.00000000000000000	0.00000000000000000	0.00000000000000000
MIR4458HG	125.26086116867067233	361.70783743096899343	177.03036125582886484	150.79624774964520384	78.01998641051798700	134.74915415503170379	199.30460486050330360
MIR99AHG	314.17336897335940193	80.04611585240583338	156.71024252009073052	51.62817569837108067	117.90785730361926653	740.27891357222642910	232.92433576408933504
MIS18BP1	278.78157735000962703	287.80945601569078462	134.05556886245418013	103.85202194958215216	310.46843627663753296	141.67038829115841736	408.54047769351285524
MKKS	101.66316657705665705	91.35830056300912361	66.15829786562068193	89.15738413874181845	57.69258362035368037	103.99505454274323313	243.52329264730491332
MKLN1	161.03473167343761929	251.04617856545357313	136.25475776900708524	186.21992257984433650	189.90389563651353910	262.14191288830767235	352.35144480616543206
MKRN1	282.12381853242442276	388.57774422292862937	371.24451626196002962	381.53676085755756731	353.72017224768768529	251.03190262825143009	0.00000000000000000
MLF1	208.91898950604056040	80.46726384665620913	240.16798397740055293	51.15129492937687417	78.10941367233832011	420.98211016199928736	0.00000000000000000
MLLT6	136.21145758305013374	286.25236735349915307	150.44406350300667441	71.38175498271186825	385.70425999458541355	128.70338137278955060	257.87660282789119037
MLX	275.35424272191903583	282.65536599297746534	250.15312546259846727	255.53010657544254514	432.28056167923386965	164.98345599048451504	107.19698391697659190
MLXIP	523.16545162306726979	328.44924159067710434	370.70778882682952826	282.87290143250771735	233.65162073219636341	417.33310324869972874	911.00135793982951782
MMD	680.73280190546415724	120.91904560763470045	564.49288085227851752	148.98140240954705860	283.10480491093244382	640.06857038592954723	228.84136941556388933
MMP1	4558.40240195463138662	191.09315835100161962	1113.95638201764063524	0.00000000000000000	382.56661919604584909	592.05053490020281970	807.57828860386916858
MMP11	5014.45507746199382382	1372.41738186529028098	844.68157065373566184	100.55075206243729724	1295.98773872695824139	455.97649002403142049	145.14853300990057505
MMP12	21.84447589920246102	46.50378606728705222	60.03674544299527582	3.41062362464027169	594.29080158316003235	0.00000000000000000	31.59613910010146398
MMP19	367.24822102115268763	112.61177186282544938	227.75470128520510116	83.03229110185610296	610.42602670645771923	725.97487876217348912	242.50308815929750494
MMP2	7992.71807341583553352	931.72313401846804481	3881.69176553179613620	204.12719029345581134	5612.13511766818919568	7767.04000343459028954	1577.01959737770835090
MMP23B	1177.49685860563818096	197.69209988036539016	995.31333156239259097	318.88401700217605139	508.42446442843930754	1958.51634827075031353	0.00000000000000000
MMP9	1203.43774193911326620	2416.79263330499679796	2052.02250105777329736	271.96082365253568014	2518.50592966304657239	0.00000000000000000	679.66672491162307779
MMRN1	17.14535959340150839	6.08060555972397321	44.60156116896196465	13.73985788015342635	12.13067139730659605	0.00000000000000000	1644.32421273463978650
MNDA	15.39066289059054249	41.68565355933542094	38.19783524217722004	0.00000000000000000	544.56800212113103044	0.00000000000000000	4.56480119713322097
MOB2	283.58775397555882591	314.21401753121654110	252.66108328852416776	237.65281709331713955	76.11954189187916597	107.47823851358994318	316.64382678099974555
MOB4	323.36162649732455066	420.74525677834378712	401.67140053996797633	505.51961803112760663	336.59534329077644088	482.49120983066967483	122.55643198285137885
MOCS1	77.41021246950153056	397.55870459040119158	107.25781497151820076	130.07046566493295359	84.94030926556588668	0.00000000000000000	11.39571208383059009
MORN2	218.66530715410601715	277.34379201278392202	282.11304457495498355	271.53953936144012005	112.86313013210001088	268.86027793104295824	195.34142449951102094
MOXD1	1451.82289546041170070	176.57574350678785891	594.88523371863254852	54.37968845232744997	709.83329852623330680	2657.80117399924210986	236.56642467640833161
MPHOSPH6	220.76676149473519217	152.83154059605013231	315.12798916264500804	339.76051966837673035	337.68865609678971396	260.19508173517345995	11.57976134382876765
MPP1	74.56141623081505543	78.91869823824286811	100.31365108935548847	6.59699753297584213	476.30150549315641229	0.00000000000000000	178.31546586314914293
MPRIP	340.65980172739699583	567.92224366794175694	346.66906038052854910	557.70785587667080563	414.44700506723768285	193.74327865696614026	1187.22846097466094761
MPST	488.61135427044007429	271.96751920960417692	707.01092622345584005	243.68325971886233106	243.57100955330244574	656.82896301029859387	19.09248323292726468
MPZL1	1026.81286863091668238	292.70600790904779842	554.15159063912801685	216.70274021644115692	340.58619201563294610	834.10864674037850364	20.81066431515250059
MRC1	13.62205394335384945	39.34875771255568111	63.71426425849313091	8.02478572098782550	201.46777517455115003	7.58970511615465160	533.86338214703346239
MRC2	1312.15861283260255732	503.59724459592354151	506.02705602678611285	154.28031323579239142	619.84146448934757245	1275.44100669350746102	425.12237492039474773
MRGPRF	338.72137360497663394	194.23702970220227826	194.43840748279546915	702.47184104284281148	328.28282427578869829	457.08118819157471080	0.00000000000000000
MRI1	142.98072064826877181	159.27417541084636810	134.69269142208915468	98.08919482058006167	108.60158490850399460	163.05603215911781945	528.95901705744313404
MRPL10	330.22821593619454461	257.18578097996095266	264.43126438762419639	353.21874458175017253	180.90020523643380557	113.97016749556159709	265.05366376489024560
MRPL11	525.23740426071765341	399.99048673317099656	602.69856138752913921	450.36476129331708762	263.33125184776338301	470.57067778184523377	168.16941352914753338
MRPL14	626.18102249279809257	779.08711939066608920	730.02906046077032443	732.66624945416106129	599.19416894048526956	720.42318955608675424	0.00000000000000000
MRPL19	246.26918591739337216	294.23469412424043412	348.09728304717538094	165.94294478546828486	161.60946558681567353	252.24779508276881757	585.53429992369569845
MRPL23	436.67066518671003905	412.22233613602554669	766.64418617905766951	320.77589515110605589	710.27769882615143615	397.41238848891401858	465.62874771351101799
MRPL24	355.12652482071439408	533.77420844129676425	432.59969708063448479	398.44755321051599140	193.26426358459235644	238.54826744868407218	292.29995551851618529
MRPL3	485.55211687988037284	487.01444642335553681	525.89698141448741353	540.92372872533712780	397.44827677520964926	198.98595372177030072	887.35383626456462025
MRPL35	160.48312187415763219	250.86976770905019407	96.60467426987399620	246.57711186038949336	245.08121295921475280	87.84823601567889284	154.78125071695293968
MRPL37	291.19432470738945540	301.33849703923652896	271.21245039109805930	318.46869779009887225	212.09050108370158227	315.24866322935650942	0.00000000000000000
MRPL38	382.74137390257749303	528.07769206332420708	308.67596886978572002	340.38947033718085322	225.40038837873339617	319.38008704490005130	213.84506494190421222
MRPL43	603.07083782954669005	657.78795889198238456	559.78781115085939746	785.79502645462537203	197.20800114698948846	428.55443808388395155	740.95179337572108125
MRPL48	133.93184033417779233	166.34650560436381284	242.47436319741748889	148.83032689763589929	249.87623864343677837	84.22394201985383688	271.48672892764074049
MRPL50	253.38992902495402859	473.12043788405969735	298.53384783603968344	293.58014236760419635	211.73785882568270722	314.39996073190951620	66.71691954063092567
MRPL9	267.44591070761180163	424.33304136947282359	424.65951206194927181	264.89424478154029430	216.16854736358095579	98.55227088913038358	279.98936376174111729
MRPS11	410.50711106411017681	437.54514947393897728	360.39939222303308952	653.88211962676541589	260.37203310944386203	395.44751809138830367	999.97876354387915399
MRPS18A	296.96426320702977364	228.39869948721786841	218.86086584237412467	275.49598226563909975	454.92928153951748982	62.85009106535572698	550.40319953359460214
MRPS23	276.62652938631225652	281.03373303464491073	348.33157121949960811	323.85951259198935759	261.03431986108085994	402.12128916334091855	101.58521046459446779
MRPS25	239.63395087948612172	290.97245077167985983	377.64345549667405066	121.05531314564444756	347.79160549772257127	440.27071336192705076	137.08662571573103151
MRPS28	236.22865556913521345	324.67311837158285925	170.86123816801227804	282.88582138014533029	441.63840241834634526	195.43994538446432330	0.00000000000000000
MRPS33	382.21024945187190269	273.97639724544757200	408.79848354136538546	256.23481615002543776	197.62034767448926686	614.03873264780565933	199.22354678456704846
MRPS35	303.96241009384368681	336.41250947891012402	338.29870205914244252	271.18559028909425024	176.08972064988819284	280.77216733853600772	68.75188484670614741
MRPS5	355.75075972079605435	514.84447621458480171	395.00851267397109723	400.53768697849966429	263.91183683186619646	346.67986529431368581	444.86659579803415454
MRTO4	234.07820137996603194	190.24916600129805033	331.89116950187462862	309.18469286880986147	204.79750782487496963	322.54960135266674115	339.33420942922015229
MRVI1	212.88259866196204939	338.18985935755813443	134.89541617117745886	417.28134935202598399	186.48397304545815700	93.19577256505635887	8.91285830621547781
MS4A4A	22.67081417200328275	43.15384946556847723	17.73958874473386516	6.98507866165938296	348.75240903722885832	0.00000000000000000	29.08487772396450310
MS4A6A	36.06316778375318677	71.07358791412352161	73.21960611778311545	0.00000000000000000	953.67764446487558416	0.00000000000000000	81.34703980592279038
MS4A7	17.61475129425670616	30.27329547534288778	40.38694990846777699	20.64043372543179444	707.80947589064237491	0.00000000000000000	63.85849795533231799
MSC	295.60330081834291605	139.96277307746774454	302.01681283640920128	244.00821720112415392	48.24746181035133930	38.67645008966633213	300.11126128223759224
MSL1	243.86592761121664807	220.21863256905257344	133.59100620323971498	134.93320362982618121	720.82062281521018576	43.25671307157225698	505.32135320101758680
MSL3	133.18417938708660131	124.47684743105038763	90.78030617259274493	109.76217033767069609	355.79460324955556416	137.90240695867515797	0.00000000000000000
MSN	705.89943213171454772	776.57572711120531039	774.59084028334245886	1180.51009407804281182	1004.88974775570341080	389.50544927405371709	561.60508235356076057
MSR1	15.83674902499552850	12.99163495029380577	20.18828712705751371	9.55873528339478540	354.39303238895644199	0.00000000000000000	0.00000000000000000
MSRB1	149.89105192131088984	164.13250438284939037	209.35694698018033932	215.12764962209405439	240.21991447836452949	64.75912806943109956	294.07213177694393380
MSRB3	597.94517217920235908	374.28590112226760311	451.94215551314772483	946.94988423700408475	328.88004393473619302	359.14969258494261339	655.40288986864516119
MT.ND6	0.00000000000000000	0.00000000000000000	0.00000000000000000	0.00000000000000000	0.00000000000000000	0.00000000000000000	0.00000000000000000
MT1A	137.14896543436438492	231.67045211363122803	883.87856537734467111	679.63717689878160400	121.96885646794605407	696.46858006761999604	24.74662622694916081
MT1E	2983.29971076165475097	2107.29411493516045084	8974.75647204028427950	4331.59529235646914458	2016.11390666510055780	7024.87868017256732855	0.00000000000000000
MT1F	129.61885708545472085	135.25234881508436047	335.97728199184780351	286.17544963132081648	262.62167253503599795	214.39755180754852404	0.00000000000000000
MT1M	390.62002528830515757	520.92304285604768666	2560.59859058893061956	1633.83571356117658979	348.81336911188873273	2127.34097621745513607	238.97746751691917666
MT1X	2054.87753634711225459	2086.03175541860628073	12856.51760874797582801	2631.50697023474776870	5619.39584360076514713	7272.71581007334862079	2455.67548984388804456
MT2A	27086.48275755546637811	18112.09054842322802870	77964.37218124128412455	26355.54526215209625661	14417.48702805885841371	61982.46475274128897581	0.00000000000000000
MTCH2	488.99820452270915894	512.24331710285230201	556.88782702905371025	640.15166954775020258	265.63578191591375344	482.07499272550745673	0.00000000000000000
MTHFD2	309.96164859164889549	618.38204999043080079	814.97803102858165403	772.14572524336006154	217.49529709853248960	535.94158644355570686	0.00000000000000000
MTHFS	149.60890758682486990	40.52005591758410219	230.93042242657531915	126.47664159561506381	154.54314351352260815	128.12098919399403485	363.29547936806244479
MTMR14	95.29802531610860683	106.12688953876318010	79.71243510085832895	79.34360350401382789	428.60405014859435369	23.00565279218884385	93.51831480159852106
MTUS1	202.52597024564144590	544.66235846296979162	252.28873296415355298	155.61463115601961249	141.85839161775447792	95.50785524548560090	1402.38853771740696175
MTX1	368.83170835498310680	464.83160141119412856	520.39591408080332258	324.30262599753126551	201.77925707607150230	117.83420408251095068	746.01884014665427003
MUSTN1	88.89258372386018436	552.17221050988439401	252.66142283446848182	2401.59122397047849518	136.78094660237189828	0.00000000000000000	59.95752590281630034
MXRA5	1739.62277111964408505	446.92867091070479546	529.44520341698068933	0.57970551672528614	548.67976137840537376	1061.86952346428302008	0.00000000000000000
MXRA7	398.36474539963586494	154.57544010154532543	352.44132279542122888	108.88371988555570624	142.57120452065947802	275.56327490471272768	238.15586784351495453
MYCT1	8.05418159573039460	2.03273669267342960	5.15001448334587852	4.89900770451498513	1.91637023097213799	0.00000000000000000	249.52036451082929602
MYH10	767.38858739428212630	189.83419920106334189	455.56468444639523341	303.75373123434371792	263.68315208344375833	1489.28157709409288145	191.39540810808463789
MYH11	311.72064704424946058	455.60005080846229930	450.59460423032243170	2035.74617232181526560	350.14570397699054638	29.46165442325818162	0.00000000000000000
MYL9	8997.38086023096548161	9059.38807913126584026	8079.37592927664172748	23774.70195855182464584	7468.82344807037134160	3100.17304279936251987	3198.47874065970790980
MYLIP	73.27747008521211569	294.10564835670010098	111.09287563776206298	314.87016452240982289	176.45504951312111075	0.00000000000000000	355.00622194071127069
MYLK	2021.58896079406713397	1901.08003122208333480	1366.21326987587553958	5525.75157286083049257	1262.03090108676678938	880.32213774825083874	1151.85796713559443560
MYO1B	409.93500371844436359	1780.35848378914261048	552.85737664782107004	484.45333474763287995	394.04844992083945954	397.31744704862029494	97.02724536040896908
MYO1C	418.55720023610490443	570.34676280866392517	387.03268284956652678	340.53097794693394462	273.60608366012792203	245.33966762648390159	168.25753522351183733
MYO1F	47.85159445897949837	67.06171582089095295	61.36552928114598160	6.25062872499237354	214.41096555658162970	0.93925452326256631	41.46991409469137579
MYO6	199.13223586546155275	226.48789346693754965	122.84442981342839118	79.14321268874824966	115.73171083215009958	128.89326683065633006	522.49230451525920671
MYOF	364.46973867514918766	428.31448551505337718	341.45357751775310362	649.32570650956495228	288.52012248079904566	176.08615804254537807	359.83300991295709537
MYZAP	2.06900713933083891	3.10752574750730481	48.20032036711116064	0.00000000000000000	25.46995850414869267	33.26988635117000825	206.50324075992648432
NAA50	320.32217676918764937	181.86463399050592216	424.52598992041356496	173.68640494322218615	173.59662313912869536	324.69960490637117800	249.68509112981348608
NAA80	57.60723670125828733	41.02449368347275538	45.87367276140788874	30.13513918059301133	34.62747739301389061	53.40672998129419113	168.05397963721054566
NABP1	115.95153747284254564	159.18876802818417104	177.48502992139952994	51.84956883897649504	325.54265748953906723	257.49455582516088725	532.96741752788727808
NAE1	353.12713821643740175	282.16216144519103182	365.41015220550212916	190.62125774337820872	302.39056500467120259	312.95502221026708867	135.66536251509660360
NAGA	207.27218628307849713	112.54080079518429613	109.94239950024505958	58.95656511760929419	258.76658448339333063	148.10468995444770712	0.00000000000000000
NAP1L4	400.64936997859820167	397.03837130439615066	339.82379670807961247	320.13565396178364608	352.04586229845608614	340.88980356403868655	310.15587138423882152
NAPRT	297.28006211842949824	236.43583274251142257	242.66272935366137631	311.36671407954713686	247.86153177175086171	289.02594613638507326	0.00000000000000000
NBR1	283.74958628853948994	260.98278376820627500	245.97193224358483121	171.33168882461444582	126.71209744170035094	170.71457110869263829	0.00000000000000000
NCBP2AS2	307.34408266702854462	363.69279926412946224	308.14261500068931809	429.37116286671863463	557.55779166564286697	51.00827334697848414	276.43635052664791374
NCF2	6.87087296895142075	21.49105761552850424	41.32373314219991300	1.78741935875176283	219.76846599431982554	8.80894779524013316	27.00802790325103331
NCK1	258.08745379716941670	276.78221971637219667	425.27453496195823845	162.91230772920073377	239.53136260265017654	263.07002683293831069	347.15197349451557329
NCK2	117.35136279569815088	393.17023477811233079	153.76982117068794764	132.10427787521754794	114.13626664490624307	90.59675304573704580	0.00000000000000000
NCKAP1	501.61159647104477699	412.76788267934392707	185.09295529817919146	506.66657764753369975	82.42998360642798161	336.13234032871315549	351.11346448100056250
NCKAP1L	10.69427487409578781	15.92310088380094335	52.04659831918210244	30.35732929785401879	323.88368476240555083	0.00000000000000000	61.92396240005337660
NCOA7	213.37690480320858910	384.02317622855707668	322.47510317669537017	175.07965918896599078	237.29398718857547124	159.75269933403998834	286.71867187604385663
NCSTN	251.22611796481098168	305.92186106181776495	311.23515712912023901	98.25888423875552746	164.46926430254183060	390.86996207487322863	363.61956571456749998
NDRG2	270.73094705746643740	1332.13643243594174237	452.63961987890519367	557.20627720811353356	492.98970368515267637	275.96763045046566276	609.29381450336882153
NDUFA4L2	995.50763955513809833	8169.92740713431066979	3706.74869004478205170	5214.44843284803937422	1223.11587617488453361	0.00000000000000000	222.81344294585028365
NDUFAF4	125.91464639251805124	295.93119669966262109	287.41541320495412037	276.34246985984299272	133.64866943918136144	210.10938063730128533	0.00000000000000000
NDUFS1	157.19690395906118852	337.51384053456661150	183.05878894710005511	159.35065767491997235	239.26149101496585558	0.00000000000000000	403.40972266485294995
NDUFS3	902.06728938900437242	841.02402889862128177	598.17283844283281269	598.97885498545792871	514.90358197429611664	773.34792763163682139	11.75787339756169558
NECAP2	219.40731040111725747	356.12016547361298535	176.14108943047099842	128.17695044105840907	266.78423134025365471	200.99049246621160592	9.17805344938517642
NEDD9	312.56624404599097033	255.36736970919980649	162.97318813944261251	225.56013620426040234	121.63790891248986270	365.05389788725619837	451.91392432852921957
NEK6	343.29836593680579426	89.59622773725233458	420.45585189209248256	154.28238153755918916	252.14601043951773818	423.79263112965708160	26.97146737471144462
NELFB	107.26471960775995740	109.34626138677626273	106.94756645335480982	50.62481529164992367	281.70206364245302666	139.21571250812641551	42.21860436691935803
NELFCD	198.97541308526987791	185.88162568222418258	151.98833881168866355	257.84559955307491919	257.25492333233449926	96.80965182536341729	247.42079030456767441
NENF	726.25110524208992047	616.09876392058481542	1037.46652713864864381	534.95352029737125577	421.58812521390512984	881.95769221607383770	150.23542400452350876
NES	129.00467191933739741	472.98904201690902482	115.25176274352799055	266.28221050829392880	220.15017140782234151	81.08190280933324345	111.83145082303117590
NET1	306.64842584728529573	277.67750640737068579	101.72204592174261961	518.33635199112984537	110.47808682102221667	0.00000000000000000	131.25993989841546750
NEURL1B	41.10597711795770692	276.92395357137291967	121.18234670928414687	206.90118946623249485	121.16716607162069863	0.00000000000000000	106.27981726473751678
NEXN	1170.45474160272556219	1212.54496606052316565	752.73348680900301133	2195.64860578351726872	932.96560228684677440	897.45679717457323932	398.17214603921763683
NF1	236.21076405033812762	329.00005858046426965	95.96773418145254197	202.59288062039948386	302.62238953382052387	297.25572703764783000	0.00000000000000000
NFASC	30.17773703497442384	240.30339733181710926	61.77506648886026852	254.30090462582359123	117.22123594796927648	52.69562871325535269	63.90172064514596428
NFATC2IP	183.64526022490375112	165.24472176959193348	228.18046477823716600	104.17411612293457779	341.85586299926836773	154.51174365407143796	661.23789868846586160
NFATC4	177.20639721675550504	284.39449832533318840	107.80792172262756878	171.84880148462661964	42.84725640141201808	82.48805328320919728	232.54887035018131769
NFIX	352.77905696357896659	173.74236537340206610	382.78797005773719775	128.94955378040742744	276.34370109875789012	415.79905238261557088	281.98879604702608503
NFKB2	156.15881551400957505	71.90626379530606016	138.21058400158571544	92.56250204362807210	252.96165150467308536	103.97253815256225096	218.74372828745418929
NFKBIZ	242.73564183572122488	169.35592496152969488	306.88823559288022125	121.49505488220862048	433.48178180224147127	402.45004050065682577	242.64625750543794425
NFYB	682.96441231487142431	277.51032046876088089	312.17693022499992139	156.75155330606438042	171.84247963502801326	396.40729799973848912	0.00000000000000000
NFYC	224.83872457546016221	301.51398021097867286	193.13493544943210622	193.36323084755019863	187.10200270864848449	101.86585547727426615	289.00257382707013676
NGDN	184.09743510459469462	153.09642506995137978	380.01682599186409561	150.78938527158206284	154.22201848072984376	284.27711569137585457	86.79750196641678883
NHLRC3	307.11734777403069074	255.70357626903498272	155.49252361384748156	242.33788108725519805	617.11707446674608946	227.91531945844829465	94.75298724670936679
NIBAN1	30.97959153272161359	66.99340828264386971	91.91783194687462810	429.76550445682238433	168.79737256229452669	0.00000000000000000	222.82788328022712676
NID2	230.96004182326532828	397.72726701411687600	362.25683742143246491	45.16651136146381162	73.43363979536911756	233.47498866406402840	0.00000000000000000
NIPSNAP2	295.17770209830405292	271.99469721116912524	421.08256468841221931	214.15600158203099568	153.37634919625537577	222.49692354201167177	504.62036504789227820
NIPSNAP3A	211.33539255675560753	349.07854493373798732	164.62669115351573623	330.41774493837556292	159.30703548746296860	105.82171705735260048	390.09559085318329608
NIT2	285.94046920046002924	352.80784407203435649	313.13424836773123161	229.50231094824192724	236.59549929983782590	282.50143838674233621	2.81253530417344644
NKAP	264.81353581947979592	223.84395688143811753	264.69687564950953629	135.08898286509602826	127.76167288914429321	155.09073632023827827	198.88704220910636877
NKD2	433.26711355911584178	84.16722548287405914	239.40811697491889731	10.24399822907162694	112.79861198805042477	607.69929007598148019	0.00000000000000000
NKG7	70.35344052044598584	120.16935309443456958	134.15175465473254235	155.98994732254647033	597.71338943464320437	11.76374105546644167	155.66809653269908154
NMB	212.77908922114752954	99.19664258102336873	396.49163094321079370	26.05474243038383975	67.70706514451079272	4.01999282243626244	523.30601775478203308
NMI	279.79296989294635978	337.24162166065138990	158.29170140186496951	245.39445529686867076	102.50827871573139305	121.54608808128143949	202.68062357745228041
NMRAL1	210.79772715145145412	310.45425410800788768	332.49109306124370278	211.63781631144570383	231.97919025335013998	281.85227887408569813	0.00000000000000000
NMT1	310.30335720685837941	350.15300493856869934	193.79151339986998437	248.02580571674863563	246.68071922141049868	262.66372120671815082	0.00000000000000000
NNT	155.65703880219160737	133.70407142338953577	80.02025464767284291	95.24786082224188988	292.62757921438299036	141.35233969919272567	14.14830469132020063
NOB1	425.63854451341188678	261.75028739710268155	428.00688233558042839	198.42590104092070646	187.67118125401930229	469.02180636929494995	230.23022274688892708
NOC2L	350.49152292874191517	241.76864957264086797	269.39147921222121340	259.79296306583398746	509.65727930215462038	168.40951800736272048	317.13471970448438242
NOL9	45.79376750900328830	32.34501290805916085	103.10792687770832288	21.04298540406417573	68.01797754664043794	42.88052036257715116	273.74212726589348676
NOLC1	256.24609292946053074	192.24984498784345988	235.71230307587481434	131.66736019829798465	189.96841225346034321	438.25500319230053492	0.00000000000000000
NOP16	217.73756487658766900	261.38959373882727277	372.24304387231359215	181.20899745838156036	91.51188955185779150	562.60143074702239119	0.00000000000000000
NOP58	290.05901018402312275	322.31893056958620036	342.10163873741430507	151.77185948121859838	276.29031044022133301	630.44152956498919593	0.00000000000000000
NOTCH1	75.07969593132845887	205.08590735494811952	147.93325523230845420	19.91244579052991881	119.45184275852616906	0.00000000000000000	625.05257715409265984
NOTCH2	422.70237797781368272	300.35407256250192631	326.39942075216225703	211.21171248148431232	178.65723290165425396	479.83246085191848351	168.66622200286818156
NOTCH3	678.29282238056941878	2371.54590475185932519	564.30418231418423147	1209.41557287392106446	588.10037269274937444	58.14038346209179764	252.24488741380758938
NOX4	417.97672853205801857	21.47619048435088018	88.05214819383404290	0.00000000000000000	60.64293848095962858	40.34427302678382432	64.33043592605460503
NPDC1	424.81307853895970084	287.86965811175002727	482.07475739491422928	214.60848472639762008	155.77350566814627086	389.33899630013593196	33.62569331576721510
NPEPPS	392.78692414327014149	344.00799649900216082	254.70974630095562929	288.87936950443736350	107.98880608196277819	226.71592083231973902	344.12053109675417772
NPHP3	181.75905355142538156	188.69695763610627637	176.28514949087977470	140.49323397195419716	262.75925528242646578	170.56213580382018336	98.70703879208501519
NPL	13.25878812197334256	17.69811322823128563	44.05760624177968765	7.95577096999589983	279.40864017007072562	0.00000000000000000	35.39717625701342030
NPLOC4	208.40239256204580442	108.64900485038866407	95.49995890744509097	56.74253999393179981	245.46402253138901983	144.52260569628526810	0.00000000000000000
NPM3	333.82121642123252059	357.90183359442340816	381.65145237364055220	170.81877675425508301	218.66493355602068505	528.12972440403825658	48.24509597918385140
NPNT	258.66281325997374552	239.10654602083687337	174.56849233916906883	111.90400063647082618	295.42312274241294290	698.71587703237082678	339.72914743885797861
NPTN	315.53462684168027863	235.23990843060985867	267.27126661691374920	385.64995478220043879	135.79807145939807356	168.62672775135749248	0.00000000000000000
NR1H2	350.30743294237180407	349.32051119807664463	402.70343997080084364	609.73531235806490258	295.41492194097162383	114.56175733300615605	265.14505741287092633
NR1H3	74.48502625541485145	114.04566094815689326	62.29260345601410620	51.84383516188596985	129.65047795540138509	25.53965503778394819	242.54820642409868015
NR2F1	415.90283767255203884	506.59069431888957524	611.37342198648241265	68.66912308518762131	235.23314227883167860	767.09677120918593118	1652.84796176769373233
NR2F2	583.85049909807196400	2031.69234292782607554	670.49694802748399525	1216.16266600868016212	544.82481284459606741	580.21195726129792547	1599.58498362316049679
NR2F2.AS1	0.00000000000000000	0.00000000000000000	0.00000000000000000	0.00000000000000000	0.00000000000000000	0.00000000000000000	0.00000000000000000
NR4A1	667.76538214604204313	430.48897634642418097	470.05352936438970346	830.17349453677002202	430.47497055470716987	891.68237123007270384	0.00000000000000000
NR4A2	240.83836652194420935	261.71917548636338324	144.33792937817162283	75.89051486632148169	565.88958774438560795	325.51411575586632807	0.00000000000000000
NRARP	21.48002125068881796	181.36851336155990566	28.18743216419554543	142.88791808448036136	80.23384796667141927	0.00000000000000000	41.17876899433660043
NRAS	93.65028616559617092	158.76600604486603174	104.60309837888210893	133.19447574377770138	106.54078771852040575	32.17194252675633237	426.86301044513385250
NRBF2	509.36652676103034310	266.40501042597537662	338.18896366837833511	122.62330606716926695	339.64632606542170379	236.79315148413277825	0.00000000000000000
NRDC	335.93143042842478962	351.87503509482172603	332.72838197879787003	177.91500631450318792	201.12162944905526274	421.49200545821548758	0.00000000000000000
NRN1	8.20188389599007017	2.19353007964283497	9.64784133928361065	4.52994021818457959	2.99901622810346646	0.00000000000000000	406.67345582875441323
NRP2	486.75672328391078736	178.88410950390468201	122.99720909691362181	66.01943626956253297	254.66175016688626442	227.69813659641843628	2085.00190118096406877
NSFL1C	326.75246093327666586	287.44945624592349986	277.88933654701190790	347.41259571212634683	220.05221963262070517	272.72174220659780985	379.38639516314862021
NSL1	252.12828194416053407	269.54845536128522099	258.84976840432943845	172.47763524681909075	132.06430043799514351	162.76731890603963393	92.49457742304787189
NSMCE1	495.43241152374014291	492.27907886406285343	517.51964648358739396	626.44193459899270238	213.55176125698915257	213.79319841037801098	607.30035958518271855
NSMCE3	181.03945837622788417	176.06398667643381373	159.21414730660075065	122.85873792029565266	203.99462254532315342	158.40100414872546253	0.00000000000000000
NT5C	520.35630627148373151	542.77852747633437502	548.27128706522375978	451.40722355265785382	474.30374849903199674	484.69650014242040470	295.22242559760348968
NT5C3A	116.32540698258864609	169.66549332852321186	159.92020425996926747	96.22148564201033594	389.78935728092011459	140.68889284861285205	340.70364568004964667
NTM	576.05209492883193434	104.07733145280897702	235.03319342813418302	24.27698974821967681	331.93989652926921963	194.58681624587126180	0.00000000000000000
NTN4	37.23499993835486066	91.35996449251666718	39.83821989691939791	324.13287324431075831	26.90245375351886281	0.00000000000000000	65.91379009567440050
NTRK3	15.14593563796027453	20.93033193103501688	59.35561560400561376	280.48352623294920249	8.63123409534449060	3.15560564379270181	14.50908712938415235
NUAK1	346.99176794266134038	179.66543576856730624	112.62734366044195156	104.02906278899691017	356.76531755862617956	261.22106424233317057	35.53144855792514534
NUB1	282.79140253092037938	301.97732019750941390	214.16030312906343624	236.97615214589527000	494.30480094182900075	102.55151116727897431	282.20696513038711828
NUDT14	173.54488863865543635	126.02597690103982586	176.20790425034621762	88.10101060883368973	356.83103377031420678	244.33194942795788052	495.89159196103855720
NUDT16	233.90324769955742568	218.13942009623954732	148.29399778357876016	70.53390083438300451	300.78414357980580007	47.64376843715333365	568.90232891151856620
NUDT22	376.25153810052688641	319.00646910954958457	280.92042835826379132	135.33754479115975755	669.08690943544354468	174.40404665907183812	135.51184619620693184
NUDT4	173.68449241078431555	328.48134785761754983	250.52610909926781346	437.18204688245174339	222.04672262364383073	107.56287243334347181	292.02959162006487759
NUDT5	415.82940523782548325	533.59572869039686793	436.60507840236243737	185.73560445450235079	659.82853283701410874	370.04342066125423116	179.12708849156274482
NUFIP2	242.82349983142094629	264.91295356877986933	237.54088572648174704	75.98273725313593729	158.01818948512041629	467.92460792749369602	220.65230748629292634
NUMA1	351.70213343211247548	281.12801752562558022	249.36423388300082138	127.49742511056125238	120.34061112797502346	249.54768843819869062	284.34906920581016720
NUMB	247.73867795066274766	245.85585373349104543	127.30231988455744840	91.74683315261439986	195.27913884564324576	205.07003516396829923	282.14023275612925090
NUP214	77.69641384677785823	121.50163511044533493	46.37145507880305217	37.05910319852832657	368.76639389524808621	70.47450214270790525	20.94226548570273394
NUP62	121.21573886446823565	151.50825314828873047	208.27794315710312389	88.96921659314868691	306.75115455449827095	125.55356047864907509	7.94275167026473561
NUS1	194.54014551586675452	101.52621113195787927	193.35900498207197984	90.89732106432373371	233.14702775532836654	204.36315650749418182	156.26963018056534338
NUTF2	539.06650747877120011	647.57277710991286312	559.05297586171013791	455.29557025977896956	160.56901453132979896	655.09863306571628527	0.00000000000000000
NUTM2A.AS1	0.00000000000000000	0.00000000000000000	0.00000000000000000	0.00000000000000000	0.00000000000000000	0.00000000000000000	0.00000000000000000
NXF1	150.98104673000861453	244.45258076281476178	105.16124763467426817	97.76892304243649789	184.89812180845055423	129.72203607942228132	286.82134753746015576
NXT1	385.27676642581479882	275.78232553578948227	637.08963172305493572	339.43375125824724137	277.20132732450451840	299.80851540040339387	519.69099264904014035
OAF	126.90770153934136033	257.90698652300585536	116.43612500193157189	39.98451987181271505	49.11102332075759591	159.99874720898742453	329.20746747220715633
OCIAD2	276.59742164811899556	190.62451068470275573	319.60958326597852874	16.46924897622841399	196.57528237233006507	232.97277815729822237	0.00000000000000000
ODF3B	486.72410004259569405	467.67468763719193703	384.68545814499316293	404.74162925139336267	369.02432656300879898	353.84584093448211206	0.00000000000000000
OGA	401.10624371879146111	410.32190131143818235	205.37012221549011315	406.74944908527817233	257.00653055583552486	207.86250473607432809	302.01542650986868921
OGFOD3	308.93407791069034829	347.96442617793616137	372.08792819064530022	209.23536668884983669	115.49905793279296518	339.98444519248658935	0.00000000000000000
OGFR	263.80144908684644633	400.00186425812381685	232.83768931321401396	204.99885621071251762	257.74078349886377737	231.27208148482836236	0.00000000000000000
OGN	85.15484310629881293	14.28502229787513933	122.42297502044151258	39.67859166244389257	91.76433951353618568	398.27721418136547982	0.00000000000000000
OLFM2	327.19462795075742179	130.93380262390797952	103.32476104033523256	34.09604419738132464	76.19003138903867978	103.12403005247239207	0.00000000000000000
OLFML1	281.95618384502955678	281.70789929046435418	137.69002946053743131	139.25762275186576744	127.80648085629198363	362.47148286293565889	150.01270879765104382
OLFML2A	70.55326976518263393	705.04876815323723349	120.46094174627944540	138.39914477307354446	51.92307711199930509	75.48033014819614550	439.43750404046983249
OLFML2B	737.05063648172540525	757.07111961185057680	309.67315366496796969	753.67678276812910099	636.29545055436005896	575.25255276160396534	128.71451227301858466
OLFML3	1426.20579145561123369	694.64996191653824553	1021.41089833391026787	168.52124230021630069	983.15577592461738732	2178.34474579134848682	0.00000000000000000
OLR1	9.22770606415402561	19.45132120177979118	20.92834241687889119	3.51542596878426483	198.43670701723317507	0.00000000000000000	35.71731385250364355
OPTN	584.67625184842972885	713.49482591748301274	499.57121207875928803	533.96535027115805860	239.81296943432403168	256.26393418868815388	705.60561107698993055
OSBP2	1.78418483921366189	1.17225388354890292	2.80087505982401153	1.54784170926031672	1.64990351622867570	0.00000000000000000	159.22023863413681966
OSCAR	14.55236019630181410	5.91931075373632787	26.08259766960916082	7.39301223002771035	152.50453945483587859	0.00000000000000000	11.06736485633404499
OSER1	252.09646630049365967	224.64999641135403863	203.29417763027024080	70.87404529874063996	182.49938931937523989	213.54823832681245221	9.19658065452330931
OSMR	347.42306764499966221	333.88313873722466951	341.86601693916054501	362.97874090391627533	149.80981154200321726	417.48598270075433447	348.48969898970256054
OSTF1	357.63141501555196555	374.92534030322894978	783.95368593710861660	193.75074887714913530	232.88553823043920943	0.00000000000000000	872.27952780745295058
OSTM1	245.80519806528195659	277.43968379614261721	190.25644815079547811	284.60299517206880182	336.16974590047828997	33.59215881854899521	530.45621776869836594
OTUD6B.AS1	0.00000000000000000	0.00000000000000000	0.00000000000000000	0.00000000000000000	0.00000000000000000	0.00000000000000000	0.00000000000000000
P2RY14	46.11318708271925004	513.70088787316137768	55.93313910809176548	60.50867262454974593	77.98593720995710044	6.75809723334402346	0.00000000000000000
P3H1	815.09196553959486664	350.62675843447715351	351.22481533851242830	317.59682394881718892	561.01060300527853997	474.91434435415521875	85.10101511033037980
P3H3	404.25575744170294001	178.81092693207915545	124.17385066642121672	43.37693929103135559	623.66376360080028007	149.10644598647687076	665.13509615586895052
P3H4	617.83449664059457973	322.09104988747293419	407.04687385710030867	89.99853579589428421	149.87391556300761408	326.08175586165748427	496.84627823058900731
P4HA1	641.28944384971873660	401.07437769151948714	579.71331065503204627	196.70086270449925792	590.75146322275963939	545.71765722567374723	95.49347419068489273
P4HA2	986.88638125050408689	450.73570551130006834	953.49280787381474056	195.86872308481989080	311.00720889143815384	999.87838248731009116	114.81415294140010985
P4HA3	479.49828054237474362	25.88756466654489330	161.12032738217908445	10.01247348337577847	96.36195074679211814	375.85338148237076439	0.00000000000000000
PABPC4	291.66961472255957233	175.38591923340791823	316.49900826752377725	338.07459239382774285	367.11506881600752195	261.45382097292747403	415.55957964462635346
PACSIN2	139.35019993130993043	375.50591079494455471	128.57789132470759341	302.10724361570032670	426.57570395756397374	40.84280790365347258	403.53459282012164522
PAFAH1B3	170.22093488432594199	275.76909743599384228	244.97584716935278948	214.40550474467778486	134.54770487137807322	156.39396516652467994	541.82750873811016845
PAG1	146.20124731245064709	516.22280895309006610	175.67093778161239470	364.27749834316040278	323.04333687428061239	134.89177162544109478	0.00000000000000000
PAGR1	269.77545119135953655	223.65098815670444310	265.27785913448087740	189.14070972003389670	286.65425832097849934	211.48462361992190495	89.95942181044672736
PAICS	214.05724132955532468	311.26965824298287089	245.02810721749847289	302.36762714069874391	128.15775605639058199	316.54057104175910808	2.19544365508530426
PAK1	101.74137608093316487	81.25149496979888397	134.20533904162206795	90.97194998733110083	344.89594002910291692	58.62600347088092434	68.59122712145536127
PALLD	1581.00201181205443390	666.31536559402377407	1133.99941098500926273	1892.00014573995940736	1062.14609113346705271	1275.54715374263219019	0.00000000000000000
PAM16	289.97098391100303161	313.40395643884153287	253.77746800478951172	358.22991007629718752	138.91175821714980998	301.99708203210258262	136.17429673454310546
PAMR1	125.58980983981579982	99.61372443030636248	101.81566445715452573	24.74670240238466334	305.82151784250140736	376.49650595058534464	0.00000000000000000
PANK2	183.45327219834609878	178.49726480016309438	163.71592522288631244	177.14236160005020793	505.23789256418268678	78.82025188081665590	156.22212456265074820
PAPPA	206.73617925869589840	61.80578509795659414	168.91358039900200083	159.29538915339679761	95.16967165632878789	748.58037626556460964	0.00000000000000000
PAPSS1	274.61261110636922922	196.57739465243287214	266.59709247068951754	196.14607275168222600	537.15371239634737321	96.15252205552678788	249.23381787132456111
PAPSS2	200.28067004261004058	356.44154733191288642	186.33298091360379090	58.98263165580908662	262.74468416763306777	263.21597930089495776	29.59254625623161417
PARL	305.42572789884258100	235.47326623702562642	552.38061858475327881	339.27520241305683157	487.58898449156725974	347.33218955292926466	215.94163222591839713
PARM1	46.77083416879302291	301.09824823637126201	101.56005873802816097	406.10740193664224762	168.34810269942602190	0.00000000000000000	0.00000000000000000
PARP14	363.59766969686222637	559.05351284476296314	345.87413902075019223	205.34386226015971033	422.00329874488477344	217.11284527355999785	238.83591683392177174
PARVA	907.40647503985348976	694.18024926134103225	632.33573370297062866	545.04692123596510100	256.43806378478018360	529.58430379867706961	687.45710826770630320
PARVB	145.99751914776413741	112.77366888271238565	305.42542343872935362	236.02457262918844094	341.10255328514580242	152.63948647657713309	119.30347702122359976
PAXX	481.45816530795673316	382.63989580204116692	343.83788498603718153	466.78894772225328325	286.98274982690895740	358.31277408540688612	0.00000000000000000
PBX1	483.33582333186848246	411.48248915797086056	461.52099512157212757	338.32746183323791911	138.78250880826180946	560.18513789703854400	128.97009480789253644
PBXIP1	252.14843552599370469	281.99615209267034288	200.84466856647097188	119.98819668807372807	195.17632961396239466	303.39724713732061900	0.00000000000000000
PCAT19	50.55546670215687755	42.44310071839339571	116.36188704079441436	9.27569717374223934	25.89039688649654636	0.00000000000000000	2682.18624980203412633
PCBD1	334.30962034571399499	308.35574607452258533	573.31735732482638923	195.94632451850441157	431.25230945541915162	520.86733350913539198	523.75226703612497658
PCDH18	116.05335911476598199	338.37406381506150410	48.65318172192296231	57.94475808471094780	170.23989065649442409	115.46600583274052099	80.29298994582967453
PCDH7	402.73875138976973176	32.73565817405442857	96.09049791272234131	141.20446000317855351	281.93529777291786331	428.21051039204809285	0.00000000000000000
PCF11	230.98287449914013791	292.83551867854237116	139.92929633823445101	165.59670259201624276	270.55172606101797328	282.61808159000611340	387.56841344311965258
PCGF5	119.07721945639140415	175.44597380296607980	110.88616791280963980	392.76165638357946364	201.05100960427904511	119.47344191244341971	0.00000000000000000
PCID2	237.15382484451674827	222.48203794231193342	319.01505628222872701	56.54562865955157491	162.31611483683772690	171.64886278434187261	203.96195878249051248
PCMTD2	154.58832685923223949	165.72324968032717152	146.96280040493545016	123.22612831847919779	378.90333506763306559	97.18490233149941560	261.54486716852682093
PCSK6	41.56052784041108339	3.76581755836266918	30.31067501231477479	0.14672119182715174	6.54437647647559562	22.59761810029653262	448.19806633102905380
PCSK7	391.31321026583572120	344.94611205925457398	228.40567968969284607	491.17217210977679542	242.17334203382424107	468.66969930224621521	160.94691949967162259
PCYOX1	239.29348106091023851	281.90964858678523797	186.18299343355084829	155.03236024634887258	53.53905467136313234	332.21128904126294401	0.00000000000000000
PDCD2	268.59410838525946019	261.75402540126509621	298.02445423978826966	157.25682313851311278	224.83619149582597174	400.37359035259964912	192.10726463820805066
PDCL3	149.12348291057884353	351.35983322415324892	312.93719402999067825	405.64081765773863708	169.65527136497564697	105.94638530913545083	326.76787078248662510
PDE1A	203.00675879022398362	267.17644170341554855	310.19983880650187302	238.21103109921409668	183.10647819817120308	223.70413887362687433	351.75156018898309185
PDE2A	6.30749829119944039	20.14225283604195837	15.39819168092363988	16.04559568258113345	3.14218133507097575	0.00000000000000000	165.52226097911062652
PDE3A	78.29086614846522707	196.78936440046757639	97.99148837836379755	307.27885459234607879	118.76107464667786928	71.49405157474059536	0.00000000000000000
PDE4D	230.70970293893500980	86.70967398639488977	192.62177798201213363	17.27531417560382465	155.81423924767781841	327.48528083545772915	99.18882069912730515
PDE4DIP	323.16081128401071965	212.07286158853852953	343.85559594292345764	198.35650945348768914	237.64378141594301042	359.87578852769672721	0.00000000000000000
PDE5A	100.88351159008236380	361.00517634770363884	130.55872502706398564	180.95256277043807813	45.83881000175677656	17.39529990060009723	181.04532689969738612
PDGFA	75.17215972884970654	244.77869707326388493	112.24705033526272757	350.60595718110965890	127.13946349068504560	63.29715202771732407	0.00000000000000000
PDGFC	376.63962589567563555	61.43706882629798827	186.18689431367059228	77.22548594130185506	27.52148191999641824	189.62754486275466093	440.59842921077120081
PDGFRA	1612.63102674343645049	167.50115090116099736	824.45595035287828978	48.54967954702690491	774.20329014351352725	1672.01679526385032659	0.00000000000000000
PDGFRB	1580.69885341784652155	5357.24433561929345160	1383.44936122850185711	2290.33056547162868810	1176.16220789205021902	491.38756347166957994	1136.45668306921788826
PDGFRL	782.29242499418910484	254.57268308151051883	314.63827918078959556	153.21654008154996518	179.74497755942218191	504.62372582427292400	0.00000000000000000
PDHA1	233.59002457428979938	298.81464260035875213	445.65219768244878651	197.11197342519528775	122.03315532035875890	158.76365453974344177	528.39977687394218719
PDHB	536.75332657235514944	660.84059266863073390	600.53434474742948623	1003.09990471552828240	609.48976269242962189	208.30262609955542530	552.25611856156058366
PDLIM4	938.40455227296786234	116.07318619231241996	999.89130064007679266	228.77652369940858534	419.76014569649635177	1077.31225475540804837	0.00000000000000000
PDLIM5	771.02492940292074763	659.16647850197603020	542.91407079071109365	1173.79987707152372423	469.51332030512554638	577.61860569494695028	212.97138702463837490
PDPK1	86.49226933449070032	106.21628904133582694	89.03069858613827137	138.45878386453745179	436.79142607168012091	24.79924318269040739	380.12161807119696277
PDPN	2134.42383844048617902	153.87335719274818757	1325.40181421546958518	12.94575621220839956	262.24765287533961100	1473.24647135281429655	2433.48771529520990953
PDS5A	198.96781378579228772	88.13795788899668082	259.86807183042662928	50.19708702303194059	190.54526330328155836	163.08759808694082949	359.25417316054245020
PDXDC1	276.58614150075169391	162.47473590896086648	287.68178726111176502	64.87714493130590654	359.83859410648813082	175.36286878387193156	135.63473942069043687
PDZRN3	158.99327777445273568	69.24151782835197366	115.50793389607990491	72.44795753158780371	30.69656609967331562	428.77593594498074481	0.00000000000000000
PEAK1	243.32482050750027724	412.10638060111136838	119.60377240346174688	189.56429085955036840	197.36753436808274387	259.57925715423067459	295.34189610194493980
PEAR1	23.39661762060661587	215.86931660918531861	58.99755657612927706	27.66834761431296741	32.44614516273837523	14.24402420778004519	0.00000000000000000
PECAM1	67.78983455018858706	25.58420299955689714	26.89404685754801250	23.12882986817367481	159.70263944686436730	0.00000000000000000	1603.50294575235602679
PELO	341.38897212374081391	657.07548531803684000	401.73154227312551257	727.01074858146137103	302.56979685532769508	205.06201474925956063	214.75684663789462547
PEMT	213.84678834973780681	196.07982968654314959	146.29747822676873170	92.70037002034445095	223.29189798379027820	282.67725801808597907	454.70690854421218319
PER1	325.59158082567228121	213.18734912065889375	228.60888009769470841	236.01507991802751008	188.57443782801314569	250.31305482192968270	661.58690401757314703
PERP	383.78226020775468896	954.10572253487725902	696.53344744722858195	238.11424974734711668	348.05621557514700726	287.55028825172189499	94.37855692590370893
PEX16	207.41453670212268889	203.87833506922339666	249.62076324819531692	283.17106531689677240	200.95240921136891643	143.30993360670453285	0.00000000000000000
PFKL	442.99611534177290650	523.96396089369193305	444.53076251613538261	321.41873058252122064	423.86501906056707867	321.09939167397112669	0.00000000000000000
PFN2	626.78637746934475672	348.07547836629191806	387.17892085384545453	195.54167924917342702	177.01932478961478523	356.92932203665833413	556.08219566409900381
PGF	176.47421725785849844	823.57779362420285452	278.20232025222344419	652.50246834973052046	159.47609304960244003	116.81874318895503961	130.08429694381834452
PGM1	494.47138108759753550	218.19226976570703869	433.46885728044344432	69.70237483096092035	235.97752228648752748	485.62478785457500408	0.00000000000000000
PGM2L1	155.86285220295292220	120.52656365367212743	166.53162575924091016	99.84693648601526661	357.03267560930356694	189.55164931955036423	0.00000000000000000
PGM3	326.67058099984780029	201.78148575549474231	317.38870227130155399	150.21634922503980647	59.12390772226761015	359.32900641015157817	167.55940895257600687
PGM5	15.92934949313666237	84.74018873833082921	34.48946159110232657	101.19265042877219685	8.50652879309571475	0.00000000000000000	275.14358577529941385
PGP	65.82054906721185716	83.03758256453505737	44.85582356916371793	68.56539481961212346	78.52223060703856561	22.00368724222005667	460.39218369649216811
PGRMC2	393.27928864572044176	296.37818586295719570	248.86774973515784382	380.50338345041711818	238.62579767507295969	443.32733987071310366	279.41028441619704381
PHACTR1	44.22856951440088835	29.12586670807987232	44.55532491697250208	9.98303541133719108	160.82807236561774289	0.00000000000000000	32.94475504997495818
PHC2	494.27546158927776787	278.15396693965828945	421.24106116229614827	270.46172751913809407	382.65985237601535118	254.07184023860372690	269.93956635092649776
PHF11	268.89909114999045414	313.56982744619983805	377.07968730303605298	261.37306946428316223	293.58650202693524989	98.83308778446789233	170.44189803499421032
PHF14	582.92744385128787599	433.70188512526669911	492.69631964635738086	489.80320442583268914	261.18021293843509056	617.30360732311055472	745.00820371646727835
PHF3	219.39252104624074491	208.33765436892613820	341.44879187648263041	194.10842881917784553	327.21397059735915036	128.04155255988354156	430.87885445122003603
PHLDA2	417.09713953118045993	490.92365219418803690	416.37579388805272629	692.48755218916528520	163.96197246846386975	183.82562365188363174	376.52084316866591962
PHLDA3	834.09930124690993125	211.08729524242542652	521.89198927129655203	233.49260267331700902	412.91273346963015456	537.65284613938308667	126.22186775036389861
PHLDB2	210.74908774936935174	140.90575846195747545	344.51178630958406757	320.42337827270773687	94.69725313714762649	341.31994061375820593	0.00000000000000000
PHYKPL	195.02216172696375907	178.03529293468002948	231.62997469180973553	162.61168185821634324	161.04004433402644736	218.30275086123509709	133.54960088587137079
PI15	49.16763350532207966	163.64117705505012168	250.69019485151051185	398.80701023411921824	237.22079101177490656	58.77539354836618202	0.00000000000000000
PI4KB	198.69989052709999555	134.75018410537413160	216.83103398782589011	63.31824384536102457	40.22422097916892625	106.28459791889316932	422.81320173216334979
PICALM	420.99803541767323622	486.63793265121688592	359.74657027723088731	704.37064017236639302	518.63687134703309312	151.21168784808270402	863.90958610590826083
PIEZO1	145.56702861278196792	82.46897019625890835	73.91094840937935828	34.89162623400069663	49.62596947524258439	29.40185326276261435	997.78795707093752299
PIEZO2	403.73361791707992552	179.78061604368980397	95.25248012234973771	140.69420347284366812	249.32244238377913348	358.53221278260224381	2002.79108698314780668
PIGC	257.17126455980712763	218.15999206078794259	252.04617851036400111	159.31929641476082793	201.58951450596899235	222.74072249975225191	0.00000000000000000
PIGF	159.36375145075001569	99.10307879810167719	175.42171646132649698	103.11238633882891236	156.25856791685333746	275.21105116493373544	318.99666762462612724
PIGP	240.03737117759030184	309.51707264274665476	232.79061239870924283	185.19107525091362731	96.79118681275559766	247.46759881678084980	39.91818774146911153
PIK3C2A	160.46486463766876795	164.00250964364929018	98.06074352872914801	72.04022379482420035	28.37807863144268339	53.31401017379139518	691.44014443543505877
PIK3R1	300.58057084731495934	306.49371713521247784	351.36849581293921574	199.56457083221647508	305.49201343322590674	382.57634640189974107	0.00000000000000000
PILRA	3.46158009052331339	8.40756121509068777	6.23731134136373999	2.64157356832647050	142.48506217315642175	0.00000000000000000	4.00078757841078758
PIM1	575.97429925959295360	168.29816666993986018	733.44152707263538105	263.64907064585474927	507.83976282578373684	1021.11427806658821282	179.47092957740773045
PIP4K2A	107.46039774755823260	136.94298911904641614	117.25255593334152593	138.96875406446423540	201.48124096632474789	113.45172145202185732	0.00000000000000000
PITPNB	234.34621445515622895	311.39306778578810508	415.69339268562066536	267.11820604826988301	177.66698351183595150	304.01048328971461387	270.21478929246814005
PKDCC	130.76802221378369495	128.06091168656604395	42.96913010479453732	71.53276148901953491	413.13715173689007543	121.93285900563449786	170.36742905594789477
PKN2	176.04856656065251741	239.89782527859219385	209.37774820282552923	202.08200864129963747	103.67043798352941053	237.24876741725381635	215.90980463493309571
PLA2G12A	232.03887996413862993	234.43813327934566360	341.19907610493800121	234.46147402455724773	212.14784231954448046	264.35610821990883323	110.43190712713956714
PLA2G2A	393.95736536472026046	249.10334513243952870	3683.64278537570362460	695.74847868634367387	331.22388787047651704	7056.84130984644252749	0.00000000000000000
PLA2G7	11.70727702413013738	16.32074482927122716	22.50651617303497432	3.97924838951817206	234.55232794446558842	0.00000000000000000	23.75249125097841230
PLAAT3	283.01672595058641946	387.94793730652702379	283.79520660313619373	288.25025575705222991	149.89848355029224081	274.62061062917859999	566.41620861690137190
PLAC8	39.03857074739875088	24.73342521619728274	30.27864536685865460	54.80650499627807193	316.61573251046525002	0.00000000000000000	81.55152719872862122
PLAC9	787.32777835224965202	1896.64768129886488168	1417.88572256350926182	2629.34350220351279859	841.06454186542976004	1230.95556686718782657	1041.13274477046206812
PLAGL1	327.30788838271524810	209.15744744128625143	134.15417140655881667	252.21484257484266323	53.18406395734462677	291.90646056718662749	84.82940311360032126
PLAT	1139.71953452228649439	704.89702867617313586	654.41259399261969065	373.27929577339006073	267.10830411636328563	476.31223811048437256	0.00000000000000000
PLAU	2115.32410883785541955	453.07167602484736335	926.61033953547303099	149.37096472197370645	934.72432188249979390	868.73505244234524980	0.00000000000000000
PLAUR	1019.38304836100337525	373.16052305431384184	1052.59951156280249052	263.02414309513670787	1968.68526933531506984	1243.84636872845749167	0.00000000000000000
PLCE1	71.80979542204819666	443.90566355194692960	126.80451006337592901	240.95992432906834324	89.45062189856113832	14.39847888503287443	319.40325627676645581
PLEC	537.34512959972846602	386.02636310516629692	236.06206511503899037	345.74177584944726505	639.46958320525129693	501.29462440398276613	132.46232326060240325
PLEK	10.88113275260042556	11.76151418518913339	47.79784500217798637	0.00000000000000000	303.10246647533784881	0.00000000000000000	31.12341356716158813
PLEKHA1	138.00596984219387764	148.16515327715163153	187.46050930458159200	138.05255399005457662	66.58621221357891784	198.66379644411424010	524.84596460330305945
PLEKHA2	117.76074832145958737	330.38998176668837914	156.50753064351741273	102.36087815081214103	138.40887382364149971	214.01721055986914166	0.00000000000000000
PLEKHA4	201.98375329860294869	191.68399681047984018	241.68142948014022409	269.57201147122304974	226.81662560771624726	313.15029406794911893	0.00000000000000000
PLEKHA5	309.80947946833111928	231.02936380187722420	192.69830662153967182	88.61594930813534177	140.17505509054453228	340.64276742160711819	0.00000000000000000
PLEKHB2	151.14469301429483039	279.42686361173576870	176.58322260863377551	182.07089134167361522	393.47557056320368929	170.38262414420856317	213.75584362598036137
PLEKHH2	315.67129206756089843	273.44972413999943228	388.84409344453825952	183.12353951833372889	172.66252147757501234	991.29706016306772653	34.24502368421648413
PLEKHJ1	366.45990343377263798	321.63166811808645207	457.55673584765008854	484.25600094825136921	284.13504267864971098	293.44620773259009638	229.95000002887084634
PLEKHO1	461.38192607616480245	356.46840781446417168	149.48918121656481617	384.75944419262731344	338.57477662492328818	114.95084689256542276	652.60120742151286777
PLGRKT	511.32992604749057364	198.15469270867126284	418.68560948744521966	400.23990671588444457	306.30623642650772354	308.04395637624008941	577.66911257722608752
PLIN3	780.08837826347530608	302.70534466417745989	916.29937364795466692	221.51136596395929246	447.48160644477826509	487.53288468102948627	466.66008621662808764
PLK2	403.65678899734228935	494.32987804554653621	159.82077265694394441	44.21831386507585648	90.15553638551551785	466.53062199624821460	0.00000000000000000
PLK3	323.81896173344347289	125.12478882275753733	297.00849838651481605	54.14809835662830295	198.10489092636049691	319.06687953242942513	68.37864767372099095
PLN	361.94580724358763746	209.40352143892118875	467.51693889657684622	2122.09461495388359253	257.53821583751249591	65.21652065733796633	187.06649847349896731
PLOD2	1189.55305426027143767	460.09348689108747976	769.31557687557472036	219.68492895794187802	421.91227698287679004	806.58961374303180492	714.40461189661743902
PLOD3	354.17099372198566698	400.31236855489225945	323.00240067645506770	208.83458348013320460	429.60942900030272540	247.14319143226194342	0.00000000000000000
PLP2	1377.54350142115799827	586.85142330168071112	1842.04622309518390466	933.03710434627532777	1015.22945346842163872	1037.26936401540842780	0.00000000000000000
PLPP3	346.92186884293408866	296.43193138762541139	368.68092622628387289	389.78912432255236808	336.24126266839664368	756.72012619220470242	730.69345695658842033
PLPP4	421.72045941285745130	23.48200703243341891	91.86758258781755160	0.00000000000000000	165.72524495217317053	41.37947426939174278	0.00000000000000000
PLPP5	411.29501856742945165	174.60823733432050631	226.27426045201627858	114.53085757146817514	147.78007782036308981	230.19675900702213767	752.76420520165356720
PLSCR3	295.03845035100130190	159.04368554051916362	171.32349703977479294	110.86515994990664069	193.52662112473925049	166.48451632568264813	363.70913957349881684
PLSCR4	439.20456423339919638	247.19491071866104903	302.75844240480142844	127.54690171622834782	91.24809858633678061	294.30708393321748417	1366.86355435614996168
PLXDC1	231.92307118135769883	1371.59133144118072778	336.69061916513834376	485.22267697558925192	262.19587047843640448	46.32695025635356956	0.00000000000000000
PLXDC2	1604.99923423349878249	285.39464402758625283	656.57762510674285750	91.08130949029714429	1341.97182238495838646	1564.15733776048273285	535.06303297680869946
PLXNB2	404.15900469727773725	351.08841554417756470	290.63243954841021832	327.59427110708145392	390.79568455899607216	323.65556907694951860	321.40537576386685714
PLXNC1	239.29956786497828602	45.54249532785551224	106.39806928785446871	7.73867586771760418	432.91113514683553376	0.00000000000000000	184.54117590375153668
PLXND1	187.69054977741444645	487.62480000129795599	177.30184193766385192	198.62365735261019495	106.17779275836633701	134.06563572966155107	133.53006595771944376
PMAIP1	76.47095126565098155	105.26181431334559591	56.76562501047609999	17.83142462116361315	194.49627815607809111	45.56086551816837726	320.88573060860670694
PMEPA1	591.23227186181190973	759.71542195574863854	425.27287836805066945	356.12895963884938055	215.06439110632416600	392.78201402237698403	0.00000000000000000
PMF1	422.16302146314700394	351.31500932010169436	460.45075765312100202	485.01159030363470492	370.59109781878413514	471.92859889650509331	379.21196882490477265
PMM1	293.92593382113807365	356.82849658034865570	245.89518093680436550	212.41094530596282652	96.33955837894441743	182.65973023295396160	196.67527601679282157
PMPCA	233.98330022109968240	203.40869762883204430	155.28373644711317070	231.33447925466978745	272.12274664085947506	251.00709798217394564	0.00000000000000000
PNKP	201.68953237568570103	227.16508354617207033	235.10776157454085933	103.55113577087026044	277.37041063535480134	171.84500391031446043	401.78356920025885302
PNP	57.76189200202821183	10.46769405846911916	87.04066351562092052	59.94273054452303029	118.36271607529802452	24.06492727057526082	483.26416011217349933
PNRC2	490.31340457470355432	452.91204677942306489	449.13504790830654656	442.33072475861700923	224.59646880628582721	616.11878574139097964	79.97980678219407480
PODN	801.73205779465479281	108.48852043057745220	348.69383952125650694	376.68405361873385573	118.73799269804632672	701.54875447698509561	459.89417954207380035
PODNL1	823.51080610373116997	57.04766204651450323	183.15053213158864764	154.39533168964706533	335.52440233674047931	321.35668139073158045	37.37562489152022493
PODXL	11.25127375252829509	2.08457902306332565	2.84110196742969245	1.38396533058186155	0.55138690731159479	0.00000000000000000	205.24242974319022892
POGLUT3	342.39897832574769154	273.89982435038888298	127.82857321391881555	150.94309697984337504	52.24704357129847665	178.54644190404661686	153.21221201974572068
POLD2	272.16278624980719769	329.21265563581323477	870.75513055954058927	196.99315958902272428	247.66740892706306454	396.97674152920711776	168.37377359836679602
POLDIP2	399.53286002795135801	313.09886365383522389	325.19629276187623645	214.34229543121494999	184.10134653735144639	359.21118586643171966	340.43329140263136878
POLE3	278.53537573010800088	214.07782768212464930	288.18483821003115963	280.08031470161364496	222.82444064734372091	192.25355167116376265	943.26639339035887133
POLK	162.47402571716830266	185.59495684427028550	108.30061154901011378	200.54725707581891925	223.76802496850675084	118.41515137054994966	629.15922698464885343
POLR2A	173.97458482768226418	173.21490820624717344	151.19362367743701725	158.04867398909522080	264.54605345419059859	274.03469121585578705	175.33108666203790449
POLR2B	276.98992328135489061	326.98679800300834586	247.55510330532445096	177.36884014779397489	159.42670496128459945	186.03225068918251850	474.40219677181727320
POLR2C	486.50784997894277240	340.95390204882068019	431.47437356099521821	319.32596879681648261	180.18304924698014702	363.66143090874538757	33.27332857265117383
POLR2M	164.62006222171731906	133.24741531850941101	81.26335223653777007	47.51257257741858808	250.96616807698202933	142.72433647485803476	0.00000000000000000
POMC	18.27471169713082233	16.41270328439789239	12.86934496616196810	65.33074300369349885	90.19407116145367809	2.69200162209602745	140.89826153695619837
POP4	294.93369780107360612	350.15906898424037763	243.58064076213966587	368.52378055892882003	229.41085196182675077	197.19422791212485890	0.00000000000000000
POP5	235.45732803685305612	261.54718104381538524	234.92169483659461093	118.07670202056424102	95.20700649116557202	282.43951251602237562	241.28357814622228261
POP7	436.13293528323271175	329.44701247214044315	519.92157251766741410	285.75651373783972531	358.66098091309390838	449.74870588717334385	20.05125232661572099
POSTN	14690.12090755179997359	1580.13280777433215007	3162.07706408352487415	251.58543840447552498	3260.76651024231341580	5126.61376411171568179	0.00000000000000000
PPIE	285.23979900855346159	348.33326411302255110	372.76154367144755497	232.93238333099867532	163.96230346781533171	147.40086767500227438	90.38324323396413718
PPIL3	180.83182599158109838	319.48822677714031215	282.70678504110907170	184.20970322053662471	80.27422818677476357	211.47040239881098955	0.00000000000000000
PPIL4	340.73702135350811204	408.30365130932563034	302.45981976253915491	238.06288512742952435	198.63066626591165686	389.15645159226380656	0.00000000000000000
PPM1F	77.05285359702527614	129.25865758225748436	57.07498884527804250	26.61793245202819236	70.41959668581426968	0.00000000000000000	612.95617911715237369
PPM1K	163.62530631505865131	316.45045698769024511	134.09392960057431310	128.97299926554120475	58.83841564414783676	203.37368699226777835	166.37324717737709534
PPM1L	21.22913872478769548	102.67923980506397186	26.41906465727120334	89.09458696964486535	62.56092207754938528	3.47963689978575275	211.50752493052462455
PPP1R11	410.87199847184797363	274.51440199288674648	410.77638195976265933	286.11491533550895383	189.66407075823806849	158.87904402643161461	228.21584573402768115
PPP1R12A	525.44886342182894623	1168.30654090898133290	626.12217924435674377	850.08608575543280494	437.12682341086372162	368.73056322975691046	431.87306973202817062
PPP1R12B	110.10114563036384538	261.67975137409496256	327.02586851540092994	703.11177990305554886	156.63499955069326575	260.69048991739629173	0.00000000000000000
PPP1R14A	1240.19519746597529775	5483.60950456433056388	2150.78408419124798456	5443.31600290958340338	1588.88909429373165949	88.72221012680969920	2454.23447845931150368
PPP1R14B	243.51942390234930258	270.96586247133478764	303.10848121532762889	87.43977433704546343	351.43607938647681976	266.77138698354860935	0.00000000000000000
PPP1R15B	88.17901254000126698	102.48289325264180150	78.93569938446432843	120.85256687773873807	202.92005099583249716	167.83847145463013817	160.99487371832680083
PPP1R7	398.56572152518634766	431.66201022029929391	454.51435735386723991	552.06064754749513668	479.16230202829575546	343.07066508702064311	359.84838296250916301
PPP2CB	223.99653373080610663	236.08546622709661733	211.70037852141675216	196.79649101088944008	190.35401754103901339	255.00206681278405085	297.34159294080859581
PPP2R2A	271.84224182717809981	402.15690099965951276	269.30019946705778011	130.67072806628604553	414.01351023629541714	209.76934842514557999	694.35277238882622441
PPP2R3C	186.72055163215668472	363.97838080761187030	204.85266810572036889	244.28735621563109248	236.38232935036623417	159.48448470454471249	154.20029197824942457
PPP2R5C	237.93661780939922323	307.68000154623086928	237.39136440881625845	163.97151440420094559	243.53517779714781000	255.27332989424016318	562.44862914196755810
PPP2R5E	249.90668382623073285	364.13137503283081742	237.28168773647848866	177.49777476355356498	211.81819398412949340	161.33281718475458888	732.19947198968714019
PPP4R2	344.81756779269778690	297.09772437928370437	284.52295886741563891	227.72950260603997208	530.81530170595135587	214.48618363090139383	263.36361846927047736
PPP6R3	119.59712669542689412	143.05953567682624339	158.11459718044352485	65.84365883132431918	153.84613458682920850	166.34375680994810409	103.91253477540017514
PQBP1	356.32277072604620116	348.66593473956220350	407.38155265076233036	371.55004801977958095	214.03855196183786802	302.30108463221557713	56.23269546863344459
PRAF2	679.57675326829576079	382.25908476906505484	601.23369677636333108	408.52252898715335050	369.01930078957366277	276.43177668309004957	832.43871504746869050
PRCC	259.38056022907903753	199.51365433262637339	227.09873482311564885	160.61343827914117810	187.79955777753946222	168.13605677002863104	26.06705364785477386
PREB	315.40605860569434071	223.82052257102469639	252.52896847294084637	104.68547939046268880	105.80882719060342367	325.32430694126651360	0.00000000000000000
PRELP	1797.69101182138774675	516.71000051526584684	1075.40157394758011833	707.87413798176430646	858.91965710932004185	2023.97536264828318053	0.00000000000000000
PREX2	10.72816789487163547	54.76775942295962807	7.34984161647217338	5.91700872243030673	5.88467613511206622	0.00000000000000000	431.95295259761218176
PRG4	271.44237001453427638	37.09740522376085181	293.28556431894128309	2.29614266807646317	44.51050632426689191	1369.72432111806188004	0.00000000000000000
PRKAG1	330.60804103697171286	326.13255724382241851	294.95592372977290552	309.16310833043149842	178.23818251074075647	299.75732736600446060	175.80984057509371610
PRKAR1B	30.32542536828304947	43.18229324559880666	46.22908813853752008	94.49551085001996853	62.33801281771643232	0.00000000000000000	649.42946177672286012
PRKCB	19.23158523213785287	82.13531767726368571	57.60212575759538112	33.95616290679923566	206.34632643140056985	50.58726214605479754	0.00000000000000000
PRKDC	284.02160475492024716	335.89549123905618444	248.15394812457464013	351.54773919512399516	439.28776753782454989	284.34518183646667921	181.92986230344811815
PRMT9	99.75095094071488688	122.20131070754810310	48.85373442371542296	57.56887831511534159	162.28037442649491595	26.02314124655464767	79.97375576427953092
PROX1	10.95217950673586316	6.82544048228027478	12.14062569513827405	11.91420575589352637	8.03012149366351125	0.00000000000000000	963.89547661723793226
PRPF19	180.89000670142584681	308.07386055418493243	229.11675087698964148	262.97857724543348468	192.60809216996759119	258.95498880546449527	382.46724022596470149
PRPF38A	224.27957147724055176	242.12114364673141154	267.39535834610728671	223.70383749968323173	215.84775365396833990	245.72009719611941136	0.00000000000000000
PRPF8	256.62545005158375488	279.38243326761300978	277.24995147027124176	211.96118672162896246	206.77628253937936620	320.35137328178763028	150.28645386520125271
PRPS2	308.03417915711554542	180.49561822849432247	191.08831762981270685	128.53607167351901808	294.80668058236165052	130.44964359592449910	0.00000000000000000
PRPSAP1	303.88866499128869236	230.89074236746213842	242.70821365969393923	350.55049381077878934	97.84194812836963706	31.87267618498097121	768.58990451252975618
PRR16	291.44333977783543332	431.80343462135226673	227.69752246848344157	160.23845318459405007	176.65814574772500123	0.00000000000000000	235.45601389179418561
PRRC1	230.36229041750817714	236.60499245930458301	223.29806927480009904	193.34502536139686413	319.61087421192559077	126.66384970981805225	129.43835659137593552
PRXL2A	279.72273023690235050	521.47560362041849658	250.19561050084308818	68.14528942587382687	228.12015903273717754	415.65745658851739108	1314.59496503681157265
PSD3	326.33283798073352955	159.69731442216624373	85.33354253994468763	56.06695289903218793	138.67092422819325748	203.29766875252335012	133.11918636285241746
PSMA3.AS1	0.00000000000000000	0.00000000000000000	0.00000000000000000	0.00000000000000000	0.00000000000000000	0.00000000000000000	0.00000000000000000
PSMD10	142.22642679909901631	124.63027985836527023	153.24644185338775060	18.26552273859982378	261.65531193960441669	151.79667380135529697	81.97320221791298422
PSMD6	328.63924039302958136	431.34541971992894105	370.03024053187340314	246.90622502230604596	275.05511432281144835	131.72520411101646687	201.25393896466215438
PSME3	177.06147790682925347	238.75184149239126441	245.22032528531835283	120.80144553763494741	603.59643008534226283	87.18894174772560746	149.28495093935035243
PSMG1	213.59376106063837142	199.26775494908881114	308.12100828904573291	213.00340462943438524	110.50669033365346650	371.04085403611401262	0.00000000000000000
PTAR1	157.87753074696291833	134.65568181503826395	107.35837785129673705	61.86517487602358756	130.44046730553523616	216.46717967029246665	54.11294518305862766
PTEN	366.63701961595660350	841.36238769220358336	413.77782040497129401	455.98485520161005979	352.95278535745791260	273.03670119768577251	0.00000000000000000
PTGDS	3960.01002853371846868	793.94983632345690694	9043.86077969181860681	1001.52370337993784233	3118.74324675946218122	24153.57120513781774207	0.00000000000000000
PTGER2	205.85748784883122653	27.47069253994346738	130.39973721500408033	41.71504286107813186	273.18341793136556817	93.34326569675216945	176.91298002843271320
PTGFRN	445.25481072792160830	201.68011884603282624	107.18157746555928611	77.53495598946950906	53.26279544593749904	293.24960881204009411	195.20447385267226537
PTGIR	301.89174124920452869	610.61960203066621489	273.64980538127326781	279.95845750688238240	508.47543420089209576	322.16521847933444178	0.00000000000000000
PTGIS	690.36485328459775701	72.87318602789757449	307.54503531856465770	4.39416372037139347	261.80636898113328925	812.99448905063695747	0.00000000000000000
PTK2	243.81921035487093263	741.93851811861418355	318.42129154827983939	664.50962282247553503	220.50893075956645362	196.28821203792864480	419.29417969523262855
PTK7	821.86743249821597601	339.62526674033165364	464.83628798900940637	93.66897373217643974	465.42735911239998359	763.15499523914752444	0.00000000000000000
PTN	283.26263040358702483	2774.65387456638791264	470.13946181605268748	348.09713869087988769	308.88444947275121422	0.00000000000000000	236.71903899010487748
PTP4A3	158.18967574992541358	1185.63115826355351601	295.80176664469081516	1215.56688260705709581	304.09315166088384785	0.00000000000000000	59.67159159218392972
PTPA	293.45181792342100380	548.10980358643337240	320.44402901026921882	143.13852935243738784	99.95541199194332194	0.00000000000000000	877.39874243757640215
PTPN1	185.82983546559123056	232.12642199221275519	140.71459405287114919	141.81273312481326343	239.82681167520010490	114.20211804014070367	207.03732998772252927
PTPN11	166.61203469236880892	89.83069498410579001	178.39184912194343724	200.31905933321158386	27.37441498223121883	175.64971203139310774	308.52420527793577776
PTPN2	278.04326863320108032	303.11068450179016054	395.67688680901915177	285.05338478104107480	392.91378419718307669	206.29936252497034843	1042.45574689901854981
PTPN6	22.60286763755220463	96.94422398800061558	71.44150001213697010	17.52052021088346834	215.75790343846176711	26.30840662911163363	0.00000000000000000
PTPN9	91.48429943887005322	163.71982054984570709	53.23512707784122000	111.87166331749685355	52.27195976787480447	50.56834830855159169	314.46759567558575554
PTPRC	35.13287967345453211	87.17987711836990172	152.66311382523454654	3.72131348986503330	510.39865548306033816	59.66135985847078871	11.92446045091183393
PTPRE	262.31647371553287940	223.11703202017258718	131.78894629655619042	89.37179036822615785	454.05548889320328954	123.93199228318134431	1400.62961520466137699
PTPRK	136.23531990417586712	326.21725808528628932	101.52503276500493712	92.37475320047182947	101.06844731068567000	205.68391710334009304	58.14483640098396933
PTX3	321.65658346374436860	67.40825481345268599	1849.20741236403318908	344.38334094730737434	164.69039937820195973	2899.81093237838558707	0.00000000000000000
PUDP	24.53432090331872217	26.58557522259275885	13.85081980299887050	0.98883197596908279	5.28555435078431213	56.03155741844047810	209.87825834976726469
PUM1	321.01871257307743690	225.95592888547136567	193.48193835415131048	263.32058947923167125	200.42428748257128746	315.90743539126907535	73.12904382051797825
PUM3	249.47088811954284893	247.37472622510571796	227.21556463428959205	241.36769351086360302	156.18845022738798889	218.57451950740596658	303.89632352901344348
PURA	272.23908767066330938	251.76676351537037135	169.16685355728512263	326.22945320746208608	240.78539525770551677	238.34968215967293759	86.34840347795757509
PUS1	92.01676040759238617	94.96488407749082228	113.66059950621493613	124.84895386327160338	106.90111795097212166	22.72904810113723073	332.60157222158250079
PXDN	589.96491965703125970	572.32120332981662614	215.46479746123389987	632.91416537462237102	184.04680823486953045	83.38357222737151631	443.34251229422312690
PYCR2	204.32497197529991695	302.76374051643767871	253.10115134418930438	125.65541144311808353	456.81455607049252876	62.27882070170468154	525.55978250340547220
QPRT	395.32220252102507629	312.85048685498486520	246.22653310465625509	265.96437461186360451	109.30179426214161253	547.13239338009850599	122.66721077754068858
QRICH1	152.32796056551035235	147.91578305753657219	135.45235636464158802	0.00000000000000000	34.16191975543544856	49.15784203373508632	308.07624171209209862
QSOX1	806.67298117311634087	499.76902050858808479	750.77475349436201668	338.00883688473419397	380.25654186678883661	1962.50028303791600592	0.00000000000000000
QTRT1	331.06199269523654038	458.08964141621902399	181.46415461349019438	111.97529297803453119	82.10489803809069542	211.54228116106040147	494.88728665560216768
R3HCC1	250.02814935610717839	252.48059739800297052	185.47215456776851283	157.95294722603102855	68.12710086600719706	52.33085317493797106	191.85042424595249599
RAB20	97.10539878640670963	114.53414877968404539	134.55876513864257049	64.25986702741023748	394.24413969686082737	35.55390228925031693	95.08710134108746104
RAB32	484.76879398335933047	368.83155905786571793	525.54112542817517806	657.28845691684500707	841.30079903748207926	577.18410762911958045	104.39298803703108831
RAB35	163.85620888777705773	169.45327195930983066	175.51238522108440065	29.28665863162433070	24.39990225352535447	153.98321368542821119	303.56807016301002022
RAB4A	403.86945339667391863	302.40960017277808447	596.47897859899421746	289.40075705777030635	328.13411923486205524	424.68870726586357023	0.00000000000000000
RAB8A	187.08168649867553768	356.72316890513019416	395.49989298595164655	154.46880830325247302	148.51539861012986421	200.88985527154432020	0.00000000000000000
RAB9A	244.84062350865636404	187.03029089683087705	365.39151079633592190	172.79181731474187700	490.26043052654046051	206.99965942420732290	0.00000000000000000
RABGAP1	151.61063903873358072	294.02133658896252655	180.19020717695786971	281.34622920312767747	130.63457007280763378	185.77391449042866611	0.00000000000000000
RABGGTA	82.29019113560831045	106.44854323042697786	60.52386864224890672	12.60013109382983387	211.78400380642227674	62.55580928762586268	0.00000000000000000
RAI14	491.78865854290586412	178.03618684449901366	137.78783497303047056	40.83395268633319830	251.11409391411399383	265.41606229227113545	120.01297495719721553
RALB	335.67258278798544779	249.04478373059288288	494.20655530419156776	166.79285487004210609	143.29437784301188685	240.79784733285259790	275.76245148008723618
RAMP1	1496.33120707909256453	241.17217556923938560	746.70414990847882564	762.71189732984498733	1088.82853730982492380	986.10432724062002308	0.00000000000000000
RAMP2	83.90600930495185139	115.69151272068420155	241.19657958361571559	25.88224549379405559	41.62539262229662285	0.00000000000000000	4199.77234021532149200
RANBP2	144.16401638438631494	160.80015742074689911	143.06742004871497898	262.54950526191322524	137.24758560476669800	270.22006232177238871	331.66928043054053887
RANGRF	164.28373783597746183	190.14064377918847981	277.69126225665854690	157.48466873284405665	297.09680428513411243	150.16910012539582908	113.14461526499975719
RAP2A	114.31508980728423808	208.30826363856735384	82.07718288577790133	281.48948228373478742	220.02434669098315112	86.98950559315593978	125.21946829261285927
RARRES1	4216.49110031463442283	494.81060130871600222	3122.53788943939662204	427.59115022047336652	1435.11644054996327213	7818.69741117929788743	0.00000000000000000
RARS	360.86323019393779532	354.44564882645312309	354.35114235429051632	314.71568653721800501	153.07357364874488326	360.13571797009808506	76.60050834136055187
RARS2	378.22341671419627573	218.20670537083444174	440.74702788348412241	204.45416360357145891	182.22085151595837260	253.90043925126161639	142.35989701708962230
RASGEF1B	45.72687409761470434	35.58980303167344772	42.33652583992656560	111.17094935416976398	161.44668328416807412	43.00967695936233781	280.59036172884447069
RASGRP2	46.72827575147423573	158.36938695412953848	94.11356366250740280	238.54466254085829746	41.38387366257745725	24.24497330278251539	1.47246745149674152
RASGRP3	19.37404077847563855	4.45526765374688338	10.74796008579538231	26.19089251230567683	38.08581381544206579	0.00000000000000000	568.62286231324185337
RASL12	169.78930219256054102	499.21194708547375285	364.29935772327189625	261.90315693444631506	148.47170700030395096	93.01756589939927267	74.48381766192581210
RASSF4	55.14274977072118133	187.50166415635763428	67.44226468001114938	226.20434629680485727	354.58037851655575423	0.00000000000000000	58.42737144442899222
RB1CC1	314.97469878803525489	426.98196783803280141	271.60260249064623395	103.54759006752506423	134.89085613389886475	293.09639216146081253	0.00000000000000000
RBBP6	248.19633111285014593	221.86791037943817173	306.90042138490747448	259.94944787966426247	221.12909704053149085	260.35067000625764422	614.63787056938110709
RBL2	208.99540758609774116	272.79567518054881248	227.48390584135574954	68.88414860864966727	68.75569622723125462	227.82675149573105955	270.19312956040863583
RBM22	227.00852286558358628	214.67131896346916164	271.56784267309257075	255.17959387102601454	76.11288747285591683	198.32471284470727824	311.77565569433852488
RBM27	183.09890850887006764	353.12052609740874232	303.31909692076544616	145.61532326833713569	186.72116556981444546	257.77392041298941194	324.69469545097399532
RBM6	299.64005385638921553	431.70096127075544246	263.71749022307562882	180.89296335086336853	88.97255115698062866	329.42220888433428172	119.35385901695492805
RBM7	410.04065970982759382	333.31373276440245945	444.34011860945076933	389.17120213519655181	200.67194066752142589	424.46958846745980054	0.00000000000000000
RBMS3	262.01010976765411442	555.30373653707999893	223.26595834382169414	128.51095134096533457	227.14846804481064169	406.64966674028738680	244.46780535290037051
RBPMS	616.58738997681268756	554.61212173723174601	531.95873114001574322	670.16204440337548931	326.91544367044997443	272.14093477650527575	1035.88822123963609556
RCBTB1	33.84481819497727173	75.72212223068717662	25.15048915129557372	5.59768163013834474	63.22669012427288493	77.22243709428734348	33.63262600100055977
RCC2	132.98054247121825711	141.73862636645699808	173.51362412317001827	13.71485912395873541	222.51048449527127104	13.33947711906300704	224.81004795790099138
RCSD1	44.68436292067342919	196.29743836061800266	105.99029746094753079	231.57041568633763973	103.61246904106175748	41.16655011536743558	0.00000000000000000
RDH11	426.56489477672454314	309.33361937484630744	181.19988848170686424	275.79150227398537254	119.94017352922040232	237.58910809912512718	68.59814255083379919
RDH14	290.58452195215426173	275.15184134388329085	354.44223416370465429	396.91347384596241454	189.57209077092656457	230.42388803258677399	331.28864734808479398
RELA	332.12319164862600473	274.96771419689662252	305.52032384175737434	138.35614091911600099	45.21409673852235755	179.38577739092076513	445.48998936738900056
REM1	51.32955704741058156	243.74012656107828434	52.10322361759242682	100.96687926841116223	63.04805203046122841	0.00000000000000000	71.98851860831183558
RERG	140.98106678677171999	484.53834444777436374	208.37742041911153024	313.04786154787552732	150.45371135048179667	168.17536040393255803	219.01019820024632168
RESF1	99.46213330760183169	117.89816875301468713	141.95435218412004019	36.80454423774355632	172.99034082171718296	30.66792796999592952	48.55530493012060589
REV1	121.14024369081735699	144.07665891567157246	164.66077422453895451	113.75067344672642378	138.53237365741679810	107.17895675048315240	263.59990880405553071
REXO4	147.82370345563430192	271.81565865757943357	162.24341155260876235	31.51632630870604856	234.20049283691480468	119.98069520846638625	48.05088299029002741
RFK	159.87400760617686046	202.51441208731904453	409.01653765079385039	80.44586977302896003	160.08629774299873816	240.10472644682414511	321.14829854861858394
RFTN1	221.48214391383672250	331.62665719637919892	192.79453691775231050	73.76149049648080336	102.35620823770332777	94.83783007675069143	0.00000000000000000
RGCC	1598.94240784264820832	359.94108378979808549	1656.82870468818668996	849.64573566084777667	1697.81175954370564796	5556.45240345286038064	0.00000000000000000
RGL2	173.36711949916610820	170.22550526504971913	203.75216663737788281	107.00805053149322532	141.46055968837083583	66.02034375529481736	496.15586371454645587
RGS1	116.13946311207770634	196.73448804333244766	306.74310886824690670	112.39964161360036599	1097.01810930347437534	0.00000000000000000	289.22199977876982757
RGS10	380.14281197548990576	313.91523963210863712	424.09000338719812362	199.73088127747914200	924.64496555089647245	360.66861444498834999	171.01253441079302320
RGS16	788.87322381460455745	1494.83767693654112918	478.73401998283026160	865.83168069169994396	302.20552315157175371	0.00000000000000000	1445.68034953962796862
RGS19	97.09968113880283624	63.13666871422809379	97.43064896123757990	126.35063985074279458	375.56199921872598679	11.19249817866423236	130.18395831650965988
RGS5	1650.35673842354503904	17699.83337790489531471	3699.84447731526643111	6779.62326733676036383	3028.10800593420844962	0.00000000000000000	0.00000000000000000
RHBDD2	557.63237626306784023	315.17920767857469855	471.74524666408336770	184.90172268115094312	218.04766302476016904	360.85689896058062232	0.00000000000000000
RHOD	406.55609031891776795	44.28697905009435942	253.91579263804820243	128.20791807301480958	297.31721710552221793	337.10301901427556004	0.00000000000000000
RHOQ	328.13110116106025771	458.61867692674121599	253.88641239781384229	458.51328565818516836	640.00005060498017428	239.11452031588166278	410.52005186327545516
RHOT2	266.64661958090692906	389.32338162248947810	238.60940634541935879	270.65494229110066726	225.82067128235991049	211.60173383375075673	251.19354419356324115
RHOU	80.02910354069058485	71.74536856954534869	92.54733730280602799	16.83393631835873450	10.44268781911066846	132.06865290585949424	630.54345584366660660
RIC8A	332.71644113376089535	262.79095839003389301	462.50248594105551092	181.56917468398879123	186.70777908029771197	327.04040233360404955	0.00000000000000000
RILPL2	228.43876104551731032	226.60427087877920371	392.50797039326778304	42.01090018293422190	666.44204295320764686	156.35247468927826731	385.90659030647816508
RIMKLB	77.02084549699938520	59.65325548680660717	60.71720856636644470	66.36131721524837701	8.53173066439731542	120.09295083683225869	287.41955777836369634
RIN2	771.27104364367096423	128.80862566206911879	219.98428898647975416	231.07772904339398679	325.37488901585942358	285.32541809229581986	594.49707550090920449
RING1	267.28911786538071738	300.60321558750314352	357.26008895640353558	170.60653371429449976	76.65644518598853097	355.16074751417352218	0.00000000000000000
RIOK3	179.81578137973332332	211.19955521872975623	196.23467563256963331	62.03967577579400938	523.55587166425050327	198.89787885320461669	244.11425982275653723
RMND1	94.98522741501265898	79.47293315160315785	74.91662663117149634	80.85976974055041921	379.06100019439475091	0.00000000000000000	148.59690594877739045
RNASE1	264.17275416802669952	161.38752148234314632	259.51901315334549736	208.72995758830589352	2513.22569949026683389	0.00000000000000000	487.66539818890998959
RNASE2	5.98266346744251809	5.91142527897785541	28.58881045021182032	0.78477682522353132	216.91379298464539715	0.00000000000000000	10.56134454072255657
RNASE4	649.65478841846743308	198.44999479944220866	962.68773395927541969	391.58392678256228692	128.57894481617842075	679.00856513044016083	707.98411289322450557
RNASE6	16.66206284157576434	27.54786381969089604	20.57478957298146938	54.56270080874195116	275.24226229807294430	0.00000000000000000	13.58662259961206686
RNASEH1	265.66281146653278711	293.78979045257113967	270.57762709315443317	179.15684439999816391	72.12453753530201084	243.67979302029141309	136.43296748199384183
RNASEH2B	266.05926412285015203	273.36617172407960652	258.03560180911307498	254.96383755232065482	356.38264525617529443	245.16030000544728296	0.00000000000000000
RNASET2	340.03782419868525722	323.82965034663510551	462.89842674147132584	145.42213226775749035	1932.07310279906232608	41.20511978946288423	887.10689950116091040
RND3	629.66152402653017361	357.26106022548123065	641.96827750289685355	471.78182966719430169	334.01087833516692172	656.73002185298673794	388.60119546390774303
RNF114	332.80220843266266684	345.83641450313569976	378.34002805383664736	349.78259771685850410	106.27631792404750399	254.85067566161905006	117.32311702469834813
RNF115	346.06757097143770352	296.95444508545347162	401.40388136347331738	219.76092449146162267	259.72037782843767673	284.66410495826698934	0.00000000000000000
RNF130	396.56055706614148448	336.25150353511202184	397.81449902410008690	259.84774952528226777	1148.78706389517333264	415.20375642084923129	242.46700062366701900
RNF139	159.93853530919108152	299.37379169993261030	120.01296789638287521	63.46050820341528720	110.30062124051183048	115.00421135843053833	114.70544301105827856
RNF141	96.67492464746506187	93.06690183614784928	103.31884550831044578	115.66224218197962159	213.10019841655920914	58.90832433094445264	23.39364154512374583
RNF149	498.26201957316538937	266.78843602506105981	412.57481632057726983	119.74979407657724551	1009.24665395518184141	465.63298616578128986	0.00000000000000000
RNF152	73.24348166881794953	336.84809232537452317	89.75776263051231751	151.34344126340405978	130.11682874257840581	31.10220709606595690	0.00000000000000000
RNF19A	148.94647153422465635	173.33162020840887863	220.44574622358024385	91.32491311106467435	278.69963231643174595	277.40532137411764779	0.00000000000000000
RNF207	97.61708587334484832	61.59356599693762746	79.62174695024420146	16.33925307763757573	198.44556550979626763	60.16672371705642774	11.54303401034568566
RNF213	406.36291499092561708	484.50854648303362637	259.43047061729345160	272.80343458474396812	315.73245355902690790	228.92739977273217278	173.68059035472549567
RNF24	264.23418857896132295	253.06598897812614268	215.73875062366266775	100.13415441747760326	98.75407072047239865	357.27585432595003567	0.00000000000000000
RNF38	57.60056143637488901	59.37361392125070836	35.78234829612635082	56.37103632199313807	158.21761572160329479	15.80400551113839747	617.94766661139806274
RNF5	384.16235511837209060	794.87530691455265242	268.15557170349796934	525.83138807066166009	358.39308685007443955	272.70254332689466992	236.25566823444768261
RNFT1	105.03214680103931755	132.59101033763337796	87.82992988440534532	48.87096962060721950	229.66427022881694597	82.89670232129533645	104.76837160393823467
ROCK1	442.26339280844428004	592.22575004719624303	483.91726575091519180	777.83956330316311778	695.27102433587469932	626.83830655874317017	826.06601311373810859
ROCK2	244.23660476789484619	445.24559626035591009	228.25762492993595743	297.31235556313748702	159.49926773819262849	227.85524570207331863	82.38164330801771484
RORA	387.98765792494521065	144.20904803630833158	341.89348664918270515	98.14606305544359088	109.01332140088531730	436.18502740137745377	127.22200653297235817
RPA2	440.19126800311255465	292.46442241611771351	395.43965492351185276	153.21028217477717703	183.18124459173014884	411.22014074226893854	0.00000000000000000
RPAIN	386.51086479498633253	386.83161318497150205	443.58496381389301177	308.68351828037498308	177.58217210330522562	436.94267467988527187	543.16941798162667965
RPF2	314.91427597841584429	277.57494394050013398	373.15013880497178889	289.17690583518253788	129.44951262169047368	383.81264866823818238	753.68803098092803339
RPGR	41.94253545585708309	45.06081258389740185	58.06985941446381361	39.96107842504402896	96.33296384897819564	1.52658815366242973	765.41098222060406897
RPIA	150.10316844659303115	139.60027475984628609	215.04073327095326817	105.66743491588361792	335.47400187089328938	174.14339281126098058	246.09134474481186317
RPP25	208.00728160937492817	65.87161702369421334	301.58808892000109836	0.00000000000000000	552.50476815335002811	0.00000000000000000	553.40725919121496190
RPP30	322.26837952663470332	282.39857823129631242	331.01305957262951551	172.73434562047944496	193.14199040120848849	97.87675625692602921	294.88809509684335808
RPS6KA3	116.34703077623348122	55.46209764897538008	74.63497917320064801	128.07780930147566778	317.03893514061718406	185.12572658025854366	158.22113041536925948
RPS6KB2	226.64648267318449371	385.81437704428151392	192.46254058025618860	343.76058180237532724	273.97248281015396287	186.36424050152479026	64.58014696024361001
RRAGC	253.36667307361227586	217.08936347575331638	187.11221287179409956	80.92344979728017051	180.43696524235184597	222.54812588670327500	398.19747980010055244
RRAS	471.33587704230154714	580.02059095484048612	332.72879133215309366	554.82667340187049376	200.90147339122762560	306.47943388396021192	220.88284970374860450
RRP36	138.12852494520126356	142.69188814374339813	69.99320084504132922	83.24276771622197657	55.03269537807559431	85.15214474054796767	317.87587962326892921
RSBN1	185.86972815899451916	174.64314394946674724	112.89566674459038609	146.79684300348154125	170.41815763121437044	142.23285494162487907	518.55930364278094657
RSU1	570.34423692665575345	936.97674235285433042	660.27656733283970425	828.55402928231774240	357.19866149831921120	400.04800223535750092	337.04274735792171214
RTCB	391.15297301980126576	331.38948062157953700	259.98236460743430598	543.37232126816206801	251.03432095211431374	323.34863992048212822	35.36145586173420696
RUFY3	223.12873723152546290	241.47900902798815537	78.45728467758509339	197.36517624330258514	259.39506425213716057	224.42815300897737529	0.00000000000000000
RUNX1	916.60278303216762197	483.60622689401054686	715.34563646877791143	203.18281540681476827	550.14740030605321408	814.50056662427903120	63.63708096569429529
RUNX2	320.40567029524038389	36.94382708775598445	196.32309258982189704	0.00000000000000000	119.56793670770126425	96.98061798188213345	0.00000000000000000
RUNX3	14.38828562275784506	24.61855184481218473	8.64969063301455776	7.76625139800990194	193.57234749917068939	0.00000000000000000	0.50668837162872593
RUSC1	217.93194156536921469	225.68870225567465582	178.71613426967067539	83.18249627253693745	254.33234622262287417	63.93307716587992928	0.00000000000000000
RUVBL2	290.54589961621576322	482.11685732063853038	306.42061883432165814	303.21799960479688707	161.72313707085095302	352.47875660715078538	0.00000000000000000
RWDD4	245.25532919994094527	267.51933246525675258	242.44787792445319496	393.47747059712412465	209.55561568110334747	300.38170291890764929	242.47323825084725968
RXRA	119.69861668130764087	120.22457737182503479	83.23043220873819337	66.85476311617497913	166.17492763577308779	65.97293540183513016	359.50537702125791384
RYBP	164.46808128532924798	180.51974079402336315	191.40981368060315049	92.28660087748296803	267.12229740203366646	320.80362834058354338	399.46072994816046275
S100A16	3147.98924330617410305	549.02389738120848506	3036.22093301255836195	447.83229173540661350	1158.46521070200333270	3066.59654763664684651	1446.56845529289853403
S100A8	89.75679333763581269	154.03101488754597881	286.63829770488894155	22.29512158228708074	761.94491122509509751	0.00000000000000000	548.57800767472110692
S1PR3	189.67504434690758330	611.31451468946784189	301.50154806389974738	140.93166277128599972	184.01193852390835559	96.78692068547523775	0.00000000000000000
SAMM50	300.21770076161226370	250.25935011329900703	319.70008138088985561	199.12511530449165775	180.02316702259915360	379.17611482171855641	453.90868249393690803
SAMSN1	15.41844439821455381	30.61325916623317411	66.71433510267065969	17.80532524045378295	277.42516369828956613	0.00000000000000000	30.91985932415807170
SAP30BP	346.54305918657195207	351.73226397220190620	407.30135488106913044	324.15588393925202126	186.07396745860918941	327.02429298777246913	602.81598165494472141
SAR1B	372.61949339207637877	427.51655074290920311	350.89645111840263780	402.10780234447031489	238.68067607805471653	385.37466943068790215	41.71574497267543080
SART3	109.53052847969982508	84.45255883538804653	125.08127769357051307	65.69685347686341004	296.01494460036775536	61.09888825456817329	337.75516132793688939
SASH1	87.71158658876618119	300.32665439357117521	77.12047542254447308	230.79319246221476192	263.61950451564553077	48.75559881901508419	352.81380235162151848
SCAMP1	254.14822987225608131	249.48376831211868421	178.50614760812547388	196.67540905278173113	176.72227825529620304	107.29837336423183558	86.12956638978569401
SCAMP3	262.36660460798736949	187.70274256101521360	163.47933133406635875	64.48114767747372866	392.84287379507344440	200.37533816776652884	426.27890516579759606
SCD	123.90188479260066856	33.10721516104276674	85.69978558010754455	20.71464260352085773	283.67725366866318382	19.77740468250656392	136.58676996486829580
SCFD1	296.24976151210893249	375.00091549086590703	385.42086892496263317	226.51566778355413589	228.35390310365113464	273.50798935098185893	0.00000000000000000
SCG5	188.97599714447730435	123.91637429251159119	259.30743534220863467	168.94351180692859771	695.86305161422001220	50.36414654636668331	276.89230511695694759
SCGB1A1	176.51832829336535724	204.07519149239030298	321.76121466954958805	544.47308060989473688	62.92630805672789052	301.01830611964555828	145.96831756594403373
SCGB3A1	115.52479251469078747	76.60286616009705085	297.33811969778497541	307.58077181679055911	39.17370970444515166	381.72046475484080474	0.00000000000000000
SCN7A	293.12306043366822905	355.29501173667387093	256.12525389203392479	44.67197824974989828	215.85203671020823890	929.62089466534848725	104.29081906915548927
SCN9A	28.88591695835420481	7.68164788980753688	49.33956204131187917	39.76710384736942672	6.42627414751932236	2.81951234866706590	677.95765247568454015
SCNM1	267.10625261372746309	256.27234713405022148	304.99357709708709763	375.50084859397031778	155.74021715309999081	155.07360225036126167	78.38799297351175710
SCRN1	65.81134504704479582	147.74695392747699429	89.59940470664723478	15.92706556210195856	77.96299795350938666	0.61169045666883948	317.37966802344664075
SCRN2	232.75869679309820981	136.75183978273790331	120.54652899608912264	56.06174156550094523	461.13102046878293550	0.00000000000000000	220.18716197442734028
SCYL1	333.66556249692223446	180.94903426617864284	431.67514039318592722	355.20625943528375501	174.09596159893592926	388.54614876920686584	0.00000000000000000
SDC1	434.06743567845899179	134.96374421663477960	216.13079316761516679	191.09278338726142010	124.27533197225648109	132.03230649112245487	0.00000000000000000
SDC2	1256.36415818103932907	1830.04766633155054478	974.36837551368660115	2467.51681704302563958	923.43366047516860817	331.79906056094660016	460.19632338109403236
SDC4	187.16146850813825608	137.55853233081103326	222.45317696351372661	124.41126000049791855	326.11058108327631544	421.28253445327788995	68.46048829645991418
SDCCAG8	194.24787959821688332	219.79419466085420254	146.78586033955801327	220.38200918330011291	377.84492212143032930	239.74511048706580141	308.53855820569481239
SDF2L1	614.01953385089018411	592.94180639658657128	537.30692161077604396	858.95287921314081814	611.31975538307347051	587.59850208557600126	385.86697365770470469
SDHA	379.33388193720855952	621.62915005867921536	515.95008582457444390	452.27014257176710998	215.30986891281563089	236.34903423501901898	400.67809293845840557
SDHAF2	319.90954783734861167	318.94818636869746342	338.59959104862741697	380.49524424588133797	148.03104064775658344	122.47890036651102719	502.84490474464325871
SDS	12.68619606463981597	8.60898472182755725	8.91854082115678004	3.20225324567110192	131.45498994864831843	0.00000000000000000	0.77148403093197082
SEC11C	182.52850333824520135	202.56733455274462585	294.27364196885298497	436.64238747685516273	247.19945266142843820	169.07694565778393780	229.77622820238943291
SEC23IP	151.50893134406086915	119.50829364702178736	171.55020817847457693	116.73634179123462218	135.22561747833967161	258.73279998413369185	141.34504229288762645
SEC24D	422.85935651090733245	255.87747314077668648	267.91100117388322133	221.73380180743106393	210.41435812270617589	218.29851309209740862	216.48595108087428684
SEL1L	215.17549017634564734	313.67837204849899990	130.03442184381367497	154.55148758808525145	220.71878295266290593	181.72122284888936861	136.96056786795682569
SELENBP1	208.79402575811781162	361.47694376396196958	318.81132012032099965	196.93454421826709222	96.39519606450265599	299.78307747319200871	150.60128517755811117
SELENOI	53.19352294047720164	34.92125059535341336	39.40876786003369858	28.83243531384579939	80.61060599559488082	35.46165105244632088	285.27688025840933506
SELENON	276.16824709104747626	279.97629149878758881	148.00075488924088063	156.97151559980127900	230.42429252831149711	135.36541428944056520	1069.22290734573857662
SELPLG	10.38216363960253474	10.28508566039716499	37.75486082309093661	6.02636851305072518	117.93153581480385128	0.00000000000000000	148.89370696103782166
SEMA3A	77.11155695106486974	44.98575430270410180	55.84476715744994380	30.19796786705415670	55.18072469896934251	0.00000000000000000	1474.80922021177366332
SEMA3C	313.68133977523388012	66.14988520135857186	106.00203748961588701	40.76502388529355159	297.33975258976346367	407.64772357661149726	0.00000000000000000
SEMA5A	90.82849863571027527	303.92241696756889269	90.63992307681618854	206.04041483894212661	205.92837532828593794	34.62519855912101008	71.02069741691239813
SEPTIN10	240.06651045964508739	275.55828682108443672	315.59462911612752123	349.26131092350755125	70.62800875604877149	239.67225128047485327	969.50682863341967277
SEPTIN4	264.04498917035681416	1130.09882010750970949	347.08696018302714492	828.03010188136340730	182.92639291551066094	13.56068460843597734	310.80657606395885750
SEPTIN6	212.81519069264726340	302.33348171640648161	153.77789355283542250	193.35155540152581466	451.89298755756516357	0.00000000000000000	459.17194665671240728
SEPTIN9	291.75731830075352491	617.54190468423598759	325.78519060766973325	302.78074146623629304	316.73096439725276241	334.21547500825880661	290.64599174297796935
SERINC2	413.25112208890720922	50.45292382625361682	244.83906029423340556	2.04912178260775102	195.30853934445713094	218.47054906619058556	0.00000000000000000
SERINC5	282.01222495750232611	133.01484883753937538	285.82334418278514931	116.49850581667985239	266.38258024871328189	462.03529583063090058	17.56359795973776983
SERPINA1	92.04747520166897345	115.34107619736397510	337.50088970929601828	29.12048276992604556	1341.88164349371140815	582.20913155792777616	1286.35113588204922053
SERPINA3	219.93634922735540727	116.72860107067752722	824.94033151764017475	70.66611920422913329	56.21898600738875729	1178.11797417645107089	218.74146102605138253
SERPINB1	457.69669579268497728	334.12544689104845475	512.71969780789368087	83.67296954358081962	511.11545559867857946	386.86471898789045554	425.86203479972067498
SERPINE1	1768.57142151364246274	496.13937546176936166	1961.04456311572016602	1619.99004193696328002	677.62568224657945848	2223.20526498562958295	0.00000000000000000
SERPINE2	3028.51433738720288602	680.19625266187233592	5553.74044697797035042	290.84596512197214224	476.89742548242742259	1216.35363665865202165	1542.33036866797510811
SERPINI1	103.03493629958599342	1003.42650837859491730	188.64845468405616202	241.81530547193042935	56.09706773534966828	0.00000000000000000	12.09340743032973542
SERTAD1	404.33944902437855262	327.60635235001905130	505.71762694791254944	200.26206641439080158	615.24630146561685251	426.96322148896757653	78.94225525188394954
SERTAD2	131.21281923369639344	64.88842699865672614	41.88998296598689564	13.37942857221358750	217.59092599156099368	151.28016769144198861	175.33075266375627166
SETBP1	61.47827070003946659	120.37076436044311833	67.40981809254567736	226.45392756648354293	51.77558458327696655	173.99881116402590919	430.04088966627324453
SETD3	127.72151677749951659	146.31173271925217705	285.97167905115793474	128.66403713688410448	248.75741270512838810	130.04187691834704310	0.00000000000000000
SETD9	51.72606177059226695	68.12720281720253013	94.73995439440993493	87.68568634666169714	76.99256626674180382	108.62086060196173776	214.04379178966021868
SETDB2	59.32766360005961559	28.34413919117402969	43.82338754105134626	5.13490926882845411	480.10012567807774531	0.00000000000000000	81.58425594771162537
SEZ6L2	456.23927775613964286	138.50074671864564380	134.53504916439791828	6.40194977131837728	191.34680159204103234	261.60557161271805171	34.04202178120637257
SF3B3	199.85812101082908043	106.33169425395175267	238.45326560892274870	131.03866469691487850	561.08229141189576694	0.00000000000000000	534.35328372664810104
SF3B4	238.39449037711682422	275.87223261444927402	520.26654844918869003	166.77044932508420061	343.48461147301082974	316.55641082499749928	0.00000000000000000
SFRP2	19601.73263753040373558	1499.83519102545369606	8986.87780298400139145	497.99141698957549806	4741.81512193660273624	19127.81804800579266157	0.00000000000000000
SFRP4	8238.54028071163702407	633.51846617833905384	1760.01193188964975889	0.00000000000000000	5115.75443521863417118	2162.40967472178681419	2913.44497986720398330
SFTA1P	169.19505818411900577	159.48534191629369161	225.27855515222498184	129.22695957062674665	36.37653865691630983	476.45002763867614703	262.90790384144565905
SFTPB	300.10447073712708743	338.74611219940743467	278.74048797229983165	367.29896182022565654	284.65376330017892315	257.13880479647303900	406.34762252152148676
SFXN3	166.80034866274519345	99.28747915718274442	155.26256691984124814	79.74686719167736726	278.07720778177906595	128.46026338725982896	575.40198003202272048
SGCA	99.45914050482740265	374.72623270634693426	169.61836063227096361	367.24521617017359176	113.61047813048500643	287.85184012968034040	46.92646861346715070
SGCB	706.60743251744293048	401.11418274652373839	417.33662887183641033	419.29256626946312281	373.96291994996050789	515.91561380301436657	18.70545701410598483
SGK1	428.19219396044280757	186.62565465636578210	492.59662885343260541	115.55924885041106620	447.33619802368122009	1651.54066713698762214	0.00000000000000000
SGK3	61.41417480846335764	75.75181270325866478	63.55168741954800993	80.28477709902453796	176.53964048868050440	65.83050700380391618	89.37430452222950805
SH2B3	43.13628530998211374	91.04663001513453935	80.49766128496692374	108.97077000590871876	63.93192895799787578	146.52263508521519952	163.65896560103840329
SH3BP5	192.58435364134606971	87.43175581176070921	244.04379416290686322	81.35707525511628546	469.11859409890416828	194.78623725350948348	23.36701249710318251
SH3D19	277.67337303690550243	103.40205674856839835	335.03983901614600427	73.47029985466781454	46.67270237473826455	549.70256417859343401	217.34147692441558775
SH3KBP1	289.18366530417307558	808.43691156876559489	291.50757988841525048	262.46177844027027959	344.09555407372346281	240.75892063002777377	594.39253588077963286
SH3PXD2B	405.40404478039397418	71.48624605079911021	294.46355837478108697	83.73565888015309611	110.17672446126039176	333.27507077807814539	0.00000000000000000
SHARPIN	372.79476998626068962	322.35334971707516161	437.11356836037674611	423.42203296620306219	381.01399688476635674	308.64727031285650583	187.22283232827811617
SHC1	595.92207822592786215	198.74707093700038740	493.28596195750515108	229.15624205041382311	229.40005299581477516	516.42095723040199573	1617.55249585189358186
SHE	10.84012072884834055	20.62440418136294440	2.98214735123573904	3.02761431156932881	3.08970177157850578	0.00000000000000000	276.29172590642446039
SHISA4	308.39711116063358531	168.46074720911707345	213.43669321486683543	127.10256489720043760	189.31170035367136961	124.18753815096413007	223.57726152084026694
SHKBP1	119.65878060829047058	302.44168462857192026	222.09980314663965828	50.17469587191539659	608.55225178889986637	35.25467891511180341	206.36321441632676965
SHOC2	198.54668949580636195	280.86907896589781330	197.21144265087477265	195.54515096542283459	189.31590300734262655	229.96392699583594776	119.97035478331852687
SHPRH	122.87512219034076111	315.03661803663788987	102.59346495037837599	163.38460919723385700	122.08693013102687530	230.17330765293903028	44.93448851687589496
SIGIRR	309.54655650038961312	215.80814077137819140	366.33052678865982443	310.67288152214291586	441.55912004151531391	182.03436364297951400	232.79696140405064853
SIGLEC7	5.69331725383345777	15.74875447051904054	4.61379091082759185	2.00930264932102443	99.76652473744502458	0.00000000000000000	36.52615451519378809
SIN3B	72.61625880064175931	77.42716489851468964	75.92030037126771447	55.02372664335296548	66.31044494516117993	36.94943274589185478	454.50823780165268317
SIRPA	133.58893810853840023	40.75513027589961013	173.58149844289721386	22.32378849186516945	496.47293498300984993	139.48769153204531790	673.20526418805638968
SIRT2	295.83700474336376374	165.28051797652568666	185.91821189189869301	105.14558643288712858	141.28135221497623775	238.12742242887944144	3.48349353098117298
SIRT6	142.55609399714862207	172.63943618697996385	165.04338885112971980	87.22397203484113959	63.36902898648932592	200.08251229239692748	133.94115007186070443
SKA2	220.48223547999197081	410.50400609750164449	390.45003798160922770	300.14066713810950660	172.56092985063281731	194.07921571776370229	0.00000000000000000
SKI	370.90172186134140020	189.18910363422369869	205.39410252639370924	190.16290169320464543	262.55473305649519489	109.91528051823007672	249.79073866541671123
SKIL	686.86074200890209340	281.33935566941079287	262.17337973968926690	189.94429178447649065	583.04363329620252898	388.53476052764597171	176.83768625754396453
SLA	11.80122029239221071	16.94615840021391051	7.64291653341190891	21.65981431384408396	188.49058875634003130	0.00000000000000000	19.45585268200576223
SLAMF8	206.79302873093752169	82.55816468530574070	57.68429257885833294	24.18220817681259405	238.55719166233615169	0.00000000000000000	148.46876292242552609
SLBP	409.31207306741839602	320.67571607122545174	472.11686804786705807	582.20088888194538868	337.46415511021172051	381.17761216045613537	11.69115751980117324
SLC10A7	43.12151827550652428	35.15633853440473899	22.80792022575682410	144.92328340140701926	11.68105457382696954	0.00000000000000000	317.72031546719705375
SLC11A1	33.05148851135965771	39.04792072488807975	62.12206152089665068	9.75424012616199576	473.87005292737507034	0.00000000000000000	164.46301836432755294
SLC12A2	104.87172262929263411	456.68803675487390592	115.29978505413613732	117.26407395738033301	93.29218217173175276	90.89174282485923584	17.14500335552074262
SLC12A8	600.26177493502791549	90.50889896471321094	451.83681137462605193	42.98273448031660138	358.35662429663557305	674.08484972852204464	0.00000000000000000
SLC15A3	65.21693299206825145	83.97497949571652498	38.12063326143641717	27.73184930158922512	203.85109686656497274	47.00519379989042079	177.18992135662503529
SLC16A3	1547.14207038400036254	328.75681860391790678	1415.99079794349813710	335.09988842671981502	1074.42222366064561356	671.44902884162240753	0.00000000000000000
SLC17A5	140.89860758314404166	112.45141621422992273	69.94609092992125454	23.92788253927404796	236.85410384867688549	125.72063662774003490	17.05464697758338133
SLC1A5	398.71918766332129280	176.70469797067354989	531.24117726057738764	131.94757563370279740	257.77635304714749509	650.47556493069157568	0.00000000000000000
SLC20A1	566.78427995562071828	160.42220717039970168	438.48611534977919746	66.87579366107426893	469.14393308878993594	764.13324120994161603	0.00000000000000000
SLC22A17	265.99911261392895767	194.84614565739335035	129.57582468366751982	53.82438024935660081	127.01485765234818359	144.72749759159103178	0.00000000000000000
SLC24A1	21.66041294652731963	61.47895148124262477	9.99493294383064246	2.44914207098538217	34.29080125046445460	9.82779317883923120	203.84685084110569164
SLC25A25	72.00372560319199522	131.97169821532082779	62.37494286834873947	149.27338175473789761	93.15433898231822241	138.09295433470143166	656.07176716836511332
SLC25A32	146.06469998641782126	118.79378805299491262	99.87020369584637081	110.58703099432271699	92.44660286241219183	122.57714786077396241	286.72787473975341754
SLC25A4	74.57045644226562331	103.61131884975868900	165.97510767058491865	363.04255819234606406	53.42215556373495389	103.88652126005734999	66.22471165030181339
SLC27A3	101.15939450814651934	117.73529001518409132	51.56369801422801658	24.97989916526346832	144.34334146218384376	52.19131892857598842	586.15069574901247051
SLC31A2	154.87120502049313586	67.86960924953932306	91.79961624178422142	125.03236543049612806	279.80438961506087026	0.00000000000000000	82.46736981652539100
SLC35B2	395.47876467100894615	246.52044566645670898	419.46469782879063359	141.23313243048505683	634.04418201027419855	299.65321035220034673	243.80070574459318777
SLC35B3	275.36066198294577134	305.10192308497630620	168.63415945596301526	171.61538313719228199	92.46307332625370634	144.76568003603856027	877.12271959698512092
SLC35C2	406.34907173448533513	159.92767945589883993	324.28441142961293053	125.15569863455596078	225.95585681536962852	236.06142986859157418	0.00000000000000000
SLC35E1	100.79271035351470687	70.39833328419312863	124.50257265113309302	22.51985332859262101	191.55217758458525168	109.11844294537462474	0.00000000000000000
SLC35F5	333.25631695015050582	384.11256238121848128	156.41569989533431340	144.04407860255986407	136.49421476726837454	302.01975381783529429	0.00000000000000000
SLC35F6	159.36179248333959890	169.64996433338802717	153.29763070785369905	199.29028217381963373	100.23184125713342496	236.30174694505282673	461.99044921800754082
SLC38A1	38.58877467333405775	14.53598557152216131	80.82336879040602184	37.47263513553820502	60.51943008131107149	27.23383893281273060	1082.77870975475229898
SLC38A10	390.28917326197006332	223.30055353790257300	249.16185404265567627	349.78092745724984525	645.68660616356339688	399.64754706742871804	0.00000000000000000
SLC38A11	20.34372889619556091	210.63767956915177137	20.72730791789922478	122.54104522959571000	10.89081961122827202	1.08908754973634125	0.00000000000000000
SLC38A5	591.75746772472496104	133.94603632754311207	533.13901237246602705	83.89861768067494552	287.83664065510322416	439.67337680148870049	128.64196847545034075
SLC39A13	542.86329004102196905	405.86779192119598747	297.03556254235741108	228.58210055901992064	198.91819349071244005	465.62635121443247499	229.69627249246460110
SLC39A3	275.41256619186640364	333.66975550605707213	136.53676431025365900	91.67273855872721811	111.31819236408840368	222.64314946393787409	0.00000000000000000
SLC40A1	633.09844902805173206	404.84368046616776837	487.32057585249151543	302.97912489083859100	407.84750943998324146	1270.44195476857726135	90.52800027074623301
SLC41A3	159.29757469134315784	170.36379613664814769	91.18479367778284939	217.96876662264099878	161.81042581093180388	82.57830202470559300	673.18617195179456303
SLC44A1	973.52041535692842444	296.59667501036784643	664.33690588756860507	111.01903901487185067	428.19704758968890701	705.54602088973956597	432.04068238493346144
SLC44A2	205.11262200735853867	323.80108900647371684	99.39964651308079624	254.05598556231376506	84.58298724367722343	157.49915569900815626	145.34198904608604153
SLC45A3	17.68713516493033922	4.30336346236676004	18.82371112686093895	5.24373018108030653	1.50732721953113713	0.00000000000000000	377.44750949247423932
SLC4A7	139.84627587765530166	148.43251160438842362	185.73406025036840106	28.35510575687214185	154.16538503768353507	151.40873609118600029	466.77959954099969764
SLC50A1	280.78800611544824051	203.58518767916763181	290.17185151847399993	180.48279507854221038	185.95654198619800468	311.36003877251920358	336.39344697981761101
SLC52A2	436.62836004598602813	441.24665631483526340	264.79823548284440449	260.64720452723844346	202.98241272779333144	361.56558323335764271	50.69075556629444890
SLC7A7	195.26433151998097060	42.07209399821109486	128.15852943680505405	99.33772641190637387	503.96099555266414427	91.60908021104970089	333.83308179011208949
SLC8A1	23.87792634003499970	57.39736495293776386	78.07188859601171771	173.10004818286139994	238.77481134759921133	77.66639834323137848	61.94508631079910543
SLC8B1	71.27378086821205727	87.06087301403005085	86.61196534389405599	25.35461882284694823	52.48471276272601926	4.30961817218193755	317.40072966931842302
SLC9A3R2	271.48238058188570676	167.25616409608863933	389.38983677143028217	60.56759893593886090	151.68908984099937243	210.77291673957108742	0.00000000000000000
SLC9A9	43.34673519615252957	60.60361431692531653	48.07177576780111394	65.17663633740154694	16.66819334066444114	107.99184090850637574	129.68734188591074030
SLCO3A1	215.50787422634249424	324.48891859119214587	201.41253719900592500	162.40495137141721216	73.35860322874516726	234.90965777340156251	43.76867692109738073
SLFN11	132.68102920106750275	131.02954772227113267	146.46397602797046034	102.68424997907972340	260.41065316044756628	58.95154483471167595	71.90300347766186917
SLFN5	203.21202988338063733	257.18832966703615739	155.22936165276300358	84.81383515182778865	97.18344242555080825	150.60540992059526388	178.27257658614104230
SLIT2	503.96180543981881783	107.45904335450654798	335.82596899318076566	66.53831773042416842	155.66826146112512674	891.61674761295216740	195.60082336215879195
SLIT3	165.60439752380102618	411.44085219618449401	382.99057585635148371	775.24330749454486522	264.92209800455998447	1025.48509336945994619	0.00000000000000000
SLMAP	172.90820894211194059	218.72023794497732752	129.06171419427553815	733.72661346834752294	120.50311570387511040	33.33742336872429490	186.53152313436433474
SLPI	297.87374506570176891	267.38103618134704220	1277.26307967841830759	442.59794366022379108	302.77042081997723244	1143.79857588795402989	0.00000000000000000
SLU7	308.15543623866119560	289.84287030006879604	274.52368736643313696	124.15991638389006368	233.27252235917029566	246.84711764550695534	22.20837447839797107
SMAD1	171.50349304070840617	115.27746020338051380	130.18643490758310577	31.44859683995659694	142.33264431013168405	6.70194126226064579	2275.49214884498178435
SMAGP	132.90084184715601623	82.15664725063025742	110.58932045508072406	17.74359481357946322	87.42461683938554984	156.77526464985123766	448.19879552378591825
SMAP2	64.57941318992448032	84.97062872249719589	77.24213439279284898	123.61760392273876619	470.28310201312802974	0.00000000000000000	105.68307010976958793
SMARCA2	357.22825995349370487	300.77118473856393166	270.90708273752665036	130.25352893611369609	327.95932319302704627	441.90886589356108516	383.69409677872585007
SMARCB1	604.02275246747387882	649.14571280329698766	482.52942373870519077	527.95824081132184347	235.93471215500628091	314.12500613724455434	0.00000000000000000
SMARCC2	220.22089035347642039	314.70923801052038016	222.07431870460547430	130.78969496800010575	277.02751414518985484	238.59074383865308278	41.00172023137340460
SMC1A	191.85879028226349874	302.22163451700981796	129.29029862035761766	189.68195250773700877	392.31249966371336768	155.41001582990710972	266.26632291459389990
SMC4	265.97077940753763414	516.55649425371143479	120.79848001808997537	355.12179560622269037	296.13599936146971459	121.00866317885606804	397.77518128462668301
SMC5	199.16047968704489790	175.54096839799018426	209.45997737335622446	70.76823905446266849	278.90717817299542958	308.17984730414224259	88.23216356831819951
SMC6	224.37524851784382918	373.44538799261664508	69.77870536018585312	221.87008894355912503	179.43767142543075011	109.35748446161075265	25.13882492917232980
SMCO4	423.99759744677942308	289.36476435205952384	393.62397014648212235	50.41149088304648274	761.08634794164822779	312.55415885212278226	0.00000000000000000
SMG1	185.90948505063693119	181.05913567791338892	125.13607988761845036	115.33109232963329305	71.09796814552444744	246.68084683220325815	301.44509384680458197
SMIM10L1	288.64043685162016573	199.70235414113804495	255.19195820824134557	172.49283664244413217	193.44620826227748012	312.82986244918799912	192.00869381093284005
SMIM12	324.46514514876332669	396.65415607390593777	349.18224171635631592	553.77167160637861798	205.45553651526358863	169.83363545239996029	1087.98283427925002798
SMIM25	9.92232532079462004	29.13058793631384091	42.39956530457966721	17.62283586497757071	354.50654683151753943	0.00000000000000000	4.45753249001183782
SMOC2	178.18251741431592450	586.76105367403590662	249.04029065370167473	785.47505504172079327	80.52662649341797874	99.63097374188046729	224.43527975468302316
SMOX	114.09258278538929687	37.01027485276284779	177.88425010952474281	0.00000000000000000	284.36063658679870514	126.37835488520902061	38.47129423064537690
SMPDL3A	247.33319711384351081	126.05790225728785003	107.36013116395393752	67.69789571733797118	283.33300152564987684	393.47992049118784053	0.00000000000000000
SMS	383.11756705648895149	335.01547253183576913	562.98012382707975121	473.52938263578209899	714.56288667213948429	400.10228531536171204	220.35156579861396153
SMTN	553.29273938801225086	778.59310793943211593	340.26557585084322000	791.08233349320016714	372.87360338128110016	163.55278748257720167	618.58288950110727455
SMYD2	115.81677410312485677	167.13899183673899529	142.45958346170729669	49.32309197357845676	202.35967503699626491	155.22057192238423795	635.50373766019833965
SMYD3	797.29792376495038297	253.43335407107528567	766.64742715769602910	161.20955556207542259	703.15760327316365874	744.13687595618807791	0.00000000000000000
SNAI2	987.20478635273889267	699.71622783330224138	898.90292480520463414	458.73886374082269413	514.53816677085785614	239.59213507557137746	965.14664080408044811
SNAPC1	166.86871739720700702	176.87992774131228657	270.20270460379254018	235.53648357629452903	100.87665882170277598	273.10400727897996376	0.00000000000000000
SNAPC5	183.22872954341025320	174.04821478122616440	199.57820552736680497	268.01234724164709178	436.27625129881892008	132.61559123893962919	0.00000000000000000
SNCG	71.81917025700141721	94.28753885815787328	297.89216377841125905	408.69147286654987283	17.62213570432041365	8.82029998217096889	1534.01830608029558789
SNHG1	180.29833019968285157	176.40498976915577600	262.79468776916189654	162.53876789480560205	114.31191265026308201	367.29524494647216670	90.46996188260234817
SNHG14	276.61745748272028322	333.96071509930789034	163.85484308851681590	266.87476575643046317	197.01054119803461617	218.83574900681608710	0.00000000000000000
SNHG15	209.36838402316598717	303.47660230027418038	203.75953447407084695	706.64625964061087871	196.09356799976342245	274.27707089551756781	0.00000000000000000
SNHG18	234.54577021915804380	399.14409566642945038	296.05328263590990900	342.08752804567399153	318.25064796762467267	202.88820332601076757	98.89987466185280596
SNHG3	431.98276888283078279	419.71406232252047630	647.72190232760033268	508.02200044841850968	250.15183923319057158	871.00406478223487738	19.53823770111813474
SNHG7	599.75681924202581285	426.19196803018826358	1004.26139297009831353	211.26372970037812138	296.12811309039722119	845.88067329136231365	0.00000000000000000
SNHG9	208.10023957386931670	316.19914022082110705	261.81489638062697622	379.76853529917372043	80.62596931580043247	158.92099132658296412	448.55432195281065333
SNRNP200	290.58126031009345525	207.42294417424562880	246.13369324094568924	352.72594799138954613	179.11079560665436361	238.57451995420490221	328.88799787748058634
SNRPA	297.06573106859048039	312.43859594266922386	288.03775318774609104	392.87704097869089992	177.69335225840006842	535.53160379460712193	341.79155033141421427
SNRPA1	390.45985924812993062	319.97947428551998428	376.28021105034628135	158.78234500483711145	190.67203657404357386	424.60064566849797529	0.00000000000000000
SNRPD3	480.00191873259251452	706.41087408705209327	588.80960685476600247	454.84482892215447691	362.10854120547696766	573.30546897093699954	534.21906844664670189
SNX1	217.11311434065029857	321.43862365111573354	361.02522582647992522	203.25452976142921102	373.60962171932942510	328.80214817291977170	0.00000000000000000
SNX10	162.30404677905252697	51.94508936413968314	153.32174795448582927	14.55010444380552670	669.79671784184142780	0.00000000000000000	455.02127543518116681
SNX7	276.80364204215010204	141.70783650082944405	201.68734632884934399	311.49866740293663270	120.12577186548382713	199.95020761646310348	298.84095139564379906
SNX9	700.07513817830010794	257.18170809223317974	473.46176769739184920	230.09672240954390077	298.30071607198345873	493.21527851812379595	0.00000000000000000
SOAT1	201.72610010644444856	168.07502594424315134	112.94287916700207575	128.60241177450811279	411.50499674111955528	213.02685944169587628	160.45759594097344802
SOCS1	200.23139483824948570	115.91371482290300321	405.73365690543465689	119.47716178442560420	363.77544476183589950	196.04897497096848724	0.00000000000000000
SOCS2	64.73754484865901304	210.68522461360385023	158.33421174730207781	161.51163246253000239	106.22646796204509201	81.33703853303198628	380.54595238058561790
SOD3	1865.70936611369370439	2658.50741241170635476	2162.10133726245067010	4000.33544928194351087	1009.54614400685898090	1765.88324704281626509	115.39615280929291430
SORBS2	60.70372480104474988	14.62346571459983124	57.07583680396241732	251.06465706516439695	100.73218329090992995	38.58737281899353633	200.26958767656270766
SORBS3	458.22388867913832655	445.12339676528307564	337.83637633040495984	330.92210589977520385	212.24720037365250391	340.84912103902030367	0.00000000000000000
SOX18	3.24731616996265604	0.94328964550181515	4.68167999452336847	5.26055948095629411	3.39859951653065462	0.00000000000000000	318.91640879633717987
SP110	288.19752982016768783	363.04011939398043296	275.81757890817948464	121.48424101176397016	224.23822228150089586	139.17407404937685556	305.33454120445651370
SP3	208.19752521500677744	276.16428226461198392	390.23176185252265213	180.86796606888066208	159.74015074122328883	258.59596747380601300	108.32930261729154608
SPARCL1	3715.87911728468770889	10502.69308949180776835	3582.98301054829016721	9188.72075300957476429	3391.90026977917023032	4447.27748078330478165	7377.06164316523154412
SPART	353.82782165440107747	242.45275170903519779	550.54234505494082441	390.11348100814632289	254.74379705064438895	511.39493270235391265	187.85097943054159941
SPATA33	98.60626156070371451	63.75671193315103125	84.50111706389822075	282.87875966707139241	85.05421718487392013	183.33074288857312695	198.07546267023377595
SPG21	492.61547484860540180	346.97459854017296266	559.76035427708143288	210.20376638455729790	783.65607968742915546	367.10094422072080533	222.70516540574078590
SPHK1	1335.82919274699770540	260.04398694581112750	675.75258096023162580	164.33882056735140509	363.68765408312515319	637.87165622120141961	274.56769692272331440
SPI1	40.35842326455893669	38.12836483378743679	68.22085251290504004	17.85211488440322825	748.79966477684945403	0.00000000000000000	199.65606680691865904
SPIDR	107.84761921619025316	210.89160826115156055	95.82799876816933704	37.74810497769623652	69.56572673627856318	120.30962338712174642	289.41310606090280544
SPINK1	131.72899690766590197	202.38445439228124201	86.24318223729750343	12.05027514867512473	218.01747485588489894	108.77428735558241613	0.00000000000000000
SPINT2	558.18968694930049423	340.95154618433201676	711.33100976704452023	163.82003458035464405	516.70934437955884277	918.25261399557336972	0.00000000000000000
SPOCK1	377.42803942265504702	49.88708460596020444	164.16534215069776792	0.00000000000000000	167.38185281938743287	69.00590503028979583	0.00000000000000000
SPON1	836.54205154495411989	160.73456670744232611	570.63365129506678386	145.26175310648062577	308.08691890290435822	1411.09490355829484542	0.00000000000000000
SPOP	409.88360055663605408	376.76790031578440221	410.28437737332916413	304.78201324075871526	129.57717674669939356	381.85476375145225347	447.15252449380130884
SPRED1	335.21480569602061905	216.89979415183387346	169.08246222690098648	63.47439713610279455	241.56953731504418670	173.20010770799552802	129.69942969162755730
SPRYD7	192.98163002559988399	159.37402304603986636	132.12266072531838290	105.31021119228351779	110.51680223638588529	143.37091983543021456	0.00000000000000000
SPSB1	767.75082662139288914	176.50604380154473461	493.62399843583790471	161.98894171795689090	219.88373128836590809	515.98551280407343711	16.92989698418604760
SPTAN1	449.92976529896714055	311.77129830846848790	317.15067077797277761	173.73971830536288508	238.98963283262764890	520.17487076676729885	118.62164125172444074
SPTLC1	488.24614968686745442	315.41622995540484453	348.09568811602889582	174.67667356819654856	149.52812551565989452	327.46724589529281957	720.52027839597826642
SPTLC2	97.30597911471633665	77.26709287229806478	69.20388481898331179	14.41155548852140633	765.31630813741378461	0.00000000000000000	380.06739877529361138
SQOR	289.18765525591010146	220.23613911974655366	224.17923654136009759	206.03745636428973853	334.86022949544189942	282.39077230452369349	0.00000000000000000
SRA1	516.09729864239773178	287.80809516868066567	440.08604451577951977	558.11972935983271782	456.88613712789594956	426.27811408598802245	311.64010615971955076
SRD5A3	304.67781748634189398	176.96621057679291766	303.06218069875558285	166.22701696046993902	275.98101938981807280	135.94514491724444838	160.20850440433670769
SREK1	482.68799687301554968	546.79471960147407117	477.80886165373357244	404.95902150044338441	155.82173822293663079	585.27993730760692870	79.07548570207890748
SRGAP1	230.50127733471188662	201.99093239776385644	276.14570248542810305	17.25472055815757244	253.19652057744215767	558.31925223439668571	172.57003051357807522
SRP54	405.31327647174930462	348.79375979859679546	394.43775704121651415	265.54126647119767313	70.49250226742198322	315.01436488504708677	0.00000000000000000
SRP72	648.29299790819356986	688.58846506407564902	577.16556823016719591	447.30600116107837039	406.87449933118085710	633.95866011761813752	0.00000000000000000
SRPK1	147.28401047907524912	158.98194034591153923	61.83046168561387645	209.77919979930175032	221.31538325953016511	159.91398329848249205	59.42528871833773962
SRPK2	225.73241050874028701	339.23698515688397492	296.53409431340361380	373.45720194924024327	202.71213229908497055	274.68848941018080723	64.57228184552538153
SRPRA	343.00762566852603186	452.10029746915211035	342.36724866867547235	327.20157040231623569	117.49560799865474792	273.35789316470652466	526.20785854039183960
SRPX	332.76913979797251386	275.43210362158589533	467.13284886112637651	69.35866323056089300	193.63165938482569572	553.02012461262563647	332.23044092309140751
SRPX2	919.65978572406993408	173.82960277724404818	238.23280321725371778	3.62124104669670643	172.06446625075980705	450.95941243343105498	39.83682889709098873
SRSF1	431.25790449439932672	451.47493881399662996	415.62453961920198253	346.94732604467372994	298.67819548157956433	451.80602886475099922	482.93990571660646083
SS18	293.41341847464588000	295.63249009216366403	181.80004910899924653	227.43703126830851602	82.18216132467138380	185.35632449245221665	119.66580224944192423
SS18L2	273.20598133201571045	222.27899843476515684	439.96809850982407397	251.08685186993423599	418.54230388027934850	383.78678612649275692	532.22319785358877198
SSPN	1138.40234493655998449	305.20902281151126090	429.71791174196459906	594.84808494927028732	733.94750615613281752	943.33959836548194744	226.16859531054535637
SSTR2	40.20985644422800931	228.43987702152992370	77.92926530710278143	190.40270727704992737	64.32436490389630990	9.82318159928722245	43.84982544795298054
ST3GAL1	220.51106423391445333	164.72800616191508993	208.35663856184351062	105.71980824306059787	353.49798954324307942	161.76130249302704556	414.87119784977335257
ST3GAL4	517.90411115613380844	210.67897321882159645	515.93374363089276358	207.22146898204147192	141.19254610617494450	539.09409397355079818	0.00000000000000000
ST3GAL6	19.33968800176011626	6.27968554701229209	20.66119928809175121	91.84357369712576258	32.83941736882637485	82.82198462139955097	52.60210321719618065
ST5	384.33990389442601554	378.86878631684749053	228.22147920376121988	291.76383740117648813	161.64757029654995790	266.18375250744179539	313.41080327077054335
ST6GAL1	19.33686540080343264	42.51594168205959789	34.34658234326276727	16.09844910670612705	13.11525547558533589	49.30821314615823070	179.65142180086070312
ST6GALNAC6	354.94194247664802333	274.98515739736541263	467.98019526464565843	257.70101049292742346	132.59861500713020632	345.18205352173180245	0.00000000000000000
ST8SIA1	12.19656319725602422	3.82396330175124799	19.25880201271126779	0.00000000000000000	51.58163088368921478	0.00000000000000000	129.89389467175283244
STAB1	22.64647235124630598	43.17197127085978536	8.86979001465383021	6.24130079153216055	51.95174198932455312	0.00000000000000000	792.29481765367711432
STAG2	207.57898103351104169	232.45415121604287378	122.04635002875160410	119.69441035878882929	136.54359693585882951	279.86997378673220283	302.81942499536557989
STAMBP	147.42784503141180608	260.71388453717241873	216.33063850315255650	74.12234675820060659	51.50944065832368324	153.41278122808074613	168.84653487891839063
STAT2	537.69822520517880093	363.42935039987924029	425.36248028626954465	427.23704603390279999	435.28051744718203508	388.59795563049880229	288.77336919389455261
STAT6	190.05556305713835741	296.70663748636468426	151.09831326189768674	333.83669742278425474	230.08158570120008335	142.87712064793504396	339.46427406309163644
STEAP1	1299.81916843334170153	157.07697653252949976	817.13427879366793150	45.11251035349261684	427.52588266366126390	1029.17517046212651621	0.00000000000000000
STEAP2	478.43481309602100282	49.87783478686390026	310.37232937859289450	52.35012967895237068	119.63266469727777519	504.40356339830555044	0.00000000000000000
STEAP4	69.02963197431857623	504.24489603725720599	257.53869896052162858	272.21409907785465521	30.72777910486515651	64.08360095146787216	0.00000000000000000
STIM2	105.02509122669070507	79.59725182093595208	57.49130296557291331	82.11409731754091013	59.69793582402937204	176.30554620109759867	762.63390707425526216
STIP1	230.47014987671886388	420.85118477639252887	252.42132090714326864	219.87168199337145325	131.04017949465972492	177.47215454584730310	199.19562706311657507
STK17A	419.58302518691249361	267.19119053324300239	202.58785606708792670	198.93637000565428252	267.35995453522542675	271.58831486434849012	202.19507734866249393
STK17B	377.58360337695819453	170.82273202276746815	117.79751268056892854	111.84670727449714889	319.53045868711490129	467.00762527976576166	125.99262088776869462
STK25	320.85444547095687540	288.82511476936349482	254.02415861085643201	320.76323347916502371	186.08934106427989263	391.42409549954510339	0.00000000000000000
STK4	101.58976361863284410	174.09503399426668580	148.01854290587479568	95.32712562958259639	257.45397543841909282	75.01829811972511663	44.49427657667171587
STMN3	330.53567427402117573	177.36111155960162478	362.62725992549712828	157.66660623426918164	201.54779557899462361	267.59694588312771657	0.00000000000000000
STON2	30.79403651085264926	21.18714549096524635	14.76235211264412328	10.94722904518030937	5.78071254081081776	37.84040843927626696	279.23569374274302390
STT3A	251.67085503885883213	130.50110206264545809	228.70496648635656811	55.77519962653167340	261.94391114126455022	278.51537798588839223	519.93388030235098540
STT3B	220.39802524466219324	231.41315145379246587	180.33487348442687903	147.34315575046960589	341.53177526170037481	318.57556814029197767	0.00000000000000000
STX10	329.51311144845004719	295.87684053171687992	437.83432788479990450	311.49204375489529184	344.98957883986122397	140.90888323441220109	383.84037414925177245
STX11	10.20136921621098125	37.39877816646887254	23.64089717518820777	7.48144068698484954	131.99817669557626232	28.13843365456002132	220.60413747672137674
STX12	374.59951853499035224	525.59346888245022456	394.69101544198332476	524.81890106164973986	155.96380622861218512	298.49867093098350779	281.36581774692234603
STX6	70.20130289163576265	84.89274505532078763	139.83014526679582445	15.33996330701886812	177.18153853176693246	144.78181876310392795	105.68491418665878712
STX7	256.48054355898102585	181.01165694262013517	260.72519953582212793	264.57549500806754850	402.33968331498397220	222.55443828920670057	0.00000000000000000
STX8	395.06850819144489151	331.21156591201986430	860.59767235412596165	369.59121070011951815	496.58554934919834523	163.95227976040465023	441.85388295963667815
STXBP2	84.31028299950899907	74.78433853182504265	146.36494482194268585	46.89061293743154124	626.57791502144743845	0.00000000000000000	250.41888173337494550
SUCLA2	225.23394427608212709	331.08817803306260430	278.76994155654381302	492.13394475795018934	72.43390387108691186	267.86762151133393672	0.00000000000000000
SUCLG2	491.73162688795719077	345.25021150699649297	482.91526341353187490	395.59284000883087629	272.96013163438726679	460.16316543282215434	0.00000000000000000
SUGCT	310.01347232744933535	50.60369817863356445	233.73897363596191212	402.74805186537975032	121.67839546815865504	0.00000000000000000	233.72214111028154093
SUGP2	213.70818757873325922	204.27285739957227406	238.63233982423864177	87.72992974667408816	233.64968914982674164	267.66563650126437324	7.78322328062237023
SULF1	4005.67576746080749217	401.60831389969189331	945.25628986346293914	814.16830555089677546	716.71685513272757362	1133.92974415165303981	0.00000000000000000
SULF2	622.42516932688999987	159.49717101611526004	261.66325254656152310	108.27474436955293413	484.87009037750124207	274.98339068347979719	2181.62648094232645235
SULT1A1	228.66000159758695531	345.76424067775940330	246.52084829734502591	177.84833641390372350	53.28192628700136879	351.34255822342538522	136.61492644217335624
SUN1	157.41219040848469035	222.92507271185630202	257.01387297928806674	134.36497274317360962	142.88269879242392335	340.11330439861700370	361.22900486816314469
SUPT16H	281.38800880095743651	268.40763345036094734	345.02744138176086608	260.90196045945532433	198.51245674932721386	346.78558239586857326	425.33589359112346528
SURF2	146.07103781028342837	237.63147480239794618	150.86022984086079646	479.17519504145565179	167.92735868611273986	215.17541109788845688	183.82596731388920830
SUZ12	149.49315578474866584	189.54437779555041743	50.28310153613445976	50.73903771509567662	74.27111976620552980	225.54919220322912565	208.30311154600676105
SVBP	188.47376501290176520	337.40314795365299005	148.04654695615525384	256.47704896704613020	387.98735810953240843	29.10102789824747660	429.57956764533162186
SVEP1	179.33449492356913879	114.66300347513805491	48.21044537101334271	6.58143108863846837	28.19449422391834048	579.72407969696291730	0.00000000000000000
SVIL	540.60801296648719472	240.12404831439175723	327.53500945088268281	184.46801499887513387	215.39871963824720069	175.74950995477436777	1154.66991738092724518
SVIP	219.68255953138341852	147.72047649122663415	203.63488558384540283	144.60265096566487841	79.15808388215724278	303.55537866552236892	525.92323929036399477
SWAP70	124.27973647346183839	96.88933813260341310	224.83426647228228035	174.76106836007593870	335.79543800366565165	188.20903044791367620	217.23957933402954268
SWI5	412.51521654423117980	500.64623686946157477	434.07909398264035872	309.32208286116525642	201.01876888340456162	409.17797107681099078	58.14764672921951671
SYDE1	273.73124197217600795	228.98038059384859366	192.77636936427708747	322.05834115058422640	228.21008684455324556	101.42510791240663082	72.22222418208816919
SYNE2	104.24555361873605364	376.36163323955258875	116.42322027679175278	515.43557489522697779	139.54662094142915407	0.00000000000000000	437.35535268937678666
SYNGR1	297.64360065572645908	241.66553874036978300	229.24766683935965261	168.53407892222722353	269.33419384993794665	379.72689401290989508	9.71797299560343042
SYNGR2	197.84485281386284328	273.28236042409656648	179.57369220412795130	271.66748212280015196	474.72967111756429404	263.96172626984338194	729.20782314247696831
SYNPO	225.68713825611752100	174.54457066134622778	548.12217969760911274	397.83789111371208946	215.49853376442837316	425.17474662319040135	0.00000000000000000
SYNPO2	89.80195583384802660	188.60530687997894006	118.92404149115230894	690.23427265083296334	110.00647582072056707	27.80055110378122762	159.61212522635204891
SYTL2	289.65274658388523221	342.23232350147281977	318.66230653842438869	467.63500691388958330	477.29235232733782368	115.32802669275586993	307.66183836662332851
SZRD1	383.01146584892683222	479.71662906659389591	466.66514496062592343	246.70144765585843061	242.71929432640104096	274.96222422904628502	122.44467813723375116
TACC1	721.03883704400709576	1452.87569215250459820	680.10151347442968017	1144.20337799484082097	778.69164540951510389	1080.85063710935855852	0.00000000000000000
TAF11	334.57159972436505768	280.60510735470978716	347.00960115012702545	209.86617264554709550	260.66684931102918199	277.46635016311938671	0.00000000000000000
TAF12	408.66916422589343938	305.69856476202352269	410.91528056791236168	197.57562691964753299	238.36671006031878051	404.28704264415438274	35.89662089003779499
TAF15	213.55064682419305200	284.92432737675392218	208.71883134618627764	192.85584842386782611	171.16305738587681162	219.05637857262175316	339.51331860176088639
TAGLN	23653.17924597366436501	10896.20281332937884144	18370.02629795187021955	58697.04365967791818548	18623.50929878719034605	5761.33704362497974216	10637.98506665574859653
TANC2	236.56781419805781752	56.37206591102932407	135.73585688240879676	24.48166080355300878	60.16954816803657025	77.24891907423973691	346.89120686223031953
TAOK1	211.72582806833284508	268.42781263238867950	220.37115855862469971	127.73590094169944109	206.71226017698040778	62.69270795533562080	654.28668497709850271
TAP2	213.29578857887770482	280.51428127912311083	128.58763588504814379	171.04553063440749838	234.44290086995820843	214.93170846025913079	185.56837073997704124
TAPBPL	221.21961385096813046	346.91191982809880301	146.10807506204176320	156.14435463879436838	144.12744191165509733	186.83475578699597008	347.16171814643837479
TARBP2	138.52665143195537212	140.99708388221517907	112.93287950196430813	82.55288612461528430	251.23973136300915598	89.75502888875267615	25.19198304766258545
TBC1D15	176.26307623224329291	234.28937315117789808	180.36245485512006326	54.09277033162431536	258.05558932367659963	193.26876307318730142	558.69868796358173313
TBC1D2B	182.33062058868395638	369.06194620293859998	140.60347708880118489	76.02397046695412541	242.63855281206599557	159.14657835263648167	187.11460283238656643
TBC1D9	138.98537135142015586	78.47741059622437376	53.09988723352996942	22.82761041755519216	126.60479634663944637	145.76677258310115803	360.16861876127336473
TBCC	240.57862225227592035	267.64552131582956918	147.22212943192121770	94.34420728372238329	54.36663612247874511	118.77051293008813104	73.15228469839877334
TBL1XR1	338.49227838806126556	261.26653608740303980	376.33436672631557940	232.51697007360880320	184.36986556005894045	466.13756339783958538	993.09034020917886210
TBX1	12.90066146295896843	3.09446317263013437	9.58213888585765616	9.56926737754843870	7.81298353782465327	0.00000000000000000	932.30662074301972098
TBX2	236.79801183731811420	980.30530131993236864	211.78196023837926987	386.15489942682313540	200.94768742978214959	365.26121031930159688	106.85956029381287635
TBX2.AS1	0.00000000000000000	0.00000000000000000	0.00000000000000000	0.00000000000000000	0.00000000000000000	0.00000000000000000	0.00000000000000000
TBX3	185.57990349257426033	316.84991247982975437	217.09771969665763436	208.65652575562722859	202.00432413758201733	124.10289147604109417	106.12629854580350752
TBX5	116.15192975050040047	292.20726288349754896	141.33533766089152550	137.47104855633239140	95.13610291938464059	73.14663664006127419	53.44065902840918625
TCAF1	293.83896205892983744	408.02840534250452720	164.65623271366359859	48.00079490895713263	195.52835841707914710	549.32694760144465818	150.76224492721101456
TCEA2	244.01420083339175449	218.01168681282479156	233.99194529434308265	172.90440061803533922	561.23626113882107802	169.74991722499134994	647.05337862215117184
TCEAL1	411.91909240992714558	322.75202086414327596	613.43971685763449386	390.04782056128095746	139.52150261804669640	451.18125085884196324	18.13734567537124320
TCERG1	184.00827653718525312	223.68031488837732468	210.57271531955078103	157.38023998009805382	159.76701575723564019	227.50347283744733318	55.41639797443719573
TCF21	294.36074352136517973	679.74104372113754380	419.83119618486279023	334.83065371856434922	153.22293381332769968	735.32744186483250814	917.02377368437373661
TCN2	194.09873309047881662	134.00331024898480337	141.39113696191350300	1.49077314332046251	242.52503606533244351	274.07017536278664238	40.45179866357851495
TCTN3	302.18205880526721785	151.33521737015539088	237.59217685436541956	132.91432823646522365	123.56081559693299710	252.16741190529864980	62.40339651638670659
TDG	300.26601218096260482	334.03726707860636225	242.39959188239214427	463.62923796844467006	264.24947217096331542	290.92763177449131717	159.49524903743400728
TDO2	1192.02422234629875675	881.27310631517400452	390.70073278644048287	97.50048133914972937	166.74594142869648294	712.38249203664634024	0.00000000000000000
TDP2	204.83213304657064668	199.34685861534984497	228.53510063579264511	206.52854829181293894	496.67353204965911573	0.00000000000000000	289.22615335856630736
TEAD1	360.64007509732033441	295.50136431316542485	326.49656295868737743	223.73817653736182365	206.93762942152645223	333.44577605359944528	0.00000000000000000
TEAD2	172.23237259017255951	337.38418410943160097	185.11937024970410448	211.00380893192348708	108.32970609702093157	149.82967859032925162	175.22167280747362383
TENT5A	290.93571134248844601	906.72640692533093443	755.71026571084507850	154.70273279035802716	516.76169127740126896	411.82896519869842678	0.00000000000000000
TERF1	336.28486058293105998	288.04854492647393727	284.07614337778085201	412.48837025928037292	244.42363106733498057	347.46111104097474254	0.00000000000000000
TES	214.56309523836642938	284.21087571393428561	190.15629842211356504	308.88115691751471559	177.57217260789164470	15.62696481170524798	245.66933422825835009
TESC	73.77089579846752088	696.41422068660995137	184.47943813343761121	5.33249409047790479	51.70640821668347087	0.00000000000000000	103.34111435564285841
TFF3	94.16504633615677733	39.89371431941565760	246.34499512484370598	84.26701459215487944	46.71662661580991482	0.00000000000000000	4984.70121690959967964
TFPT	192.96113966674573703	174.73791925326841579	131.25088018340863982	32.21176657329704796	333.75422538561787178	3.00759404262008134	818.71083770681821079
TFRC	99.60390783083207111	104.22204675889101111	96.78346912013702763	44.06611009731147277	387.67403194067981076	187.24151777934591223	153.39640388162831641
TGFB1I1	1394.51762451239505936	1737.84698510334123966	1149.91358485591513272	1804.43970531301488336	832.20499092040688538	244.51138488161092255	980.49202912094415296
TGFB3	379.85830120184522229	437.11647431932311747	299.70353118708680995	517.27501570479716975	187.71829085298816153	351.80252505454012635	0.00000000000000000
TGFBI	1879.79523315763958635	1340.32366483147916369	3040.68155718333719051	1625.08598014305266588	2290.00785847942097462	1020.82014163762232783	105.82627803083720153
TGFBR2	433.15633399235161960	354.27715520959139894	467.98618206566561639	179.59881274447977262	348.18336002903731696	403.99669731257847616	2803.12208436251967214
TGFBR3	22.65265572505379055	119.77177878889871465	26.89172932474539124	31.24583218772557203	76.09978775381155458	186.31362431533852941	399.42793769852471542
TGIF1	995.12160333997394446	265.00823668290797741	851.30134348143633360	252.78294869808217982	935.57450074131088513	813.74608527806776692	540.59509924567657890
THAP12	77.62964124124091825	134.54999698477431025	84.05744473927710203	32.07241882670535205	25.78532440513551549	199.13368735734292159	317.26541668816207675
THAP7	337.85208587263679192	262.38597960822249888	376.31780028811812144	203.79895057820235138	208.81724519356342284	272.19830586512165382	279.71409595223616407
THAP9.AS1	0.00000000000000000	0.00000000000000000	0.00000000000000000	0.00000000000000000	0.00000000000000000	0.00000000000000000	0.00000000000000000
THBD	32.35920842039037382	40.49305610293033908	111.38724866800394864	41.43410970526657167	232.61138901796329037	176.98624382666210408	0.00000000000000000
THBS1	1754.04989001401759197	999.37669001933033996	1083.08123593466598322	1678.47271335389518754	1054.68580293566583350	2848.56584933253816416	0.00000000000000000
THBS2	4593.06742669496816234	601.07194397198225033	2028.72161075235067074	594.29186291985672597	1936.26999857619716749	2099.67408587151021493	173.22678840151846202
THBS3	306.65192599117318650	236.68011740784882591	123.81378803059688209	208.71388488774277903	275.38172724322362228	311.74323608316183254	27.78892054443230819
THEMIS2	94.59254730921385601	41.54481516726306012	86.93704982502083567	0.00000000000000000	474.98133031246243263	0.00000000000000000	415.83209403506651825
THOC3	223.50442704821455209	108.97909109372534431	271.13095318837446257	175.68053367471176784	155.63560067408940313	78.65013139368015516	182.69361261693632059
THOC6	242.82162121916286424	234.35369014136676924	435.94240220249656659	127.67807968998451429	815.42263600567127924	0.00000000000000000	419.81807414454112859
THUMPD1	247.54814744107773095	188.56824184862969673	230.80352330737741795	364.55316196862315792	244.91973732248362694	174.42627736749534506	149.47742510335021393
THUMPD3.AS1	0.00000000000000000	0.00000000000000000	0.00000000000000000	0.00000000000000000	0.00000000000000000	0.00000000000000000	0.00000000000000000
THYN1	346.24908653304464679	315.41647465167159226	424.02134183986163407	276.61819903528038367	596.34690023175824081	214.82004488931622177	157.32521833493450458
TIA1	290.37100907152654372	293.33008884228365787	196.84035655587268820	193.75369756927503317	154.25421983908975676	162.81845498345859369	354.19320783177465728
TIE1	28.71476475250132410	15.18156890204806331	17.59034065996564777	8.43246687396943351	88.39110431364041176	0.00000000000000000	885.32071203932605385
TIFA	59.03124530598963560	46.92195670452159106	96.14071588900853271	51.67078799286038304	351.54745638665673368	0.00000000000000000	351.65139382619486241
TIMM10	390.37376957393280463	658.78151747088031698	508.32325028239461062	493.63454627519627138	238.84718227182580108	293.50936843308409152	478.77976056022680496
TIMM17A	446.18348909495404087	536.12170365827523710	711.83193134709631522	358.07243005297215177	385.47702670715472095	286.95451123347345401	486.96135809156680807
TIMM17B	247.25068858192474863	407.21471109477789696	202.86278722930677532	263.45622777678931925	238.89312322592471105	206.57716498725795873	169.40238127511946686
TIMM50	221.36145741883831306	291.93405901603193797	387.41247056435963714	216.07651695111621848	200.73878863947857099	446.27431043834434377	306.10931424153193348
TINAGL1	148.19047884870215626	1127.17305324581275272	277.64147616172215294	1470.06090391051588995	269.14027639132200420	0.00000000000000000	157.90369156712213794
TINF2	286.72668858704997774	266.03668916395309907	276.42210133051173671	225.37298020965621959	195.44949743434025891	109.33596989142417044	117.14418164691771551
TJP2	65.45837462444912092	100.89016881435202322	58.72192560453912336	80.49584614045963349	102.94233963852911984	407.51310811257087607	0.00000000000000000
TLE1	175.66883627277579194	407.02849926451466445	242.65915226168155527	349.64558070065100992	216.02313126241452323	176.06216471014542435	469.56585662605039033
TLE4	88.87749137211835659	184.11049979840970536	145.86503665785127737	57.19972746140302178	125.22480856973731989	24.25721270576642397	246.70246270605440486
TM2D3	554.75737639702060733	561.91165268636780183	517.18186717411333575	321.56540352595845889	354.63639253737949275	443.71733518401367746	263.30650234611613314
TM4SF18	10.71188016397166010	8.12948695708250924	7.50643476305623825	7.69046795301291386	3.22522554068276079	0.00000000000000000	626.23054274328183055
TMBIM1	462.97610055656832628	303.81691994796233303	474.99144118163604844	228.56598998382395393	277.31505373874284714	612.93798305139807781	190.50259805562225779
TMC6	21.21051919879913328	57.10813537242690074	19.97788780918357077	33.45871972465183575	63.89866810195766789	1.44465299995627472	227.73790075131230992
TMCO3	297.80261301474189395	148.14399013064573296	276.83518654140726767	206.41364265291022662	219.77335671622100222	163.40301840056852711	0.00000000000000000
TMED5	223.67876138324700719	219.00221517893621126	305.87754115230200114	256.53660435723253386	221.31172742105633233	256.94057784579274539	397.34755474394319208
TMED7	406.68224099555334305	399.98209425747774048	321.28045070264556671	403.71815711243755231	218.85827387876298644	306.20329461360034884	383.15228719692981940
TMEM101	335.90846583935007175	369.46132585929177594	286.54774545791690343	306.25853541456331186	281.80265984994520068	248.90786933623368782	0.22015877550026641
TMEM106B	297.49182876117106389	354.45608691883512620	261.28770343663450149	200.59692222722344468	203.35077486110415634	303.70184290757617873	122.97918187888143393
TMEM107	130.04205049686348161	139.31124997482780259	276.35568162527005143	98.48990728564025687	668.01195113190522079	118.54142152979139269	0.00000000000000000
TMEM115	371.61302569819457631	351.67477812798318837	373.08439556252926650	90.09478190501718586	149.50999350785951947	214.32836673170584163	340.25759697274440896
TMEM119	691.93798835616780707	81.01860034900222729	334.74118516947743274	228.66223019724628784	157.59419919443848812	650.78423198975144714	410.47390193596424979
TMEM127	119.31433893633293053	148.20216599641912580	60.15298071832446425	67.09923530918567280	196.96884481411433399	41.14425480109505884	94.90459882903880384
TMEM128	300.11389034191688552	236.18510062366635793	303.53782246873362283	64.73845615175196144	174.63141094551278343	204.01168887591362022	795.96396081442708237
TMEM140	188.63325290960352731	100.72051341784374756	181.74354147812692872	5.57939188242851625	99.91823906857625559	201.18809545010950046	235.26565524070221613
TMEM160	526.59693870675130256	491.30341333144082228	667.44939991257467682	616.68333413861341796	597.20948922105367274	721.44364453589059849	14.70580135125448429
TMEM18	298.48169498068858729	244.20226245888008521	345.73885820242207956	344.63772863181964112	198.10649897769641825	357.66607959639986802	0.00000000000000000
TMEM183A	350.85084612642344837	238.38925138886227728	547.92724823101889342	325.63852460957946278	298.05248626738614348	312.09912111932032985	207.27122480945095617
TMEM189	273.49798816868030826	180.93742094281515165	194.27927089460825982	250.70128846352614005	251.12921212946042715	161.84977968967658057	0.00000000000000000
TMEM204	727.03902649464748720	756.90708627091134986	437.02997895295106900	242.56086206956214824	287.76058652929032178	312.70212847505757736	25.43777212826206124
TMEM222	287.15369573321811458	209.26456278578550041	129.19262337915543526	256.81452078166387309	77.18902539816497210	233.54665590974417455	43.65550592839723265
TMEM223	310.01064864220631989	304.65074871646845622	176.41938631136446247	134.60100647725801082	62.49888407333303064	109.50716570947756168	583.45614371561555345
TMEM242	296.55797951307272342	220.59620716275858854	236.77222319395821160	243.36892864335351305	155.83410933146572575	85.12033538672989152	280.15007852632305685
TMEM243	421.99405349284819522	267.53315750685356988	295.35877950710460027	76.26401024060348277	268.81794082038913984	383.32549506110763105	172.62994656020765660
TMEM248	541.03754650842506635	287.00415090935007356	496.55472749917311148	223.96043815130491339	243.18274163219089701	332.97656772836228356	79.18216207290815589
TMEM255B	36.03117696725755792	20.43587327585948543	23.25124205902330843	13.03753186600347824	84.82337301944721730	0.00000000000000000	1212.39482644865825023
TMEM259	292.22401811895343826	278.61508136969609950	140.17987511689972280	106.08632279314214486	184.07799046330711690	297.01838752923100628	774.47636846341674755
TMEM263	374.86510400517107655	374.33444173552885559	430.72229586055277650	323.98341428745834492	290.66840032853491493	277.83850647218923768	22.14152276348116288
TMEM33	197.64039228897581779	248.04062644828979955	130.44008411984779627	121.10249039321470832	311.32921739983549969	158.13639417857996250	151.63179202866311357
TMEM38B	62.36925404460784250	113.26123045448861149	147.51233302011630144	338.51316274092198455	181.40182013923634941	0.00000000000000000	152.16862485683080308
TMEM43	538.11669524108685891	215.05364707046993544	331.78772719021361581	445.03893741093838798	400.87302818264436155	595.32695962305524517	126.10316249282040246
TMEM45A	1234.82335706076560200	481.02468037298137915	1122.12174210132388907	290.51551326878620785	475.55653331434467646	775.12225466251891248	0.00000000000000000
TMEM47	299.97821396028291474	559.80810823178114788	266.16624151552150579	569.39495959235159717	221.01052144517967690	339.08657081081486240	243.36209700185514748
TMEM54	304.36416652387845261	73.61781472314206098	164.87550841786790556	86.52660324138587100	49.93100877168139107	254.57125725242931935	0.00000000000000000
TMEM60	293.18769162788470339	174.42713959717363537	313.21533192621438957	305.92575693207112408	320.51969345377449372	254.94843802916824416	330.27379625671295571
TMEM9	430.58989083341083415	306.36346986981675400	554.83858116089345458	402.30558354278946354	129.23760034904992722	588.02163568817809391	9.17216927623887734
TMEM91	176.49360587595771221	57.30029017177359663	411.71212296285472121	163.56242127220170346	73.31610062988116283	184.22421621139443459	0.00000000000000000
TMUB1	305.01021035241097934	189.21982765729248399	215.28662142046292161	72.26946762027327509	210.83927598626857502	294.62022103237222836	0.00000000000000000
TMX3	179.94767578670391117	429.37483630059779216	176.08174456051173706	206.50403448444444621	111.43478082508870841	283.50967720914991332	277.48984797005533665
TMX4	213.02444286996231426	279.41916293054765674	314.35462497519466751	319.48310059783005954	173.78761015898956543	417.79948371883006075	38.51003839508145177
TNC	1117.85552134267209112	334.25956533834289530	493.77439438053119147	604.19309469006486779	572.86844856035099838	559.44299306313484976	0.00000000000000000
TNFAIP1	90.28419601013145268	301.24317630166018489	136.11078184164108507	193.21186218657373956	57.80506430254177275	58.87922088496372197	400.56069559867245289
TNFAIP3	179.65068403036246991	106.64183642579844502	154.54239634260451908	310.91117593967550192	372.60477140496141146	276.62164965481309764	0.00000000000000000
TNFRSF12A	2142.69606261217950305	707.25889471285404397	1274.91734203108580914	1557.59997838011850035	1009.82831189012802042	2836.64143075901893098	0.00000000000000000
TNFRSF14	186.62741113127057702	271.98140420969707520	212.54427798576060127	136.38872193195905425	383.29326910816826057	49.46102947370342662	335.14750618362893420
TNFRSF21	379.14567644813035940	569.61128914215100849	314.14699087109437414	183.31424171483038776	159.54341483681136538	292.81177874239642733	629.55893128944796899
TNFRSF4	18.71243230345667996	17.71525562283211030	12.87612570437227077	49.69551591606028040	8.42217530356726485	1.72280284045248444	932.16443672003526899
TNFRSF6B	496.52939613115609063	71.13645285019747178	471.55830958907012018	0.00000000000000000	188.55435716763807363	353.16636462465663726	0.00000000000000000
TNFSF10	813.72653514301953237	196.87801804633443226	497.08537345119339079	94.55282532671533602	268.78220364540715082	340.43762476346967105	2932.13306671625423405
TNFSF12	175.80283027973720777	175.15092148209461698	195.36569092502509193	168.68515127118124042	306.64947768214125290	132.42705445797500374	283.51511818449745306
TNFSF13	42.00986098205983410	45.30505533966368859	71.51938421215390917	49.22933412838206380	524.24879040905523198	0.00000000000000000	187.66230477833835266
TNFSF13B	856.65523652353351736	143.57334740515568683	462.63312819294105793	50.42438086013597598	531.33966465829416848	964.95614272484931462	299.01303188714155112
TNIP1	502.35856860354016362	506.15947058915747903	496.24564726676226201	354.98917157308022752	323.03983502917850501	120.07242796159495413	557.21148415157085765
TNIP2	260.17727972450211382	302.23925527796336610	431.60872264214197003	143.96724208302387638	86.40914775589433816	228.76096104197668524	212.09315928811048479
TNKS1BP1	220.09068348221080669	355.61311978301284853	226.74013904467238945	180.59106030453051517	71.17146833277608664	307.13467142831746060	0.00000000000000000
TNPO1	295.21025850949064306	296.87915961831765799	360.50295069792315417	231.24127751896935479	256.08956765112048970	379.32785608377605513	541.17716174257373041
TNPO3	130.01323455764060100	145.68182403732453167	74.34494113123665215	39.47860239894933443	254.08223974176669913	90.33526462643712307	60.76558697208538717
TNRC6A	322.93390461034800865	284.56763627909583647	288.99242752173762483	230.64744725691335248	169.02821953989916892	452.24823765991305891	225.58057235531862261
TNS1	407.53070071500957283	786.34734201681476407	398.10803919367793924	566.29093743403416283	279.82088900808423659	79.41540790990298149	532.31269068448727921
TNS2	272.39148397470819418	506.58399833617227159	311.19208950471926300	358.83877278400291289	131.32775287767236705	336.86387349616626352	273.84113946215262558
TNXB	99.21308706009695300	41.24231374819328977	180.44975107372133039	91.01579678294410769	51.61300653463951704	1215.82883681046155289	522.34564580523829136
TOM1	341.66442793376864984	187.79927417331504103	285.19637473377770220	53.86315603998883716	84.28238293342303677	372.48776879620396585	0.00000000000000000
TOMM40	307.48755637510936367	302.69732173270830344	354.43792711542840834	278.67598158653868268	295.62963383467808853	375.01668935163525020	0.00000000000000000
TOR1AIP2	304.35922276193406333	220.23944835263853292	268.06828321995595843	88.40094045476081419	99.65996474595107202	287.55783006023057169	81.20396363916782434
TP53BP1	132.79482118579213079	117.17753336176363632	82.41369505692658493	44.86939522942969916	49.08018739873848801	123.12327650451247507	355.61424045609396671
TP53I13	578.19229148471890767	320.92491199703329130	278.95215811484763435	136.30693065803305331	190.71640645686935045	361.77534235613762803	90.43645818565116201
TP53RK	363.17632795337505058	137.17102313573155925	393.56846970286750320	287.25534032322337907	44.33981337134569856	310.07645818717634256	0.00000000000000000
TPBG	604.62746401723836698	320.38348111856583955	536.99146179280887736	128.95396020049128083	145.39410911130664772	640.54793628097013425	92.69998662808028200
TPD52L2	413.50030776479150063	342.27018897761496419	823.23804385118626215	445.04101634122764608	244.97734719309417528	402.38712737072495429	877.56207355891331190
TPM1	6641.00595835742933559	5957.69563826880039414	5021.43124742202508060	11197.20199563093410688	3908.03945902728082729	2408.32177062010259760	3630.37576097057763036
TPM2	9181.38219400359412248	7288.45875246952346060	8394.90000002710439730	18133.46675004153803457	6584.10990156080970337	4383.14282100828768307	54.38406701783094377
TPPP3	455.65298032138281314	3045.27777233226288445	911.51777611447494110	2012.93095680278884174	638.93994511900916677	257.77206233317525630	595.25388155168059257
TPRA1	209.75842202498665756	260.79270774831013568	250.91653038371262596	31.48814347566140981	151.69396552431967962	231.89760899350594059	245.75435532414059026
TPRKB	318.33020246236372941	459.12033559270878413	497.62576240306134423	375.97509786416799216	465.51509499601127118	143.83478979427812305	494.59061610063054104
TPST1	814.37910926636902786	240.59110990499064542	444.07432287884967081	84.22493099210637979	206.05686897359441900	542.16398033619520902	388.60438579116436131
TPST2	238.92820940094387083	80.16360709279035746	257.43948934908900128	49.15263112336443641	164.73490927926263794	142.34215642725160933	216.73835535094701754
TRA2A	285.24508966873185045	340.77907738512510605	275.68900224129447452	77.91166707875474629	526.01440123699819651	413.07133192261812837	75.64840841606471145
TRADD	348.03321404365271974	296.41188760245671574	361.07364562785278395	291.84095223309617495	119.61965077989049178	175.31114199030787404	555.07254084362637059
TRAK1	80.10728121137803726	95.19323008691604571	104.81197975214490725	116.16564772758569291	138.35306924687915853	92.37325428921886328	0.00000000000000000
TRAM2	294.45698978460598028	171.73274587271097857	166.49474495509858230	61.05791526396293989	221.76548828533375968	293.74374735331110742	38.74224677214092338
TREM1	166.01565637170375567	60.78620248601139053	316.82144877550967976	103.67377692148092194	591.54412936408607493	0.00000000000000000	156.79101489742839703
TREM2	13.78165504559133758	23.54774336872041829	36.71825036372618456	17.77266376573171058	388.90337667346324224	0.00000000000000000	17.42852860889064814
TRIAP1	264.13953059041193683	300.86920654678988285	392.48470290572413433	377.43831155213467810	157.39804330341840455	100.80783360375151858	412.79176928942223412
TRIB2	142.84297339795131165	283.27003806670461472	124.32878653669629898	202.97477440516325942	153.88482908809018568	0.00000000000000000	470.93290034699191438
TRIM13	268.37406268592616243	335.00982464513293735	166.41905196814801116	217.29126765501743535	138.83591969980619751	97.79235660618353165	92.87034595742379395
TRIM22	220.82083562174020130	407.51802901019959791	217.02017572439490323	33.49459013658101014	357.59710964883254292	314.52762012705471761	44.00879368074181031
TRIM38	193.16980309368426560	297.53849775715769965	149.24647874728222519	291.33778247031705178	246.69264175050355448	253.10338864313894192	77.27899620962355698
TRIM69	167.86800385184798756	256.66896718273699207	90.11341097367585462	265.44856095915622518	631.44029176999788433	123.49134800886318430	15.84695550437559319
TRIM8	295.18101950702589420	336.14903178556551211	129.22363828667135977	134.67946983293157359	206.58575832490353719	310.31853801850007812	0.00000000000000000
TRIOBP	208.29440774985522467	216.74140011076198675	179.05075637312560843	121.97937427405646815	119.24461960452913445	146.53990013749373134	1054.10429371338454985
TRIP10	195.24058169908144578	277.41664803929069194	325.29505701625095071	298.79946999750353598	115.63014520457232948	260.89779541214579694	106.48441467673482919
TRIP12	197.76504660699393412	301.47382685648585721	243.46511628173433905	115.47830565584081342	274.77415899276900291	210.11617408364134008	560.32672336365340016
TRMT1	89.77788885754819148	70.03840124330740480	65.95569752398381524	0.00000000000000000	418.51631676020997475	0.00000000000000000	353.27054883477813974
TRMT10C	218.34617862066525618	356.14936822952097373	198.49836224248591066	273.72308385888197790	137.84166224244677323	312.19500378283021291	79.86089650956490971
TRNAU1AP	222.24250809830675735	287.85827611175722041	156.08315192508780456	95.76705764884630412	121.73573385819229031	211.36329919536387933	197.69126826165444299
TRPC6	34.33584333973738012	382.96693328288813518	123.64433960187798789	118.37098986668274847	64.15391095110864228	83.91632686145879916	0.00000000000000000
TRPV2	210.29542704773720629	266.28021016398901111	183.25540110710031172	134.23264374531802900	165.91937044230846254	168.16806925825062535	144.36093994925167294
TRUB2	231.66738582384911638	149.39590967433227320	329.42951086067887445	64.87902826464818418	230.55102443140560808	218.23769963355786672	0.00000000000000000
TSC22D4	225.96997782471879646	383.90402193244761975	268.73081994448432397	260.91519331801043791	202.53554182743766887	367.02140857539012586	32.89792067354002825
TSFM	304.23339292568073233	370.82730955352036517	318.39198624453786124	130.30406737351339075	138.35187316587916939	188.46313528209972787	859.27588254123270417
TSHZ2	754.48097084531480050	87.21400417142082517	349.29871482542256445	1.21619667914951668	179.32066351707774743	781.51285011219340504	0.00000000000000000
TSNAX	209.91255485865747232	367.29180848521446023	246.79442861000984522	323.55149161676575886	327.13196564523019561	90.15587843395331902	292.46285887820437210
TSPAN13	156.96334089393010913	63.70771705188449374	234.89057561924886386	0.00000000000000000	498.13843773864243758	39.65569053180688996	663.50511790322832439
TSPAN14	73.05308496169659804	154.39739634188271111	107.13882793047915243	143.87551499959360513	344.31335539353244712	75.26911456815774670	362.45274392059474167
TSPAN18	84.29753916006063719	8.69062646200588951	20.14541619107843573	11.99566101256638895	26.74353140563215447	0.00000000000000000	776.74564125429026262
TSPAN5	421.00812736759013433	116.42832865715530488	170.18191230773726375	88.45693758698351417	29.29542926148042525	328.37371002977056378	1002.99982440981932541
TSPAN6	241.76449926940105684	259.23003153351913852	214.67763677149625323	56.89118541760243630	128.59960494279860654	216.44055270269055313	0.00000000000000000
TSPAN9	515.77152962267780367	352.96532960892307074	194.39162717199849340	27.28910031204006259	111.42621997038006043	481.28398426898178286	194.21096917012769723
TSPYL1	158.07557286201642910	278.25682739062546034	273.26179317898709087	170.17782025772072529	294.19241376991311654	275.02806368715579310	0.00000000000000000
TSR2	305.49123541285996453	177.32977417549668075	211.90026945059150876	305.99026644533506669	288.95668227152714280	252.09049314582435386	54.03609874422924264
TSTD1	65.84732560576595972	92.79203481103732543	217.16258905059396511	77.03333809924245656	143.77158983988064733	94.26870769780455817	0.00000000000000000
TSTD3	97.50288903251656336	69.02191691955293606	175.85666566401542354	1.82203525166119018	50.70427432290485115	98.50556409557459858	354.78890072300083602
TTC17	197.89311670568173440	265.77924749886574318	165.27623029148250566	63.51750006474413368	179.07776719331357640	293.39657969463689824	0.00000000000000000
TTI1	44.79155550330224855	25.01920835071835825	8.10702862466699514	15.05173068819785165	28.55383218634601761	55.31166046086318744	276.17347383592999677
TTYH3	157.11646502529214331	102.61572235256446106	166.33043277067525878	17.58993776080692228	211.41130508438803304	147.57242973867715818	364.41630899213834027
TUBA1C	887.12932693535913131	652.17524976604624953	1315.09371275582725502	733.15767656326340784	678.07497772269164216	1105.96155705567616678	0.00000000000000000
TUBB2A	349.13828001005174428	216.85273945098688841	455.19420101862596084	371.27669960912038505	598.33174365674835826	801.05910487302969614	133.57019707228215566
TUBGCP2	183.13885719493433157	130.55023823191766041	260.86906891984006052	140.54057151614259169	583.50745800753315962	103.81934192625581659	136.85585180135024075
TULP3	155.45270570628460405	250.83212628711956427	127.34456937089785811	244.56057927965505883	233.44020922312071775	196.55049089370072579	273.79571441684004185
TUSC2	308.86046169251829951	208.70703120553613985	270.47210117287187359	202.17798356954074279	107.40928659162976544	198.91416339832272797	502.13418205261098137
TUSC3	342.75314456561818588	644.90145218928250870	379.22370025609922095	211.18500807201010616	268.72458113024828208	411.17933765340387708	0.00000000000000000
TWISTNB	211.76532055049310088	261.52860651594505725	196.39672697328788331	187.01570979589925514	145.79092740941962347	306.46738794733391842	162.65111808097083212
TWSG1	450.64077484748816005	348.09294189498825745	202.03691918461379373	393.81218196725717462	219.30854350086829641	359.52342974914125762	177.03230805358501243
TXNDC12	598.79290598177817628	573.85296730272375498	626.26756065321183087	271.94178875030775089	400.47969761443863490	659.31565907104686630	232.56220823130635722
TXNDC15	667.03183421586140867	395.26141731779006250	443.81441206009668576	565.09840605546435199	293.44495739466572104	605.17277543465525014	0.00000000000000000
TXNDC5	492.43567311607114334	308.06259723205374712	440.19323688920115956	127.70116705483293629	297.12281625489237058	618.59994049552256001	493.15636156351183672
TXNDC9	249.37164547745913978	362.16418497761526396	234.98957654248269478	296.24325289204466571	261.63620477318039548	206.60392100564604334	1230.58955373490425700
TXNL4B	50.96549665846883670	48.25496797494542278	101.98365661176546837	133.35978821600684796	39.53643094495529198	0.00000000000000000	448.33607908414438725
TXNRD1	258.89497484790734916	85.25004574689430115	390.91452282925246209	270.63031430714022463	226.53313944928524393	381.67080875225150294	106.82584520702918951
TYROBP	281.18218443061846301	505.61453649505057228	625.69421380967503410	214.39977652936332220	6653.98600128340422089	0.00000000000000000	565.02551494149201972
TYW3	208.98039661276888523	255.18798245361986687	223.57087154326825384	197.93517002223751433	54.73626729604351482	95.15117992791832080	431.64206222609379893
UACA	752.26373276166179949	1455.18511001713750375	511.36751904425051407	917.04885294781524863	570.21955671952889588	242.74884425637924323	1163.02462878628466569
UAP1	538.89832394163158824	261.85627548950225219	1028.73981703336335158	147.38960800098479353	365.54981102024083839	1107.74453226400009953	0.00000000000000000
UBA2	272.67805069340477075	783.76553697092958828	573.46854780883620606	612.94552605803119150	314.28582558889860366	72.48903659009620526	800.08645120634650993
UBA6	164.11071561608156344	126.73399530682198133	101.49194621099417191	293.41425722635045759	42.47918395683178971	101.81303904059710419	403.54089297516122770
UBE2D4	77.49336544720210895	39.19597549788758073	88.91336442841833332	132.93880823452724371	175.53846848023673033	12.60978212877489923	145.04848525753422450
UBE2E2	404.59524464032426749	549.52511726310649465	438.21312825256615042	692.56079482465918318	257.96692500160440886	178.59489393735631779	509.02092892202915664
UBE2G2	323.21781038286832199	210.64594940283424762	214.82398250383181448	322.21167777203424976	215.95485487802267244	264.50913642061897235	382.45088119776409030
UBE2Q2	221.38063153356898738	237.48758315230625726	340.06578438268570608	166.84332568027485877	530.86935957894843341	168.67390641056252321	105.92225727202784924
UBE2W	170.14046951171570754	275.41605208235284863	172.11693004326332357	230.46487033263449007	241.24634736402853719	125.06579593812460871	0.00000000000000000
UBE2Z	318.07861589072268771	146.70021823325834021	234.10401540487373495	62.48653831083339583	540.31604116566393259	186.09767005001867801	248.33833054527531203
UBE3A	239.90735516410632044	319.17143747462341707	269.63485938043197621	164.57950558043870615	252.56850707634978903	425.45564143668190127	0.00000000000000000
UBL3	288.62866161332567572	122.30632895657646486	241.71901879010849257	98.45906008135027321	183.93234631104272125	206.95830024857013996	287.36262534050297290
UBL7	219.40280267425555394	258.39088591408693674	202.91039199263198611	124.58440312528523464	213.35153453680388225	118.72315395136475047	0.00000000000000000
UBN1	141.00139182345355948	101.37127948876612038	121.34051628184217009	134.78327366060707959	94.28678524415067841	0.00000000000000000	501.30160908008622300
UBTD1	299.79838648619158903	165.63474586939588562	183.76139282048828250	118.60614791468879048	112.10495397201341916	200.08451602771799571	418.24267506880289602
UCP2	32.83116241353094722	67.91411497374451756	65.56470192122336016	22.38172264172046511	395.61011635426251587	0.00000000000000000	116.74007255332134037
UFM1	540.10627355589576837	314.08385024644940131	698.90822891722507393	355.67162733005574182	554.55598383849905986	750.75520525553088191	0.00000000000000000
UFSP2	322.40723957958186929	237.20934066790698580	290.18434569489164687	283.71773281000014322	88.44198675408622989	313.04439452473036454	0.00000000000000000
UGCG	368.43188628986746380	451.73044751849795375	376.34019644461841381	445.64694420889850335	368.36553280869310356	723.21692677266560167	0.00000000000000000
UGDH	504.57582030685614427	217.11431352781826831	621.51354514780371119	310.38818508814551933	162.07450697339547219	800.82577730903801694	0.00000000000000000
UNC5B	444.58647399707388104	231.10069703517615380	142.17375133620447514	35.43214137681054154	105.87644978901346349	203.66361361199901125	558.13315972603879800
UPP1	146.50058364888937490	183.43581004901554365	341.48205641845868286	115.75419629808376953	824.90831899472891564	14.88972390719704286	86.20983070360711054
UPRT	61.14013254284949284	47.22265585653195075	50.15921887190827277	85.91646259333127489	54.02482989426488302	21.36301715924727773	407.79671349405452929
UQCC3	397.36899334248005289	294.76735272665860066	377.38220379552268469	245.49667233205744310	153.09270685988366267	511.61914502039866193	107.79871170003383440
URI1	179.94908537892911227	208.00669248904614506	123.34443887733709744	103.10903514136172987	126.31485715501172251	129.41157528345726746	382.12653990920603064
URM1	399.76947403312220786	358.52955215435042646	336.23140216691285787	593.81861672445870681	421.63571095740581995	285.79308309522127729	494.34567048478885454
USE1	314.87366001358958556	515.06043547341448630	315.18469724693653689	210.81291841643638918	118.35846801760992264	327.78453188408695951	136.04785987182228268
USF2	217.61956587941918428	180.73723765079748205	169.19860787349847442	114.87497999449234953	326.63360658616323917	146.48137373320631127	110.60975501355737549
USP11	334.55630754998782095	320.59040180054574876	328.48619242583248479	312.07762862962312056	149.28647861050282586	394.25480605537478596	0.00000000000000000
USP15	142.50721755547576208	205.08756636828323394	178.51225788685718499	186.57149682677425062	544.95322963654621162	91.65673027845626564	171.92650631559530439
USP16	386.30511627236188588	529.63920830222264158	559.50069577298222612	397.48903065152018144	249.61217165290210573	449.14223063072398645	88.66130406471485514
USP34	370.02168133295134567	393.71701773426076443	159.90220995438076557	208.32519812674479454	156.76277498098468755	421.23865536405600096	0.00000000000000000
USP4	113.47557928146665063	112.58164029783125670	148.04174366092325954	24.54965171314151462	144.78461341479047064	139.60217702391241801	143.62825768168931972
USP53	155.59545701952788477	120.80606320321828662	202.11230428711508011	181.88327557547466995	207.37186763269937728	526.09118638889151498	205.57439246479796680
USP8	308.01021218038744109	355.22716166398043924	230.45525296055743070	309.37185937401255842	133.63083586998553187	202.42442469370405433	429.29806577398846912
UTP11	307.65898385026855522	404.95985661010695367	377.62622012684369111	376.96772130089601660	270.07282694345707341	204.57302201216350568	284.34232134100733447
UTRN	246.24246577499215505	569.15380484176512255	221.99432649703399534	217.42650948832130098	617.87143349700204453	270.80162359858275067	880.51672387130713560
UVRAG	99.02311496507392974	81.26227863987834610	123.78853548529504280	74.70793806479944976	271.34577713033075952	65.73809078056875421	102.14880694413682249
UXS1	197.83003309350527843	344.82681191702158685	128.96642263657648186	130.53916493288522815	82.65683585046852500	207.50449946030576598	430.59650688867634472
VAC14	90.19774095758893395	67.69012072598893326	67.64932247984050662	1.88705248701114825	145.80068083878762764	81.76067942625054741	215.40038094889672493
VAMP3	271.49924620887048832	427.17449606431767961	430.43398253506444462	487.42040449768785493	297.99767755470037400	331.51505781293377595	18.04230939875777295
VAMP4	143.18145151901558165	134.22433404832759152	119.75626708580523427	32.94974475214537080	264.47987166281296822	88.28084022529347408	54.20741816450266981
VAPB	186.17890839257347579	149.64124740785791801	224.72198646075747774	42.42616005046829031	33.32374966813928552	94.06293645215910715	287.78471160192498246
VASN	466.57074710828715070	668.39131460230191806	232.98874616308691543	311.34145798860089371	139.73440889983223201	678.47676501937712601	0.00000000000000000
VASP	338.35370818632100054	634.51991996590152212	469.93798072899704721	541.71041492601307255	761.22251402988752034	153.73525441951653647	604.52138132975915141
VAT1	363.73233299697648135	169.26813009928699216	331.17288081152469204	39.14916887026987524	265.72815946671380516	341.74469919928134232	114.53014741147181610
VBP1	348.34680780364686825	544.58254105478158635	390.65731230876605196	282.10616232426690431	170.34048118613358724	219.39777803347772078	676.72415990952572429
VCAM1	1332.94521652344587892	287.31385404552429463	595.57206308597710631	153.27357508271620645	180.47348621496979604	1219.68351076140652367	0.00000000000000000
VCAN	8895.96354692058048386	1167.93729191856482430	2623.56797395563398823	410.73942485936481717	4765.94531417899088410	4120.93076846872827446	413.11714767622868294
VCL	760.28633040506110774	766.13072819879721465	342.80165936760727163	971.37402171674523288	429.68386411760258170	506.88321784033098538	548.88449422038490866
VEGFA	481.08351660232153790	255.32244886439232801	611.09411683754319711	153.83057757055695447	532.34898651098797018	431.44847109396914675	0.00000000000000000
VEGFB	249.60739196838605380	122.82398850452072736	357.20493813768558766	116.02811817575891951	390.82536952454802304	208.20251135906471518	269.93727960893784257
VEZT	363.33289967586966895	192.79722899076821818	221.96353209201330969	86.43218709232209562	191.60475286170824916	238.43808279577365283	46.73803871267142540
VGLL3	317.08122397697059114	163.78685916873286033	312.92180884192089252	540.49998472541983574	245.67012413992324582	687.36949805100698541	43.36469058510063235
VPS13C	269.76220222796831649	219.83310512748744259	95.99153769277786807	168.28301095031386581	259.56012626219353479	180.46046126292444001	0.00000000000000000
VPS16	176.32770203970611078	209.56355896060492228	192.27649335374195516	114.95626945222801396	265.61086923687673789	42.60707601520243060	158.36217034221510858
VPS35L	109.35091350884272288	147.60587217259683257	96.71952139998488462	105.63461510102187901	168.12448309432559768	47.54089512360207692	623.48243066363454545
VPS36	298.63741843137620435	245.62033482576089227	167.51941699191701218	181.10706960749121208	185.05158961879172352	322.84301581227811084	69.98396604345875005
VPS4B	199.38577334752261550	286.37116869446629153	339.14256718646134914	200.81113091240521840	153.24399192675738846	211.18538607207875657	0.00000000000000000
VPS72	290.85936111671134086	219.62794549988521453	190.59045053530442715	230.39321627645173862	169.49292557134916137	170.18447198624389216	0.00000000000000000
VSIG4	11.02962089373407828	24.40162840069212180	54.43002886186489775	18.09281705089617986	398.86730939010004704	0.00000000000000000	37.27048478023436218
VSTM4	201.42336754957796074	269.63899758943665574	115.59729954745165514	62.85203013454059118	44.87094134515417920	168.93594265175903502	0.00000000000000000
VTA1	124.10964694983604772	144.77588869467624022	167.75800402165805281	27.08702639200782158	184.63895167007842701	205.53630266214048561	378.54411974566102117
VWF	29.75744222396403060	27.14687422336516676	63.69980878640630095	97.49027327162141887	14.72540564012926012	0.00000000000000000	1303.79757685053232308
WAC.AS1	0.00000000000000000	0.00000000000000000	0.00000000000000000	0.00000000000000000	0.00000000000000000	0.00000000000000000	0.00000000000000000
WAPL	189.63044545451734280	281.65439097143939762	162.64574682594954425	110.88819000711391993	48.23123260486266872	170.44623170074734730	277.62500618839720801
WASHC3	346.32043391082532935	338.06765106204420590	292.52064425129651681	413.90130603227288475	151.75402741012140950	396.40132119652389520	477.97894684984390778
WASHC4	270.81661584953604915	374.75901171518711408	138.70032900059567282	105.90353515098112780	195.61530263977954291	219.93503681092269630	91.23836214912188325
WASHC5	111.38562556122411706	79.63181014888823483	132.07058380475282888	31.10420373074669342	60.34420807296143607	104.43813293088744842	83.95468050760440804
WASL	303.61047597717202962	300.16230382753059303	225.40125147230270386	257.40682527781729050	101.83916629064604820	239.90748423391985966	74.49300973848234264
WBP11	240.92199415576212118	401.08646832773075630	332.31068513539548803	202.88156780518960431	267.75363938309044443	404.41729261409295759	63.09951787636317988
WBP1L	403.63800670628097578	260.79559258759655904	368.01381237512987354	120.89644528769409249	315.00981747125376842	467.43834564517766239	104.79550769852680503
WBP2	256.41695395652010347	291.76956433557683113	288.02162339875326325	328.56594826375498997	265.68448347801660248	353.12533081301904758	36.74660982021904232
WBP4	244.35841290411883620	337.58036978557936436	309.22557976820451131	215.44233201628807706	190.98759458114795962	308.94564791448749475	132.76815474387717586
WDFY1	150.73035064309721065	135.86082041814924537	101.27630980710307540	67.81855014176488794	422.57739557514730677	75.43014260046533082	116.04699362869905599
WDFY2	75.66492044051916821	236.66238380662520058	77.17797006702177498	53.43616693716445809	214.91934876980897684	0.00000000000000000	284.81010233102648499
WDR18	295.79925132482725303	281.87301096557894198	314.20191319050758239	65.67727571312573787	158.13699137206194223	298.57482042945838430	70.54469857361743834
WDR26	230.74863344762286488	227.41393258033289726	177.52674048451203248	120.51536801189187997	89.89429771832871552	301.04582028494428414	338.06328597323727081
WDR41	288.29068449658285545	271.29900277481812054	224.05997704925772496	3.90002411738070931	194.48854171935815316	203.09315252871266466	0.00000000000000000
WDR43	170.65141557319941512	147.91086803813354322	204.40368459674959922	151.45651120116542643	49.88972172208528377	338.72963503259910567	0.00000000000000000
WDR45	503.04208218607516301	523.60259837760679602	596.87591754948266498	291.65388307920721900	168.06117684869076356	249.75912717313369171	507.49207189914960736
WDR45B	323.03924711415260163	234.96445635345330061	458.65262728659422464	167.91959900123373473	268.89926696973225262	352.19235226478275536	287.40462131937516688
WDR46	353.92056640201997197	419.46788920817590451	266.95461790352203479	348.17154592595164786	220.45667755020454592	154.38003940334803588	409.21229896305220564
WDR54	273.23471045614650166	260.72612515784720699	824.61675446382719201	0.00000000000000000	134.50292829718301846	301.63173550909681353	0.00000000000000000
WDR6	257.72409476512473248	156.66333051677511889	144.75655137047132826	134.72413627655839718	514.54107907936543143	121.04515815670157508	608.76455643868030165
WDR74	201.05348229122060388	223.14033100848999425	352.59547453866531441	132.67172518230319156	160.00226565491948350	426.37322597039451466	69.80191382876256512
WFS1	117.20442818055632017	35.50916365454272494	60.62555153016708687	89.96730042043002129	24.68654828574910809	19.01740110633910774	1043.42539884433972475
WIPF1	268.54572769040970570	251.96070419228126980	163.68724670547476308	183.53769238092309024	474.68714498071733487	73.49760157522857185	450.39411156141426318
WIPI2	370.38500712227528311	245.06680297525753076	333.59292217279454462	111.09111101248272746	214.05160236907298099	433.83534054779204325	14.07142781853140079
WNK1	237.12413558343345699	268.25945672811286613	221.96357931189848500	59.20677493450741480	290.65848594675907179	140.46903594553307926	923.68729909444266468
WNT2	493.35605636248988048	40.50450643310846033	243.84735231336574657	0.00000000000000000	153.54863226276913224	590.64054594802689735	141.67574070955939192
WWTR1	418.14527567293185939	219.76487620104836651	358.83169149340437798	155.57687703556811698	211.65828260126963301	192.38034879264694155	891.88434446449923598
XAF1	309.21438421677493125	238.53573015087755493	217.07289177479748332	163.45664108410400672	244.64673816467328038	96.14066533736576048	100.99078494772365389
XPA	167.73136328340177670	102.74829764174816660	150.40120427063726538	28.72619790477659762	285.36392702296222978	181.86657048818835847	189.39446537005804316
XPO1	308.10246942110438795	292.10714643527285261	327.93774518863557432	218.33904243800665768	337.00912322975352708	296.05480366426519367	0.00000000000000000
XPO4	60.29054575774185309	47.55857291129683517	78.24669603118026373	63.75732836412685600	81.21446929072006071	51.35095509055796015	358.03733616839281240
XPOT	180.56577858948995186	209.93837816475317481	166.68170423458354890	27.92043347968987632	62.20756582340793983	178.69087039458580080	225.88219162293233921
XXYLT1	142.20067629242672069	77.67124091800502583	102.74370195341451506	35.19412767035073841	17.68117736394632544	88.03930760217480156	538.32844540728819993
YAF2	216.15063238158262493	421.21363210670079980	275.02364527811550943	329.90630470501662330	257.02364616531582442	292.09130409966729758	92.76932825707726238
YAP1	300.69542324850999648	244.55523775195078429	380.14411684896595034	492.61073462349099827	152.34992761413627704	163.97942600373005462	833.67039096633732242
YES1	163.66435434014869088	111.62546155506184675	133.94032439037354720	20.31730239305408148	127.15854891235487401	90.47412105275786587	282.82943987007371334
YIF1B	388.93735563289135371	205.05597645494563608	178.80687399371558399	138.27181649912597550	387.65305728042312694	221.34157141312425665	215.21061352496522545
YPEL3	442.17250537958091172	352.15900780290598959	335.57527281725208468	314.91458421554330016	203.13316364359874910	363.22120534916786028	577.22479067165090783
YTHDC1	339.85027930150113207	283.08891716321204512	496.51872866517561533	365.32866769044318289	139.25206417420778848	321.54563631982466632	124.33099778614490560
YY1	522.20364948397116223	460.41657302412471608	478.34663163078522530	465.65442606228054956	280.48284318524036962	291.00793348771350111	1257.95067121511442565
Z95331.1	41.21899365739518117	24.02399610005260655	10.66011434552327941	5.02735750883382160	7.59394512972734503	0.00000000000000000	269.40272233214841435
ZBED1	378.28107637854685663	108.06913530065310169	154.60484816728714463	150.54903020597583918	214.87477503776824506	79.32380058108857668	516.33184006332066929
ZBED5	131.60756143368220705	266.86935350389376254	91.01281461246512094	143.75701050767978018	158.05096958539866137	59.18308393657008537	117.16256739388293795
ZBTB7A	180.97234239835563585	152.53710667473805529	103.65632256686764379	105.86931542421349661	243.43090492290065185	146.04862906813207246	0.00000000000000000
ZC3H13	435.63824695257301300	528.57220696448291619	393.19733543085567362	321.05099931441003491	177.27098242987858612	334.80296841966190868	612.84039554429296004
ZCCHC10	179.20207293746258870	247.69418242830519716	398.13317201681201141	282.76396601849950230	144.14385146724453080	321.31554686801842990	96.15593883215872495
ZDHHC12	420.91299991707154504	252.21820675118604527	255.75112074190607814	137.72776538227512333	130.81231826094813187	82.29789504379577636	417.98894733159107773
ZDHHC20	168.20208365452828048	83.34204651736546055	90.49013550794852279	73.88518180657482048	266.49063103794412655	87.45541660976661547	694.12544287036632795
ZDHHC4	453.89687653432923753	285.45187579338869455	321.74263956514516849	240.39043483397605883	249.57553301337955531	415.70555206803487636	0.00000000000000000
ZDHHC9	161.69849807339741687	63.29666066257933466	152.90334469573582510	75.00530189987601659	36.30716613117245117	155.49045862368919302	241.84784728901854578
ZEB1	390.67941984383463705	348.01509015138753966	235.26940396987319559	48.38819716572490393	146.39639044639571352	109.56713112448127845	509.47660281700439100
ZEB2	515.32543899824031541	757.31122612068702438	393.05619039985793961	718.41112319474552805	1054.18447528392653112	481.92207510793912206	90.41919472529096424
ZFAND1	299.96806668248598271	272.65782911239472242	374.39051154436293700	450.65118558254653180	213.95422400331253243	220.56608208064258747	213.99342101766106339
ZFAND2A	152.66127485546127218	119.29943139729483903	259.69841814167216398	86.11530392753408591	103.22451577045201532	51.83652813683085725	367.03939670374046500
ZFHX3	254.58474179147296468	439.83507578581310327	283.11236637734663191	319.26509656781479407	319.74063274175711058	191.50604682816222635	871.60927278618657965
ZFP91	257.77612717546094245	293.26383714764205024	223.49806692362344052	227.04884217969302540	342.23440583707576934	237.24897014370927195	7.08365532420750466
ZFR	266.29472028027709030	281.24584388844994010	212.35948371808197521	224.74488398470182915	183.99506749430099717	259.73460678906343446	413.23119699508652047
ZFYVE21	333.03855111890931084	339.66334702128483514	377.10406925590234550	571.10561031051327063	571.35524095584582938	330.64082900275138854	516.11708335107607581
ZGPAT	188.73695500400648939	183.16060245136014828	206.89971159934989942	90.84122077196126099	51.48874950428186992	129.08949257543821432	269.56471596619377351
ZKSCAN1	339.56160842316751314	271.34634639286338142	254.23556948056449301	332.79569512873234771	432.56798217592552191	298.60860181893923482	432.02417173645852699
ZMAT3	252.17942971632160720	335.72094834153438114	173.50920389470815053	192.74154851686438406	109.74745165686408654	169.86220615494616482	296.40662308072012365
ZMYM2	275.23757133379996276	257.28383900607150281	100.98672839867285234	147.28208514472461843	88.76518098588390160	251.38382024251546909	427.54579407885336195
ZNF106	321.66950200587655218	307.52415658922791408	219.70126958240928161	312.01859283376842313	675.63369968460858672	418.23412962072450227	593.67688876362296924
ZNF131	117.12824633563431576	171.45142215890135162	129.75339419045127443	133.27148513904054994	78.17723359763988356	149.74418077047590714	168.44702344104925373
ZNF148	200.57290631550446847	315.29458107302451708	333.62998566480553109	223.63739811534276214	146.44910142262514796	248.29908275627110470	120.28620745367257427
ZNF22	410.03360371672511064	623.76372730365972075	523.42978829647142902	534.85990305419727520	170.06226797667773099	497.20574576691387847	220.19968280090935764
ZNF24	231.83232818581228685	302.72102568981603099	142.11215969073120391	257.43900391806045036	173.10499494023653710	127.23169664229249065	371.56134783814246703
ZNF281	276.78209927772286392	136.12671411727006898	258.68777129400933745	131.53285871593897127	189.25633180063096006	232.81387912892841996	142.77377492344945153
ZNF292	309.85207455383039132	338.54269181448700010	120.67210282339948435	83.02887572426284635	263.84367594200307394	325.61798323618148743	10.86543515134551541
ZNF32	254.08425105266798028	231.28342582024382068	359.83179945097094787	340.73097177225406540	511.77099114024053961	31.64005147478757607	454.53965580647297884
ZNF326	207.64230740776446282	198.36894341274654607	167.93011473356125407	168.99753771172177608	178.32984630573920981	102.46700125758624722	380.36789022561572438
ZNF330	177.77676403582535158	170.36124620192498469	209.25427712318446538	90.77915847563281204	251.22099638527166121	166.41157871888734121	919.74298026043629761
ZNF33A	122.19766646323012083	173.09569133252284701	99.26071329188468439	88.53845937241710828	126.95874082886038536	157.50900483168720712	537.28010500160894480
ZNF385A	31.72014374869135622	74.21126873709651761	25.63463242767893746	23.39650286076252783	264.06741627933212158	0.00000000000000000	72.85868957304907667
ZNF385D	17.07836223318663116	96.12712365285450744	38.91988008731022575	23.84055658190378324	4.15730575344722197	27.79845204341264875	398.52263247430408910
ZNF398	32.49416868169950590	27.80730783075455292	48.24128292548456898	28.78838924703788749	165.16134992377649837	13.68586203357269504	26.03939864160850348
ZNF426	82.42515709194955775	91.56510916384034715	158.18259654264832648	59.62470089818135932	45.24844841515622562	33.78952531944887738	241.77594030080845755
ZNF467	15.32841980157152229	37.00798216459696022	46.76276528160386192	2.12317055096061136	115.25714775046036209	18.48907310570473683	277.30353128740836155
ZNF511	380.25871909100976609	317.03033237496578067	357.20205829790637608	165.81241758682315890	218.25656686571363707	331.88809082123623284	0.00000000000000000
ZNF532	200.27292958030125192	235.32396027986345644	113.46970280725315661	95.62311279208600467	397.83861146681346099	0.00000000000000000	303.17533051915467013
ZNF562	102.60807523050573309	107.53686413786863341	110.11985654562715808	71.60759986571231650	210.09934667513718409	82.03305771170676053	83.22720481283349159
ZNF581	269.68677590901069152	153.00884437527497539	341.03198645479437801	129.71129121592099409	142.04599258241239568	187.73143945575176872	102.38522126785170485
ZNF622	222.12824644480113534	200.23147808918642454	342.08622688411929857	224.93403689704038584	200.43565117718742385	250.72338572775007037	0.00000000000000000
ZNF638	268.16325262901443693	407.93878541414784422	223.79650549861523245	256.50700671653078189	83.82288674003375206	295.96073589915704360	461.86066354946171941
ZNF644	212.13241268716603827	222.80878077562726958	209.60745870172587502	131.69506751605777595	82.21712545282790074	296.61185547353858283	86.14900457842503556
ZNF655	143.26262270474833826	209.63485063157503419	181.01225617295258985	100.71755674014646331	178.81418570601388751	150.72629325235632791	99.13425482983437576
ZNF667.AS1	0.00000000000000000	0.00000000000000000	0.00000000000000000	0.00000000000000000	0.00000000000000000	0.00000000000000000	0.00000000000000000
ZNF791	189.67644159364766665	248.16605044996245510	219.41724619607023783	199.78690837227955512	62.91710611140871379	115.93642203837636373	437.13970641224545943
ZNHIT3	365.96650737603647485	368.67552731198964011	482.55690658349749356	378.88266480933867797	212.55725157950197968	312.77445744917639558	0.00000000000000000
ZNRD1	275.13180008168518498	257.25675780934022896	507.15337939968884484	107.01678671907600915	135.64569127006436133	270.32405807721011115	193.99977778029025899
ZNRD2	372.84199761930261730	307.91396919500976992	404.37584106006079310	120.38808831782058917	251.14987306115344268	266.42169810071953862	142.34981729474981194
ZRANB2	433.76661140908328207	513.47604803560034270	501.64006326678457981	486.84707613252953706	160.23118897503263725	366.58981105659739796	698.16959235849776633
ZSCAN16.AS1	0.00000000000000000	0.00000000000000000	0.00000000000000000	0.00000000000000000	0.00000000000000000	0.00000000000000000	0.00000000000000000
ZSCAN18	276.85110208228991269	219.27144654789765355	193.51396278763860437	269.97436147307024612	95.45422980555302672	534.12006677622696316	197.88579578402612924
ZSWIM7	210.33970461755475867	308.12478515639401166	274.48163683135652491	188.70354681945937614	286.32553751214896920	270.76817024007016244	63.03361574028686931
