NAME	iCAF	mCAF	hsp_tpCAF	IDO_CAF	apCAF	dCAF	Pericyte	tpCAF	vCAF	rCAF
AADAC	59.36192742646926490	1.00000000000000000	1.00000000000000000	1.00000000000000000	1.00000000000000000	1.00000000000000000	1.00000000000000000	1.00000000000000000	1.00000000000000000	1.00000000000000000
AAGAB	1.00000000000000000	1.00000000000000000	1.00000000000000000	1.00000000000000000	1.00000000000000000	22.05702082953344956	1.00000000000000000	1.00000000000000000	1.00000000000000000	1.00000000000000000
AARS	1.00000000000000000	25.83378744588576836	1.00000000000000000	21.73511186913607673	1.00000000000000000	20.98128459594114759	30.10226781356628578	55.76306250135686327	1.00000000000000000	1.00000000000000000
AASDHPPT	1.00000000000000000	1.00000000000000000	1.00000000000000000	20.69302563623876878	1.00000000000000000	27.01814385710266464	33.11016152435982463	1.00000000000000000	1.00000000000000000	1.00000000000000000
ABCA1	61.09207319637557276	52.18496664479317104	148.00787684808346967	59.74372980446104009	1.00000000000000000	25.39339081390860997	1.00000000000000000	63.78737844232032472	1.00000000000000000	50.73342140026853997
ABCA10	88.17719618434786355	1.00000000000000000	1.00000000000000000	1.00000000000000000	1.00000000000000000	1.00000000000000000	1.00000000000000000	1.00000000000000000	1.00000000000000000	1.00000000000000000
ABCA6	156.82044432730722860	40.73348935563031858	98.94951950734299828	59.52053296067010990	1.00000000000000000	1.00000000000000000	1.00000000000000000	1.00000000000000000	1.00000000000000000	1.00000000000000000
ABCA8	244.09892520993881249	1.00000000000000000	1.00000000000000000	43.06188293145537216	1.00000000000000000	1.00000000000000000	1.00000000000000000	1.00000000000000000	1.00000000000000000	75.86771253504083745
ABCA9	99.74092169472278613	1.00000000000000000	1.00000000000000000	1.00000000000000000	1.00000000000000000	1.00000000000000000	1.00000000000000000	1.00000000000000000	1.00000000000000000	1.00000000000000000
ABCC9	33.39852139031636113	1.00000000000000000	1.00000000000000000	1.00000000000000000	1.00000000000000000	1.00000000000000000	205.04308299549998651	1.00000000000000000	85.04086640566507072	295.73417081795497552
ABCD4	32.18610441620853635	29.70788844436197351	1.00000000000000000	27.49235756299580657	1.00000000000000000	18.78206143785178739	1.00000000000000000	1.00000000000000000	1.00000000000000000	1.00000000000000000
ABCF2	1.00000000000000000	1.00000000000000000	1.00000000000000000	1.00000000000000000	1.00000000000000000	34.86286272337952141	1.00000000000000000	1.00000000000000000	1.00000000000000000	1.00000000000000000
ABHD12	27.12120528046287404	1.00000000000000000	1.00000000000000000	19.44854642831146307	1.00000000000000000	28.65634136320770153	1.00000000000000000	1.00000000000000000	1.00000000000000000	1.00000000000000000
ABHD14A	50.57551779491731736	1.00000000000000000	1.00000000000000000	1.00000000000000000	1.00000000000000000	1.00000000000000000	1.00000000000000000	1.00000000000000000	1.00000000000000000	1.00000000000000000
ABHD5	49.07395418592687975	1.00000000000000000	1.00000000000000000	29.94077728241112268	1.00000000000000000	15.89363912069710594	36.40175245990097608	1.00000000000000000	44.75310053051006065	46.22927896523285085
ABI3BP	294.94365748787629400	85.08256856580486271	84.94473933856042436	307.60904231312412094	1.00000000000000000	75.03673938747287764	1.00000000000000000	1.00000000000000000	1.00000000000000000	56.02044987282472732
ABL2	159.33129796523365940	125.92041505885975994	496.58518349283616544	170.32516594015015698	129.50719814094173898	167.29662195502305622	127.38880019984891590	138.28873184314676337	74.10931635370619119	76.88479290713615910
ABLIM1	72.77941069790198014	1.00000000000000000	1.00000000000000000	1.00000000000000000	1.00000000000000000	1.00000000000000000	1.00000000000000000	1.00000000000000000	1.00000000000000000	1.00000000000000000
ABR	1.00000000000000000	1.00000000000000000	1.00000000000000000	1.00000000000000000	1.00000000000000000	1.00000000000000000	1.00000000000000000	1.00000000000000000	37.37533355251728295	1.00000000000000000
ABRACL	28.93324429328980330	59.58866976075102428	1.00000000000000000	73.78666628527415128	70.34877304872649972	69.27237548956065893	1.00000000000000000	1.00000000000000000	1.00000000000000000	1.00000000000000000
ABRAXAS1	1.00000000000000000	1.00000000000000000	1.00000000000000000	1.00000000000000000	1.00000000000000000	1.00000000000000000	1.00000000000000000	1.00000000000000000	1.00000000000000000	44.10920487558696834
ABTB1	32.00916058289005406	1.00000000000000000	1.00000000000000000	1.00000000000000000	1.00000000000000000	1.00000000000000000	68.48773009237247322	1.00000000000000000	110.05966964636586169	89.09693369369330185
AC027290.2	1.00000000000000000	39.64435375828099239	203.46902645085936001	43.58884137753989307	111.09269127980795133	33.46928955689173080	45.72811475012254334	1.00000000000000000	51.82366734014262022	1.00000000000000000
AC068491.4	1.00000000000000000	1.00000000000000000	1.00000000000000000	1.00000000000000000	1.00000000000000000	20.68753312772582831	44.59188090427896611	1.00000000000000000	1.00000000000000000	1.00000000000000000
AC093155.3	32.70637987275679137	1.00000000000000000	1.00000000000000000	28.45850780703449345	1.00000000000000000	1.00000000000000000	1.00000000000000000	1.00000000000000000	1.00000000000000000	49.28392552702833029
AC093908.1	1.00000000000000000	1.00000000000000000	1.00000000000000000	1.00000000000000000	1.00000000000000000	1.00000000000000000	47.44182226227500365	1.00000000000000000	1.00000000000000000	1.00000000000000000
AC134043.2	1.00000000000000000	1.00000000000000000	1.00000000000000000	1.00000000000000000	1.00000000000000000	1.00000000000000000	42.63511035024694706	1.00000000000000000	34.09780823429295538	1.00000000000000000
ACAA2	69.74663779084561099	59.20013226376720183	1.00000000000000000	62.19850262728981960	1.00000000000000000	77.70220676035660290	34.96303004682297200	76.40210849929061965	1.00000000000000000	1.00000000000000000
ACAN	1.00000000000000000	1.00000000000000000	1.00000000000000000	1.00000000000000000	1.00000000000000000	1.00000000000000000	47.03921194488889768	1.00000000000000000	70.82425936106564279	1.00000000000000000
ACAP3	1.00000000000000000	1.00000000000000000	1.00000000000000000	1.00000000000000000	1.00000000000000000	30.63746194456180305	1.00000000000000000	1.00000000000000000	1.00000000000000000	1.00000000000000000
ACAT2	1.00000000000000000	1.00000000000000000	1.00000000000000000	26.50741810267135534	1.00000000000000000	48.95652234945584524	1.00000000000000000	1.00000000000000000	1.00000000000000000	1.00000000000000000
ACD	1.00000000000000000	1.00000000000000000	1.00000000000000000	1.00000000000000000	1.00000000000000000	41.95431541931031205	1.00000000000000000	1.00000000000000000	1.00000000000000000	1.00000000000000000
ACHE	1.00000000000000000	1.00000000000000000	1.00000000000000000	1.00000000000000000	1.00000000000000000	1.00000000000000000	1.00000000000000000	1.00000000000000000	1.00000000000000000	33.65782898292154357
ACO1	46.45538166748412578	32.93224041279241021	1.00000000000000000	42.01773535565786943	1.00000000000000000	28.67986903267532028	1.00000000000000000	1.00000000000000000	1.00000000000000000	40.99209468741442208
ACOT13	31.76747928741322013	36.71140700936165047	1.00000000000000000	31.31930598492080620	1.00000000000000000	24.59945827138043839	33.34634550717089496	35.94134631414583225	1.00000000000000000	1.00000000000000000
ACOT7	1.00000000000000000	1.00000000000000000	1.00000000000000000	1.00000000000000000	1.00000000000000000	90.65725430116488326	1.00000000000000000	1.00000000000000000	1.00000000000000000	1.00000000000000000
ACP2	1.00000000000000000	25.88702982127528429	1.00000000000000000	28.50940227234710989	1.00000000000000000	1.00000000000000000	1.00000000000000000	1.00000000000000000	1.00000000000000000	1.00000000000000000
ACTG2	1.00000000000000000	1.00000000000000000	1.00000000000000000	1.00000000000000000	1.00000000000000000	1.00000000000000000	1.00000000000000000	1.00000000000000000	306.04572119250468631	173.61962443716660687
ACVR1	37.71490156292504992	36.97725361676650380	1.00000000000000000	33.39922640249982067	1.00000000000000000	1.00000000000000000	1.00000000000000000	1.00000000000000000	1.00000000000000000	1.00000000000000000
ACYP1	1.00000000000000000	1.00000000000000000	1.00000000000000000	1.00000000000000000	1.00000000000000000	42.33325542879180148	35.62528921124611969	1.00000000000000000	36.38783929814641738	1.00000000000000000
ADA	1.00000000000000000	1.00000000000000000	1.00000000000000000	22.46550546059784281	1.00000000000000000	1.00000000000000000	1.00000000000000000	1.00000000000000000	1.00000000000000000	41.18740846573208358
ADAM12	71.46523506869785081	201.70552744347730822	151.78496360051505576	167.38411480509506646	68.39768166366840774	134.66080260350750564	37.23069591472332007	102.22186999883776082	1.00000000000000000	1.00000000000000000
ADAM15	1.00000000000000000	1.00000000000000000	1.00000000000000000	1.00000000000000000	1.00000000000000000	27.97446897915655839	1.00000000000000000	1.00000000000000000	1.00000000000000000	1.00000000000000000
ADAM17	46.72027545920405345	50.40406459992301080	175.31939391614531587	56.62422195761763533	1.00000000000000000	24.65506848239552440	46.59393863649836476	53.66266402185333106	36.13353593703998712	42.34597163478611037
ADAM33	57.63431358433322771	1.00000000000000000	1.00000000000000000	1.00000000000000000	1.00000000000000000	1.00000000000000000	1.00000000000000000	1.00000000000000000	1.00000000000000000	1.00000000000000000
ADAMTS1	127.20940721223527703	58.88252943496689795	500.76211110130782345	72.94410821229746489	223.92994611254601978	137.70790936172571151	573.50692846538345293	1.00000000000000000	960.96137601099019321	561.85482770647092821
ADAMTS10	1.00000000000000000	1.00000000000000000	1.00000000000000000	1.00000000000000000	1.00000000000000000	1.00000000000000000	1.00000000000000000	1.00000000000000000	62.47319041697376463	61.24193598848028586
ADAMTS12	1.00000000000000000	66.83316883051176660	1.00000000000000000	50.77325286448898112	1.00000000000000000	47.99671841638747338	41.77198949270811568	1.00000000000000000	1.00000000000000000	1.00000000000000000
ADAMTS4	88.26294135332908297	69.60392959540548929	413.39392550778131863	170.14725053922438747	173.44958513250648480	80.65904913200941451	443.17074165787857964	1.00000000000000000	358.09716959603792930	561.41950000203769378
ADAMTS5	112.14251175754321821	1.00000000000000000	1.00000000000000000	1.00000000000000000	1.00000000000000000	1.00000000000000000	1.00000000000000000	1.00000000000000000	1.00000000000000000	1.00000000000000000
ADAMTS6	1.00000000000000000	33.93555900085415544	1.00000000000000000	1.00000000000000000	1.00000000000000000	1.00000000000000000	1.00000000000000000	1.00000000000000000	1.00000000000000000	1.00000000000000000
ADAMTS9	1.00000000000000000	1.00000000000000000	1.00000000000000000	1.00000000000000000	1.00000000000000000	1.00000000000000000	141.82924894868548904	1.00000000000000000	121.39175496954442224	58.23655043809898757
ADAMTSL4	48.82207155449793845	1.00000000000000000	1.00000000000000000	1.00000000000000000	1.00000000000000000	1.00000000000000000	1.00000000000000000	1.00000000000000000	1.00000000000000000	1.00000000000000000
ADAP2	1.00000000000000000	1.00000000000000000	1.00000000000000000	1.00000000000000000	1.00000000000000000	1.00000000000000000	167.44593618718491257	1.00000000000000000	79.43067243925915477	1.00000000000000000
ADARB1	1.00000000000000000	1.00000000000000000	1.00000000000000000	1.00000000000000000	1.00000000000000000	1.00000000000000000	1.00000000000000000	1.00000000000000000	1.00000000000000000	35.18540804982252723
ADCY3	58.49159625503532567	1.00000000000000000	1.00000000000000000	21.55928823627290214	1.00000000000000000	1.00000000000000000	90.13503650041327830	1.00000000000000000	109.17138003015399761	95.21634360441125011
ADCY6	1.00000000000000000	1.00000000000000000	1.00000000000000000	1.00000000000000000	1.00000000000000000	1.00000000000000000	46.15267322356897495	1.00000000000000000	44.22172375676507983	1.00000000000000000
ADD3	251.67252436198137389	133.48327483073975941	187.87615514255261928	183.70211475943796131	100.11723234470433397	97.12948901073592367	64.52002697212333260	100.13053349978569884	1.00000000000000000	1.00000000000000000
ADGRE5	1.00000000000000000	1.00000000000000000	1.00000000000000000	36.81402599304323786	95.20738362277894851	42.41679756445009986	52.86941345801470504	1.00000000000000000	55.76169922994353811	51.78219713655371947
ADGRF5	1.00000000000000000	1.00000000000000000	1.00000000000000000	1.00000000000000000	1.00000000000000000	1.00000000000000000	186.97348650090748379	1.00000000000000000	68.31775027974173042	205.45622396386008290
ADGRL2	1.00000000000000000	1.00000000000000000	1.00000000000000000	1.00000000000000000	1.00000000000000000	1.00000000000000000	46.60389229835119806	1.00000000000000000	1.00000000000000000	1.00000000000000000
ADGRL3	1.00000000000000000	1.00000000000000000	1.00000000000000000	1.00000000000000000	1.00000000000000000	1.00000000000000000	1.00000000000000000	1.00000000000000000	1.00000000000000000	98.32856870289214157
ADH1B	440.46676302568175743	1.00000000000000000	1.00000000000000000	1.00000000000000000	1.00000000000000000	1.00000000000000000	1.00000000000000000	1.00000000000000000	1.00000000000000000	181.92087523675834859
ADK	28.14653032690538126	1.00000000000000000	1.00000000000000000	24.84648648620843758	1.00000000000000000	48.85456052239463531	1.00000000000000000	1.00000000000000000	1.00000000000000000	1.00000000000000000
ADM	282.87943679244779105	70.29579449398951851	319.58572649543606303	56.73622246797788904	1.00000000000000000	37.23494475093288969	1.00000000000000000	525.66228398892553741	1.00000000000000000	1.00000000000000000
ADPRHL2	1.00000000000000000	28.52454717805703055	1.00000000000000000	34.02492577545666563	1.00000000000000000	34.15935426286475973	1.00000000000000000	47.04457969091686920	1.00000000000000000	1.00000000000000000
ADRA2A	1.00000000000000000	38.53457758445905768	1.00000000000000000	60.10127362654284155	1.00000000000000000	1.00000000000000000	1.00000000000000000	1.00000000000000000	151.83983872213931932	111.29981341555227914
AEBP2	1.00000000000000000	1.00000000000000000	1.00000000000000000	1.00000000000000000	1.00000000000000000	19.83264503964101522	36.27460389041542754	1.00000000000000000	50.13693769035264580	52.69800188434358290
AEN	1.00000000000000000	1.00000000000000000	1.00000000000000000	1.00000000000000000	1.00000000000000000	26.78667672874961880	1.00000000000000000	1.00000000000000000	1.00000000000000000	1.00000000000000000
AFAP1L2	1.00000000000000000	1.00000000000000000	1.00000000000000000	1.00000000000000000	1.00000000000000000	1.00000000000000000	72.28393520744847933	1.00000000000000000	38.37943878408911758	1.00000000000000000
AFF1	33.43174799732834401	24.48585417828765998	1.00000000000000000	30.62946314957752847	1.00000000000000000	1.00000000000000000	32.35910611753983090	1.00000000000000000	1.00000000000000000	44.33499650814371762
AFTPH	1.00000000000000000	1.00000000000000000	1.00000000000000000	25.35788594590531631	1.00000000000000000	22.09644007592132908	1.00000000000000000	1.00000000000000000	1.00000000000000000	1.00000000000000000
AGAP1	1.00000000000000000	1.00000000000000000	1.00000000000000000	1.00000000000000000	1.00000000000000000	1.00000000000000000	38.02423607589496868	1.00000000000000000	1.00000000000000000	31.89134189731725399
AGAP3	1.00000000000000000	26.04047557345990427	1.00000000000000000	24.64509234674054383	1.00000000000000000	1.00000000000000000	1.00000000000000000	1.00000000000000000	1.00000000000000000	1.00000000000000000
AGFG1	28.15647330120014402	28.50495600978969080	1.00000000000000000	26.53124443097376073	1.00000000000000000	26.22386565751687471	30.77696784464286495	1.00000000000000000	1.00000000000000000	40.71389277740980361
AGO2	29.57665782473078053	23.82366909782434305	1.00000000000000000	1.00000000000000000	1.00000000000000000	31.12699941832786266	42.78723884080438467	1.00000000000000000	48.24854305936320031	43.13735022072860659
AGO3	37.00729603907001319	37.08115031541412776	106.88770737904476960	36.17216208405877609	1.00000000000000000	28.92529778356868420	36.43017680017172921	1.00000000000000000	35.95573458979325920	44.57600724327481601
AGPAT1	27.52187024938153570	35.14203321647075740	1.00000000000000000	32.20882038586693596	1.00000000000000000	38.30058438567326107	32.29251517561159801	43.51235435061467882	1.00000000000000000	1.00000000000000000
AGR2	1.00000000000000000	1.00000000000000000	1.00000000000000000	1.00000000000000000	174.53508919486321815	1.00000000000000000	1.00000000000000000	1.00000000000000000	1.00000000000000000	1.00000000000000000
AGRN	1.00000000000000000	1.00000000000000000	1.00000000000000000	26.24182039546177236	1.00000000000000000	36.47923849506148741	122.17951261696697429	1.00000000000000000	37.95606594923484067	1.00000000000000000
AGT	1.00000000000000000	1.00000000000000000	1.00000000000000000	1.00000000000000000	1.00000000000000000	1.00000000000000000	1.00000000000000000	1.00000000000000000	1.00000000000000000	117.52574504621509277
AGTR1	36.00191805297104253	1.00000000000000000	1.00000000000000000	1.00000000000000000	1.00000000000000000	1.00000000000000000	1.00000000000000000	1.00000000000000000	1.00000000000000000	1.00000000000000000
AGTRAP	87.03569233295745278	68.52993963019633838	1.00000000000000000	104.75172272563708020	67.08691167161495628	92.58202623624492844	30.53133332665487032	86.38100192657570631	1.00000000000000000	1.00000000000000000
AHCTF1	1.00000000000000000	1.00000000000000000	1.00000000000000000	1.00000000000000000	1.00000000000000000	26.59823810327037918	33.86952599366226480	1.00000000000000000	1.00000000000000000	1.00000000000000000
AHDC1	25.88250605926376480	1.00000000000000000	1.00000000000000000	21.54900946253623673	1.00000000000000000	1.00000000000000000	32.69485447913744025	1.00000000000000000	32.30069615691809304	34.36041141018748135
AHNAK2	79.31987084497696117	44.98848410942208176	128.34047264345971939	1.00000000000000000	1.00000000000000000	1.00000000000000000	1.00000000000000000	107.54603175881720745	1.00000000000000000	1.00000000000000000
AHR	27.14748231073008711	29.36417412092615820	1.00000000000000000	29.33283006970168572	1.00000000000000000	19.57681605800418012	42.98924187375751416	1.00000000000000000	36.76185438661677551	64.59615689138587413
AHSA2	37.87356868104642160	37.75081821677912330	100.91401270846741056	34.25116957826976716	1.00000000000000000	18.48431127697612908	36.74833895238771930	1.00000000000000000	33.65987550032783560	37.67679826981267865
AIFM1	1.00000000000000000	1.00000000000000000	1.00000000000000000	1.00000000000000000	1.00000000000000000	35.77404039989242790	1.00000000000000000	1.00000000000000000	1.00000000000000000	1.00000000000000000
AK4	1.00000000000000000	1.00000000000000000	106.73794294714998898	1.00000000000000000	1.00000000000000000	1.00000000000000000	1.00000000000000000	110.10588188518080699	1.00000000000000000	1.00000000000000000
AKAP1	1.00000000000000000	1.00000000000000000	1.00000000000000000	1.00000000000000000	1.00000000000000000	1.00000000000000000	1.00000000000000000	1.00000000000000000	95.85774600194594086	33.89957174779362958
AKAP11	29.78952025118480762	32.94519840466608684	1.00000000000000000	36.02797317498583851	1.00000000000000000	36.18325393265050849	32.41589912443910038	38.30336919419867314	1.00000000000000000	1.00000000000000000
AKAP6	1.00000000000000000	1.00000000000000000	1.00000000000000000	1.00000000000000000	1.00000000000000000	1.00000000000000000	1.00000000000000000	1.00000000000000000	46.47841249309054490	1.00000000000000000
AKAP8	1.00000000000000000	1.00000000000000000	1.00000000000000000	1.00000000000000000	1.00000000000000000	17.39988480493511602	1.00000000000000000	1.00000000000000000	34.49976823031477124	1.00000000000000000
AKIP1	1.00000000000000000	29.85729842031638981	1.00000000000000000	25.17927162442950006	1.00000000000000000	35.70857994024333237	1.00000000000000000	1.00000000000000000	1.00000000000000000	1.00000000000000000
AKR1B1	60.32361550950355422	51.19210847564648503	1.00000000000000000	56.69551181096973380	1.00000000000000000	41.19740845594355250	1.00000000000000000	47.36285833346607888	1.00000000000000000	1.00000000000000000
AKR1C1	37.61275348049438350	1.00000000000000000	1.00000000000000000	1.00000000000000000	1.00000000000000000	1.00000000000000000	1.00000000000000000	1.00000000000000000	1.00000000000000000	1.00000000000000000
AKR1C3	98.44261312416399790	1.00000000000000000	1.00000000000000000	23.96925499162198037	1.00000000000000000	1.00000000000000000	1.00000000000000000	1.00000000000000000	1.00000000000000000	47.52871500702942598
AKT2	36.14315941759975459	36.21746441640869563	94.82893268425158340	37.95826663753150854	1.00000000000000000	26.37189682998675977	36.11427435358481830	1.00000000000000000	35.62575497869330121	44.41528917974221002
ALAS1	1.00000000000000000	1.00000000000000000	1.00000000000000000	34.44598923650036681	1.00000000000000000	21.65965296915413063	41.88560751983754216	1.00000000000000000	52.01941574856252259	1.00000000000000000
ALCAM	1.00000000000000000	1.00000000000000000	1.00000000000000000	1.00000000000000000	1.00000000000000000	66.32797404710426292	1.00000000000000000	1.00000000000000000	53.71084467740877955	1.00000000000000000
ALDH16A1	1.00000000000000000	1.00000000000000000	1.00000000000000000	25.80701637375622326	1.00000000000000000	40.59291433057473597	1.00000000000000000	1.00000000000000000	1.00000000000000000	34.47311443700007771
ALDH18A1	1.00000000000000000	33.07007719050122319	1.00000000000000000	23.57507302380837899	1.00000000000000000	43.75456972699464586	1.00000000000000000	1.00000000000000000	1.00000000000000000	1.00000000000000000
ALDH1A1	141.98980825492105851	46.55393746500148922	1.00000000000000000	1.00000000000000000	1.00000000000000000	1.00000000000000000	1.00000000000000000	1.00000000000000000	1.00000000000000000	75.92804983744757408
ALDH1A3	52.68598698512235501	42.97031620308269595	1.00000000000000000	73.59097600874953571	1.00000000000000000	43.34281708538185995	1.00000000000000000	1.00000000000000000	1.00000000000000000	1.00000000000000000
ALDH1B1	1.00000000000000000	40.86927771130552856	1.00000000000000000	31.62100304880399548	1.00000000000000000	1.00000000000000000	1.00000000000000000	1.00000000000000000	1.00000000000000000	1.00000000000000000
ALDH1L2	1.00000000000000000	36.46522087486665242	1.00000000000000000	1.00000000000000000	1.00000000000000000	42.99320644881427000	1.00000000000000000	1.00000000000000000	1.00000000000000000	1.00000000000000000
ALDH3A2	38.13352698591357637	1.00000000000000000	1.00000000000000000	1.00000000000000000	1.00000000000000000	1.00000000000000000	1.00000000000000000	1.00000000000000000	1.00000000000000000	33.11183432443280594
ALDOC	1.00000000000000000	1.00000000000000000	1.00000000000000000	1.00000000000000000	1.00000000000000000	1.00000000000000000	1.00000000000000000	58.47012064800386355	1.00000000000000000	1.00000000000000000
ALG8	1.00000000000000000	1.00000000000000000	1.00000000000000000	1.00000000000000000	1.00000000000000000	39.46709630371044142	1.00000000000000000	1.00000000000000000	1.00000000000000000	1.00000000000000000
ALOX15B	1.00000000000000000	1.00000000000000000	1.00000000000000000	1.00000000000000000	1.00000000000000000	1.00000000000000000	1.00000000000000000	43.05262908594162496	1.00000000000000000	1.00000000000000000
ALPK1	1.00000000000000000	1.00000000000000000	1.00000000000000000	24.48381737155332516	1.00000000000000000	1.00000000000000000	1.00000000000000000	1.00000000000000000	1.00000000000000000	1.00000000000000000
ALPL	89.53237411921003286	1.00000000000000000	1.00000000000000000	1.00000000000000000	1.00000000000000000	40.73724201807671363	1.00000000000000000	1.00000000000000000	1.00000000000000000	1.00000000000000000
AMFR	31.03508775521248353	23.07790440618738259	1.00000000000000000	1.00000000000000000	1.00000000000000000	20.96342112805063351	1.00000000000000000	1.00000000000000000	1.00000000000000000	1.00000000000000000
AMIGO2	1.00000000000000000	1.00000000000000000	1.00000000000000000	1.00000000000000000	1.00000000000000000	1.00000000000000000	1.00000000000000000	1.00000000000000000	54.17253707997787160	1.00000000000000000
AMOTL2	56.39555644191749195	33.85846522074818665	1.00000000000000000	32.93527756242372817	1.00000000000000000	22.37941643733778108	1.00000000000000000	1.00000000000000000	35.92600044525043046	65.93706632452887106
ANAPC10	1.00000000000000000	1.00000000000000000	1.00000000000000000	21.49360834109880614	1.00000000000000000	23.15564530442029323	1.00000000000000000	1.00000000000000000	1.00000000000000000	1.00000000000000000
ANAPC15	1.00000000000000000	30.06148251429137375	1.00000000000000000	21.44068263990390832	1.00000000000000000	49.21072645253472899	1.00000000000000000	1.00000000000000000	1.00000000000000000	1.00000000000000000
ANG	51.05570686346564457	1.00000000000000000	1.00000000000000000	1.00000000000000000	1.00000000000000000	1.00000000000000000	1.00000000000000000	74.58481579187632349	1.00000000000000000	38.15653416285743305
ANGPT1	1.00000000000000000	1.00000000000000000	1.00000000000000000	1.00000000000000000	1.00000000000000000	1.00000000000000000	75.52689430978385587	1.00000000000000000	76.36784732302994883	83.01115326574604580
ANGPT2	1.00000000000000000	1.00000000000000000	107.08390491729696237	1.00000000000000000	121.95864603424016082	32.19141981775579353	344.56381648675989027	1.00000000000000000	231.51053508543046178	261.90905218547260347
ANGPTL1	49.24393251231628454	1.00000000000000000	1.00000000000000000	25.17483198550661427	1.00000000000000000	1.00000000000000000	1.00000000000000000	1.00000000000000000	1.00000000000000000	62.94884261082376042
ANK2	149.81066425237958128	39.85555879732108053	149.65635630317882487	50.03803536313192524	1.00000000000000000	42.45814887753983413	38.71879292311616183	1.00000000000000000	34.32974669895395436	68.90140050168950836
ANKH	50.95462284292516131	125.90299073872577651	87.02248172464189224	102.52517213325668877	1.00000000000000000	63.30485808979621964	1.00000000000000000	92.71380404002546527	1.00000000000000000	1.00000000000000000
ANKRD13A	1.00000000000000000	1.00000000000000000	1.00000000000000000	1.00000000000000000	1.00000000000000000	42.89616681148469013	1.00000000000000000	1.00000000000000000	1.00000000000000000	1.00000000000000000
ANKRD13D	31.16808170869516204	30.81267400362646569	75.65619645398669491	27.45815081056138851	1.00000000000000000	22.93784839581606860	44.05331950288866238	1.00000000000000000	39.18340103850483302	38.86243008404196786
ANKRD29	1.00000000000000000	1.00000000000000000	1.00000000000000000	1.00000000000000000	1.00000000000000000	1.00000000000000000	1.00000000000000000	1.00000000000000000	69.53115818289893468	119.70390142594521876
ANKRD35	47.43279397042456225	28.37372988463034673	1.00000000000000000	25.04375466547782381	1.00000000000000000	1.00000000000000000	1.00000000000000000	1.00000000000000000	1.00000000000000000	1.00000000000000000
ANKRD36	1.00000000000000000	1.00000000000000000	1.00000000000000000	1.00000000000000000	1.00000000000000000	30.68367858919924629	1.00000000000000000	1.00000000000000000	1.00000000000000000	1.00000000000000000
ANKRD36C	1.00000000000000000	1.00000000000000000	119.45457126660940617	1.00000000000000000	1.00000000000000000	29.37412680044243629	1.00000000000000000	1.00000000000000000	1.00000000000000000	1.00000000000000000
ANKRD50	1.00000000000000000	1.00000000000000000	1.00000000000000000	1.00000000000000000	1.00000000000000000	26.76639596808155019	55.39567602656850909	1.00000000000000000	40.35977163532134426	1.00000000000000000
ANKRD65	27.09028937265840042	28.34481629060084273	1.00000000000000000	25.74053778255923675	1.00000000000000000	1.00000000000000000	1.00000000000000000	1.00000000000000000	1.00000000000000000	1.00000000000000000
ANKRD9	1.00000000000000000	1.00000000000000000	1.00000000000000000	1.00000000000000000	1.00000000000000000	32.58050685888306930	1.00000000000000000	1.00000000000000000	1.00000000000000000	1.00000000000000000
ANKS3	1.00000000000000000	25.98957765648232510	1.00000000000000000	1.00000000000000000	1.00000000000000000	1.00000000000000000	1.00000000000000000	1.00000000000000000	1.00000000000000000	1.00000000000000000
ANLN	1.00000000000000000	1.00000000000000000	1.00000000000000000	1.00000000000000000	1.00000000000000000	151.89037581819874845	1.00000000000000000	1.00000000000000000	1.00000000000000000	1.00000000000000000
ANO1	1.00000000000000000	44.64431394482075177	1.00000000000000000	37.91232172755606200	1.00000000000000000	30.23117564817471248	116.73593951332892971	1.00000000000000000	57.15171592440373871	57.97543836494504887
ANPEP	59.82180586442262893	29.34571268657088083	1.00000000000000000	38.08159526001830386	1.00000000000000000	30.39724837137335456	1.00000000000000000	1.00000000000000000	1.00000000000000000	1.00000000000000000
AOC3	1.00000000000000000	1.00000000000000000	1.00000000000000000	1.00000000000000000	1.00000000000000000	1.00000000000000000	44.21884759326952974	1.00000000000000000	146.27928620331579168	107.65040221133349974
AOX1	54.86996062228916315	1.00000000000000000	1.00000000000000000	1.00000000000000000	1.00000000000000000	1.00000000000000000	1.00000000000000000	1.00000000000000000	1.00000000000000000	1.00000000000000000
AP000892.3	1.00000000000000000	29.79409860919095010	1.00000000000000000	1.00000000000000000	1.00000000000000000	37.32613009108758462	1.00000000000000000	1.00000000000000000	69.95676407872142022	46.75663820806740745
AP1G1	1.00000000000000000	1.00000000000000000	1.00000000000000000	1.00000000000000000	1.00000000000000000	20.01310250570718097	33.43366147100739028	1.00000000000000000	1.00000000000000000	1.00000000000000000
AP1S1	34.71146683821623924	48.72991406604350573	1.00000000000000000	50.98289677211423054	1.00000000000000000	98.09812856911993606	46.49252690866160265	74.19714737232553148	37.28840573898239086	1.00000000000000000
AP1S2	1.00000000000000000	26.68509971376573020	1.00000000000000000	1.00000000000000000	1.00000000000000000	44.12266629492197012	32.04057556179609634	1.00000000000000000	39.21336612218349416	37.42979597878029807
APAF1	1.00000000000000000	1.00000000000000000	1.00000000000000000	1.00000000000000000	1.00000000000000000	30.45711121269706112	1.00000000000000000	1.00000000000000000	1.00000000000000000	1.00000000000000000
APBB1IP	39.61313043486848073	1.00000000000000000	1.00000000000000000	1.00000000000000000	1.00000000000000000	1.00000000000000000	1.00000000000000000	1.00000000000000000	1.00000000000000000	1.00000000000000000
APCDD1	1.00000000000000000	1.00000000000000000	1.00000000000000000	1.00000000000000000	1.00000000000000000	24.33359495965511954	47.14430706559738127	1.00000000000000000	44.11436244504487547	1.00000000000000000
APEH	1.00000000000000000	1.00000000000000000	1.00000000000000000	1.00000000000000000	1.00000000000000000	43.25600851174664996	1.00000000000000000	1.00000000000000000	1.00000000000000000	1.00000000000000000
API5	1.00000000000000000	25.19880926996852111	1.00000000000000000	22.50796336060453839	1.00000000000000000	21.30791939462325857	1.00000000000000000	1.00000000000000000	32.78479833870955673	1.00000000000000000
APIP	1.00000000000000000	1.00000000000000000	1.00000000000000000	1.00000000000000000	1.00000000000000000	32.12539317291792429	1.00000000000000000	1.00000000000000000	33.35599144182526032	1.00000000000000000
APOBEC3G	1.00000000000000000	1.00000000000000000	1.00000000000000000	38.27284634585460310	1.00000000000000000	1.00000000000000000	44.18497477797293982	1.00000000000000000	1.00000000000000000	1.00000000000000000
APOC1	113.16950953264702662	1.00000000000000000	1.00000000000000000	47.74422407607350038	140.35602165614909609	1.00000000000000000	1.00000000000000000	1.00000000000000000	1.00000000000000000	80.60688434313935602
APOD	5855.59728291085139062	517.64781971710829112	515.75980282436353264	923.70526652446415028	425.31680440487303940	84.36507946755388332	1.00000000000000000	1207.26555962808788536	1.00000000000000000	1.00000000000000000
APOE	974.99699144017449726	274.00544730017395523	426.25923124800499409	754.68844937066683087	786.97652500524736752	136.20718289134154588	604.65752054328527265	187.85654025223976760	552.38622840059781538	3115.29569447717813091
APOL2	31.13647329458133939	36.97755248592051203	1.00000000000000000	102.02293340922257414	1.00000000000000000	22.13632702160328947	30.52968899816012538	1.00000000000000000	1.00000000000000000	1.00000000000000000
APOL3	45.00270748926061515	1.00000000000000000	1.00000000000000000	69.01892924619349401	1.00000000000000000	1.00000000000000000	36.27842861473826730	1.00000000000000000	1.00000000000000000	59.39378533989489028
APOLD1	1.00000000000000000	1.00000000000000000	1.00000000000000000	1.00000000000000000	99.36464028577697150	61.08356691344344114	221.84208866838704921	1.00000000000000000	192.33260226733804643	71.34831801126793493
APPL2	38.37541553492543045	27.64751041308063151	1.00000000000000000	1.00000000000000000	1.00000000000000000	1.00000000000000000	1.00000000000000000	1.00000000000000000	1.00000000000000000	1.00000000000000000
AR	46.63112802770932319	34.74815049899210351	1.00000000000000000	31.96043829338731612	1.00000000000000000	1.00000000000000000	32.21179682095843333	1.00000000000000000	1.00000000000000000	1.00000000000000000
ARAF	1.00000000000000000	1.00000000000000000	1.00000000000000000	1.00000000000000000	1.00000000000000000	32.43249023381748231	1.00000000000000000	1.00000000000000000	1.00000000000000000	1.00000000000000000
ARAP1	43.91544724174081438	35.60972510593399676	1.00000000000000000	35.59419311398745833	1.00000000000000000	31.58966213286553426	1.00000000000000000	1.00000000000000000	1.00000000000000000	1.00000000000000000
ARC	1.00000000000000000	1.00000000000000000	1.00000000000000000	1.00000000000000000	1.00000000000000000	1.00000000000000000	1.00000000000000000	1.00000000000000000	69.18057783168713115	1.00000000000000000
AREG	1.00000000000000000	1.00000000000000000	1.00000000000000000	1.00000000000000000	288.12311303707713250	1.00000000000000000	1.00000000000000000	1.00000000000000000	1.00000000000000000	1.00000000000000000
ARFGAP1	1.00000000000000000	34.92834877790625825	1.00000000000000000	26.01189101201534370	1.00000000000000000	19.82231895797517396	1.00000000000000000	1.00000000000000000	1.00000000000000000	1.00000000000000000
ARFIP2	1.00000000000000000	29.74727622151199924	1.00000000000000000	26.07117075707455456	1.00000000000000000	20.46291157460168719	1.00000000000000000	1.00000000000000000	1.00000000000000000	1.00000000000000000
ARHGAP10	43.59599378336991293	27.86302628618798494	1.00000000000000000	22.00601980916343337	1.00000000000000000	46.95905984957882850	89.38027038796639090	1.00000000000000000	106.42585071138387320	76.68964937371998758
ARHGAP11A	1.00000000000000000	1.00000000000000000	1.00000000000000000	1.00000000000000000	1.00000000000000000	42.36248223753786135	1.00000000000000000	1.00000000000000000	1.00000000000000000	1.00000000000000000
ARHGAP12	42.66536158006223189	26.50021080908533477	1.00000000000000000	25.02014657880903670	1.00000000000000000	1.00000000000000000	1.00000000000000000	1.00000000000000000	1.00000000000000000	1.00000000000000000
ARHGAP15	1.00000000000000000	1.00000000000000000	1.00000000000000000	1.00000000000000000	1.00000000000000000	1.00000000000000000	72.25415350116853119	1.00000000000000000	1.00000000000000000	122.32784519545045043
ARHGAP17	1.00000000000000000	1.00000000000000000	1.00000000000000000	23.95091174897827813	1.00000000000000000	21.61086543446958430	61.74641413771634291	1.00000000000000000	61.91278331561743187	50.88010127319903830
ARHGAP18	1.00000000000000000	40.87387888363731747	1.00000000000000000	33.26483985119647713	1.00000000000000000	54.24790602784729998	46.86427637755312503	56.21767417386535470	1.00000000000000000	1.00000000000000000
ARHGAP24	45.14958590326615706	31.06100206759408522	94.73949718641154050	28.87968270805808757	1.00000000000000000	21.73917891209147868	60.75490607863073933	1.00000000000000000	41.46510970657072193	1.00000000000000000
ARHGAP26	1.00000000000000000	1.00000000000000000	1.00000000000000000	1.00000000000000000	1.00000000000000000	1.00000000000000000	81.09229809434356184	1.00000000000000000	1.00000000000000000	1.00000000000000000
ARHGAP29	46.14677565739212639	1.00000000000000000	1.00000000000000000	1.00000000000000000	111.86437227423067498	86.80906780567084979	208.68471602804223153	1.00000000000000000	165.20602990347271088	156.02677859918483705
ARHGAP42	1.00000000000000000	1.00000000000000000	1.00000000000000000	30.94212346420750137	1.00000000000000000	28.41163858691325927	98.43285286335711248	1.00000000000000000	76.02725694575181592	55.00941833958891891
ARHGAP44	1.00000000000000000	1.00000000000000000	1.00000000000000000	1.00000000000000000	1.00000000000000000	1.00000000000000000	41.46119854798760684	1.00000000000000000	1.00000000000000000	1.00000000000000000
ARHGAP6	1.00000000000000000	1.00000000000000000	1.00000000000000000	1.00000000000000000	1.00000000000000000	1.00000000000000000	50.21856767417475709	1.00000000000000000	50.62087405571624998	43.54011465949010784
ARHGDIB	32.20474414916940731	41.20202255249941459	102.12848761211395754	33.88390687792343670	288.31037458670232354	99.23147740297072517	394.52710080643117863	1.00000000000000000	128.08109981340913919	173.06303529089115045
ARHGEF1	1.00000000000000000	24.64204010450650983	1.00000000000000000	26.18269855604674134	56.76248262184615356	20.89557770633173561	35.99877156343206508	1.00000000000000000	1.00000000000000000	1.00000000000000000
ARHGEF10L	1.00000000000000000	1.00000000000000000	1.00000000000000000	1.00000000000000000	1.00000000000000000	1.00000000000000000	1.00000000000000000	1.00000000000000000	45.19458673010571204	1.00000000000000000
ARHGEF17	1.00000000000000000	26.20329380259713048	95.65459753029347212	1.00000000000000000	1.00000000000000000	38.05349683152218887	160.12874949850879602	1.00000000000000000	115.27179400220526873	69.14463766836144032
ARHGEF2	1.00000000000000000	29.12517005357187116	117.30997206991072801	27.92357825578283936	1.00000000000000000	50.38292790210129368	64.02245438606067296	63.17864584306166620	65.85772752265987151	43.20316615858060771
ARHGEF25	1.00000000000000000	24.26602606368467008	1.00000000000000000	1.00000000000000000	1.00000000000000000	24.20744423511395738	38.69970349581104330	1.00000000000000000	62.79919751226747593	47.37260858921101914
ARHGEF9	1.00000000000000000	1.00000000000000000	1.00000000000000000	1.00000000000000000	1.00000000000000000	1.00000000000000000	29.14517829046482333	1.00000000000000000	1.00000000000000000	1.00000000000000000
ARL14EP	32.10424448351080429	32.11187062613957721	1.00000000000000000	32.82564629107358201	1.00000000000000000	20.52512847167471932	1.00000000000000000	42.55559783355752757	1.00000000000000000	1.00000000000000000
ARL4C	70.77864339569073593	175.29623358817576673	229.50400978244380212	123.33280992828716194	177.03883878827105036	100.20856892633216262	1.00000000000000000	316.63111046738833920	1.00000000000000000	1.00000000000000000
ARL4D	46.58077365292170668	1.00000000000000000	1.00000000000000000	1.00000000000000000	1.00000000000000000	1.00000000000000000	1.00000000000000000	1.00000000000000000	1.00000000000000000	1.00000000000000000
ARL6IP6	1.00000000000000000	1.00000000000000000	1.00000000000000000	1.00000000000000000	1.00000000000000000	38.77042053307011571	1.00000000000000000	1.00000000000000000	1.00000000000000000	1.00000000000000000
ARMCX6	31.29465559539655217	34.01481988857529615	1.00000000000000000	30.55740452695298259	1.00000000000000000	28.40996439322499612	39.72750727990487718	44.59161396046252435	1.00000000000000000	1.00000000000000000
ARPIN	1.00000000000000000	1.00000000000000000	1.00000000000000000	1.00000000000000000	1.00000000000000000	26.34497378495152375	1.00000000000000000	1.00000000000000000	1.00000000000000000	1.00000000000000000
ARRDC4	1.00000000000000000	1.00000000000000000	1.00000000000000000	1.00000000000000000	1.00000000000000000	1.00000000000000000	32.28322761693684839	1.00000000000000000	1.00000000000000000	1.00000000000000000
ARSA	37.62131693678691846	36.95051363368784791	1.00000000000000000	38.84586757975549887	1.00000000000000000	17.87031985750219931	1.00000000000000000	1.00000000000000000	1.00000000000000000	1.00000000000000000
ARTN	1.00000000000000000	1.00000000000000000	1.00000000000000000	1.00000000000000000	1.00000000000000000	1.00000000000000000	1.00000000000000000	1.00000000000000000	40.27599170148994290	1.00000000000000000
ASAP2	38.13666508042416581	1.00000000000000000	1.00000000000000000	1.00000000000000000	1.00000000000000000	25.60679941346723254	65.77598877198322214	1.00000000000000000	55.06644131483718496	56.88337938836717456
ASF1B	1.00000000000000000	1.00000000000000000	1.00000000000000000	1.00000000000000000	1.00000000000000000	57.27580559190131027	1.00000000000000000	1.00000000000000000	1.00000000000000000	1.00000000000000000
ASMTL	29.15292554010513015	30.24423703027957089	1.00000000000000000	30.03990574124921409	1.00000000000000000	1.00000000000000000	1.00000000000000000	1.00000000000000000	1.00000000000000000	1.00000000000000000
ASPM	1.00000000000000000	1.00000000000000000	1.00000000000000000	1.00000000000000000	1.00000000000000000	194.02482224303392400	1.00000000000000000	1.00000000000000000	1.00000000000000000	1.00000000000000000
ASPSCR1	1.00000000000000000	1.00000000000000000	1.00000000000000000	23.90943549833886195	1.00000000000000000	21.39823924995445736	1.00000000000000000	1.00000000000000000	1.00000000000000000	1.00000000000000000
ASXL1	48.39597291398713708	38.61468420477485353	126.67626011263165253	39.99767100731414615	1.00000000000000000	55.41039812709063028	70.40824690045667467	1.00000000000000000	72.71460120864561816	84.96067512275362787
ATAD2	1.00000000000000000	1.00000000000000000	1.00000000000000000	1.00000000000000000	1.00000000000000000	110.88610320118017682	1.00000000000000000	1.00000000000000000	1.00000000000000000	1.00000000000000000
ATAD3A	1.00000000000000000	1.00000000000000000	1.00000000000000000	1.00000000000000000	1.00000000000000000	36.24660023917378027	1.00000000000000000	1.00000000000000000	1.00000000000000000	1.00000000000000000
ATAD5	1.00000000000000000	1.00000000000000000	1.00000000000000000	1.00000000000000000	1.00000000000000000	38.27200097161900061	1.00000000000000000	1.00000000000000000	1.00000000000000000	1.00000000000000000
ATF1	28.31368363995613890	28.41314542377809715	1.00000000000000000	24.73126872547382860	1.00000000000000000	16.27475892082543396	32.65760342650108328	1.00000000000000000	1.00000000000000000	47.09579036221259685
ATF5	1.00000000000000000	37.64441436654669815	161.33308150709592610	63.56608271687670708	1.00000000000000000	30.89897008690552838	1.00000000000000000	227.97680759823776953	1.00000000000000000	1.00000000000000000
ATG13	1.00000000000000000	1.00000000000000000	1.00000000000000000	1.00000000000000000	1.00000000000000000	20.22145019222302409	30.41402881561071325	1.00000000000000000	1.00000000000000000	1.00000000000000000
ATG7	1.00000000000000000	1.00000000000000000	1.00000000000000000	29.07743330076137411	1.00000000000000000	1.00000000000000000	1.00000000000000000	1.00000000000000000	1.00000000000000000	1.00000000000000000
ATM	41.97260495243244804	43.98342677125795319	160.94509190265441134	39.71451484397698550	1.00000000000000000	24.97281115904313253	39.46599386214423077	57.69626939129433651	38.18207073664915896	47.14073427681567097
ATMIN	1.00000000000000000	23.90575464029991792	1.00000000000000000	24.11669461579506901	1.00000000000000000	20.35410689356794833	1.00000000000000000	1.00000000000000000	1.00000000000000000	1.00000000000000000
ATP10D	1.00000000000000000	1.00000000000000000	1.00000000000000000	1.00000000000000000	1.00000000000000000	1.00000000000000000	39.12852829280734568	1.00000000000000000	1.00000000000000000	1.00000000000000000
ATP13A3	53.28938123621660594	57.22879286886683303	165.52806544031301428	76.69521328683920558	1.00000000000000000	71.94987531283103976	42.93884069478099974	55.59768176022035391	1.00000000000000000	60.38439793818014323
ATP1B1	1.00000000000000000	42.20722413516808302	1.00000000000000000	1.00000000000000000	1.00000000000000000	47.06847002321010365	1.00000000000000000	1.00000000000000000	1.00000000000000000	1.00000000000000000
ATP1B2	1.00000000000000000	1.00000000000000000	1.00000000000000000	1.00000000000000000	1.00000000000000000	1.00000000000000000	57.79535628019881699	1.00000000000000000	49.69621112401500795	34.90345812874642206
ATP6V1A	1.00000000000000000	33.27789138767834487	1.00000000000000000	31.22360817881099493	1.00000000000000000	27.13381293563652719	1.00000000000000000	42.11248917368092037	1.00000000000000000	1.00000000000000000
ATP6V1C1	33.56390783048478710	31.08954911432757129	1.00000000000000000	26.67279206572708006	1.00000000000000000	19.28566725348460054	29.32900357417334192	49.26532756756294873	1.00000000000000000	1.00000000000000000
ATP8B1	1.00000000000000000	1.00000000000000000	1.00000000000000000	1.00000000000000000	1.00000000000000000	1.00000000000000000	46.57787872168396603	1.00000000000000000	56.13714289575289484	1.00000000000000000
ATPAF1	1.00000000000000000	1.00000000000000000	1.00000000000000000	1.00000000000000000	1.00000000000000000	1.00000000000000000	28.77321622002773438	1.00000000000000000	41.71304490925907515	1.00000000000000000
ATXN1	33.71895007705047931	79.46089334719580677	145.32097704339477673	50.44674905097951978	1.00000000000000000	78.14831551779566610	48.35359251452423024	56.88809028454914341	48.47720455989188793	44.63788844406906264
ATXN7	38.36717410339268497	30.77982719083296104	116.84640754564767917	35.07558996418863728	1.00000000000000000	26.06741766752464073	36.45755852857504919	1.00000000000000000	38.72303888239631675	1.00000000000000000
AURKA	1.00000000000000000	1.00000000000000000	1.00000000000000000	1.00000000000000000	1.00000000000000000	39.59500287660763718	1.00000000000000000	1.00000000000000000	1.00000000000000000	1.00000000000000000
AURKB	1.00000000000000000	1.00000000000000000	1.00000000000000000	1.00000000000000000	1.00000000000000000	59.18010507929263753	1.00000000000000000	1.00000000000000000	1.00000000000000000	1.00000000000000000
AUTS2	39.14094806143182126	27.58124658497679960	1.00000000000000000	27.69250059363676186	1.00000000000000000	42.74746133241505675	1.00000000000000000	1.00000000000000000	1.00000000000000000	1.00000000000000000
AVEN	1.00000000000000000	44.39431687955761419	1.00000000000000000	43.41685247626438127	1.00000000000000000	49.20080449865248085	1.00000000000000000	48.36526604717262501	1.00000000000000000	1.00000000000000000
AVPR1A	1.00000000000000000	1.00000000000000000	1.00000000000000000	1.00000000000000000	1.00000000000000000	1.00000000000000000	149.12870330095097415	1.00000000000000000	226.05594042246505637	101.30084743938557779
AZGP1	1.00000000000000000	1.00000000000000000	1.00000000000000000	1.00000000000000000	148.16465496417077929	1.00000000000000000	1.00000000000000000	1.00000000000000000	1.00000000000000000	1.00000000000000000
AZIN2	1.00000000000000000	32.28716952422613673	1.00000000000000000	43.47905666494582988	1.00000000000000000	1.00000000000000000	1.00000000000000000	1.00000000000000000	1.00000000000000000	1.00000000000000000
B3GALT6	1.00000000000000000	27.75482358640142166	1.00000000000000000	24.90212526394297754	1.00000000000000000	35.38825293193593069	1.00000000000000000	1.00000000000000000	1.00000000000000000	1.00000000000000000
B3GNT2	1.00000000000000000	30.42551091715930411	1.00000000000000000	43.55593600098766416	1.00000000000000000	40.20095639633915141	108.05981122437010811	1.00000000000000000	86.78115477847597958	76.13395468467855665
B3GNT9	1.00000000000000000	24.94698810716873538	1.00000000000000000	1.00000000000000000	1.00000000000000000	1.00000000000000000	1.00000000000000000	1.00000000000000000	1.00000000000000000	1.00000000000000000
B4GALT2	33.16800292660292371	66.36989530976794072	1.00000000000000000	35.98692669575967784	1.00000000000000000	58.99297873528180247	1.00000000000000000	47.61222377407054296	1.00000000000000000	1.00000000000000000
B4GALT3	1.00000000000000000	26.20660297053894894	1.00000000000000000	25.36899559885180722	1.00000000000000000	17.98832504715141667	37.87150383462644498	1.00000000000000000	1.00000000000000000	39.31177146405148903
B4GALT4	27.23144147773496115	41.57372070921926621	1.00000000000000000	29.26773940521443507	1.00000000000000000	21.48859478826203784	1.00000000000000000	1.00000000000000000	1.00000000000000000	1.00000000000000000
B4GALT7	26.38339995002618821	41.13978522580680419	1.00000000000000000	34.33825905410634505	1.00000000000000000	28.42663270747142690	1.00000000000000000	35.89674315711729946	1.00000000000000000	1.00000000000000000
BABAM2	33.56452623248207345	35.78905351323981421	1.00000000000000000	24.18806019441239386	1.00000000000000000	31.03534973515730755	1.00000000000000000	43.75980139511936073	1.00000000000000000	1.00000000000000000
BAG2	39.69909003560430705	48.29181379799750573	1.00000000000000000	35.74200741767536016	1.00000000000000000	57.31607485451826278	1.00000000000000000	43.72967818982802157	42.50463153020095319	1.00000000000000000
BAIAP2	38.37061619443531413	36.29960368139020943	1.00000000000000000	40.63064435815633857	1.00000000000000000	41.14333570671171003	1.00000000000000000	1.00000000000000000	1.00000000000000000	1.00000000000000000
BAMBI	1.00000000000000000	1.00000000000000000	1.00000000000000000	72.29781642675791886	1.00000000000000000	40.20672982872221013	53.00182926538141004	1.00000000000000000	1.00000000000000000	1.00000000000000000
BANP	1.00000000000000000	1.00000000000000000	1.00000000000000000	1.00000000000000000	1.00000000000000000	1.00000000000000000	35.00172116459518179	1.00000000000000000	1.00000000000000000	1.00000000000000000
BARD1	1.00000000000000000	1.00000000000000000	1.00000000000000000	1.00000000000000000	1.00000000000000000	60.25401933041543856	1.00000000000000000	1.00000000000000000	1.00000000000000000	1.00000000000000000
BASP1	417.40373318112966672	327.24426548510012935	241.94069354564138052	382.59484514059943194	201.33307203171327160	299.51991795511764849	1.00000000000000000	441.78469052959610508	1.00000000000000000	62.43447686431954224
BATF3	1.00000000000000000	1.00000000000000000	1.00000000000000000	50.29537976386251330	1.00000000000000000	62.45933243335596075	77.29314726783330514	1.00000000000000000	50.21530341390140961	50.06137233669925024
BBS4	1.00000000000000000	1.00000000000000000	1.00000000000000000	23.35829605091796424	1.00000000000000000	1.00000000000000000	1.00000000000000000	1.00000000000000000	1.00000000000000000	1.00000000000000000
BCAM	1.00000000000000000	1.00000000000000000	1.00000000000000000	1.00000000000000000	129.62985913078222211	1.00000000000000000	129.27565706042287275	1.00000000000000000	556.42916947305195663	42.71655587345773597
BCAS3	1.00000000000000000	1.00000000000000000	1.00000000000000000	1.00000000000000000	1.00000000000000000	1.00000000000000000	35.06651760784224336	1.00000000000000000	1.00000000000000000	1.00000000000000000
BCAT1	1.00000000000000000	41.10148714935068881	102.35652302873783981	26.38903020168638847	1.00000000000000000	62.73258790175074040	1.00000000000000000	97.23320389550289633	1.00000000000000000	1.00000000000000000
BCKDK	30.42289814222502287	35.85695773031431344	1.00000000000000000	31.79269286171521003	1.00000000000000000	36.35578872529098504	32.17874190242440591	79.38894628584327506	1.00000000000000000	1.00000000000000000
BCL2	1.00000000000000000	1.00000000000000000	1.00000000000000000	1.00000000000000000	1.00000000000000000	1.00000000000000000	43.19290678683513107	1.00000000000000000	46.67362756583396788	1.00000000000000000
BCL2L1	1.00000000000000000	1.00000000000000000	1.00000000000000000	21.64467879272429229	1.00000000000000000	1.00000000000000000	46.13154293451263754	1.00000000000000000	39.62616118160070044	1.00000000000000000
BCL2L12	1.00000000000000000	1.00000000000000000	1.00000000000000000	1.00000000000000000	1.00000000000000000	74.53468582977018286	1.00000000000000000	1.00000000000000000	1.00000000000000000	1.00000000000000000
BCL2L13	1.00000000000000000	1.00000000000000000	1.00000000000000000	21.47893054464048390	1.00000000000000000	23.15155600887696963	1.00000000000000000	1.00000000000000000	1.00000000000000000	1.00000000000000000
BCL6	38.77032135233336874	28.37219503255219877	132.07501043712267119	35.59759566150407295	1.00000000000000000	25.27565775945759441	75.49348053173352469	1.00000000000000000	81.94016434739700117	75.45643923599163827
BEND5	1.00000000000000000	1.00000000000000000	1.00000000000000000	1.00000000000000000	1.00000000000000000	1.00000000000000000	1.00000000000000000	86.00246952859117755	1.00000000000000000	1.00000000000000000
BEX4	59.20632365152082599	43.82651992324419865	1.00000000000000000	35.68038457012811904	76.83513908779873702	1.00000000000000000	36.71852182682962251	50.18027045801684949	35.24415104870941207	48.03326848126270932
BHLHE41	38.22088686174885908	85.30740367827289106	1.00000000000000000	126.61059405622029317	1.00000000000000000	44.44922532178969732	1.00000000000000000	80.10661174905311555	1.00000000000000000	1.00000000000000000
BHMT2	32.87477872024965819	1.00000000000000000	1.00000000000000000	1.00000000000000000	1.00000000000000000	1.00000000000000000	1.00000000000000000	1.00000000000000000	1.00000000000000000	1.00000000000000000
BICC1	148.59744487605831864	108.78425773732614346	145.23847093233999317	110.33703643400041017	1.00000000000000000	70.97712876391375403	1.00000000000000000	108.34984503541140555	1.00000000000000000	1.00000000000000000
BICD1	1.00000000000000000	33.16696478410007387	1.00000000000000000	22.51807289427264536	1.00000000000000000	16.88019750873468539	1.00000000000000000	1.00000000000000000	1.00000000000000000	1.00000000000000000
BID	1.00000000000000000	25.13847216193743961	1.00000000000000000	41.32000986092672434	1.00000000000000000	27.31065013542686160	1.00000000000000000	1.00000000000000000	1.00000000000000000	1.00000000000000000
BIN1	89.36508986937083421	1.00000000000000000	1.00000000000000000	26.99243792540923792	1.00000000000000000	1.00000000000000000	30.38821579669848916	1.00000000000000000	1.00000000000000000	1.00000000000000000
BIRC3	1.00000000000000000	43.03227746693082878	1.00000000000000000	229.70487314521906796	192.34462357735591809	58.56196420240084421	1.00000000000000000	1.00000000000000000	1.00000000000000000	68.14785605192840023
BIRC5	1.00000000000000000	1.00000000000000000	1.00000000000000000	1.00000000000000000	1.00000000000000000	224.83932734228326922	1.00000000000000000	1.00000000000000000	1.00000000000000000	1.00000000000000000
BIRC6	33.69681878665894459	38.91223957976290393	133.45463085128832859	33.21022594239305903	70.73838580844473256	38.21820533174494017	53.26077250213926817	1.00000000000000000	51.05353358828283206	43.63124298738564733
BLMH	1.00000000000000000	27.60648737414550880	1.00000000000000000	25.39295043048092637	1.00000000000000000	27.46625970396959460	1.00000000000000000	1.00000000000000000	1.00000000000000000	1.00000000000000000
BLOC1S2	43.41634923975174587	45.63572726898644305	1.00000000000000000	48.27464108503766482	1.00000000000000000	55.19357567914408946	29.25364486991855273	45.35755513460949118	1.00000000000000000	1.00000000000000000
BLOC1S4	33.20638408698169286	33.69788878116315090	1.00000000000000000	36.00530107628463128	1.00000000000000000	21.30377459062726331	1.00000000000000000	1.00000000000000000	1.00000000000000000	1.00000000000000000
BMI1	26.84236556298965226	26.72326877877419449	1.00000000000000000	1.00000000000000000	1.00000000000000000	20.59586168882942303	1.00000000000000000	1.00000000000000000	1.00000000000000000	1.00000000000000000
BMP2	1.00000000000000000	1.00000000000000000	1.00000000000000000	1.00000000000000000	1.00000000000000000	1.00000000000000000	40.32586522384175254	1.00000000000000000	48.38064535514200060	51.73200781138797311
BMP4	37.67480452107606936	1.00000000000000000	1.00000000000000000	1.00000000000000000	1.00000000000000000	1.00000000000000000	1.00000000000000000	1.00000000000000000	1.00000000000000000	1.00000000000000000
BNC2	54.23762112882237574	78.66790419948705448	1.00000000000000000	64.22963253617474777	1.00000000000000000	53.69827016326203761	1.00000000000000000	43.75977856179338943	1.00000000000000000	1.00000000000000000
BNIP3	63.22878712079472763	79.34623649972375858	285.67805092129867717	31.46155340513930199	132.60120550170532283	119.52631962417464706	47.70815728457979787	730.79009462893361615	38.98173897787851416	38.51795944026000029
BOC	110.15092975470372494	42.15679399118010195	1.00000000000000000	49.04165138014668202	1.00000000000000000	1.00000000000000000	1.00000000000000000	1.00000000000000000	1.00000000000000000	1.00000000000000000
BOK	1.00000000000000000	25.09245087950429820	1.00000000000000000	1.00000000000000000	1.00000000000000000	29.96735247624554788	1.00000000000000000	1.00000000000000000	1.00000000000000000	1.00000000000000000
BOP1	1.00000000000000000	1.00000000000000000	1.00000000000000000	1.00000000000000000	1.00000000000000000	30.90449633455956757	31.98865726621101757	1.00000000000000000	1.00000000000000000	1.00000000000000000
BORCS8	1.00000000000000000	1.00000000000000000	1.00000000000000000	21.62314649076541784	1.00000000000000000	25.74566564070742558	1.00000000000000000	1.00000000000000000	1.00000000000000000	1.00000000000000000
BPGM	1.00000000000000000	34.16276495791008472	1.00000000000000000	39.37429689499134611	1.00000000000000000	34.82695713371445834	1.00000000000000000	1.00000000000000000	1.00000000000000000	1.00000000000000000
BRCA1	1.00000000000000000	1.00000000000000000	1.00000000000000000	1.00000000000000000	1.00000000000000000	51.31154976680415558	1.00000000000000000	1.00000000000000000	1.00000000000000000	1.00000000000000000
BRCA2	1.00000000000000000	1.00000000000000000	1.00000000000000000	1.00000000000000000	1.00000000000000000	54.27295076563947873	1.00000000000000000	1.00000000000000000	1.00000000000000000	1.00000000000000000
BRD8	1.00000000000000000	1.00000000000000000	1.00000000000000000	1.00000000000000000	1.00000000000000000	23.74105890723198087	33.37283679073144071	1.00000000000000000	1.00000000000000000	1.00000000000000000
BROX	1.00000000000000000	29.12405570095161167	1.00000000000000000	24.25402958662848363	1.00000000000000000	21.85375897053055283	33.01621884534687723	41.69029732035018299	1.00000000000000000	1.00000000000000000
BRWD1	36.61493210558459310	33.38385351620813424	83.29453873821596233	27.52935379535890092	1.00000000000000000	24.27546920704263300	45.46169745244366567	1.00000000000000000	47.47475130973699464	40.12857346834692152
BSDC1	33.11851826610948279	33.09029612479825033	83.36288153401116574	32.94437027603675006	1.00000000000000000	21.33956108374351146	45.68544333191670148	1.00000000000000000	38.64371015103839113	1.00000000000000000
BST1	28.32460889942118953	24.92123671896221992	1.00000000000000000	22.32868973034773674	1.00000000000000000	28.15731258489221034	1.00000000000000000	1.00000000000000000	1.00000000000000000	40.91673086367593726
BTBD6	34.58054599724571432	38.15310812046033107	1.00000000000000000	33.95267024857147220	1.00000000000000000	46.86352243262678741	29.84498255003033051	37.31280300531573602	1.00000000000000000	1.00000000000000000
BTBD7	39.45951215419557201	39.38901965523904636	138.75334000185532091	35.44181107210112458	1.00000000000000000	21.69899587154160869	70.21907755553340280	1.00000000000000000	90.31625265016639048	95.99919381311900679
BTN2A1	1.00000000000000000	1.00000000000000000	1.00000000000000000	25.72985224935850468	1.00000000000000000	22.20328995605454736	35.82289514114933837	1.00000000000000000	33.45693590227276104	1.00000000000000000
BTN3A1	1.00000000000000000	26.65413395659795981	1.00000000000000000	36.39449611925114425	1.00000000000000000	1.00000000000000000	32.39447671936387252	1.00000000000000000	1.00000000000000000	1.00000000000000000
BTN3A3	1.00000000000000000	1.00000000000000000	1.00000000000000000	42.72490013548711119	1.00000000000000000	1.00000000000000000	1.00000000000000000	1.00000000000000000	1.00000000000000000	1.00000000000000000
BUB1	1.00000000000000000	1.00000000000000000	1.00000000000000000	1.00000000000000000	1.00000000000000000	32.85926995682216756	1.00000000000000000	1.00000000000000000	1.00000000000000000	1.00000000000000000
BUB1B	1.00000000000000000	1.00000000000000000	1.00000000000000000	1.00000000000000000	1.00000000000000000	33.28753118838246650	1.00000000000000000	1.00000000000000000	1.00000000000000000	1.00000000000000000
C11orf24	1.00000000000000000	43.42616140782531886	1.00000000000000000	31.22817288349148868	1.00000000000000000	80.02587411763943237	1.00000000000000000	1.00000000000000000	1.00000000000000000	1.00000000000000000
C11orf68	33.43676357095704788	34.51807759769592110	1.00000000000000000	31.98221090303382041	1.00000000000000000	22.27779791719927971	1.00000000000000000	52.30752582173202114	1.00000000000000000	1.00000000000000000
C11orf74	1.00000000000000000	23.99377243853547981	1.00000000000000000	21.89577635716863213	1.00000000000000000	1.00000000000000000	1.00000000000000000	1.00000000000000000	1.00000000000000000	1.00000000000000000
C12orf76	1.00000000000000000	24.79337101373017305	1.00000000000000000	1.00000000000000000	1.00000000000000000	1.00000000000000000	1.00000000000000000	1.00000000000000000	1.00000000000000000	1.00000000000000000
C14orf37	1.00000000000000000	30.13305547636609560	1.00000000000000000	1.00000000000000000	1.00000000000000000	31.78098304319081890	1.00000000000000000	1.00000000000000000	1.00000000000000000	1.00000000000000000
C15orf39	1.00000000000000000	1.00000000000000000	1.00000000000000000	1.00000000000000000	1.00000000000000000	1.00000000000000000	32.04353168418719378	1.00000000000000000	1.00000000000000000	1.00000000000000000
C15orf40	25.86946554430595668	23.44386421489354788	1.00000000000000000	1.00000000000000000	1.00000000000000000	18.62805971637719438	1.00000000000000000	1.00000000000000000	1.00000000000000000	1.00000000000000000
C15orf48	1.00000000000000000	1.00000000000000000	1.00000000000000000	1.00000000000000000	109.08411101735207183	1.00000000000000000	1.00000000000000000	98.13876580740173949	1.00000000000000000	1.00000000000000000
C15orf61	59.41879785382700163	42.27355532990254972	1.00000000000000000	31.23842740982783539	1.00000000000000000	19.76447915090573204	1.00000000000000000	48.47995526919407894	1.00000000000000000	1.00000000000000000
C16orf45	36.80181664695270882	23.72340864755019751	1.00000000000000000	1.00000000000000000	1.00000000000000000	16.19943422761949847	1.00000000000000000	1.00000000000000000	46.87007902095751888	1.00000000000000000
C16orf58	1.00000000000000000	26.72958921501397356	1.00000000000000000	1.00000000000000000	1.00000000000000000	1.00000000000000000	1.00000000000000000	1.00000000000000000	1.00000000000000000	1.00000000000000000
C16orf87	1.00000000000000000	28.52609649692728411	1.00000000000000000	22.48081533845176239	1.00000000000000000	34.26319218588128024	1.00000000000000000	1.00000000000000000	1.00000000000000000	1.00000000000000000
C16orf89	36.32288579389447847	1.00000000000000000	1.00000000000000000	1.00000000000000000	1.00000000000000000	1.00000000000000000	1.00000000000000000	1.00000000000000000	1.00000000000000000	1.00000000000000000
C17orf58	58.46601852439361124	1.00000000000000000	1.00000000000000000	1.00000000000000000	1.00000000000000000	1.00000000000000000	1.00000000000000000	1.00000000000000000	1.00000000000000000	1.00000000000000000
C17orf67	1.00000000000000000	1.00000000000000000	1.00000000000000000	30.70394459065027704	1.00000000000000000	1.00000000000000000	1.00000000000000000	1.00000000000000000	1.00000000000000000	1.00000000000000000
C19orf48	1.00000000000000000	30.77798006230673877	1.00000000000000000	23.47287078601723564	1.00000000000000000	52.68532270265630757	1.00000000000000000	1.00000000000000000	1.00000000000000000	1.00000000000000000
C1GALT1	43.73078404534702912	1.00000000000000000	1.00000000000000000	39.45643008669235741	1.00000000000000000	28.94271859373861489	1.00000000000000000	1.00000000000000000	1.00000000000000000	1.00000000000000000
C1orf131	1.00000000000000000	25.60652777847516504	1.00000000000000000	27.38678876713849419	1.00000000000000000	23.91767578867818145	1.00000000000000000	1.00000000000000000	1.00000000000000000	1.00000000000000000
C1orf174	1.00000000000000000	1.00000000000000000	1.00000000000000000	1.00000000000000000	1.00000000000000000	27.00499490015526405	1.00000000000000000	1.00000000000000000	1.00000000000000000	1.00000000000000000
C1orf54	1.00000000000000000	30.98487273668444075	1.00000000000000000	43.60825263772088789	77.14492047262106666	56.74807162289591389	110.62857397287926631	1.00000000000000000	60.18304491514098942	58.33393719599629890
C1orf56	1.00000000000000000	1.00000000000000000	1.00000000000000000	29.90510166261973879	1.00000000000000000	1.00000000000000000	1.00000000000000000	1.00000000000000000	1.00000000000000000	1.00000000000000000
C1QA	1.00000000000000000	1.00000000000000000	1.00000000000000000	1.00000000000000000	139.45911344612949279	1.00000000000000000	1.00000000000000000	1.00000000000000000	1.00000000000000000	1.00000000000000000
C1QTNF1	1.00000000000000000	38.97834172152378329	1.00000000000000000	42.99324164099694912	97.58123014096767633	31.32867111997580878	163.47428889569434318	35.79850282029383379	284.85793054768510046	169.65509461859952012
C1QTNF2	1.00000000000000000	1.00000000000000000	1.00000000000000000	1.00000000000000000	1.00000000000000000	27.95407955613934448	1.00000000000000000	1.00000000000000000	54.50625660842700171	1.00000000000000000
C1QTNF3	94.82700215792057463	146.48981147947614545	1.00000000000000000	1.00000000000000000	1.00000000000000000	1.00000000000000000	1.00000000000000000	1.00000000000000000	1.00000000000000000	1.00000000000000000
C1QTNF6	1.00000000000000000	63.62290091036149420	1.00000000000000000	66.30266182043445156	1.00000000000000000	79.31060304223926494	48.73437343998926963	1.00000000000000000	1.00000000000000000	1.00000000000000000
C1RL	47.95236559763304030	31.24200781359006740	1.00000000000000000	40.95309252979922121	1.00000000000000000	1.00000000000000000	1.00000000000000000	1.00000000000000000	1.00000000000000000	38.86927995029881089
C2	100.30728309946749732	50.27667932791524663	1.00000000000000000	95.67729081845335770	1.00000000000000000	20.72438638190503468	76.70126850518511219	1.00000000000000000	1.00000000000000000	35.13828121373452262
C20orf27	1.00000000000000000	26.36672370778371643	1.00000000000000000	27.09996653273901401	86.51912074895675175	66.23875471038161322	156.76849195323859476	1.00000000000000000	48.54287926470603054	106.55723396981024109
C22orf39	1.00000000000000000	23.59674924621320358	1.00000000000000000	1.00000000000000000	1.00000000000000000	29.45217277764693264	1.00000000000000000	1.00000000000000000	32.77144872794296759	37.84061767937279086
C2orf40	1.00000000000000000	1.00000000000000000	1.00000000000000000	1.00000000000000000	1.00000000000000000	1.00000000000000000	1.00000000000000000	1.00000000000000000	123.39416459140969096	458.19795955505111351
C3	1656.58921374706710594	367.59198679614644334	260.59845327460766384	1126.84268001008808824	211.82328594349388595	161.95025276571158201	1.00000000000000000	313.41093553539838013	1.00000000000000000	1.00000000000000000
C3orf14	1.00000000000000000	23.60142212029624176	1.00000000000000000	27.24780490356764417	1.00000000000000000	59.56354024210060771	1.00000000000000000	1.00000000000000000	1.00000000000000000	1.00000000000000000
C3orf38	1.00000000000000000	1.00000000000000000	1.00000000000000000	32.00695322407473498	1.00000000000000000	22.94471940524881859	1.00000000000000000	1.00000000000000000	1.00000000000000000	1.00000000000000000
C3orf58	33.08788743609150629	1.00000000000000000	1.00000000000000000	1.00000000000000000	1.00000000000000000	1.00000000000000000	36.01040218241426771	48.85244453490263794	43.10760148879909082	66.90400595477034074
C3orf70	1.00000000000000000	1.00000000000000000	1.00000000000000000	1.00000000000000000	1.00000000000000000	1.00000000000000000	30.94544162779563123	1.00000000000000000	39.97544626776547716	1.00000000000000000
C3orf80	1.00000000000000000	34.77770026859248986	1.00000000000000000	48.53014357391086264	1.00000000000000000	1.00000000000000000	1.00000000000000000	1.00000000000000000	1.00000000000000000	1.00000000000000000
C4orf33	1.00000000000000000	1.00000000000000000	1.00000000000000000	1.00000000000000000	1.00000000000000000	1.00000000000000000	30.09934930114248886	1.00000000000000000	1.00000000000000000	1.00000000000000000
C4orf48	47.25044631896452785	119.26702448565261250	1.00000000000000000	124.34376358961486631	125.44751328418116998	63.73092104586028483	58.03256829657277649	86.99308373236668501	1.00000000000000000	1.00000000000000000
C5orf46	1.00000000000000000	38.57559292001899820	1.00000000000000000	1.00000000000000000	1.00000000000000000	1.00000000000000000	1.00000000000000000	59.67703912499160168	1.00000000000000000	1.00000000000000000
C5orf56	29.73887923481160556	25.58994941837941539	1.00000000000000000	58.49576339242382517	1.00000000000000000	1.00000000000000000	42.36918473991765666	1.00000000000000000	1.00000000000000000	39.38454691541620178
C6orf106	1.00000000000000000	1.00000000000000000	1.00000000000000000	22.63580199422892747	1.00000000000000000	18.80508706930463703	1.00000000000000000	1.00000000000000000	1.00000000000000000	1.00000000000000000
C6orf120	29.38114485238117979	1.00000000000000000	1.00000000000000000	21.78510835675176693	1.00000000000000000	40.17799708457856411	1.00000000000000000	1.00000000000000000	1.00000000000000000	1.00000000000000000
C7	183.25533554510124645	1.00000000000000000	1.00000000000000000	71.87491780626810112	1.00000000000000000	1.00000000000000000	1.00000000000000000	1.00000000000000000	1.00000000000000000	348.63934087865129641
C7orf49	1.00000000000000000	1.00000000000000000	1.00000000000000000	1.00000000000000000	1.00000000000000000	31.32691103902077145	1.00000000000000000	1.00000000000000000	1.00000000000000000	1.00000000000000000
C8orf82	30.97408968782704974	33.22169086941452321	1.00000000000000000	31.00274198389815439	1.00000000000000000	28.25068944092645040	30.96544630376161678	52.03703786842228851	32.93243194339726898	1.00000000000000000
C9orf40	1.00000000000000000	1.00000000000000000	1.00000000000000000	1.00000000000000000	1.00000000000000000	25.96304254405767153	1.00000000000000000	1.00000000000000000	1.00000000000000000	1.00000000000000000
C9orf47	1.00000000000000000	1.00000000000000000	1.00000000000000000	1.00000000000000000	1.00000000000000000	1.00000000000000000	44.56305072942809176	1.00000000000000000	1.00000000000000000	1.00000000000000000
C9orf85	1.00000000000000000	1.00000000000000000	1.00000000000000000	1.00000000000000000	1.00000000000000000	42.05946296782891380	29.49294430286949620	1.00000000000000000	1.00000000000000000	1.00000000000000000
CA12	61.32771608219988480	1.00000000000000000	259.09542854425961877	45.98733435359255139	1.00000000000000000	27.95271422722940358	1.00000000000000000	260.80320000162890892	1.00000000000000000	1.00000000000000000
CA2	1.00000000000000000	1.00000000000000000	1.00000000000000000	1.00000000000000000	1.00000000000000000	1.00000000000000000	37.02675360149941497	1.00000000000000000	1.00000000000000000	1.00000000000000000
CA9	1.00000000000000000	1.00000000000000000	189.46327323173852619	1.00000000000000000	1.00000000000000000	1.00000000000000000	1.00000000000000000	306.21716653563572663	1.00000000000000000	1.00000000000000000
CAB39L	28.29924356636089300	1.00000000000000000	1.00000000000000000	1.00000000000000000	1.00000000000000000	1.00000000000000000	1.00000000000000000	1.00000000000000000	1.00000000000000000	1.00000000000000000
CACNA1A	1.00000000000000000	1.00000000000000000	1.00000000000000000	1.00000000000000000	1.00000000000000000	1.00000000000000000	1.00000000000000000	1.00000000000000000	43.08564702059247509	1.00000000000000000
CACNA1C	1.00000000000000000	1.00000000000000000	1.00000000000000000	1.00000000000000000	1.00000000000000000	1.00000000000000000	52.04795215797624763	1.00000000000000000	42.95848587897943816	1.00000000000000000
CACNA1H	1.00000000000000000	1.00000000000000000	1.00000000000000000	1.00000000000000000	1.00000000000000000	1.00000000000000000	61.83282521200708715	1.00000000000000000	72.11088074992588304	1.00000000000000000
CACNB2	1.00000000000000000	1.00000000000000000	1.00000000000000000	1.00000000000000000	1.00000000000000000	1.00000000000000000	35.71032114341315378	1.00000000000000000	35.85391680151145266	1.00000000000000000
CACUL1	1.00000000000000000	1.00000000000000000	1.00000000000000000	1.00000000000000000	1.00000000000000000	20.71893277193353811	30.51017885162721299	1.00000000000000000	1.00000000000000000	1.00000000000000000
CADM1	1.00000000000000000	63.09822646325869755	1.00000000000000000	1.00000000000000000	1.00000000000000000	1.00000000000000000	67.09233955052486920	60.40005105149584352	1.00000000000000000	1.00000000000000000
CALCRL	1.00000000000000000	1.00000000000000000	1.00000000000000000	1.00000000000000000	1.00000000000000000	1.00000000000000000	1.00000000000000000	1.00000000000000000	1.00000000000000000	49.37496393537721673
CALHM6	1.00000000000000000	1.00000000000000000	1.00000000000000000	54.85581269850339226	1.00000000000000000	1.00000000000000000	1.00000000000000000	1.00000000000000000	1.00000000000000000	1.00000000000000000
CAMK1	31.32641942669910051	1.00000000000000000	1.00000000000000000	1.00000000000000000	1.00000000000000000	44.97673648819561265	48.82036830890304913	1.00000000000000000	53.00826427677306185	1.00000000000000000
CAMK2G	1.00000000000000000	1.00000000000000000	1.00000000000000000	1.00000000000000000	1.00000000000000000	1.00000000000000000	31.13083456806380411	1.00000000000000000	75.20920427801719654	1.00000000000000000
CAMKK2	1.00000000000000000	25.25608804021362985	1.00000000000000000	23.68726188812381395	1.00000000000000000	40.65881527545497676	1.00000000000000000	1.00000000000000000	35.92698012706386379	1.00000000000000000
CAMTA2	1.00000000000000000	1.00000000000000000	1.00000000000000000	1.00000000000000000	1.00000000000000000	1.00000000000000000	1.00000000000000000	42.08536310427379590	1.00000000000000000	1.00000000000000000
CANT1	1.00000000000000000	1.00000000000000000	1.00000000000000000	23.76567355329910924	1.00000000000000000	41.86416440536239492	1.00000000000000000	1.00000000000000000	1.00000000000000000	1.00000000000000000
CAP2	1.00000000000000000	1.00000000000000000	1.00000000000000000	1.00000000000000000	1.00000000000000000	1.00000000000000000	1.00000000000000000	1.00000000000000000	80.32846447892242736	1.00000000000000000
CAPG	72.88265170223459677	73.63156367445313322	1.00000000000000000	60.90772823492787325	119.33191119674927450	74.71941564323667251	1.00000000000000000	106.92312255428288381	1.00000000000000000	1.00000000000000000
CARD16	1.00000000000000000	1.00000000000000000	1.00000000000000000	32.81287786854878163	1.00000000000000000	1.00000000000000000	40.02878012897640758	1.00000000000000000	1.00000000000000000	1.00000000000000000
CARS	1.00000000000000000	27.40687878444967396	1.00000000000000000	24.98829729537947486	1.00000000000000000	21.73649933892555808	1.00000000000000000	40.75300449342577025	1.00000000000000000	1.00000000000000000
CASC3	1.00000000000000000	1.00000000000000000	1.00000000000000000	22.87219094862404134	1.00000000000000000	50.07494373812610888	38.32377784658595488	1.00000000000000000	41.85704586640125768	1.00000000000000000
CASK	1.00000000000000000	40.56244498647435393	1.00000000000000000	29.40242590735923756	1.00000000000000000	104.91066886947710657	1.00000000000000000	51.96149786507568535	1.00000000000000000	1.00000000000000000
CASP1	1.00000000000000000	1.00000000000000000	1.00000000000000000	38.43556681319886792	1.00000000000000000	1.00000000000000000	1.00000000000000000	1.00000000000000000	1.00000000000000000	1.00000000000000000
CASP3	1.00000000000000000	24.81343843216925293	1.00000000000000000	23.30031616280064810	1.00000000000000000	38.47990290538560032	56.85500722768276205	1.00000000000000000	51.99099670137825768	46.36464859447340814
CASP8AP2	1.00000000000000000	1.00000000000000000	1.00000000000000000	26.37961335606351199	1.00000000000000000	72.54596658781797203	1.00000000000000000	1.00000000000000000	1.00000000000000000	1.00000000000000000
CASQ2	1.00000000000000000	1.00000000000000000	1.00000000000000000	1.00000000000000000	1.00000000000000000	1.00000000000000000	47.67311849655202138	1.00000000000000000	139.96393037925787439	1.00000000000000000
CAVIN2	1.00000000000000000	1.00000000000000000	1.00000000000000000	1.00000000000000000	1.00000000000000000	1.00000000000000000	1.00000000000000000	1.00000000000000000	1.00000000000000000	83.96195301680444345
CBFA2T3	1.00000000000000000	1.00000000000000000	1.00000000000000000	1.00000000000000000	1.00000000000000000	1.00000000000000000	36.40471412910414273	1.00000000000000000	1.00000000000000000	1.00000000000000000
CBFB	1.00000000000000000	27.38020495402726695	1.00000000000000000	26.17220238005770128	1.00000000000000000	51.58319908061295678	1.00000000000000000	1.00000000000000000	1.00000000000000000	1.00000000000000000
CBL	1.00000000000000000	1.00000000000000000	1.00000000000000000	1.00000000000000000	1.00000000000000000	19.53203716985724370	37.06829960312973071	1.00000000000000000	34.30205080839142795	1.00000000000000000
CBLB	45.81419766951707118	27.85124568570180514	113.11056595091703514	35.84632810225450328	1.00000000000000000	35.05599103982032716	32.36696025080043171	1.00000000000000000	1.00000000000000000	1.00000000000000000
CBLN4	1.00000000000000000	1.00000000000000000	1.00000000000000000	1.00000000000000000	1.00000000000000000	1.00000000000000000	42.37356782534050836	1.00000000000000000	1.00000000000000000	1.00000000000000000
CBR3	68.21876431498641580	27.67321977138230693	1.00000000000000000	44.77613919986158919	1.00000000000000000	51.29422087267720798	1.00000000000000000	1.00000000000000000	1.00000000000000000	1.00000000000000000
CBX7	1.00000000000000000	1.00000000000000000	1.00000000000000000	1.00000000000000000	1.00000000000000000	1.00000000000000000	1.00000000000000000	1.00000000000000000	37.89332827071590515	36.16178379147292077
CCDC102A	1.00000000000000000	24.42224171264348342	1.00000000000000000	24.85031044143291012	1.00000000000000000	1.00000000000000000	1.00000000000000000	1.00000000000000000	1.00000000000000000	1.00000000000000000
CCDC102B	1.00000000000000000	1.00000000000000000	172.66617288408767195	32.90536252022870656	123.46348958924863837	58.53147838601068997	439.16862541834166223	1.00000000000000000	143.19235047965716490	350.60975380046988903
CCDC117	1.00000000000000000	1.00000000000000000	1.00000000000000000	28.21152719536750553	1.00000000000000000	29.29750132411454544	37.34450610529657411	1.00000000000000000	1.00000000000000000	1.00000000000000000
CCDC14	29.85323128693938699	35.17756473809738083	122.14603170495276174	34.44562195540657257	1.00000000000000000	48.67545885472638645	32.14518844722346103	1.00000000000000000	1.00000000000000000	1.00000000000000000
CCDC167	1.00000000000000000	34.90624210309229625	1.00000000000000000	27.02231352843901035	1.00000000000000000	61.26747035161957911	1.00000000000000000	1.00000000000000000	1.00000000000000000	1.00000000000000000
CCDC18	1.00000000000000000	1.00000000000000000	1.00000000000000000	1.00000000000000000	1.00000000000000000	40.36210284809897786	1.00000000000000000	1.00000000000000000	1.00000000000000000	1.00000000000000000
CCDC186	46.83192388894413938	50.61741937220103438	74.72744120844585325	49.30795475628899283	1.00000000000000000	28.93897509572633453	41.34540604525525964	1.00000000000000000	45.06266475533286808	47.50289172484987432
CCDC28B	1.00000000000000000	30.40787504298052468	1.00000000000000000	49.73732336760622985	1.00000000000000000	22.64573805382806171	34.79735711643769491	1.00000000000000000	1.00000000000000000	1.00000000000000000
CCDC3	1.00000000000000000	1.00000000000000000	1.00000000000000000	1.00000000000000000	1.00000000000000000	21.17094317765419476	77.02044446679585121	1.00000000000000000	165.40665475017385688	68.23370443214271575
CCDC34	1.00000000000000000	1.00000000000000000	1.00000000000000000	26.05962550727008775	1.00000000000000000	110.75445962938215416	1.00000000000000000	1.00000000000000000	1.00000000000000000	1.00000000000000000
CCDC8	1.00000000000000000	25.19333364353092009	1.00000000000000000	1.00000000000000000	1.00000000000000000	1.00000000000000000	1.00000000000000000	1.00000000000000000	1.00000000000000000	1.00000000000000000
CCL11	1.00000000000000000	1.00000000000000000	1.00000000000000000	192.16449140504988691	1.00000000000000000	1.00000000000000000	1.00000000000000000	1.00000000000000000	1.00000000000000000	1.00000000000000000
CCL13	1.00000000000000000	1.00000000000000000	1.00000000000000000	1.00000000000000000	1.00000000000000000	1.00000000000000000	1.00000000000000000	1.00000000000000000	1.00000000000000000	129.29593227973464309
CCL19	1.00000000000000000	1.00000000000000000	1.00000000000000000	2801.19669232831665795	1.00000000000000000	305.18904228206059770	1.00000000000000000	1.00000000000000000	1.00000000000000000	8722.39576464601668704
CCL2	965.30827100880776470	353.51523299225061692	484.90620386651875151	1238.03333905096883427	658.00406447677210053	587.28953444511296311	607.61683098278263060	177.11400558027762031	1185.94211007259264079	4362.92427298139955383
CCL21	1.00000000000000000	1.00000000000000000	1.00000000000000000	1.00000000000000000	1.00000000000000000	1.00000000000000000	1.00000000000000000	1.00000000000000000	1.00000000000000000	3021.90908367103611454
CCL26	1.00000000000000000	1.00000000000000000	1.00000000000000000	1.00000000000000000	1.00000000000000000	1.00000000000000000	1.00000000000000000	1.00000000000000000	1.00000000000000000	60.68311446531880193
CCL3	59.42881657326022093	51.58688289067455912	133.49378839350168846	96.63155446859931885	370.03276788622520144	62.20552056386962647	105.81573237979169733	1.00000000000000000	64.32731352751221721	39.97779789947112050
CCL3L3	1.00000000000000000	1.00000000000000000	1.00000000000000000	1.00000000000000000	145.52454025508095015	1.00000000000000000	1.00000000000000000	1.00000000000000000	1.00000000000000000	1.00000000000000000
CCL4	50.24488462392277199	47.87194524981264010	143.86678828953083098	59.92124853160142806	547.22437622844017824	57.12747171760139508	80.29803071896240851	1.00000000000000000	53.15259859567931500	50.24899919452609964
CCL4L2	1.00000000000000000	1.00000000000000000	1.00000000000000000	27.58053116457428189	254.24488020827473633	1.00000000000000000	38.80671865975294565	1.00000000000000000	1.00000000000000000	1.00000000000000000
CCL5	1.00000000000000000	1.00000000000000000	1.00000000000000000	851.51464778707088499	232.01926583121857561	221.92487833813592601	1.00000000000000000	1.00000000000000000	1.00000000000000000	1.00000000000000000
CCL8	1.00000000000000000	1.00000000000000000	1.00000000000000000	1.00000000000000000	1.00000000000000000	1.00000000000000000	166.96559998037230343	1.00000000000000000	231.37746863816826703	400.32991940178305867
CCNA2	1.00000000000000000	1.00000000000000000	1.00000000000000000	1.00000000000000000	1.00000000000000000	92.44783114527812984	1.00000000000000000	1.00000000000000000	1.00000000000000000	1.00000000000000000
CCNB1	1.00000000000000000	1.00000000000000000	1.00000000000000000	1.00000000000000000	1.00000000000000000	296.29982299838883364	1.00000000000000000	1.00000000000000000	1.00000000000000000	1.00000000000000000
CCNB1IP1	32.34189770939972419	32.89519401536041698	1.00000000000000000	24.81696362487807761	1.00000000000000000	51.43132925606214201	36.72800588245275577	80.26005988945931335	35.21512147360527223	38.47846873934537371
CCNB2	1.00000000000000000	1.00000000000000000	1.00000000000000000	1.00000000000000000	1.00000000000000000	169.09571168080390180	1.00000000000000000	1.00000000000000000	1.00000000000000000	1.00000000000000000
CCND3	1.00000000000000000	36.54123049581109939	1.00000000000000000	45.82037060369983550	52.78797610640466331	48.53668610138283412	33.98724290933779457	1.00000000000000000	34.98189401385969433	1.00000000000000000
CCNG2	49.83085184335728712	36.04229041940885025	1.00000000000000000	33.40371840608082721	1.00000000000000000	52.63961250682483950	1.00000000000000000	62.36857792534508604	1.00000000000000000	53.39715518301200348
CCNL1	559.38311072515205069	303.90854510060194116	1603.88018787468763549	366.70730708309480406	364.19786481958948343	190.49946080597595710	366.51245234329473988	268.73345185598196849	432.85991867163807001	558.95741229403347461
CCNL2	60.31489391338968176	55.14877407775971818	259.57876324761730302	48.24686885130552838	78.22367294765788870	26.96778506968592026	68.11686262051736662	57.56892162685724657	63.37215788622967239	61.72939541324085155
CCNT1	1.00000000000000000	1.00000000000000000	110.45904004913815299	25.97135325760433844	1.00000000000000000	19.30977500879105691	37.37573801443236476	1.00000000000000000	36.35527249739921984	1.00000000000000000
CCR10	1.00000000000000000	1.00000000000000000	1.00000000000000000	1.00000000000000000	1.00000000000000000	1.00000000000000000	64.54593265773043242	1.00000000000000000	1.00000000000000000	1.00000000000000000
CD109	40.96609664071048229	32.46375357737942835	1.00000000000000000	1.00000000000000000	1.00000000000000000	53.92714258873991184	1.00000000000000000	1.00000000000000000	1.00000000000000000	1.00000000000000000
CD200	1.00000000000000000	27.91817206390096473	1.00000000000000000	39.11229352070500198	1.00000000000000000	1.00000000000000000	1.00000000000000000	1.00000000000000000	1.00000000000000000	1.00000000000000000
CD302	77.48991973539061462	30.70412395193920219	1.00000000000000000	35.00026979916603409	1.00000000000000000	1.00000000000000000	1.00000000000000000	1.00000000000000000	1.00000000000000000	65.60564031710397614
CD320	40.14838529307698423	27.47417444794063002	1.00000000000000000	29.71041347982686176	1.00000000000000000	62.45417865516122191	1.00000000000000000	50.92906461575176280	1.00000000000000000	30.51593161872920490
CD34	108.74159065461743978	1.00000000000000000	1.00000000000000000	1.00000000000000000	1.00000000000000000	1.00000000000000000	1.00000000000000000	1.00000000000000000	1.00000000000000000	1.00000000000000000
CD36	1.00000000000000000	1.00000000000000000	1.00000000000000000	1.00000000000000000	1.00000000000000000	1.00000000000000000	269.27561218980832791	1.00000000000000000	1.00000000000000000	113.70376259407919406
CD37	1.00000000000000000	1.00000000000000000	1.00000000000000000	1.00000000000000000	96.09357325153622753	1.00000000000000000	1.00000000000000000	1.00000000000000000	1.00000000000000000	1.00000000000000000
CD48	1.00000000000000000	1.00000000000000000	1.00000000000000000	1.00000000000000000	54.71260965202034043	1.00000000000000000	1.00000000000000000	1.00000000000000000	1.00000000000000000	1.00000000000000000
CD52	1.00000000000000000	1.00000000000000000	1.00000000000000000	1.00000000000000000	64.61420706643929179	1.00000000000000000	1.00000000000000000	1.00000000000000000	1.00000000000000000	1.00000000000000000
CD53	1.00000000000000000	1.00000000000000000	1.00000000000000000	1.00000000000000000	65.37875904217916911	1.00000000000000000	1.00000000000000000	1.00000000000000000	1.00000000000000000	1.00000000000000000
CD68	73.38403955489535235	38.62482059603330242	1.00000000000000000	72.46830181473868038	74.95299295459530242	25.53605124665869752	1.00000000000000000	94.18999406319699119	1.00000000000000000	37.69974540686759212
CD69	1.00000000000000000	1.00000000000000000	1.00000000000000000	1.00000000000000000	270.48346872925390016	1.00000000000000000	1.00000000000000000	1.00000000000000000	1.00000000000000000	1.00000000000000000
CD74	142.37124409873064224	111.57580260122533389	239.08169439011280133	358.93742103768130391	1123.99186952885133906	91.55869150930917044	102.73172072463596294	141.39848719802259325	94.41088102280275507	122.73860978934867205
CD82	1.00000000000000000	54.45932336573298471	1.00000000000000000	114.08387010469277811	1.00000000000000000	135.35084027935033646	1.00000000000000000	65.36002458045491892	44.11955575554140552	1.00000000000000000
CD83	76.52179075272094622	95.15473016010123786	142.08431437529219465	141.88920670678146507	260.50557047364685559	48.28785998629805221	62.95992487810782734	1.00000000000000000	54.09523049830902863	76.77575721834817557
CDC14B	1.00000000000000000	1.00000000000000000	1.00000000000000000	1.00000000000000000	1.00000000000000000	1.00000000000000000	35.36397450781692697	1.00000000000000000	35.62336045767235504	1.00000000000000000
CDC16	26.24006845547162925	26.29430361860751830	1.00000000000000000	23.71053388285991659	1.00000000000000000	22.61532908004866016	1.00000000000000000	46.77436804904400702	1.00000000000000000	1.00000000000000000
CDC20	1.00000000000000000	1.00000000000000000	1.00000000000000000	1.00000000000000000	1.00000000000000000	113.41737175400913884	1.00000000000000000	1.00000000000000000	1.00000000000000000	1.00000000000000000
CDC25B	1.00000000000000000	1.00000000000000000	1.00000000000000000	1.00000000000000000	1.00000000000000000	42.94434756121484043	1.00000000000000000	1.00000000000000000	1.00000000000000000	1.00000000000000000
CDC37L1	1.00000000000000000	26.35359291551888816	1.00000000000000000	27.46564573413080268	1.00000000000000000	22.74706092754292541	1.00000000000000000	1.00000000000000000	1.00000000000000000	40.90956140624275861
CDC42EP2	41.11383728782623592	1.00000000000000000	1.00000000000000000	28.51776120823761573	1.00000000000000000	1.00000000000000000	1.00000000000000000	1.00000000000000000	1.00000000000000000	1.00000000000000000
CDC42EP3	1.00000000000000000	43.25109101933038858	1.00000000000000000	31.40722586769946290	1.00000000000000000	38.03241622651057696	1.00000000000000000	55.53512062867942944	1.00000000000000000	1.00000000000000000
CDC42EP4	121.44920052936480204	1.00000000000000000	1.00000000000000000	53.00061236657904118	1.00000000000000000	27.70797071364265207	90.20523192459398842	1.00000000000000000	96.05659484858901465	124.84462915100733937
CDC42SE1	34.47580682293833121	40.21140830090735818	1.00000000000000000	49.75395895124589885	92.19305723734284186	48.40592581065666167	47.19826642100644420	1.00000000000000000	41.71384245074808206	32.25000704748412517
CDC45	1.00000000000000000	1.00000000000000000	1.00000000000000000	1.00000000000000000	1.00000000000000000	22.25080816834264752	1.00000000000000000	1.00000000000000000	1.00000000000000000	1.00000000000000000
CDC6	1.00000000000000000	1.00000000000000000	1.00000000000000000	1.00000000000000000	1.00000000000000000	24.75140529968228975	1.00000000000000000	1.00000000000000000	1.00000000000000000	1.00000000000000000
CDCA2	1.00000000000000000	1.00000000000000000	1.00000000000000000	1.00000000000000000	1.00000000000000000	59.78133123348489164	1.00000000000000000	1.00000000000000000	1.00000000000000000	1.00000000000000000
CDCA3	1.00000000000000000	1.00000000000000000	1.00000000000000000	1.00000000000000000	1.00000000000000000	84.31516250344999719	1.00000000000000000	1.00000000000000000	1.00000000000000000	1.00000000000000000
CDCA4	1.00000000000000000	1.00000000000000000	1.00000000000000000	1.00000000000000000	1.00000000000000000	37.34603324311598271	1.00000000000000000	1.00000000000000000	1.00000000000000000	1.00000000000000000
CDCA5	1.00000000000000000	1.00000000000000000	1.00000000000000000	1.00000000000000000	1.00000000000000000	46.12413319816145219	1.00000000000000000	1.00000000000000000	1.00000000000000000	1.00000000000000000
CDCA8	1.00000000000000000	1.00000000000000000	1.00000000000000000	1.00000000000000000	1.00000000000000000	30.73788573801510182	1.00000000000000000	1.00000000000000000	1.00000000000000000	1.00000000000000000
CDCP1	1.00000000000000000	1.00000000000000000	1.00000000000000000	1.00000000000000000	1.00000000000000000	1.00000000000000000	1.00000000000000000	151.25952095020110733	1.00000000000000000	1.00000000000000000
CDH6	1.00000000000000000	1.00000000000000000	1.00000000000000000	1.00000000000000000	1.00000000000000000	1.00000000000000000	181.28352070914948513	1.00000000000000000	168.00724512492661233	78.14374812653748847
CDK1	1.00000000000000000	1.00000000000000000	1.00000000000000000	1.00000000000000000	1.00000000000000000	171.92732755331198291	1.00000000000000000	1.00000000000000000	1.00000000000000000	1.00000000000000000
CDK11B	1.00000000000000000	1.00000000000000000	1.00000000000000000	1.00000000000000000	1.00000000000000000	1.00000000000000000	29.52721178177376871	1.00000000000000000	1.00000000000000000	1.00000000000000000
CDK12	35.44230310602329581	40.25294782527524973	105.14261208806399850	41.27355215357001583	1.00000000000000000	56.60256039462801425	50.88757296084275339	1.00000000000000000	46.37827091908951616	37.24533270983359756
CDK13	32.37833478516607499	36.55745889479351973	93.10677973632827786	35.68383358276094697	1.00000000000000000	39.51378351283253920	39.58296695936350318	1.00000000000000000	41.21887413555660373	36.26441654829130101
CDK14	25.81237822325847020	41.18595814485206574	1.00000000000000000	26.13792055248161716	1.00000000000000000	24.34112798968829949	1.00000000000000000	1.00000000000000000	1.00000000000000000	1.00000000000000000
CDK18	1.00000000000000000	1.00000000000000000	1.00000000000000000	1.00000000000000000	1.00000000000000000	1.00000000000000000	1.00000000000000000	1.00000000000000000	45.45503952369737277	1.00000000000000000
CDK5RAP2	1.00000000000000000	1.00000000000000000	1.00000000000000000	1.00000000000000000	1.00000000000000000	65.98167885453825932	1.00000000000000000	1.00000000000000000	1.00000000000000000	1.00000000000000000
CDK6	1.00000000000000000	27.45980624257817482	1.00000000000000000	23.14879212322331270	1.00000000000000000	34.25458323894444845	43.69423645717048288	1.00000000000000000	49.58483911789841869	1.00000000000000000
CDK9	26.77865245469299538	1.00000000000000000	1.00000000000000000	1.00000000000000000	1.00000000000000000	1.00000000000000000	1.00000000000000000	1.00000000000000000	1.00000000000000000	1.00000000000000000
CDKL5	1.00000000000000000	33.89774488715331557	1.00000000000000000	1.00000000000000000	1.00000000000000000	1.00000000000000000	57.91432531287762941	1.00000000000000000	1.00000000000000000	1.00000000000000000
CDKN2A	1.00000000000000000	91.40647435217432815	1.00000000000000000	70.26331443959004730	1.00000000000000000	54.86768740831940505	36.23112976885575165	64.10705385300799719	1.00000000000000000	1.00000000000000000
CDKN2AIP	37.84050016235065073	28.68691490259800858	112.75985856427136866	1.00000000000000000	1.00000000000000000	21.17690909294276480	39.25978776186047980	1.00000000000000000	58.00723696572219268	60.06337882544701046
CDKN2AIPNL	1.00000000000000000	1.00000000000000000	1.00000000000000000	1.00000000000000000	1.00000000000000000	37.93578758703127107	1.00000000000000000	1.00000000000000000	1.00000000000000000	1.00000000000000000
CDKN2B	1.00000000000000000	57.31706320957388101	1.00000000000000000	49.73778760771787688	1.00000000000000000	1.00000000000000000	1.00000000000000000	1.00000000000000000	1.00000000000000000	1.00000000000000000
CDKN2C	54.78547257044899510	28.33849701020515255	1.00000000000000000	1.00000000000000000	1.00000000000000000	85.48251226741031417	1.00000000000000000	43.22616158078594140	1.00000000000000000	1.00000000000000000
CDKN2D	1.00000000000000000	1.00000000000000000	1.00000000000000000	1.00000000000000000	1.00000000000000000	125.94663015145886220	1.00000000000000000	1.00000000000000000	34.42373313837588711	1.00000000000000000
CDKN3	1.00000000000000000	1.00000000000000000	1.00000000000000000	1.00000000000000000	1.00000000000000000	318.34671505276708103	1.00000000000000000	1.00000000000000000	1.00000000000000000	1.00000000000000000
CDO1	39.18173161762106105	1.00000000000000000	1.00000000000000000	1.00000000000000000	1.00000000000000000	1.00000000000000000	1.00000000000000000	1.00000000000000000	1.00000000000000000	1.00000000000000000
CDON	27.70280443639357060	1.00000000000000000	1.00000000000000000	1.00000000000000000	1.00000000000000000	1.00000000000000000	1.00000000000000000	1.00000000000000000	1.00000000000000000	1.00000000000000000
CDR2	1.00000000000000000	29.62092764656558330	1.00000000000000000	21.28756128568946338	1.00000000000000000	24.64014137833164497	1.00000000000000000	1.00000000000000000	1.00000000000000000	1.00000000000000000
CDS2	1.00000000000000000	1.00000000000000000	1.00000000000000000	1.00000000000000000	1.00000000000000000	19.02936513070001112	39.24532192608748460	1.00000000000000000	59.59786118661394738	1.00000000000000000
CDT1	1.00000000000000000	1.00000000000000000	1.00000000000000000	1.00000000000000000	1.00000000000000000	81.78730884024336945	1.00000000000000000	1.00000000000000000	1.00000000000000000	1.00000000000000000
CEBPG	1.00000000000000000	1.00000000000000000	1.00000000000000000	1.00000000000000000	1.00000000000000000	33.51423735518158509	1.00000000000000000	44.22699511449117438	1.00000000000000000	1.00000000000000000
CEBPZOS	33.35220418833711875	29.51391735464713406	1.00000000000000000	25.24742414033044113	1.00000000000000000	39.70878663936557018	32.41349786249344334	44.98310529516491840	1.00000000000000000	1.00000000000000000
CELF2	119.48314951191113664	49.93616217582616912	85.12249529112419566	48.04590925952108904	88.53022896533448716	34.97137618001205794	1.00000000000000000	65.48609577420083383	1.00000000000000000	1.00000000000000000
CENPA	1.00000000000000000	1.00000000000000000	1.00000000000000000	1.00000000000000000	1.00000000000000000	83.88511828423492034	1.00000000000000000	1.00000000000000000	1.00000000000000000	1.00000000000000000
CENPE	1.00000000000000000	1.00000000000000000	1.00000000000000000	1.00000000000000000	1.00000000000000000	214.12643470284885439	1.00000000000000000	1.00000000000000000	1.00000000000000000	1.00000000000000000
CENPF	1.00000000000000000	1.00000000000000000	1.00000000000000000	1.00000000000000000	1.00000000000000000	482.91997655450194316	1.00000000000000000	1.00000000000000000	1.00000000000000000	1.00000000000000000
CENPH	1.00000000000000000	1.00000000000000000	1.00000000000000000	1.00000000000000000	1.00000000000000000	67.91015926253967905	1.00000000000000000	1.00000000000000000	1.00000000000000000	1.00000000000000000
CENPJ	1.00000000000000000	1.00000000000000000	1.00000000000000000	1.00000000000000000	1.00000000000000000	39.40239163758095486	1.00000000000000000	1.00000000000000000	1.00000000000000000	1.00000000000000000
CENPK	1.00000000000000000	1.00000000000000000	1.00000000000000000	1.00000000000000000	1.00000000000000000	119.26594919057455968	1.00000000000000000	1.00000000000000000	1.00000000000000000	1.00000000000000000
CENPL	1.00000000000000000	1.00000000000000000	1.00000000000000000	1.00000000000000000	1.00000000000000000	35.83901276588527196	1.00000000000000000	1.00000000000000000	1.00000000000000000	1.00000000000000000
CENPM	1.00000000000000000	1.00000000000000000	1.00000000000000000	1.00000000000000000	1.00000000000000000	94.06744139133142824	1.00000000000000000	1.00000000000000000	1.00000000000000000	1.00000000000000000
CENPN	1.00000000000000000	1.00000000000000000	1.00000000000000000	1.00000000000000000	1.00000000000000000	49.78930662009697983	1.00000000000000000	1.00000000000000000	1.00000000000000000	1.00000000000000000
CENPO	1.00000000000000000	1.00000000000000000	1.00000000000000000	1.00000000000000000	1.00000000000000000	25.88264280338449197	1.00000000000000000	1.00000000000000000	1.00000000000000000	1.00000000000000000
CENPT	1.00000000000000000	1.00000000000000000	1.00000000000000000	1.00000000000000000	1.00000000000000000	32.07523509786927463	1.00000000000000000	1.00000000000000000	1.00000000000000000	1.00000000000000000
CENPU	1.00000000000000000	1.00000000000000000	1.00000000000000000	1.00000000000000000	1.00000000000000000	70.86117093392157074	1.00000000000000000	1.00000000000000000	1.00000000000000000	1.00000000000000000
CENPV	1.00000000000000000	1.00000000000000000	1.00000000000000000	1.00000000000000000	1.00000000000000000	31.43680006243853597	1.00000000000000000	1.00000000000000000	1.00000000000000000	1.00000000000000000
CENPW	1.00000000000000000	1.00000000000000000	1.00000000000000000	1.00000000000000000	1.00000000000000000	148.65676378289811055	1.00000000000000000	1.00000000000000000	1.00000000000000000	1.00000000000000000
CEP112	1.00000000000000000	1.00000000000000000	1.00000000000000000	1.00000000000000000	1.00000000000000000	45.90011102573746626	1.00000000000000000	1.00000000000000000	1.00000000000000000	1.00000000000000000
CEP126	37.73806131596482061	1.00000000000000000	1.00000000000000000	1.00000000000000000	1.00000000000000000	1.00000000000000000	1.00000000000000000	1.00000000000000000	1.00000000000000000	39.18114922273498735
CEP135	1.00000000000000000	1.00000000000000000	1.00000000000000000	1.00000000000000000	1.00000000000000000	32.26169854500682277	1.00000000000000000	1.00000000000000000	1.00000000000000000	1.00000000000000000
CEP55	1.00000000000000000	1.00000000000000000	1.00000000000000000	1.00000000000000000	1.00000000000000000	91.44340325863061025	1.00000000000000000	1.00000000000000000	1.00000000000000000	1.00000000000000000
CEP57L1	1.00000000000000000	1.00000000000000000	1.00000000000000000	23.06439951500282959	1.00000000000000000	34.09135425119221452	1.00000000000000000	1.00000000000000000	1.00000000000000000	1.00000000000000000
CEP78	1.00000000000000000	1.00000000000000000	1.00000000000000000	1.00000000000000000	1.00000000000000000	24.61075883325836955	1.00000000000000000	1.00000000000000000	1.00000000000000000	1.00000000000000000
CEP85L	1.00000000000000000	1.00000000000000000	1.00000000000000000	1.00000000000000000	1.00000000000000000	1.00000000000000000	35.52122391381736577	1.00000000000000000	38.08350078591048771	1.00000000000000000
CEP89	1.00000000000000000	1.00000000000000000	1.00000000000000000	1.00000000000000000	1.00000000000000000	44.30505594230592692	1.00000000000000000	1.00000000000000000	1.00000000000000000	1.00000000000000000
CEP97	1.00000000000000000	1.00000000000000000	1.00000000000000000	1.00000000000000000	1.00000000000000000	53.75909356547754925	1.00000000000000000	1.00000000000000000	1.00000000000000000	1.00000000000000000
CERS4	27.82806640919339713	1.00000000000000000	1.00000000000000000	1.00000000000000000	1.00000000000000000	1.00000000000000000	1.00000000000000000	1.00000000000000000	1.00000000000000000	1.00000000000000000
CETN2	34.84387127777470994	47.74483576566598231	1.00000000000000000	45.42577091789586774	1.00000000000000000	64.15240052601406262	38.24051682640908467	69.68787612658653075	45.30431858544142187	1.00000000000000000
CFD	9098.45320721194730140	407.53549116638788519	476.80346120295968149	238.11797152466448324	613.77234701005659190	87.40453179461765387	1.00000000000000000	1195.72371893615263616	1.00000000000000000	465.49489371324847298
CGAS	1.00000000000000000	27.59299125365244976	1.00000000000000000	44.71916444774844734	1.00000000000000000	26.93224932315822429	43.56106341289425643	1.00000000000000000	1.00000000000000000	43.21065821879562208
CGREF1	31.25056766445891654	1.00000000000000000	1.00000000000000000	1.00000000000000000	1.00000000000000000	1.00000000000000000	1.00000000000000000	1.00000000000000000	1.00000000000000000	1.00000000000000000
CH25H	89.40925171814886596	1.00000000000000000	1.00000000000000000	57.78345927927683334	1.00000000000000000	1.00000000000000000	1.00000000000000000	1.00000000000000000	1.00000000000000000	167.73468551126893544
CHAF1A	1.00000000000000000	1.00000000000000000	1.00000000000000000	1.00000000000000000	1.00000000000000000	34.18608392764305393	1.00000000000000000	1.00000000000000000	1.00000000000000000	1.00000000000000000
CHD1L	1.00000000000000000	1.00000000000000000	1.00000000000000000	1.00000000000000000	1.00000000000000000	26.35246124768443465	1.00000000000000000	1.00000000000000000	1.00000000000000000	1.00000000000000000
CHD2	42.69009437963187281	34.26486780930324727	138.47603355036869743	36.34803463643584820	87.84071132251148128	27.08915682410826520	44.90268443643958562	1.00000000000000000	47.23161949123267789	56.09327697634433463
CHD6	38.56901870791320874	40.88903640764154090	110.07425312617243662	42.59684684403556076	1.00000000000000000	26.00872703916169471	62.80532921589612982	1.00000000000000000	52.37366312083578634	43.60143683797128489
CHEK1	1.00000000000000000	1.00000000000000000	1.00000000000000000	1.00000000000000000	1.00000000000000000	32.54680766895177868	1.00000000000000000	1.00000000000000000	1.00000000000000000	1.00000000000000000
CHI3L1	278.38139481456755675	1.00000000000000000	1.00000000000000000	174.57383669264845594	1.00000000000000000	1.00000000000000000	1.00000000000000000	1.00000000000000000	1.00000000000000000	1.00000000000000000
CHIC2	58.23943353952756041	48.53685878980659396	1.00000000000000000	66.99166532112094785	1.00000000000000000	48.75580702010805112	1.00000000000000000	53.35978995535990776	1.00000000000000000	1.00000000000000000
CHL1	67.83156529073174568	1.00000000000000000	1.00000000000000000	30.97752410499755982	1.00000000000000000	1.00000000000000000	1.00000000000000000	1.00000000000000000	1.00000000000000000	1.00000000000000000
CHMP6	1.00000000000000000	26.68217874777078791	1.00000000000000000	1.00000000000000000	1.00000000000000000	21.48549225771875371	1.00000000000000000	1.00000000000000000	1.00000000000000000	1.00000000000000000
CHN1	1.00000000000000000	54.64157785163973813	1.00000000000000000	62.66151718750227673	107.25146709970482561	116.89964862695761383	194.91274759349121837	1.00000000000000000	93.51360278584871821	141.49472263776092973
CHPF	48.14129196680295308	155.20130343972851961	1.00000000000000000	98.43506582875868105	1.00000000000000000	95.02943316664209306	29.34786261738931756	87.28601322475564928	1.00000000000000000	1.00000000000000000
CHPF2	1.00000000000000000	34.25983233147135110	1.00000000000000000	27.64200527017962727	1.00000000000000000	21.13039090322289937	1.00000000000000000	1.00000000000000000	1.00000000000000000	1.00000000000000000
CHPT1	70.44057433094411635	47.38492000370555957	1.00000000000000000	43.01979549759572308	1.00000000000000000	48.38825719353673094	1.00000000000000000	58.19077196356043657	1.00000000000000000	52.09274419834238756
CHRAC1	1.00000000000000000	1.00000000000000000	1.00000000000000000	20.96341440839661985	1.00000000000000000	40.29953409444776469	38.30199598004832495	1.00000000000000000	45.66385689228656730	1.00000000000000000
CHRD	30.57626685348450835	26.15456267819881475	1.00000000000000000	1.00000000000000000	1.00000000000000000	1.00000000000000000	1.00000000000000000	1.00000000000000000	1.00000000000000000	50.47423418977729881
CHRDL1	154.81424961656804840	1.00000000000000000	1.00000000000000000	1.00000000000000000	1.00000000000000000	1.00000000000000000	1.00000000000000000	1.00000000000000000	1.00000000000000000	105.31842160140003273
CHST11	1.00000000000000000	47.57902463826015094	1.00000000000000000	61.06470956910587944	1.00000000000000000	40.87597044805411883	35.83881700302195128	1.00000000000000000	1.00000000000000000	1.00000000000000000
CHST12	44.34210925351207067	39.04659193000411932	1.00000000000000000	43.97556664584143249	1.00000000000000000	30.28795390789896658	1.00000000000000000	1.00000000000000000	1.00000000000000000	40.02988237775469571
CHST15	1.00000000000000000	32.43096915767952026	1.00000000000000000	33.00679396256910536	1.00000000000000000	1.00000000000000000	1.00000000000000000	1.00000000000000000	1.00000000000000000	46.56179177696965610
CHST2	1.00000000000000000	1.00000000000000000	1.00000000000000000	1.00000000000000000	1.00000000000000000	1.00000000000000000	48.30488469608788193	1.00000000000000000	1.00000000000000000	1.00000000000000000
CILP	190.12882866734210552	222.30981517071305120	1.00000000000000000	196.52619096348811922	1.00000000000000000	1.00000000000000000	1.00000000000000000	1.00000000000000000	1.00000000000000000	1.00000000000000000
CILP2	1.00000000000000000	59.60479634074536648	1.00000000000000000	1.00000000000000000	1.00000000000000000	1.00000000000000000	1.00000000000000000	1.00000000000000000	1.00000000000000000	1.00000000000000000
CINP	34.15355972470887025	32.67524428675825732	1.00000000000000000	29.32528837749700656	1.00000000000000000	34.47943596173796976	30.33189537754760323	61.27946568167610053	1.00000000000000000	1.00000000000000000
CIP2A	1.00000000000000000	1.00000000000000000	1.00000000000000000	1.00000000000000000	1.00000000000000000	35.84574497122553538	1.00000000000000000	1.00000000000000000	1.00000000000000000	1.00000000000000000
CISD2	33.24771396653532918	38.85136707382864785	1.00000000000000000	43.82970465382877023	1.00000000000000000	56.77958702061427942	37.16591157169498416	43.78124419276640111	1.00000000000000000	1.00000000000000000
CIT	1.00000000000000000	1.00000000000000000	1.00000000000000000	1.00000000000000000	1.00000000000000000	32.32652735557916657	1.00000000000000000	1.00000000000000000	1.00000000000000000	1.00000000000000000
CITED4	1.00000000000000000	1.00000000000000000	1.00000000000000000	1.00000000000000000	1.00000000000000000	1.00000000000000000	1.00000000000000000	1.00000000000000000	49.42672933132975999	46.00251971943811924
CIZ1	39.27426806653895142	35.44954553715168544	1.00000000000000000	29.62833818225956861	1.00000000000000000	29.01256196638946605	1.00000000000000000	1.00000000000000000	1.00000000000000000	1.00000000000000000
CKAP2	1.00000000000000000	1.00000000000000000	1.00000000000000000	1.00000000000000000	1.00000000000000000	112.27249551244534587	1.00000000000000000	1.00000000000000000	1.00000000000000000	1.00000000000000000
CKAP2L	1.00000000000000000	1.00000000000000000	1.00000000000000000	1.00000000000000000	1.00000000000000000	67.92268178968906511	1.00000000000000000	1.00000000000000000	1.00000000000000000	1.00000000000000000
CKAP5	1.00000000000000000	1.00000000000000000	1.00000000000000000	1.00000000000000000	1.00000000000000000	43.80240430521096329	1.00000000000000000	1.00000000000000000	1.00000000000000000	1.00000000000000000
CKB	62.53220244262206506	1.00000000000000000	1.00000000000000000	1.00000000000000000	1.00000000000000000	32.72215402324540889	1.00000000000000000	1.00000000000000000	97.55049777976590519	144.17905255506704520
CKS1B	63.29563300492626610	26.17740640984234801	1.00000000000000000	31.90823490714981148	1.00000000000000000	214.91035163732723845	1.00000000000000000	46.43599045059294639	35.23538770634366557	1.00000000000000000
CLCN3	27.18299912686372366	1.00000000000000000	1.00000000000000000	1.00000000000000000	1.00000000000000000	18.64815769250949629	1.00000000000000000	1.00000000000000000	1.00000000000000000	1.00000000000000000
CLCN7	1.00000000000000000	24.69042583345855491	1.00000000000000000	23.44118959869607721	1.00000000000000000	1.00000000000000000	1.00000000000000000	1.00000000000000000	1.00000000000000000	1.00000000000000000
CLDN11	48.33960172458963456	1.00000000000000000	1.00000000000000000	1.00000000000000000	1.00000000000000000	1.00000000000000000	1.00000000000000000	1.00000000000000000	1.00000000000000000	1.00000000000000000
CLDN4	1.00000000000000000	1.00000000000000000	1.00000000000000000	1.00000000000000000	152.95191616739222695	1.00000000000000000	1.00000000000000000	1.00000000000000000	1.00000000000000000	1.00000000000000000
CLEC3B	47.89036903001463941	1.00000000000000000	1.00000000000000000	1.00000000000000000	1.00000000000000000	1.00000000000000000	1.00000000000000000	1.00000000000000000	1.00000000000000000	1.00000000000000000
CLIC2	39.44647166197426458	1.00000000000000000	1.00000000000000000	50.08195118698963455	1.00000000000000000	1.00000000000000000	1.00000000000000000	1.00000000000000000	1.00000000000000000	1.00000000000000000
CLIC3	1.00000000000000000	1.00000000000000000	1.00000000000000000	1.00000000000000000	1.00000000000000000	1.00000000000000000	1.00000000000000000	62.10364954179189567	1.00000000000000000	1.00000000000000000
CLIP2	1.00000000000000000	1.00000000000000000	1.00000000000000000	1.00000000000000000	1.00000000000000000	22.40753091043974266	32.57387799257580951	1.00000000000000000	1.00000000000000000	1.00000000000000000
CLIP3	1.00000000000000000	1.00000000000000000	1.00000000000000000	23.97306323745410239	1.00000000000000000	1.00000000000000000	1.00000000000000000	1.00000000000000000	1.00000000000000000	1.00000000000000000
CLK3	1.00000000000000000	1.00000000000000000	1.00000000000000000	21.99985369402885027	1.00000000000000000	20.17312441698072689	31.80373572633254042	1.00000000000000000	1.00000000000000000	1.00000000000000000
CLMN	1.00000000000000000	1.00000000000000000	1.00000000000000000	1.00000000000000000	1.00000000000000000	1.00000000000000000	116.86040955496733318	1.00000000000000000	139.81613048081533179	42.01569945467164047
CLMP	96.32473087533941225	103.28304227868083842	94.35997540423157659	138.27238302439604922	1.00000000000000000	80.60721790936801767	1.00000000000000000	120.16107955295400700	1.00000000000000000	1.00000000000000000
CLOCK	1.00000000000000000	27.70889432399721031	1.00000000000000000	24.74228286005279998	1.00000000000000000	37.63369670192354022	46.67649813941122261	1.00000000000000000	44.91169770779541892	52.94865722539648800
CLSPN	1.00000000000000000	1.00000000000000000	1.00000000000000000	1.00000000000000000	1.00000000000000000	86.86220804809542528	1.00000000000000000	1.00000000000000000	1.00000000000000000	1.00000000000000000
CLSTN2	1.00000000000000000	1.00000000000000000	1.00000000000000000	1.00000000000000000	1.00000000000000000	1.00000000000000000	1.00000000000000000	1.00000000000000000	1.00000000000000000	105.23871617094737019
CLSTN3	41.42557930421435231	1.00000000000000000	1.00000000000000000	82.42913751141571765	1.00000000000000000	1.00000000000000000	1.00000000000000000	1.00000000000000000	1.00000000000000000	63.97158076816959493
CMBL	45.19275127491780353	29.53419588462381995	1.00000000000000000	22.06889370368627823	1.00000000000000000	1.00000000000000000	1.00000000000000000	1.00000000000000000	1.00000000000000000	1.00000000000000000
CMIP	1.00000000000000000	29.61743380032124051	1.00000000000000000	1.00000000000000000	1.00000000000000000	1.00000000000000000	1.00000000000000000	63.59733075591507401	1.00000000000000000	1.00000000000000000
CMPK2	1.00000000000000000	1.00000000000000000	1.00000000000000000	75.35492855254616984	1.00000000000000000	1.00000000000000000	1.00000000000000000	1.00000000000000000	1.00000000000000000	1.00000000000000000
CMTM8	1.00000000000000000	34.65744124458154829	1.00000000000000000	1.00000000000000000	1.00000000000000000	1.00000000000000000	1.00000000000000000	1.00000000000000000	1.00000000000000000	1.00000000000000000
CNDP2	30.43733999924683786	33.10519555520083657	1.00000000000000000	51.50179207520096014	74.52704091605251335	35.10649882168623748	45.81576789575366604	1.00000000000000000	1.00000000000000000	1.00000000000000000
CNN1	1.00000000000000000	54.84312757711946773	1.00000000000000000	1.00000000000000000	1.00000000000000000	66.34424557178928694	1.00000000000000000	1.00000000000000000	280.70649122033307776	119.31332962816991028
CNOT10	1.00000000000000000	1.00000000000000000	1.00000000000000000	1.00000000000000000	1.00000000000000000	34.86305954369647964	1.00000000000000000	1.00000000000000000	1.00000000000000000	1.00000000000000000
CNOT6L	1.00000000000000000	1.00000000000000000	1.00000000000000000	1.00000000000000000	80.15567960402226788	1.00000000000000000	31.11232260499896540	1.00000000000000000	1.00000000000000000	1.00000000000000000
CNTLN	36.34596296970946838	38.16298213540388673	1.00000000000000000	36.00024240708111023	1.00000000000000000	57.24336793157150538	1.00000000000000000	1.00000000000000000	1.00000000000000000	1.00000000000000000
CNTRL	1.00000000000000000	1.00000000000000000	1.00000000000000000	1.00000000000000000	1.00000000000000000	44.98074860139715980	1.00000000000000000	1.00000000000000000	1.00000000000000000	1.00000000000000000
COASY	1.00000000000000000	1.00000000000000000	1.00000000000000000	1.00000000000000000	1.00000000000000000	44.37680021416793608	1.00000000000000000	1.00000000000000000	1.00000000000000000	1.00000000000000000
COBLL1	1.00000000000000000	1.00000000000000000	1.00000000000000000	1.00000000000000000	1.00000000000000000	22.50216072031921755	149.67851439419223425	1.00000000000000000	152.98185776821938475	64.67757171363511759
COL10A1	1.00000000000000000	634.72290751500531769	156.99592063416329779	222.19235933513880354	111.47734740021292055	190.88174623849980094	1.00000000000000000	284.29661663087819079	1.00000000000000000	1.00000000000000000
COL11A1	1.00000000000000000	604.71418518572272660	285.47070951915435444	168.85655763049140887	161.26467950558500775	332.25231464077285182	1.00000000000000000	353.55535614340971051	1.00000000000000000	1.00000000000000000
COL15A1	146.16814393050489684	215.95646772933309876	139.66543490688229667	316.67011864700867818	112.33381866205029098	231.34562043209356830	1.00000000000000000	124.93419774803362543	1.00000000000000000	1.00000000000000000
COL16A1	116.23896082849209677	154.13714814183583712	126.88935766169926467	107.20930342244193412	50.89352804787912987	113.28635237126742652	1.00000000000000000	69.18189385708926409	1.00000000000000000	1.00000000000000000
COL27A1	1.00000000000000000	1.00000000000000000	97.77304339888499385	47.80285196322797958	1.00000000000000000	33.59106325483647026	1.00000000000000000	1.00000000000000000	1.00000000000000000	1.00000000000000000
COL5A3	1.00000000000000000	93.92347656604050599	82.39177590988713007	84.66741486879213596	1.00000000000000000	177.62268751177248305	159.66567103070485700	1.00000000000000000	65.24718957217235982	47.26401484654743257
COL7A1	1.00000000000000000	1.00000000000000000	126.27564391784446229	1.00000000000000000	1.00000000000000000	1.00000000000000000	1.00000000000000000	63.94491649262565147	1.00000000000000000	1.00000000000000000
COL8A1	113.35974636412494476	504.32745839819187950	174.80054058196239453	236.93552530511186660	127.93068894865361074	141.47697154755192628	1.00000000000000000	307.41252319606218180	1.00000000000000000	1.00000000000000000
COL8A2	1.00000000000000000	108.68194667645022378	1.00000000000000000	57.97580397376845696	1.00000000000000000	1.00000000000000000	1.00000000000000000	100.93953747533876708	1.00000000000000000	1.00000000000000000
COLEC12	219.68158419437241946	109.52442855708098080	1.00000000000000000	109.77309905761237019	1.00000000000000000	63.66262460395831368	1.00000000000000000	76.29715578243082064	1.00000000000000000	1.00000000000000000
COLGALT1	30.37242767042769032	59.38108415101033444	1.00000000000000000	62.45007036223932317	1.00000000000000000	73.25514736189977327	34.91353425350938267	53.43946850335733245	1.00000000000000000	1.00000000000000000
COMP	1.00000000000000000	666.01965092270188507	1.00000000000000000	239.89963218873702999	184.15634156373158703	1.00000000000000000	1.00000000000000000	215.94958094893536327	1.00000000000000000	1.00000000000000000
COPG1	34.37818866161968145	49.99638055933980496	1.00000000000000000	40.55161154372050447	1.00000000000000000	52.12235981746627544	30.75685935528924730	46.00528540195420391	1.00000000000000000	1.00000000000000000
COQ8A	1.00000000000000000	1.00000000000000000	1.00000000000000000	1.00000000000000000	1.00000000000000000	1.00000000000000000	1.00000000000000000	1.00000000000000000	1.00000000000000000	34.91817741510629958
CORO1A	1.00000000000000000	1.00000000000000000	1.00000000000000000	1.00000000000000000	104.12712699209393463	1.00000000000000000	1.00000000000000000	1.00000000000000000	1.00000000000000000	1.00000000000000000
COX19	1.00000000000000000	1.00000000000000000	1.00000000000000000	1.00000000000000000	1.00000000000000000	24.72709244228848036	1.00000000000000000	1.00000000000000000	1.00000000000000000	1.00000000000000000
COX4I2	1.00000000000000000	1.00000000000000000	1.00000000000000000	1.00000000000000000	131.17565718045787548	43.31806200855297817	436.67388892141030965	1.00000000000000000	200.47441455474876193	98.50545318923597904
CP	1.00000000000000000	1.00000000000000000	1.00000000000000000	1.00000000000000000	1.00000000000000000	1.00000000000000000	1.00000000000000000	1.00000000000000000	1.00000000000000000	66.07497039206819522
CPEB4	1.00000000000000000	34.33186625183332552	96.31459113785537340	30.46510672401714004	1.00000000000000000	25.41248104772541794	62.87153855087166221	1.00000000000000000	66.30648847863756146	44.83102802098402861
CPED1	51.26020896579191088	28.45679326640786755	1.00000000000000000	30.09554856825678115	1.00000000000000000	1.00000000000000000	37.91155228129938592	1.00000000000000000	63.87494279519324181	1.00000000000000000
CPM	1.00000000000000000	1.00000000000000000	1.00000000000000000	1.00000000000000000	1.00000000000000000	1.00000000000000000	202.51152242507765777	1.00000000000000000	155.96998706690041558	49.95821952999958171
CPNE2	1.00000000000000000	1.00000000000000000	1.00000000000000000	1.00000000000000000	1.00000000000000000	26.53603477860448834	37.20098359732163829	1.00000000000000000	1.00000000000000000	1.00000000000000000
CPNE8	1.00000000000000000	23.60830506709358545	1.00000000000000000	32.30297421400209856	1.00000000000000000	1.00000000000000000	1.00000000000000000	1.00000000000000000	1.00000000000000000	1.00000000000000000
CPSF2	1.00000000000000000	1.00000000000000000	1.00000000000000000	1.00000000000000000	1.00000000000000000	48.98578200332249821	1.00000000000000000	1.00000000000000000	1.00000000000000000	1.00000000000000000
CPSF7	1.00000000000000000	1.00000000000000000	1.00000000000000000	20.42866444740566223	1.00000000000000000	16.55450366974690724	31.82676947931317102	1.00000000000000000	34.08879222974488954	1.00000000000000000
CPT1A	1.00000000000000000	1.00000000000000000	1.00000000000000000	1.00000000000000000	1.00000000000000000	19.46300494948460269	1.00000000000000000	1.00000000000000000	41.57467992033849669	1.00000000000000000
CPVL	33.26362003694741531	1.00000000000000000	1.00000000000000000	1.00000000000000000	1.00000000000000000	1.00000000000000000	1.00000000000000000	1.00000000000000000	1.00000000000000000	1.00000000000000000
CPXM1	165.01567759987821660	68.75413049360450657	1.00000000000000000	82.52542981691274804	1.00000000000000000	61.45730350767541239	1.00000000000000000	1.00000000000000000	1.00000000000000000	1.00000000000000000
CPXM2	63.35165382408783330	58.05752480668037663	1.00000000000000000	47.56455152578379142	1.00000000000000000	1.00000000000000000	1.00000000000000000	45.60434439950196861	1.00000000000000000	1.00000000000000000
CRABP2	189.64221500566384293	115.01385307973522742	1.00000000000000000	62.38488547720267263	144.65493979179473172	80.97418127421676104	1.00000000000000000	119.51676646130131587	1.00000000000000000	1.00000000000000000
CREB3L1	37.07630198114443232	77.92904805287967918	1.00000000000000000	52.66225368508976601	1.00000000000000000	87.87334319055027265	1.00000000000000000	76.04840931713577845	1.00000000000000000	1.00000000000000000
CREB5	66.11217272475320783	32.05656758248920823	1.00000000000000000	34.64419825811252451	1.00000000000000000	48.91845985970243049	64.58950414532101547	1.00000000000000000	1.00000000000000000	1.00000000000000000
CREBL2	31.38660717296223979	1.00000000000000000	1.00000000000000000	1.00000000000000000	1.00000000000000000	1.00000000000000000	1.00000000000000000	1.00000000000000000	1.00000000000000000	1.00000000000000000
CREM	46.18525543990866566	42.37248687604238739	91.48133864423994055	43.27444624513948668	239.33776727790205996	31.71915573579372349	121.91935282979922306	1.00000000000000000	160.37492522704087605	69.98853794680833573
CRIM1	1.00000000000000000	36.55340608108932088	1.00000000000000000	26.70661540964782787	74.69923769551512294	36.61278149734041421	55.34906195816550678	1.00000000000000000	152.01530436648243949	155.20342760001517490
CROCC	1.00000000000000000	29.59083897245012906	1.00000000000000000	1.00000000000000000	1.00000000000000000	1.00000000000000000	1.00000000000000000	1.00000000000000000	1.00000000000000000	1.00000000000000000
CRY2	28.82391590398755454	27.03441064707822861	1.00000000000000000	23.29420015104950181	1.00000000000000000	1.00000000000000000	1.00000000000000000	1.00000000000000000	1.00000000000000000	1.00000000000000000
CRYL1	32.37200121522865714	1.00000000000000000	1.00000000000000000	1.00000000000000000	1.00000000000000000	1.00000000000000000	1.00000000000000000	1.00000000000000000	1.00000000000000000	1.00000000000000000
CRYZL1	1.00000000000000000	1.00000000000000000	1.00000000000000000	1.00000000000000000	1.00000000000000000	17.56752127293074039	32.06890430896981314	41.38716439126083202	39.01653227684104763	1.00000000000000000
CS	1.00000000000000000	1.00000000000000000	1.00000000000000000	1.00000000000000000	1.00000000000000000	39.59426338561644343	1.00000000000000000	1.00000000000000000	1.00000000000000000	1.00000000000000000
CSAD	31.88724754551088125	27.87268779545214059	1.00000000000000000	25.72293126264875340	1.00000000000000000	1.00000000000000000	1.00000000000000000	1.00000000000000000	1.00000000000000000	1.00000000000000000
CSE1L	1.00000000000000000	1.00000000000000000	1.00000000000000000	1.00000000000000000	1.00000000000000000	45.79342755656665531	1.00000000000000000	1.00000000000000000	1.00000000000000000	1.00000000000000000
CSGALNACT1	1.00000000000000000	1.00000000000000000	1.00000000000000000	1.00000000000000000	1.00000000000000000	1.00000000000000000	1.00000000000000000	1.00000000000000000	1.00000000000000000	63.13020169851466079
CSGALNACT2	31.27066932385225684	55.95029964362696262	90.04499660970101615	43.95826857000615462	1.00000000000000000	33.72583360380249218	32.69973072724417307	75.89386801599935950	1.00000000000000000	1.00000000000000000
CSK	1.00000000000000000	1.00000000000000000	1.00000000000000000	1.00000000000000000	1.00000000000000000	21.84616143402467259	34.50325568134983456	1.00000000000000000	1.00000000000000000	1.00000000000000000
CSNK1G3	40.13321983552916095	41.02482938784933708	1.00000000000000000	32.96527024539823714	1.00000000000000000	25.04805509889492754	36.03510096306873578	48.84435936717914473	1.00000000000000000	1.00000000000000000
CSPG4	1.00000000000000000	1.00000000000000000	1.00000000000000000	1.00000000000000000	1.00000000000000000	46.71941720488389649	164.22979703662574025	1.00000000000000000	101.11723653978347670	1.00000000000000000
CSRNP3	1.00000000000000000	1.00000000000000000	1.00000000000000000	1.00000000000000000	1.00000000000000000	1.00000000000000000	46.37737695505906999	1.00000000000000000	1.00000000000000000	1.00000000000000000
CSRP2	1.00000000000000000	77.57635894282476841	205.17225137829555592	63.06421165888053793	251.37794683206868740	96.81189716069695805	447.86741068867786453	58.64284210293580912	780.99765899663873370	228.42958150132059814
CST1	1.00000000000000000	561.25850514094372556	1.00000000000000000	1307.47975250701711047	1.00000000000000000	313.18870936558340645	1.00000000000000000	1.00000000000000000	1.00000000000000000	1.00000000000000000
CST2	1.00000000000000000	1.00000000000000000	1.00000000000000000	44.76171336949474977	1.00000000000000000	1.00000000000000000	1.00000000000000000	1.00000000000000000	1.00000000000000000	1.00000000000000000
CSTF3	1.00000000000000000	1.00000000000000000	1.00000000000000000	1.00000000000000000	1.00000000000000000	27.54547114043985800	1.00000000000000000	1.00000000000000000	1.00000000000000000	1.00000000000000000
CTDSPL2	25.51895918829643151	1.00000000000000000	1.00000000000000000	1.00000000000000000	1.00000000000000000	23.84229286009565740	33.46314805217041766	1.00000000000000000	1.00000000000000000	1.00000000000000000
CTHRC1	671.83606053055325447	1838.27893277228031366	314.92979337831246767	1609.95133298956147883	613.29249975726054345	1056.64896622339347232	1.00000000000000000	821.10166881673183070	1.00000000000000000	44.09806298062656538
CTNNBIP1	1.00000000000000000	31.60607710930145942	1.00000000000000000	22.86754221398725662	1.00000000000000000	51.52982939183245747	1.00000000000000000	1.00000000000000000	1.00000000000000000	1.00000000000000000
CTSH	149.05691918791853823	86.02550849887005313	1.00000000000000000	237.94049740944566906	102.08670103093427883	57.84806521627252351	1.00000000000000000	43.99482939897686151	1.00000000000000000	107.35832873087626638
CTSS	52.64757612415108667	49.77992045496760198	1.00000000000000000	191.74530484627743476	102.08243013406348609	36.27458059109831368	52.10828938323552251	1.00000000000000000	1.00000000000000000	60.17813257143660621
CUL3	36.34228634508640710	33.59218039641924491	81.04995081761333608	32.13211183612644106	1.00000000000000000	33.35714594941602229	54.88576066888128224	1.00000000000000000	57.13533637328597337	57.03170629871947739
CUL4A	1.00000000000000000	25.67229084189098387	1.00000000000000000	1.00000000000000000	1.00000000000000000	36.67611883287057140	1.00000000000000000	1.00000000000000000	1.00000000000000000	1.00000000000000000
CUTC	42.52519559415084416	1.00000000000000000	1.00000000000000000	1.00000000000000000	1.00000000000000000	1.00000000000000000	1.00000000000000000	1.00000000000000000	1.00000000000000000	1.00000000000000000
CX3CL1	1.00000000000000000	1.00000000000000000	1.00000000000000000	36.80535750443125664	1.00000000000000000	1.00000000000000000	1.00000000000000000	1.00000000000000000	36.23401540283247613	1.00000000000000000
CXCL1	316.72815789424629429	1.00000000000000000	1.00000000000000000	309.83447241210234324	1.00000000000000000	156.56237521423321368	1.00000000000000000	1.00000000000000000	1.00000000000000000	1.00000000000000000
CXCL10	1.00000000000000000	1.00000000000000000	1.00000000000000000	2496.20070911054745011	143.13953436983811685	105.53674389298549841	439.99661474371708891	1.00000000000000000	1.00000000000000000	1.00000000000000000
CXCL11	1.00000000000000000	1.00000000000000000	1.00000000000000000	513.86505081007533136	1.00000000000000000	1.00000000000000000	1.00000000000000000	1.00000000000000000	1.00000000000000000	1.00000000000000000
CXCL14	3899.31884159883156826	841.11786694956708743	286.06451356916437589	1103.63490412852524969	784.24042052272523051	156.23371610649505214	1.00000000000000000	686.39850622163351090	1.00000000000000000	1.00000000000000000
CXCL16	1.00000000000000000	1.00000000000000000	1.00000000000000000	31.53295929688174937	1.00000000000000000	26.35736776428088746	1.00000000000000000	1.00000000000000000	1.00000000000000000	1.00000000000000000
CXCL3	169.29322571925246166	90.00259361593991514	1.00000000000000000	452.61477793072009490	1.00000000000000000	106.49130672130959852	1.00000000000000000	1.00000000000000000	1.00000000000000000	121.30187780208515846
CXCL8	1.00000000000000000	1.00000000000000000	216.58871786173924079	111.46918515167534736	153.71221817764330808	252.38538665907145742	77.54079360289952660	1.00000000000000000	1.00000000000000000	1.00000000000000000
CXCL9	1.00000000000000000	1.00000000000000000	1.00000000000000000	1358.21824954381690986	1.00000000000000000	89.68964210352993405	305.87944927164443243	1.00000000000000000	1.00000000000000000	1.00000000000000000
CXCR4	1.00000000000000000	1.00000000000000000	1.00000000000000000	1.00000000000000000	513.28568977536531293	1.00000000000000000	33.75937240740066159	1.00000000000000000	1.00000000000000000	1.00000000000000000
CYB561D2	1.00000000000000000	1.00000000000000000	1.00000000000000000	22.81209733318551613	1.00000000000000000	1.00000000000000000	1.00000000000000000	1.00000000000000000	1.00000000000000000	1.00000000000000000
CYB5B	26.80178769093003410	31.02081972852116820	1.00000000000000000	29.06116514828177699	1.00000000000000000	53.27737652728130513	28.71349480326405512	39.80027731614413256	1.00000000000000000	1.00000000000000000
CYB5R1	31.55291704607354575	28.65134467048978095	1.00000000000000000	23.80923992309439896	1.00000000000000000	35.21719091032016991	1.00000000000000000	38.25378646304304908	1.00000000000000000	35.22268074432641782
CYFIP2	1.00000000000000000	1.00000000000000000	1.00000000000000000	1.00000000000000000	1.00000000000000000	1.00000000000000000	1.00000000000000000	1.00000000000000000	54.78007906568019081	1.00000000000000000
CYP27A1	38.29824241113178829	1.00000000000000000	1.00000000000000000	1.00000000000000000	1.00000000000000000	1.00000000000000000	1.00000000000000000	1.00000000000000000	1.00000000000000000	1.00000000000000000
CYP7B1	41.71065969719231958	35.49013739947245938	1.00000000000000000	106.67826819470786859	1.00000000000000000	31.60597531904300794	47.33323833378160828	1.00000000000000000	39.17538221998668035	81.18646745246807939
CYS1	1.00000000000000000	36.13523298827715990	1.00000000000000000	1.00000000000000000	1.00000000000000000	1.00000000000000000	1.00000000000000000	1.00000000000000000	1.00000000000000000	1.00000000000000000
CYTH3	27.22649375456726517	48.14819382671472425	85.14510150945812939	30.60288897622844217	1.00000000000000000	20.08842890465504283	60.63982569641137133	1.00000000000000000	42.30854305176977448	36.58838896955433739
CYTIP	1.00000000000000000	1.00000000000000000	1.00000000000000000	1.00000000000000000	74.05655330578109385	1.00000000000000000	1.00000000000000000	1.00000000000000000	1.00000000000000000	1.00000000000000000
DAAM2	1.00000000000000000	1.00000000000000000	1.00000000000000000	1.00000000000000000	1.00000000000000000	1.00000000000000000	88.54153425088517793	1.00000000000000000	66.94645412427877318	50.98742258511008174
DAB2IP	1.00000000000000000	1.00000000000000000	1.00000000000000000	1.00000000000000000	1.00000000000000000	1.00000000000000000	40.33449211278723823	1.00000000000000000	35.79103699472738498	1.00000000000000000
DACT1	1.00000000000000000	46.86124854323536937	1.00000000000000000	30.37697091972367502	1.00000000000000000	1.00000000000000000	35.16802040924980588	47.41147758991442629	1.00000000000000000	64.98001296411491978
DACT3	1.00000000000000000	1.00000000000000000	1.00000000000000000	1.00000000000000000	1.00000000000000000	1.00000000000000000	32.43042228850801934	1.00000000000000000	87.88072667703532659	1.00000000000000000
DAG1	1.00000000000000000	27.33059143447556139	1.00000000000000000	1.00000000000000000	1.00000000000000000	39.67693893001442973	45.15549073481653863	1.00000000000000000	46.59146333016990837	34.56039550761509815
DAXX	26.73165677907470439	29.10102347416918178	1.00000000000000000	37.49694565796549739	1.00000000000000000	28.21391780415115846	1.00000000000000000	35.65737279776847402	1.00000000000000000	1.00000000000000000
DBF4	1.00000000000000000	1.00000000000000000	1.00000000000000000	1.00000000000000000	1.00000000000000000	78.81969090341553397	1.00000000000000000	1.00000000000000000	1.00000000000000000	1.00000000000000000
DBP	32.32265394604093700	32.08907507846341645	1.00000000000000000	1.00000000000000000	1.00000000000000000	1.00000000000000000	1.00000000000000000	62.06231078045987459	1.00000000000000000	1.00000000000000000
DCAF10	1.00000000000000000	26.46889302699653257	1.00000000000000000	23.46895729544651843	1.00000000000000000	22.62208135186417124	1.00000000000000000	1.00000000000000000	1.00000000000000000	1.00000000000000000
DCAF6	29.28770782385462823	28.76819655448373325	1.00000000000000000	29.56853721094911336	1.00000000000000000	27.30053217155425926	1.00000000000000000	36.02457760178810986	1.00000000000000000	1.00000000000000000
DCBLD1	1.00000000000000000	30.20108868095891097	1.00000000000000000	29.61767287238163604	1.00000000000000000	20.21313360340079512	1.00000000000000000	1.00000000000000000	1.00000000000000000	1.00000000000000000
DCK	1.00000000000000000	1.00000000000000000	1.00000000000000000	1.00000000000000000	1.00000000000000000	31.55986597340870503	1.00000000000000000	1.00000000000000000	1.00000000000000000	1.00000000000000000
DCLK1	111.94941986993234195	31.60689006460965800	1.00000000000000000	47.36359868591186029	1.00000000000000000	39.30521835389691887	1.00000000000000000	1.00000000000000000	1.00000000000000000	54.42710839618809615
DCP1A	41.81128409605508267	37.58765261922563639	93.91192700108335600	46.28797767839490263	1.00000000000000000	47.92075839027178574	46.69688779987656346	1.00000000000000000	46.02683339372445914	48.57834623145508601
DCPS	1.00000000000000000	1.00000000000000000	1.00000000000000000	1.00000000000000000	1.00000000000000000	30.32645721645537762	1.00000000000000000	1.00000000000000000	1.00000000000000000	1.00000000000000000
DCTN4	1.00000000000000000	1.00000000000000000	1.00000000000000000	23.25409005684051778	1.00000000000000000	18.27838692507355134	1.00000000000000000	1.00000000000000000	1.00000000000000000	1.00000000000000000
DCUN1D1	1.00000000000000000	26.28876245404789458	1.00000000000000000	25.35493117349581382	1.00000000000000000	23.07513830347737738	1.00000000000000000	1.00000000000000000	1.00000000000000000	1.00000000000000000
DCUN1D3	46.07694773107586883	27.88347069137647338	1.00000000000000000	32.94162877228355057	1.00000000000000000	1.00000000000000000	1.00000000000000000	1.00000000000000000	1.00000000000000000	1.00000000000000000
DDAH1	1.00000000000000000	1.00000000000000000	1.00000000000000000	1.00000000000000000	1.00000000000000000	39.88578900174034203	1.00000000000000000	1.00000000000000000	1.00000000000000000	1.00000000000000000
DDB2	1.00000000000000000	32.06909077073151337	1.00000000000000000	22.91667732123828927	1.00000000000000000	35.67566491824235442	1.00000000000000000	68.59192430121689199	1.00000000000000000	1.00000000000000000
DDHD1	1.00000000000000000	1.00000000000000000	1.00000000000000000	1.00000000000000000	1.00000000000000000	30.05528457040291102	33.13369093035900192	1.00000000000000000	1.00000000000000000	1.00000000000000000
DDX10	1.00000000000000000	1.00000000000000000	1.00000000000000000	25.11916796440281630	1.00000000000000000	25.22505525582542774	1.00000000000000000	1.00000000000000000	1.00000000000000000	1.00000000000000000
DDX39A	29.23523301122503426	31.47571685483333681	1.00000000000000000	30.25480841099682294	78.90296548826232481	118.85933605266610869	48.35781249734674958	1.00000000000000000	46.50797721033165288	54.51585553146313856
DDX41	1.00000000000000000	1.00000000000000000	1.00000000000000000	1.00000000000000000	1.00000000000000000	37.03935500426882754	1.00000000000000000	39.42209012799366974	1.00000000000000000	1.00000000000000000
DDX58	47.74725598419445305	47.10396081805089352	192.85457703510437000	139.87427662380937932	1.00000000000000000	30.33412133944490208	98.96155006698593581	1.00000000000000000	54.78978332856198108	63.35054522786150244
DDX60	1.00000000000000000	1.00000000000000000	1.00000000000000000	35.13732626479789900	1.00000000000000000	1.00000000000000000	1.00000000000000000	1.00000000000000000	1.00000000000000000	1.00000000000000000
DDX60L	1.00000000000000000	1.00000000000000000	1.00000000000000000	47.48789709660992742	1.00000000000000000	1.00000000000000000	1.00000000000000000	1.00000000000000000	1.00000000000000000	1.00000000000000000
DEAF1	1.00000000000000000	36.42139100525444206	1.00000000000000000	25.46181363555267652	1.00000000000000000	1.00000000000000000	1.00000000000000000	1.00000000000000000	1.00000000000000000	1.00000000000000000
DEDD2	1.00000000000000000	36.92821553073263630	78.47677545608188154	46.28236453641132186	95.36550994300517914	46.26512645270978652	44.39537740588497172	1.00000000000000000	46.99224168758832576	36.53207872868169659
DENND2A	1.00000000000000000	1.00000000000000000	1.00000000000000000	1.00000000000000000	1.00000000000000000	1.00000000000000000	36.53575422083406465	1.00000000000000000	1.00000000000000000	1.00000000000000000
DEPDC1	1.00000000000000000	1.00000000000000000	1.00000000000000000	1.00000000000000000	1.00000000000000000	75.37327847908062495	1.00000000000000000	1.00000000000000000	1.00000000000000000	1.00000000000000000
DEPTOR	42.22361564610032758	1.00000000000000000	1.00000000000000000	1.00000000000000000	1.00000000000000000	1.00000000000000000	1.00000000000000000	1.00000000000000000	1.00000000000000000	1.00000000000000000
DERL3	1.00000000000000000	52.98267634639930179	1.00000000000000000	1.00000000000000000	1.00000000000000000	1.00000000000000000	1.00000000000000000	1.00000000000000000	1.00000000000000000	1.00000000000000000
DGAT1	1.00000000000000000	1.00000000000000000	1.00000000000000000	21.73935854126040113	1.00000000000000000	19.18008615260599115	1.00000000000000000	1.00000000000000000	1.00000000000000000	1.00000000000000000
DGKD	1.00000000000000000	1.00000000000000000	1.00000000000000000	1.00000000000000000	1.00000000000000000	1.00000000000000000	1.00000000000000000	1.00000000000000000	39.18629726631058929	1.00000000000000000
DGKG	1.00000000000000000	1.00000000000000000	1.00000000000000000	1.00000000000000000	1.00000000000000000	1.00000000000000000	1.00000000000000000	1.00000000000000000	42.91052014450320229	1.00000000000000000
DGKH	1.00000000000000000	29.01267862017787635	135.03842747244161160	41.94476975530211149	1.00000000000000000	30.78558947808047819	84.16254160012891816	1.00000000000000000	73.74153908922600920	1.00000000000000000
DGKZ	1.00000000000000000	25.26398082662478828	1.00000000000000000	1.00000000000000000	1.00000000000000000	27.54573953495587446	36.13388490469391456	1.00000000000000000	1.00000000000000000	1.00000000000000000
DGLUCY	1.00000000000000000	1.00000000000000000	1.00000000000000000	21.31921450329135581	1.00000000000000000	1.00000000000000000	1.00000000000000000	1.00000000000000000	1.00000000000000000	1.00000000000000000
DHFR	1.00000000000000000	1.00000000000000000	1.00000000000000000	1.00000000000000000	1.00000000000000000	115.57452973935302509	1.00000000000000000	1.00000000000000000	1.00000000000000000	1.00000000000000000
DHRS3	89.99501326958048253	31.50255218088140552	1.00000000000000000	27.96466136566727201	1.00000000000000000	1.00000000000000000	1.00000000000000000	60.22638575419833273	1.00000000000000000	1.00000000000000000
DHRS7B	31.72616009459152053	24.62130036783479881	1.00000000000000000	25.37524134986857405	1.00000000000000000	26.22659421378550348	1.00000000000000000	1.00000000000000000	1.00000000000000000	32.40896047427656868
DHX38	1.00000000000000000	1.00000000000000000	1.00000000000000000	1.00000000000000000	1.00000000000000000	21.10730031830665965	29.35214608692106708	1.00000000000000000	1.00000000000000000	1.00000000000000000
DIAPH3	1.00000000000000000	1.00000000000000000	1.00000000000000000	1.00000000000000000	1.00000000000000000	78.00231192057522378	1.00000000000000000	1.00000000000000000	1.00000000000000000	1.00000000000000000
DIDO1	1.00000000000000000	1.00000000000000000	1.00000000000000000	1.00000000000000000	1.00000000000000000	21.14523527020699234	1.00000000000000000	1.00000000000000000	1.00000000000000000	34.84397321273321779
DIO2	1.00000000000000000	104.90647260833554810	1.00000000000000000	95.82447004706044424	1.00000000000000000	1.00000000000000000	1.00000000000000000	1.00000000000000000	1.00000000000000000	1.00000000000000000
DIP2A	1.00000000000000000	1.00000000000000000	1.00000000000000000	1.00000000000000000	1.00000000000000000	32.70295490494088142	1.00000000000000000	1.00000000000000000	1.00000000000000000	1.00000000000000000
DIP2C	1.00000000000000000	29.52263432317802838	1.00000000000000000	1.00000000000000000	1.00000000000000000	37.39894572738653267	1.00000000000000000	1.00000000000000000	1.00000000000000000	1.00000000000000000
DIXDC1	36.50800913026232308	31.48091811604792412	1.00000000000000000	40.36071067048190741	1.00000000000000000	25.65235172072235059	1.00000000000000000	1.00000000000000000	53.60631301497369350	53.35376986821292888
DLG1	1.00000000000000000	32.32308809972229824	1.00000000000000000	26.11149342470103107	1.00000000000000000	1.00000000000000000	1.00000000000000000	1.00000000000000000	1.00000000000000000	1.00000000000000000
DLGAP5	1.00000000000000000	1.00000000000000000	1.00000000000000000	1.00000000000000000	1.00000000000000000	112.80096053383859100	1.00000000000000000	1.00000000000000000	1.00000000000000000	1.00000000000000000
DLST	35.20358995572640026	27.84635131154200138	1.00000000000000000	22.12781141496230575	1.00000000000000000	51.37802805634871106	1.00000000000000000	1.00000000000000000	1.00000000000000000	1.00000000000000000
DLX5	1.00000000000000000	1.00000000000000000	1.00000000000000000	1.00000000000000000	1.00000000000000000	1.00000000000000000	86.06441699573531423	1.00000000000000000	1.00000000000000000	1.00000000000000000
DMAP1	28.54464378396324165	27.94185532990447030	1.00000000000000000	26.85162654841656504	1.00000000000000000	30.84447972636391455	1.00000000000000000	42.95205450809063308	1.00000000000000000	1.00000000000000000
DMD	1.00000000000000000	1.00000000000000000	1.00000000000000000	1.00000000000000000	1.00000000000000000	1.00000000000000000	50.27329156353467710	1.00000000000000000	65.56334325278554331	48.82448349180730673
DMPK	1.00000000000000000	1.00000000000000000	1.00000000000000000	1.00000000000000000	1.00000000000000000	1.00000000000000000	35.86559228913109365	1.00000000000000000	69.93921089195622187	1.00000000000000000
DNAJA4	165.24589600242930487	168.00093985063060131	676.07973331762900671	257.76360674687123264	203.99985809075735688	123.43870268767527421	204.57506362117047161	97.81263178021025340	165.78963271891237241	113.91107266277074928
DNAJB2	30.66478415054222495	25.16950102511560416	1.00000000000000000	1.00000000000000000	1.00000000000000000	69.70094235601470700	1.00000000000000000	62.91283479923241373	36.42322252397224247	1.00000000000000000
DNAJC30	1.00000000000000000	1.00000000000000000	1.00000000000000000	23.32448172908495110	1.00000000000000000	1.00000000000000000	1.00000000000000000	1.00000000000000000	1.00000000000000000	1.00000000000000000
DNAJC9	1.00000000000000000	1.00000000000000000	1.00000000000000000	1.00000000000000000	1.00000000000000000	113.76484728585037942	1.00000000000000000	1.00000000000000000	1.00000000000000000	1.00000000000000000
DNM1	74.35846261970020521	51.91347929959439256	1.00000000000000000	55.15593446277908640	1.00000000000000000	37.74835166819566723	1.00000000000000000	1.00000000000000000	1.00000000000000000	1.00000000000000000
DNTTIP1	24.76661847997078070	28.30746796958526801	1.00000000000000000	29.20269995758010850	1.00000000000000000	38.16701621744631012	32.53488609802191434	39.61874120561769530	1.00000000000000000	1.00000000000000000
DOCK10	1.00000000000000000	1.00000000000000000	1.00000000000000000	1.00000000000000000	1.00000000000000000	38.26669777206343781	60.71079262390167486	1.00000000000000000	40.36789768218843477	1.00000000000000000
DOCK6	1.00000000000000000	1.00000000000000000	1.00000000000000000	1.00000000000000000	1.00000000000000000	1.00000000000000000	45.20598895698029196	1.00000000000000000	1.00000000000000000	1.00000000000000000
DOCK7	1.00000000000000000	35.16980227524434355	1.00000000000000000	28.31801130529057176	1.00000000000000000	16.94318707413367164	1.00000000000000000	47.89442076855877417	1.00000000000000000	1.00000000000000000
DPCD	1.00000000000000000	29.85907804206221883	1.00000000000000000	22.64636937323211185	1.00000000000000000	30.33557645539478642	1.00000000000000000	89.71465839778467455	1.00000000000000000	1.00000000000000000
DPP4	53.86894847241875084	1.00000000000000000	1.00000000000000000	1.00000000000000000	1.00000000000000000	1.00000000000000000	1.00000000000000000	1.00000000000000000	1.00000000000000000	1.00000000000000000
DPT	602.20530123234607345	348.51976758474614826	114.18019936651236890	249.58513835002321457	115.76561481608761994	145.96849981688856701	1.00000000000000000	216.84704769989136253	1.00000000000000000	1.00000000000000000
DPYD	28.72493002577741095	1.00000000000000000	1.00000000000000000	32.42363278346261524	1.00000000000000000	1.00000000000000000	1.00000000000000000	1.00000000000000000	1.00000000000000000	1.00000000000000000
DRAM1	54.96195583416906061	50.27046372775173211	1.00000000000000000	93.66820288301704522	1.00000000000000000	50.19660195318802209	1.00000000000000000	1.00000000000000000	1.00000000000000000	1.00000000000000000
DRG1	28.05350556547365315	30.00366547680652474	1.00000000000000000	26.53777084720325519	1.00000000000000000	28.75774224709931204	1.00000000000000000	46.49634977545426295	32.92938779739154143	1.00000000000000000
DSEL	34.42637601196040720	43.64678986034255104	1.00000000000000000	36.09136832857502952	1.00000000000000000	21.11935747978153088	1.00000000000000000	1.00000000000000000	1.00000000000000000	1.00000000000000000
DSN1	1.00000000000000000	1.00000000000000000	1.00000000000000000	1.00000000000000000	1.00000000000000000	34.54512761478711269	1.00000000000000000	1.00000000000000000	1.00000000000000000	1.00000000000000000
DSTYK	1.00000000000000000	1.00000000000000000	1.00000000000000000	1.00000000000000000	1.00000000000000000	1.00000000000000000	32.16692899971973674	1.00000000000000000	1.00000000000000000	1.00000000000000000
DTD1	40.66573262400590494	46.79926166594481884	1.00000000000000000	39.42509994962370001	1.00000000000000000	42.14917115817088700	1.00000000000000000	60.68124972288152463	1.00000000000000000	1.00000000000000000
DTNBP1	1.00000000000000000	1.00000000000000000	1.00000000000000000	20.21237245803878935	1.00000000000000000	20.59100415133967132	33.05499848230702042	1.00000000000000000	1.00000000000000000	34.09970354306874185
DTX3	1.00000000000000000	1.00000000000000000	1.00000000000000000	1.00000000000000000	1.00000000000000000	1.00000000000000000	35.88984283553900667	1.00000000000000000	33.65813981436989621	1.00000000000000000
DTX3L	1.00000000000000000	29.96453476582258091	1.00000000000000000	45.62881838939113521	1.00000000000000000	20.53943776383424691	48.90757886335202187	1.00000000000000000	1.00000000000000000	1.00000000000000000
DTYMK	27.59865854314625011	31.39269922499714838	1.00000000000000000	26.20120925732088679	1.00000000000000000	181.50430937945455412	29.07073602137520041	1.00000000000000000	1.00000000000000000	1.00000000000000000
DUSP11	26.93473762163048235	26.14735416943313240	1.00000000000000000	22.68116741639943612	1.00000000000000000	1.00000000000000000	1.00000000000000000	1.00000000000000000	1.00000000000000000	1.00000000000000000
DUSP2	41.22249950095056903	68.34099535178543761	135.18470804733772184	81.72592910217855433	493.82191256122519007	54.60429069811650038	67.42567893195278828	97.97608762384231795	71.78276193685773876	1.00000000000000000
DUSP22	34.81316027439948613	1.00000000000000000	1.00000000000000000	1.00000000000000000	1.00000000000000000	1.00000000000000000	1.00000000000000000	1.00000000000000000	1.00000000000000000	35.57782872531640095
DUSP23	36.70781425580566548	49.05053797415106231	1.00000000000000000	37.60194500139272122	85.85682752440807519	37.96671700760164470	37.85248897850613048	51.75607996115115839	37.19499700717805979	1.00000000000000000
DUSP3	1.00000000000000000	31.35389334317087418	1.00000000000000000	32.88863147214819804	1.00000000000000000	26.00239099459307468	1.00000000000000000	1.00000000000000000	38.03032234862475747	1.00000000000000000
DUSP4	1.00000000000000000	1.00000000000000000	1.00000000000000000	1.00000000000000000	118.74019238421367106	1.00000000000000000	1.00000000000000000	1.00000000000000000	1.00000000000000000	1.00000000000000000
DUSP6	1.00000000000000000	1.00000000000000000	1.00000000000000000	35.14888444814301494	1.00000000000000000	26.29809401592921247	1.00000000000000000	1.00000000000000000	1.00000000000000000	1.00000000000000000
DUSP8	1.00000000000000000	1.00000000000000000	72.09444030951769378	24.84608365940416874	1.00000000000000000	25.21081327241248715	70.75022490839513978	1.00000000000000000	93.44162638981281077	39.75996299415713509
DYM	1.00000000000000000	26.52600712834308894	1.00000000000000000	22.55460465802926961	1.00000000000000000	58.25678709820544299	1.00000000000000000	1.00000000000000000	1.00000000000000000	1.00000000000000000
DYNC2H1	40.67483601660207171	29.94755258677986021	102.15713585163416610	34.47537465946467705	1.00000000000000000	1.00000000000000000	1.00000000000000000	1.00000000000000000	1.00000000000000000	41.75848694794730420
DYNC2LI1	37.95375066491417471	22.86303988145691690	1.00000000000000000	27.08396324910546582	1.00000000000000000	1.00000000000000000	1.00000000000000000	1.00000000000000000	1.00000000000000000	37.74670074085766913
DYNLL2	29.88745617547706246	26.95739255003124413	1.00000000000000000	1.00000000000000000	1.00000000000000000	22.41523720823624899	35.56634264952040070	1.00000000000000000	46.61244079435031296	49.33661002162871512
DYRK4	1.00000000000000000	32.90939797367227015	1.00000000000000000	33.34567993588268564	1.00000000000000000	21.05394137813532751	1.00000000000000000	38.88520485558204598	1.00000000000000000	1.00000000000000000
DZIP1	1.00000000000000000	1.00000000000000000	1.00000000000000000	24.45438072228717274	1.00000000000000000	19.51975899866329200	1.00000000000000000	1.00000000000000000	1.00000000000000000	1.00000000000000000
E2F1	1.00000000000000000	1.00000000000000000	1.00000000000000000	1.00000000000000000	1.00000000000000000	33.56079390646312532	1.00000000000000000	1.00000000000000000	1.00000000000000000	1.00000000000000000
E2F3	1.00000000000000000	1.00000000000000000	1.00000000000000000	1.00000000000000000	1.00000000000000000	33.35504869909386372	1.00000000000000000	1.00000000000000000	1.00000000000000000	1.00000000000000000
EAF1	1.00000000000000000	1.00000000000000000	1.00000000000000000	1.00000000000000000	1.00000000000000000	1.00000000000000000	1.00000000000000000	1.00000000000000000	1.00000000000000000	32.57529868031524956
EBF2	1.00000000000000000	1.00000000000000000	1.00000000000000000	1.00000000000000000	1.00000000000000000	1.00000000000000000	83.71942265554451978	1.00000000000000000	43.60021686838685895	48.53517687965349126
EBP	1.00000000000000000	1.00000000000000000	1.00000000000000000	1.00000000000000000	1.00000000000000000	43.34754004929906301	1.00000000000000000	1.00000000000000000	1.00000000000000000	1.00000000000000000
ECI2	52.29880617261532905	36.48565493762524881	1.00000000000000000	35.03307300840985050	1.00000000000000000	44.02865427772802320	1.00000000000000000	51.67712160516519049	37.62981358558781864	1.00000000000000000
ECT2	1.00000000000000000	1.00000000000000000	1.00000000000000000	1.00000000000000000	1.00000000000000000	70.87337598131250616	1.00000000000000000	1.00000000000000000	1.00000000000000000	1.00000000000000000
EDIL3	1.00000000000000000	113.80491346983100698	1.00000000000000000	40.04009135036524469	1.00000000000000000	44.53224269769174271	57.89103936293336261	132.85459830382623636	135.18031812785838497	116.68816658077051329
EDNRA	1.00000000000000000	59.19201428241935758	1.00000000000000000	37.35381076419178470	61.19626691364130266	1.00000000000000000	188.48363092362893667	1.00000000000000000	140.19464082183947085	92.57765982436016827
EDNRB	66.18936846691002529	1.00000000000000000	1.00000000000000000	32.26328641483326720	1.00000000000000000	1.00000000000000000	156.04698065960587883	1.00000000000000000	112.40056547623784411	93.83903404285632632
EEF1AKMT2	1.00000000000000000	1.00000000000000000	1.00000000000000000	1.00000000000000000	1.00000000000000000	42.84849459643219660	1.00000000000000000	1.00000000000000000	1.00000000000000000	1.00000000000000000
EEF1E1	1.00000000000000000	27.79893259924121907	1.00000000000000000	24.96975055738061045	1.00000000000000000	44.23468872945502284	29.22204872012478560	36.07344104001820995	1.00000000000000000	1.00000000000000000
EFCAB11	1.00000000000000000	1.00000000000000000	1.00000000000000000	1.00000000000000000	1.00000000000000000	28.64976061211731562	1.00000000000000000	1.00000000000000000	1.00000000000000000	1.00000000000000000
EFEMP1	793.52221144243537765	180.14241384691962367	1.00000000000000000	251.36211283951354289	102.77633349118370631	184.15917002315083550	1.00000000000000000	149.46499330741227141	1.00000000000000000	122.67288629618911955
EFHC1	33.75729721848999532	29.22649569341457720	1.00000000000000000	1.00000000000000000	1.00000000000000000	1.00000000000000000	31.19793396279474962	1.00000000000000000	1.00000000000000000	1.00000000000000000
EFHD1	1.00000000000000000	1.00000000000000000	1.00000000000000000	1.00000000000000000	73.68595042898604675	1.00000000000000000	128.50026280882110541	1.00000000000000000	214.56372661326557250	112.18791558169604627
EFNA1	1.00000000000000000	1.00000000000000000	1.00000000000000000	1.00000000000000000	1.00000000000000000	1.00000000000000000	1.00000000000000000	1.00000000000000000	44.83189516456170765	1.00000000000000000
EFNB1	1.00000000000000000	1.00000000000000000	1.00000000000000000	30.36398449597762905	1.00000000000000000	26.18538772449318230	1.00000000000000000	1.00000000000000000	1.00000000000000000	1.00000000000000000
EFNB2	1.00000000000000000	1.00000000000000000	1.00000000000000000	34.69746645658701567	1.00000000000000000	1.00000000000000000	40.77792882325379509	1.00000000000000000	1.00000000000000000	1.00000000000000000
EFS	1.00000000000000000	1.00000000000000000	1.00000000000000000	1.00000000000000000	1.00000000000000000	44.09563290507863798	1.00000000000000000	1.00000000000000000	1.00000000000000000	1.00000000000000000
EGFL6	1.00000000000000000	1.00000000000000000	1.00000000000000000	94.37624561166825288	1.00000000000000000	66.98063281997993101	197.46207276885206738	1.00000000000000000	197.87590466517923460	53.85286830904689026
EGFLAM	1.00000000000000000	1.00000000000000000	1.00000000000000000	40.68480322645577729	1.00000000000000000	1.00000000000000000	97.82934138371214772	1.00000000000000000	73.75321825651559493	54.10710502231197694
EGFR	83.41832441038710044	27.61800172360818451	1.00000000000000000	45.19047379315282598	1.00000000000000000	26.00053579156493910	1.00000000000000000	1.00000000000000000	1.00000000000000000	36.05862871226850785
EGLN1	31.58422844497035697	1.00000000000000000	1.00000000000000000	21.46491707096341273	1.00000000000000000	27.72680629220648640	34.44568479191908494	64.90516614595748024	37.56713664127042307	1.00000000000000000
EGLN3	1.00000000000000000	61.81104515195603000	117.96412145555591167	61.65428049210354544	1.00000000000000000	1.00000000000000000	1.00000000000000000	289.75574681676437194	1.00000000000000000	1.00000000000000000
EGR2	90.48477162277386299	88.86965057932557954	160.39203583277674170	138.07143929901425849	74.03358005502174422	56.75386648331081574	53.27447105902499658	1.00000000000000000	1.00000000000000000	46.02094631481733700
EHBP1	48.26669510574761546	29.34484614766047983	1.00000000000000000	21.61625103685889471	1.00000000000000000	1.00000000000000000	1.00000000000000000	1.00000000000000000	1.00000000000000000	1.00000000000000000
EHBP1L1	1.00000000000000000	26.31655038493011745	1.00000000000000000	25.90520706053994004	1.00000000000000000	31.27807487663342911	42.25132923657616857	1.00000000000000000	68.36690126559120984	44.47467288620176618
EHD4	1.00000000000000000	26.20650277070857825	1.00000000000000000	23.79067533222639241	1.00000000000000000	32.58943251255242046	1.00000000000000000	1.00000000000000000	1.00000000000000000	1.00000000000000000
EIF2AK1	34.15915116300265453	38.56065609953492412	1.00000000000000000	36.99870055355502529	1.00000000000000000	31.09439272259143650	28.24912476447683574	51.78897587742459052	1.00000000000000000	1.00000000000000000
EIF2B2	1.00000000000000000	1.00000000000000000	1.00000000000000000	25.36392041942786335	1.00000000000000000	27.05790940823605339	40.45866620538592429	1.00000000000000000	36.38379477035497445	1.00000000000000000
EIF2B5	1.00000000000000000	1.00000000000000000	1.00000000000000000	20.75015355155554886	1.00000000000000000	19.35837533996619086	1.00000000000000000	1.00000000000000000	1.00000000000000000	1.00000000000000000
EIF4EBP1	37.93024966998861203	53.80079134609468383	1.00000000000000000	35.52092595797661545	1.00000000000000000	99.88496091511163399	34.65416932902040514	146.99892072821842248	36.67903773250439059	31.24379537332172418
EIF5A2	1.00000000000000000	23.64284215138960832	1.00000000000000000	1.00000000000000000	1.00000000000000000	54.92055337522762670	1.00000000000000000	1.00000000000000000	1.00000000000000000	1.00000000000000000
ELAC2	1.00000000000000000	1.00000000000000000	1.00000000000000000	1.00000000000000000	1.00000000000000000	53.29150017938831496	1.00000000000000000	1.00000000000000000	1.00000000000000000	1.00000000000000000
ELF3	1.00000000000000000	1.00000000000000000	1.00000000000000000	1.00000000000000000	126.60457602589504233	1.00000000000000000	1.00000000000000000	1.00000000000000000	1.00000000000000000	1.00000000000000000
ELK4	1.00000000000000000	25.46510272837209854	1.00000000000000000	24.90512962328346092	1.00000000000000000	1.00000000000000000	36.45893838686227895	1.00000000000000000	1.00000000000000000	1.00000000000000000
ELL	1.00000000000000000	1.00000000000000000	1.00000000000000000	24.31598535758442381	1.00000000000000000	1.00000000000000000	1.00000000000000000	1.00000000000000000	1.00000000000000000	1.00000000000000000
ELL2	70.60784854717604730	75.09810186723058223	440.28805790061164771	78.62923729132647566	145.32667388334550651	51.19762440315741259	87.48373439805942553	133.76993024313114233	128.41403892942940956	99.95481085417357292
EMC9	1.00000000000000000	1.00000000000000000	1.00000000000000000	1.00000000000000000	1.00000000000000000	62.76065244273372201	1.00000000000000000	1.00000000000000000	1.00000000000000000	1.00000000000000000
EMG1	29.89921397244847157	30.46456833349389015	1.00000000000000000	33.75915062660448740	1.00000000000000000	54.82181748365221807	34.72921455633065335	50.90811557384294161	1.00000000000000000	1.00000000000000000
EMILIN2	68.06830727242758883	1.00000000000000000	1.00000000000000000	1.00000000000000000	1.00000000000000000	1.00000000000000000	1.00000000000000000	1.00000000000000000	1.00000000000000000	1.00000000000000000
EML1	26.83296751317105233	1.00000000000000000	1.00000000000000000	1.00000000000000000	1.00000000000000000	1.00000000000000000	1.00000000000000000	1.00000000000000000	1.00000000000000000	1.00000000000000000
EMX2	1.00000000000000000	1.00000000000000000	1.00000000000000000	1.00000000000000000	1.00000000000000000	1.00000000000000000	1.00000000000000000	1.00000000000000000	1.00000000000000000	36.51394008374364120
EN1	1.00000000000000000	1.00000000000000000	1.00000000000000000	1.00000000000000000	1.00000000000000000	1.00000000000000000	1.00000000000000000	1.00000000000000000	1.00000000000000000	37.33038695468982127
ENC1	1.00000000000000000	73.93176665288733318	1.00000000000000000	101.80957856867216549	1.00000000000000000	53.24762382790473936	41.11246698659789445	1.00000000000000000	1.00000000000000000	1.00000000000000000
ENDOD1	1.00000000000000000	1.00000000000000000	1.00000000000000000	1.00000000000000000	1.00000000000000000	1.00000000000000000	1.00000000000000000	1.00000000000000000	47.93044376165488529	44.93514231626001987
ENO1	333.84328952816463243	499.05466078659401319	998.30136038163186640	345.52818821322625809	579.29094539706409250	819.38618272685891952	276.81372886755121954	2322.00109227269331313	249.10197642838792831	215.46785851765793041
ENO2	1.00000000000000000	1.00000000000000000	225.70172495900769150	1.00000000000000000	1.00000000000000000	1.00000000000000000	1.00000000000000000	266.99166095550651789	1.00000000000000000	1.00000000000000000
ENPEP	1.00000000000000000	1.00000000000000000	1.00000000000000000	1.00000000000000000	1.00000000000000000	67.66254351190981708	226.45955261215109999	1.00000000000000000	118.37999567385747923	1.00000000000000000
ENPP1	1.00000000000000000	62.63509192044520546	1.00000000000000000	33.71156802255404727	1.00000000000000000	104.16362766534254547	1.00000000000000000	81.62635887180799443	1.00000000000000000	1.00000000000000000
ENPP2	75.46823643553098293	1.00000000000000000	1.00000000000000000	36.15788257535793804	1.00000000000000000	21.33713180606047644	1.00000000000000000	1.00000000000000000	1.00000000000000000	1.00000000000000000
ENTPD1	1.00000000000000000	40.06434362124019088	1.00000000000000000	34.97064822656403038	1.00000000000000000	1.00000000000000000	63.15404820817735043	1.00000000000000000	89.57865976844557565	1.00000000000000000
EP300	41.74859476466430408	40.62446389690624216	100.03294701198473149	40.91672437035750676	1.00000000000000000	37.50393698814880850	67.47282186998971554	1.00000000000000000	61.96373476494276389	59.19937461428830261
EP400	1.00000000000000000	1.00000000000000000	1.00000000000000000	21.62549282699349362	1.00000000000000000	24.84311998129877708	1.00000000000000000	1.00000000000000000	1.00000000000000000	1.00000000000000000
EPB41L1	1.00000000000000000	1.00000000000000000	1.00000000000000000	1.00000000000000000	1.00000000000000000	47.91620659464980037	90.64939300139738521	1.00000000000000000	1.00000000000000000	1.00000000000000000
EPB41L3	45.82874282415959755	1.00000000000000000	1.00000000000000000	1.00000000000000000	1.00000000000000000	1.00000000000000000	1.00000000000000000	1.00000000000000000	1.00000000000000000	1.00000000000000000
EPC2	25.98547393180836096	1.00000000000000000	1.00000000000000000	20.71243137807388379	1.00000000000000000	1.00000000000000000	38.65392862709781241	1.00000000000000000	37.99821683274042528	38.07061476608561179
EPDR1	1.00000000000000000	28.98573118400577897	1.00000000000000000	28.18022390845528946	1.00000000000000000	21.38692049882791579	1.00000000000000000	1.00000000000000000	1.00000000000000000	39.45823573056980393
EPHA3	1.00000000000000000	1.00000000000000000	1.00000000000000000	1.00000000000000000	1.00000000000000000	1.00000000000000000	30.31977326259202599	1.00000000000000000	1.00000000000000000	1.00000000000000000
EPM2AIP1	34.41668404499534262	31.05445709705756840	112.72670309761072360	27.05241853990267131	1.00000000000000000	23.02595950065075669	47.84448521718264402	1.00000000000000000	41.83465669479361537	1.00000000000000000
EPN2	38.32150602628745872	27.03594928119732543	1.00000000000000000	26.89453609571605597	1.00000000000000000	37.76867481926458225	35.04882937932998743	1.00000000000000000	52.77208973759717026	66.41446476514806818
ERAL1	1.00000000000000000	1.00000000000000000	1.00000000000000000	1.00000000000000000	1.00000000000000000	43.25772332730208802	1.00000000000000000	1.00000000000000000	1.00000000000000000	1.00000000000000000
ERICH1	41.16730418773355638	40.14327439768106132	96.82800269242859770	34.09927519688969255	1.00000000000000000	16.94642639717650567	36.48939761640586710	47.77484103757335987	38.57878033033080101	30.54943758907502271
ERLIN1	1.00000000000000000	1.00000000000000000	1.00000000000000000	1.00000000000000000	1.00000000000000000	28.10754162407734214	1.00000000000000000	1.00000000000000000	1.00000000000000000	1.00000000000000000
ERN1	1.00000000000000000	40.64683132174682356	74.93456674351543256	48.24633546945030815	1.00000000000000000	30.53728440999982396	31.70133341386907588	1.00000000000000000	1.00000000000000000	1.00000000000000000
ERO1A	37.45300779089836851	52.32054376817592356	194.67306765391776935	34.60288021004222969	78.97953278451534231	70.65172717667257984	42.47968668991556740	265.77354181418644430	1.00000000000000000	1.00000000000000000
ERO1B	1.00000000000000000	1.00000000000000000	1.00000000000000000	1.00000000000000000	1.00000000000000000	1.00000000000000000	1.00000000000000000	1.00000000000000000	1.00000000000000000	46.94128747637180510
ESAM	1.00000000000000000	1.00000000000000000	1.00000000000000000	1.00000000000000000	1.00000000000000000	1.00000000000000000	156.02209026432780092	1.00000000000000000	177.79605088160735704	92.22457434721742686
ESCO1	1.00000000000000000	26.19355854142245121	1.00000000000000000	1.00000000000000000	1.00000000000000000	1.00000000000000000	1.00000000000000000	1.00000000000000000	1.00000000000000000	1.00000000000000000
ESCO2	1.00000000000000000	1.00000000000000000	1.00000000000000000	1.00000000000000000	1.00000000000000000	35.72339452842125240	1.00000000000000000	1.00000000000000000	1.00000000000000000	1.00000000000000000
ESRRA	1.00000000000000000	1.00000000000000000	1.00000000000000000	1.00000000000000000	1.00000000000000000	21.12327950103700758	39.20228858028425378	1.00000000000000000	38.16368418291271070	1.00000000000000000
ETFRF1	29.88897361404811193	30.42434264938919597	1.00000000000000000	25.89055035171843144	1.00000000000000000	1.00000000000000000	32.54304761273724012	1.00000000000000000	34.49338495166857399	46.52390400723825081
ETNK1	33.17823730419033268	28.24958627014370904	89.97676685459045132	31.11718955157463995	1.00000000000000000	21.56395644670246625	58.05189811056865778	1.00000000000000000	46.29252461070365854	41.11182271710772795
ETV1	1.00000000000000000	49.14643294957890873	1.00000000000000000	35.40339888127029866	1.00000000000000000	25.63122183538924403	1.00000000000000000	1.00000000000000000	1.00000000000000000	1.00000000000000000
ETV7	1.00000000000000000	1.00000000000000000	1.00000000000000000	47.52288487901362402	1.00000000000000000	1.00000000000000000	1.00000000000000000	1.00000000000000000	1.00000000000000000	1.00000000000000000
EVA1A	1.00000000000000000	42.83916374297510998	1.00000000000000000	77.07659972170944229	1.00000000000000000	74.21771772123069866	1.00000000000000000	42.74506995579144331	1.00000000000000000	1.00000000000000000
EXOC1	37.38061187073783742	33.04748625018478947	1.00000000000000000	34.34308212735729171	1.00000000000000000	26.35806621785161141	29.37370061755519046	43.70286128639325796	1.00000000000000000	1.00000000000000000
EXOC3	1.00000000000000000	24.90993053553673064	1.00000000000000000	1.00000000000000000	1.00000000000000000	1.00000000000000000	1.00000000000000000	1.00000000000000000	1.00000000000000000	1.00000000000000000
EXOC4	1.00000000000000000	1.00000000000000000	1.00000000000000000	22.84577790389301200	1.00000000000000000	1.00000000000000000	1.00000000000000000	1.00000000000000000	1.00000000000000000	1.00000000000000000
EXOSC10	1.00000000000000000	1.00000000000000000	1.00000000000000000	1.00000000000000000	1.00000000000000000	23.51324789145595773	1.00000000000000000	1.00000000000000000	1.00000000000000000	1.00000000000000000
EXOSC7	35.18450930297334622	31.26192576157044201	1.00000000000000000	27.78437756067892650	1.00000000000000000	47.24764132578137321	1.00000000000000000	47.42380609665861613	1.00000000000000000	30.63965597588003575
EXT1	32.49320079625645263	35.40006156757294065	1.00000000000000000	38.33377901496196216	1.00000000000000000	27.28049130532138022	1.00000000000000000	1.00000000000000000	1.00000000000000000	34.94194324585346578
EZH1	30.60106522004449658	1.00000000000000000	1.00000000000000000	1.00000000000000000	1.00000000000000000	1.00000000000000000	1.00000000000000000	1.00000000000000000	1.00000000000000000	34.45327444163229558
EZH2	1.00000000000000000	1.00000000000000000	1.00000000000000000	1.00000000000000000	1.00000000000000000	85.33657845784685492	1.00000000000000000	1.00000000000000000	1.00000000000000000	1.00000000000000000
EZR	1.00000000000000000	27.83648790592050304	1.00000000000000000	28.40980525318922290	225.50875199531731141	117.17477439362106395	79.23547378996202895	1.00000000000000000	69.74344058787696099	64.31335901890857087
F10	96.55266017342741236	1.00000000000000000	1.00000000000000000	38.42276425672366713	1.00000000000000000	1.00000000000000000	1.00000000000000000	1.00000000000000000	1.00000000000000000	78.10021998950809063
F13A1	1.00000000000000000	56.38125549058054276	1.00000000000000000	1.00000000000000000	1.00000000000000000	1.00000000000000000	1.00000000000000000	1.00000000000000000	1.00000000000000000	1.00000000000000000
F2RL2	1.00000000000000000	1.00000000000000000	1.00000000000000000	33.09917491327428252	1.00000000000000000	1.00000000000000000	1.00000000000000000	1.00000000000000000	1.00000000000000000	1.00000000000000000
F3	50.77940358204311622	1.00000000000000000	1.00000000000000000	67.41308476174820896	1.00000000000000000	39.50982159168385266	30.17030998481279269	67.83971740848468812	1.00000000000000000	39.71468488433208677
FABP4	1.00000000000000000	1.00000000000000000	1.00000000000000000	1.00000000000000000	1.00000000000000000	1.00000000000000000	114.11928375571513072	1.00000000000000000	185.79761942441587053	295.50684826187892895
FABP5	1.00000000000000000	71.14072438203622539	1.00000000000000000	32.12424627334164029	255.71277718865215434	113.56989144647343437	175.93025490908860320	1.00000000000000000	112.48931812424432053	182.82655769987403005
FADD	1.00000000000000000	1.00000000000000000	1.00000000000000000	1.00000000000000000	1.00000000000000000	36.78849989903407192	1.00000000000000000	1.00000000000000000	1.00000000000000000	1.00000000000000000
FADS1	1.00000000000000000	1.00000000000000000	1.00000000000000000	31.20108473693162665	1.00000000000000000	48.21128546244505486	1.00000000000000000	1.00000000000000000	38.34465732841039909	1.00000000000000000
FADS3	1.00000000000000000	27.74137766302795782	129.24375877883480257	31.75025571516959744	70.65198956282830522	46.45817174517255665	106.94352342314441273	1.00000000000000000	214.73526665352520126	123.24393394692786785
FAF1	1.00000000000000000	1.00000000000000000	1.00000000000000000	1.00000000000000000	1.00000000000000000	28.15663226870411862	29.40902349365686774	1.00000000000000000	1.00000000000000000	1.00000000000000000
FAHD1	1.00000000000000000	1.00000000000000000	1.00000000000000000	1.00000000000000000	1.00000000000000000	46.38992873019014240	1.00000000000000000	1.00000000000000000	1.00000000000000000	1.00000000000000000
FAIM	1.00000000000000000	1.00000000000000000	1.00000000000000000	1.00000000000000000	1.00000000000000000	17.16004104278477271	1.00000000000000000	1.00000000000000000	1.00000000000000000	39.42676387441781571
FAM109B	1.00000000000000000	25.16673238251938827	1.00000000000000000	1.00000000000000000	1.00000000000000000	59.07008152066202911	1.00000000000000000	1.00000000000000000	1.00000000000000000	1.00000000000000000
FAM110B	1.00000000000000000	1.00000000000000000	1.00000000000000000	24.45410160582850878	1.00000000000000000	1.00000000000000000	33.32296252838811057	1.00000000000000000	1.00000000000000000	41.00782260645028288
FAM118A	30.50969778644698138	48.82254306116045228	1.00000000000000000	35.47004241981952077	1.00000000000000000	1.00000000000000000	32.71549920150539492	1.00000000000000000	1.00000000000000000	1.00000000000000000
FAM122A	1.00000000000000000	1.00000000000000000	1.00000000000000000	1.00000000000000000	1.00000000000000000	1.00000000000000000	34.83477254400303735	1.00000000000000000	50.00191921022280894	1.00000000000000000
FAM129A	40.69888167546988456	1.00000000000000000	1.00000000000000000	1.00000000000000000	1.00000000000000000	24.17332932484067598	39.00220841684891582	1.00000000000000000	157.03255921281200358	1.00000000000000000
FAM129B	1.00000000000000000	41.96663064321256797	119.92059456240997406	31.23734184241747514	1.00000000000000000	54.66206984609918607	39.51075971263891518	119.80328215162057859	1.00000000000000000	43.62242668920029587
FAM13A	51.67746041508929977	26.73554670734226235	144.59954253328925233	26.37042233550303294	1.00000000000000000	18.14864414381662172	44.45373984016828217	49.71097796259238777	44.39445359601445773	30.70464457103324207
FAM13B	1.00000000000000000	1.00000000000000000	1.00000000000000000	1.00000000000000000	1.00000000000000000	41.08084688450533406	1.00000000000000000	1.00000000000000000	1.00000000000000000	1.00000000000000000
FAM13C	1.00000000000000000	1.00000000000000000	1.00000000000000000	1.00000000000000000	1.00000000000000000	1.00000000000000000	110.31998817624047149	1.00000000000000000	63.70511848941969646	169.84476808311782747
FAM160B2	1.00000000000000000	26.56863763415687174	1.00000000000000000	1.00000000000000000	1.00000000000000000	1.00000000000000000	1.00000000000000000	1.00000000000000000	1.00000000000000000	1.00000000000000000
FAM162A	80.74278563616847748	109.41610532343283069	172.50954632382934051	82.34997050898999760	125.24139792034689833	51.31223439889432569	83.77809067041030744	454.95654376573168065	65.82893091251490603	64.78031181318883114
FAM162B	1.00000000000000000	1.00000000000000000	1.00000000000000000	1.00000000000000000	1.00000000000000000	1.00000000000000000	123.51882081064761110	1.00000000000000000	37.22674600551687973	54.65282584112847530
FAM168A	1.00000000000000000	34.61844628931532952	1.00000000000000000	21.80942502540902694	1.00000000000000000	1.00000000000000000	1.00000000000000000	1.00000000000000000	1.00000000000000000	1.00000000000000000
FAM168B	1.00000000000000000	24.49850268028010092	1.00000000000000000	1.00000000000000000	1.00000000000000000	24.45522037577210028	1.00000000000000000	1.00000000000000000	1.00000000000000000	1.00000000000000000
FAM172A	30.87416950604992394	1.00000000000000000	1.00000000000000000	1.00000000000000000	1.00000000000000000	1.00000000000000000	1.00000000000000000	1.00000000000000000	1.00000000000000000	1.00000000000000000
FAM174A	1.00000000000000000	24.92135905413844554	1.00000000000000000	22.85692246584781628	1.00000000000000000	1.00000000000000000	28.52706193191709616	1.00000000000000000	1.00000000000000000	1.00000000000000000
FAM198B	57.63853509215916660	92.68524950816139096	1.00000000000000000	81.52345242210668630	1.00000000000000000	40.83098602223719809	1.00000000000000000	1.00000000000000000	1.00000000000000000	1.00000000000000000
FAM207A	27.42706322131514440	33.42311328326122322	1.00000000000000000	36.11910483312686182	1.00000000000000000	36.84636391818813905	30.87900024492333628	55.71528921505602483	35.12934130542244304	102.48496458333724490
FAM20A	56.73033133927957294	32.25513520166776971	1.00000000000000000	63.71463254584474356	1.00000000000000000	31.65576940769608072	1.00000000000000000	1.00000000000000000	1.00000000000000000	1.00000000000000000
FAM210A	1.00000000000000000	1.00000000000000000	1.00000000000000000	20.62376957415253997	1.00000000000000000	23.31166410199518069	1.00000000000000000	56.20138813786502396	1.00000000000000000	1.00000000000000000
FAM212B	1.00000000000000000	1.00000000000000000	1.00000000000000000	1.00000000000000000	1.00000000000000000	1.00000000000000000	32.63711070845938167	1.00000000000000000	1.00000000000000000	1.00000000000000000
FAM213A	32.44089043810145512	1.00000000000000000	1.00000000000000000	1.00000000000000000	1.00000000000000000	1.00000000000000000	143.09971828614470724	1.00000000000000000	45.05151287524620329	86.27832489847963870
FAM229B	30.45311902392764836	44.03980016280291210	1.00000000000000000	34.14539423462726120	1.00000000000000000	40.90271057911248676	1.00000000000000000	43.30150774620351228	1.00000000000000000	1.00000000000000000
FAM241A	1.00000000000000000	1.00000000000000000	126.05750181543047006	1.00000000000000000	88.56868908934083606	34.29218592990981307	188.67803211362485172	1.00000000000000000	218.35141584545104365	251.05085237712356161
FAM35A	1.00000000000000000	24.98195425746396836	1.00000000000000000	1.00000000000000000	1.00000000000000000	17.43927217819930320	1.00000000000000000	1.00000000000000000	1.00000000000000000	1.00000000000000000
FAM3A	36.04170626301165470	35.80552046005435329	1.00000000000000000	29.59053650148402426	1.00000000000000000	34.16590043853761927	27.84380959918310339	46.18757294085590814	1.00000000000000000	1.00000000000000000
FAM43A	61.76203972627047278	1.00000000000000000	1.00000000000000000	1.00000000000000000	1.00000000000000000	1.00000000000000000	42.51105613567160901	1.00000000000000000	1.00000000000000000	62.46160768326355139
FAM45A	37.80189130289758026	29.02930582509375412	1.00000000000000000	28.79338997133963574	1.00000000000000000	30.39446718192709440	1.00000000000000000	1.00000000000000000	1.00000000000000000	1.00000000000000000
FAM53C	37.40296324340782519	34.37686560354175924	151.08037104171467035	28.12859487810213110	62.62955400139055939	21.84287151658767812	58.52940674021994027	1.00000000000000000	54.22731718978011628	50.30426078990399219
FAM76A	1.00000000000000000	1.00000000000000000	1.00000000000000000	1.00000000000000000	1.00000000000000000	52.82913472222319484	1.00000000000000000	1.00000000000000000	1.00000000000000000	1.00000000000000000
FAM76B	1.00000000000000000	1.00000000000000000	1.00000000000000000	1.00000000000000000	1.00000000000000000	30.84293772591815141	1.00000000000000000	1.00000000000000000	1.00000000000000000	1.00000000000000000
FAM89A	1.00000000000000000	1.00000000000000000	1.00000000000000000	1.00000000000000000	1.00000000000000000	1.00000000000000000	1.00000000000000000	1.00000000000000000	1.00000000000000000	41.96985990154993829
FAM96A	25.38020014024053239	1.00000000000000000	1.00000000000000000	21.86248383679940588	1.00000000000000000	23.38595486028170356	1.00000000000000000	1.00000000000000000	1.00000000000000000	1.00000000000000000
FANCI	1.00000000000000000	1.00000000000000000	1.00000000000000000	1.00000000000000000	1.00000000000000000	35.40140881099719650	1.00000000000000000	1.00000000000000000	1.00000000000000000	1.00000000000000000
FAP	177.66787859236677605	320.11200351278063181	224.98243635850010946	299.81035505934494267	121.39053638495173004	231.28733684672707227	1.00000000000000000	209.36402631963815679	1.00000000000000000	1.00000000000000000
FARSA	1.00000000000000000	1.00000000000000000	1.00000000000000000	23.92580067128684718	1.00000000000000000	19.29954550119763823	1.00000000000000000	1.00000000000000000	1.00000000000000000	1.00000000000000000
FAXDC2	29.35960303966975005	1.00000000000000000	1.00000000000000000	1.00000000000000000	1.00000000000000000	1.00000000000000000	1.00000000000000000	1.00000000000000000	1.00000000000000000	1.00000000000000000
FBLN1	2193.62683034180645336	980.35557077362716427	467.31266953049413360	873.41431938090988751	388.69530516102594220	480.92576703735636556	73.38336719331178415	588.45751314229426043	1.00000000000000000	201.12140785951538646
FBLN2	682.39473005701711372	336.60997721779261838	184.00045133225611949	362.45519322067286794	135.37486371224082404	160.61293731968964948	1.00000000000000000	165.03940372583247154	57.43934734861358749	1.00000000000000000
FBLN5	272.63877339985776871	81.85392392797029970	1.00000000000000000	78.76781453606450611	1.00000000000000000	27.65733764961896313	1.00000000000000000	65.79735237082934418	1.00000000000000000	1.00000000000000000
FBLN7	34.03458365642960359	30.00680190817143966	1.00000000000000000	1.00000000000000000	1.00000000000000000	1.00000000000000000	1.00000000000000000	1.00000000000000000	1.00000000000000000	37.43018812780324822
FBXO11	35.51177358455537814	39.09013411454800746	82.00410538487442125	38.63688492794357643	1.00000000000000000	29.12697254912813705	41.93113364237186147	1.00000000000000000	35.22742696705635268	42.80725335535968412
FBXO17	51.64115913463596996	37.27320533533546865	1.00000000000000000	26.98478906867236660	1.00000000000000000	30.27984369497611539	1.00000000000000000	40.19311849387145941	1.00000000000000000	30.50176163120838879
FBXO21	28.35192380371320198	23.59601359757634143	1.00000000000000000	1.00000000000000000	1.00000000000000000	1.00000000000000000	29.80239766169495397	1.00000000000000000	36.70598866748306222	33.22723128609825949
FBXO3	1.00000000000000000	1.00000000000000000	1.00000000000000000	1.00000000000000000	1.00000000000000000	21.61442827993038307	34.42983493958669072	1.00000000000000000	37.80770502481585282	38.74830565070111987
FBXO5	1.00000000000000000	1.00000000000000000	1.00000000000000000	1.00000000000000000	1.00000000000000000	32.85946772508499691	1.00000000000000000	1.00000000000000000	1.00000000000000000	1.00000000000000000
FBXO6	1.00000000000000000	1.00000000000000000	1.00000000000000000	26.80946219088200877	1.00000000000000000	1.00000000000000000	1.00000000000000000	1.00000000000000000	1.00000000000000000	1.00000000000000000
FBXW7	1.00000000000000000	1.00000000000000000	1.00000000000000000	23.13972075278760698	1.00000000000000000	22.12002655406862672	36.49301789001902563	1.00000000000000000	33.78990235728205960	1.00000000000000000
FCER1G	1.00000000000000000	1.00000000000000000	1.00000000000000000	1.00000000000000000	101.37150156338448426	1.00000000000000000	1.00000000000000000	1.00000000000000000	1.00000000000000000	1.00000000000000000
FCHO2	25.90609976580643803	1.00000000000000000	1.00000000000000000	22.53966327029506189	1.00000000000000000	1.00000000000000000	1.00000000000000000	1.00000000000000000	1.00000000000000000	1.00000000000000000
FCHSD2	1.00000000000000000	1.00000000000000000	1.00000000000000000	1.00000000000000000	1.00000000000000000	1.00000000000000000	1.00000000000000000	1.00000000000000000	37.62603186650108000	1.00000000000000000
FEM1C	30.78338267034520470	1.00000000000000000	1.00000000000000000	1.00000000000000000	1.00000000000000000	1.00000000000000000	1.00000000000000000	1.00000000000000000	1.00000000000000000	1.00000000000000000
FEN1	1.00000000000000000	1.00000000000000000	1.00000000000000000	1.00000000000000000	1.00000000000000000	44.57186797648890320	1.00000000000000000	1.00000000000000000	1.00000000000000000	1.00000000000000000
FER	1.00000000000000000	1.00000000000000000	1.00000000000000000	1.00000000000000000	1.00000000000000000	1.00000000000000000	30.36060136678757004	1.00000000000000000	1.00000000000000000	1.00000000000000000
FEZ1	31.78313806125219898	30.49884087987179981	1.00000000000000000	1.00000000000000000	1.00000000000000000	38.19122009371549353	44.09755154921995057	1.00000000000000000	46.75166097559585410	56.15746374160848120
FGD4	1.00000000000000000	1.00000000000000000	1.00000000000000000	1.00000000000000000	1.00000000000000000	1.00000000000000000	1.00000000000000000	1.00000000000000000	37.65903259984291651	42.01788846206375894
FGD6	1.00000000000000000	26.62569979748836246	1.00000000000000000	40.34265765908266133	1.00000000000000000	1.00000000000000000	1.00000000000000000	1.00000000000000000	1.00000000000000000	1.00000000000000000
FGF1	1.00000000000000000	31.14240181402773189	1.00000000000000000	1.00000000000000000	1.00000000000000000	41.54338702026691976	1.00000000000000000	1.00000000000000000	1.00000000000000000	1.00000000000000000
FGF18	32.99479303326710777	1.00000000000000000	1.00000000000000000	1.00000000000000000	1.00000000000000000	1.00000000000000000	1.00000000000000000	1.00000000000000000	1.00000000000000000	1.00000000000000000
FGF2	1.00000000000000000	1.00000000000000000	1.00000000000000000	28.05421110993092881	1.00000000000000000	1.00000000000000000	1.00000000000000000	1.00000000000000000	1.00000000000000000	1.00000000000000000
FGF7	399.15567569151426142	146.21540893475366829	102.75202298312035509	165.98036702338262671	85.28680934981827022	56.02436104850480802	1.00000000000000000	149.90563779375119680	1.00000000000000000	576.20552513819018259
FGL2	112.85554307084468917	1.00000000000000000	1.00000000000000000	34.14721038974197143	1.00000000000000000	1.00000000000000000	1.00000000000000000	1.00000000000000000	1.00000000000000000	1.00000000000000000
FHL2	85.93504836869958297	132.16845584629945165	1.00000000000000000	90.11029543823683241	93.70276736898347281	83.82167273558408738	44.45273816832058600	152.88285417724762283	1.00000000000000000	291.54732509697947762
FHL5	1.00000000000000000	1.00000000000000000	1.00000000000000000	1.00000000000000000	1.00000000000000000	1.00000000000000000	41.45619954744660163	1.00000000000000000	125.91078556606845495	82.04522414282691045
FHOD1	1.00000000000000000	1.00000000000000000	1.00000000000000000	1.00000000000000000	1.00000000000000000	1.00000000000000000	40.79630537773228127	1.00000000000000000	1.00000000000000000	1.00000000000000000
FIBIN	75.89011260322381247	109.50025863514530045	1.00000000000000000	82.80609320235147663	1.00000000000000000	37.17816989494080815	1.00000000000000000	95.14978511865903954	1.00000000000000000	1.00000000000000000
FJX1	1.00000000000000000	1.00000000000000000	1.00000000000000000	1.00000000000000000	1.00000000000000000	38.36479705976407928	126.37486515347497118	1.00000000000000000	1.00000000000000000	1.00000000000000000
FKBP14	43.04227166079333244	70.61951548420924496	1.00000000000000000	54.13737852315194488	1.00000000000000000	60.25108714683839395	1.00000000000000000	46.85511188173560981	1.00000000000000000	1.00000000000000000
FKBP5	35.85132248759009599	1.00000000000000000	1.00000000000000000	24.51322835390022092	67.32101885827361798	49.73585178382111138	50.55251511772770812	1.00000000000000000	79.46669335612504881	51.94359864329781828
FLCN	33.27798059503719941	29.57170036231845600	106.43471480157532483	29.20733771501829423	1.00000000000000000	15.94544150544443539	1.00000000000000000	1.00000000000000000	1.00000000000000000	1.00000000000000000
FLNB	27.57074972100697252	50.07185959118484675	1.00000000000000000	44.52315149268782335	1.00000000000000000	72.35935730299405577	1.00000000000000000	80.68480400843205302	1.00000000000000000	1.00000000000000000
FLRT2	39.59846391679026567	1.00000000000000000	1.00000000000000000	1.00000000000000000	1.00000000000000000	1.00000000000000000	1.00000000000000000	1.00000000000000000	1.00000000000000000	1.00000000000000000
FMC1	1.00000000000000000	1.00000000000000000	1.00000000000000000	23.26211925175372741	1.00000000000000000	20.55775740917420080	32.49327560673417992	1.00000000000000000	1.00000000000000000	1.00000000000000000
FMNL2	36.07792349405856669	1.00000000000000000	1.00000000000000000	32.87995774242090619	1.00000000000000000	1.00000000000000000	1.00000000000000000	1.00000000000000000	1.00000000000000000	1.00000000000000000
FMNL3	1.00000000000000000	1.00000000000000000	1.00000000000000000	32.51704549198703376	1.00000000000000000	17.58630004612681219	32.03999875213803961	1.00000000000000000	1.00000000000000000	1.00000000000000000
FMO1	68.96370455271923561	35.52017123841909552	1.00000000000000000	63.99288975664333634	1.00000000000000000	1.00000000000000000	1.00000000000000000	1.00000000000000000	1.00000000000000000	1.00000000000000000
FMO2	109.16406771153611999	57.61439343516443046	1.00000000000000000	97.27042083690704999	1.00000000000000000	1.00000000000000000	1.00000000000000000	1.00000000000000000	1.00000000000000000	168.20060504183362582
FMO3	1.00000000000000000	1.00000000000000000	1.00000000000000000	1.00000000000000000	1.00000000000000000	1.00000000000000000	1.00000000000000000	1.00000000000000000	1.00000000000000000	56.51738006516240631
FMOD	69.98536341808605243	91.01633171959659308	1.00000000000000000	97.95555922904758006	1.00000000000000000	72.28008294371755937	1.00000000000000000	78.75222533742402220	1.00000000000000000	82.27027221629967357
FMR1	28.03762592155467814	30.15730822073770057	69.93331259114535214	36.59101212843231110	1.00000000000000000	24.83693869138673804	34.80991085160702170	1.00000000000000000	36.31907587782827562	43.46681601593279254
FN3KRP	1.00000000000000000	1.00000000000000000	1.00000000000000000	1.00000000000000000	1.00000000000000000	35.93695585283523286	1.00000000000000000	1.00000000000000000	1.00000000000000000	1.00000000000000000
FNBP1L	1.00000000000000000	33.00460930006556026	1.00000000000000000	1.00000000000000000	1.00000000000000000	30.42270782282900399	31.26553954576555228	1.00000000000000000	1.00000000000000000	1.00000000000000000
FNDC1	55.52812324541542210	161.31943234030845247	1.00000000000000000	85.21258307070942806	1.00000000000000000	44.35016876007217945	1.00000000000000000	72.78375293045868943	1.00000000000000000	1.00000000000000000
FNDC4	32.53863435168688056	27.11871630099746966	1.00000000000000000	22.71049434092029884	1.00000000000000000	1.00000000000000000	1.00000000000000000	1.00000000000000000	1.00000000000000000	1.00000000000000000
FNIP2	1.00000000000000000	42.76254360061876980	1.00000000000000000	41.18331944433271730	1.00000000000000000	39.33268200623025024	37.95210265334500832	1.00000000000000000	1.00000000000000000	1.00000000000000000
FOPNL	1.00000000000000000	1.00000000000000000	1.00000000000000000	1.00000000000000000	1.00000000000000000	25.01768869908736193	1.00000000000000000	1.00000000000000000	1.00000000000000000	1.00000000000000000
FOSL1	1.00000000000000000	1.00000000000000000	1.00000000000000000	29.37850153428487232	1.00000000000000000	54.72950053376344215	1.00000000000000000	1.00000000000000000	1.00000000000000000	1.00000000000000000
FOXC1	1.00000000000000000	31.00240330184524851	78.58762903888207063	29.44471283680548979	1.00000000000000000	26.14741043355353156	93.31864262761936857	1.00000000000000000	168.02702512635386256	87.29560990686631783
FOXC2	1.00000000000000000	1.00000000000000000	1.00000000000000000	1.00000000000000000	1.00000000000000000	32.41264797066128267	144.87495412068710721	1.00000000000000000	113.11632477166793365	65.45658000446037761
FOXK2	1.00000000000000000	1.00000000000000000	1.00000000000000000	1.00000000000000000	1.00000000000000000	38.39972971180743144	1.00000000000000000	1.00000000000000000	1.00000000000000000	1.00000000000000000
FOXM1	1.00000000000000000	1.00000000000000000	1.00000000000000000	1.00000000000000000	1.00000000000000000	61.91927980509945684	1.00000000000000000	1.00000000000000000	1.00000000000000000	1.00000000000000000
FOXO1	59.49732424779057993	58.39552135925877252	1.00000000000000000	68.57910101460440444	1.00000000000000000	43.22878685517498099	1.00000000000000000	1.00000000000000000	1.00000000000000000	41.00216946886425973
FOXS1	1.00000000000000000	1.00000000000000000	1.00000000000000000	1.00000000000000000	1.00000000000000000	1.00000000000000000	148.63008456517394507	1.00000000000000000	120.14267132784102898	89.87682225534329916
FRK	1.00000000000000000	1.00000000000000000	1.00000000000000000	1.00000000000000000	1.00000000000000000	1.00000000000000000	32.32150903512066265	1.00000000000000000	1.00000000000000000	1.00000000000000000
FRMD3	1.00000000000000000	1.00000000000000000	1.00000000000000000	1.00000000000000000	1.00000000000000000	1.00000000000000000	72.38062147124973933	1.00000000000000000	34.39923693985257813	1.00000000000000000
FRMD4A	1.00000000000000000	1.00000000000000000	1.00000000000000000	23.95925495033639407	1.00000000000000000	43.65102555934218742	76.93961166765312498	1.00000000000000000	111.52646175116983329	39.21702738015564194
FRMD6	97.66671316925271640	133.16111271191627452	92.02593353604451920	145.35603127458333006	61.75586304192382414	96.69914025386060530	1.00000000000000000	87.91446191580824632	1.00000000000000000	1.00000000000000000
FRS2	1.00000000000000000	25.24613092496803191	1.00000000000000000	1.00000000000000000	1.00000000000000000	35.90676479904361429	1.00000000000000000	1.00000000000000000	1.00000000000000000	1.00000000000000000
FRY	1.00000000000000000	1.00000000000000000	1.00000000000000000	1.00000000000000000	1.00000000000000000	1.00000000000000000	58.65334573402640927	1.00000000000000000	84.65805449564669516	1.00000000000000000
FRYL	1.00000000000000000	1.00000000000000000	1.00000000000000000	1.00000000000000000	1.00000000000000000	21.08098649105660627	36.46645056278072872	1.00000000000000000	41.66407755576193495	1.00000000000000000
FSCN1	58.38701848788104343	104.62413275685483427	97.03474758181506843	49.06989887129378758	1.00000000000000000	95.03754897539204194	1.00000000000000000	115.26993075164104141	1.00000000000000000	1.00000000000000000
FST	85.41819402096291469	155.46806180104158557	1.00000000000000000	70.88487742274932657	1.00000000000000000	31.20485271553114259	1.00000000000000000	158.90585605719002160	1.00000000000000000	53.60311581525275670
FSTL3	66.03428174251665439	59.86177534520097510	1.00000000000000000	65.20072211699201148	1.00000000000000000	24.61659719991414264	1.00000000000000000	97.54458783609274519	67.90361070643997721	83.47906101903409137
FTO	1.00000000000000000	25.63262435901502201	1.00000000000000000	22.66490702748003727	1.00000000000000000	33.22896951949640965	1.00000000000000000	1.00000000000000000	1.00000000000000000	1.00000000000000000
FTSJ1	1.00000000000000000	29.50275069127029681	1.00000000000000000	22.30781968325948483	1.00000000000000000	23.82733256238874020	1.00000000000000000	1.00000000000000000	1.00000000000000000	1.00000000000000000
FUNDC1	1.00000000000000000	1.00000000000000000	1.00000000000000000	1.00000000000000000	1.00000000000000000	35.94549317359761176	1.00000000000000000	1.00000000000000000	1.00000000000000000	1.00000000000000000
FUOM	1.00000000000000000	30.26335428013094742	1.00000000000000000	37.62540501810750015	1.00000000000000000	1.00000000000000000	1.00000000000000000	1.00000000000000000	1.00000000000000000	1.00000000000000000
FUT8	38.17696885362956749	41.67871647097197751	1.00000000000000000	39.13483081142366871	1.00000000000000000	23.06545942518370396	1.00000000000000000	1.00000000000000000	1.00000000000000000	1.00000000000000000
FYN	82.23540394712749446	54.94304957584918725	1.00000000000000000	59.58256074026950699	66.77665284847229543	86.12169363480298045	38.26379994754001501	44.84648755477974191	1.00000000000000000	1.00000000000000000
FZD1	46.97751852499075653	76.63501331844922504	1.00000000000000000	47.92889206360415955	1.00000000000000000	40.98516486458062502	1.00000000000000000	63.02293858843819407	1.00000000000000000	1.00000000000000000
FZD7	40.70613706971131052	38.45048865568177376	1.00000000000000000	37.18109732198796991	1.00000000000000000	1.00000000000000000	1.00000000000000000	1.00000000000000000	39.68191964667472860	1.00000000000000000
FZR1	1.00000000000000000	1.00000000000000000	1.00000000000000000	1.00000000000000000	1.00000000000000000	36.87517584907583768	1.00000000000000000	1.00000000000000000	1.00000000000000000	1.00000000000000000
G2E3	1.00000000000000000	1.00000000000000000	1.00000000000000000	1.00000000000000000	1.00000000000000000	28.70311567129725105	1.00000000000000000	1.00000000000000000	1.00000000000000000	1.00000000000000000
G6PD	26.27025821504403780	1.00000000000000000	1.00000000000000000	23.19177431449846338	1.00000000000000000	18.61730045556531721	1.00000000000000000	1.00000000000000000	1.00000000000000000	1.00000000000000000
GABBR1	1.00000000000000000	1.00000000000000000	1.00000000000000000	23.98821493779466607	1.00000000000000000	1.00000000000000000	1.00000000000000000	1.00000000000000000	1.00000000000000000	1.00000000000000000
GABPA	27.89084094324167395	1.00000000000000000	1.00000000000000000	24.85320557105785966	1.00000000000000000	1.00000000000000000	33.06809404640666372	1.00000000000000000	1.00000000000000000	1.00000000000000000
GABPB1	44.60515229049775598	46.14047625137099828	127.30199006170083464	53.06937780633408153	1.00000000000000000	69.54931182682254587	54.27151575424260699	48.87061903760248072	45.26415644290498363	40.17100454642484664
GABRD	1.00000000000000000	1.00000000000000000	1.00000000000000000	1.00000000000000000	1.00000000000000000	1.00000000000000000	61.14829042334989140	1.00000000000000000	1.00000000000000000	1.00000000000000000
GADD45G	127.52484869922615474	1.00000000000000000	1.00000000000000000	85.03749422604647634	1.00000000000000000	1.00000000000000000	1.00000000000000000	1.00000000000000000	78.06553839754758428	1.00000000000000000
GAK	1.00000000000000000	25.82910796645134255	1.00000000000000000	27.33163721073731978	1.00000000000000000	25.91410685886276610	1.00000000000000000	1.00000000000000000	1.00000000000000000	1.00000000000000000
GAL	78.28565564517066377	1.00000000000000000	1.00000000000000000	1.00000000000000000	1.00000000000000000	1.00000000000000000	1.00000000000000000	1.00000000000000000	1.00000000000000000	1.00000000000000000
GALK1	35.57478594848043940	39.37076737111668479	1.00000000000000000	39.07116038175490047	1.00000000000000000	34.68740716293520165	29.81258191964343851	51.75251245326058580	1.00000000000000000	1.00000000000000000
GALK2	1.00000000000000000	1.00000000000000000	1.00000000000000000	23.69951836042733362	1.00000000000000000	1.00000000000000000	1.00000000000000000	1.00000000000000000	1.00000000000000000	1.00000000000000000
GALNT10	29.48348825988943034	49.40366787490401634	1.00000000000000000	27.79753445817426183	1.00000000000000000	26.79591855680554247	1.00000000000000000	31.63538972462988497	1.00000000000000000	1.00000000000000000
GALNT11	51.62649183580893464	43.70502285415661703	1.00000000000000000	30.53030778902631326	1.00000000000000000	19.27391992745738847	31.99443411669184911	41.00096335597146435	1.00000000000000000	1.00000000000000000
GALNT15	68.59909565561650879	1.00000000000000000	1.00000000000000000	1.00000000000000000	1.00000000000000000	1.00000000000000000	1.00000000000000000	1.00000000000000000	1.00000000000000000	1.00000000000000000
GALNT16	31.23223684091054508	1.00000000000000000	1.00000000000000000	1.00000000000000000	1.00000000000000000	1.00000000000000000	1.00000000000000000	1.00000000000000000	1.00000000000000000	1.00000000000000000
GALNT5	1.00000000000000000	31.47504926806445269	1.00000000000000000	1.00000000000000000	1.00000000000000000	1.00000000000000000	1.00000000000000000	1.00000000000000000	1.00000000000000000	1.00000000000000000
GAMT	1.00000000000000000	1.00000000000000000	1.00000000000000000	1.00000000000000000	1.00000000000000000	42.65254579862371997	58.37799229674256907	1.00000000000000000	55.27822359243458550	1.00000000000000000
GAR1	1.00000000000000000	28.63792381345185589	1.00000000000000000	33.30690962346665174	1.00000000000000000	33.12815848739423075	28.21007036829907122	34.93367783804409044	1.00000000000000000	1.00000000000000000
GART	1.00000000000000000	1.00000000000000000	1.00000000000000000	24.22021200875815694	1.00000000000000000	31.67634424572179341	1.00000000000000000	1.00000000000000000	1.00000000000000000	1.00000000000000000
GAS1	327.21442067729890368	239.93338902756156017	142.48458339810812845	183.10469392959046786	78.86010767336111371	117.61258237856614528	1.00000000000000000	197.90503593014068429	1.00000000000000000	1.00000000000000000
GAS2L3	1.00000000000000000	1.00000000000000000	1.00000000000000000	1.00000000000000000	1.00000000000000000	28.89571307304087711	1.00000000000000000	1.00000000000000000	1.00000000000000000	1.00000000000000000
GAS7	105.66210267154825431	69.89758930137094239	1.00000000000000000	84.02826176011348025	1.00000000000000000	20.70234647129127126	1.00000000000000000	1.00000000000000000	1.00000000000000000	1.00000000000000000
GATA3	1.00000000000000000	1.00000000000000000	1.00000000000000000	1.00000000000000000	121.38689356579214973	1.00000000000000000	1.00000000000000000	1.00000000000000000	1.00000000000000000	1.00000000000000000
GATAD2B	1.00000000000000000	1.00000000000000000	1.00000000000000000	24.83047442969670371	1.00000000000000000	1.00000000000000000	34.66409299894574048	1.00000000000000000	35.29735379975833354	1.00000000000000000
GBE1	30.15864600862441591	27.66539534670061684	141.61022580105387192	1.00000000000000000	1.00000000000000000	21.62510276063225945	1.00000000000000000	142.27793312815543914	1.00000000000000000	1.00000000000000000
GBF1	1.00000000000000000	28.29720514822619748	1.00000000000000000	25.84440154718047822	1.00000000000000000	24.89987764412620308	1.00000000000000000	1.00000000000000000	1.00000000000000000	1.00000000000000000
GBGT1	1.00000000000000000	1.00000000000000000	1.00000000000000000	1.00000000000000000	1.00000000000000000	1.00000000000000000	31.59689083167614498	1.00000000000000000	1.00000000000000000	1.00000000000000000
GBP3	31.51314597407349538	41.71493993230004804	1.00000000000000000	88.65855693486595612	1.00000000000000000	35.52250286846108907	60.61644603942094989	1.00000000000000000	1.00000000000000000	1.00000000000000000
GBP4	1.00000000000000000	1.00000000000000000	1.00000000000000000	198.93128525404790707	1.00000000000000000	31.65490396311304266	159.11527644142546478	1.00000000000000000	1.00000000000000000	44.03881504202388442
GBP5	1.00000000000000000	1.00000000000000000	1.00000000000000000	68.09192829318801898	1.00000000000000000	1.00000000000000000	1.00000000000000000	1.00000000000000000	1.00000000000000000	1.00000000000000000
GCH1	1.00000000000000000	1.00000000000000000	1.00000000000000000	38.86678388564495634	1.00000000000000000	1.00000000000000000	1.00000000000000000	1.00000000000000000	1.00000000000000000	1.00000000000000000
GCLM	1.00000000000000000	34.73688075317965485	1.00000000000000000	38.64552681584478933	1.00000000000000000	27.40153188203581180	1.00000000000000000	1.00000000000000000	1.00000000000000000	1.00000000000000000
GDF10	54.91609742514858539	1.00000000000000000	1.00000000000000000	1.00000000000000000	1.00000000000000000	1.00000000000000000	1.00000000000000000	1.00000000000000000	1.00000000000000000	1.00000000000000000
GDF11	1.00000000000000000	1.00000000000000000	1.00000000000000000	1.00000000000000000	1.00000000000000000	32.28724586016417675	42.67463530753210676	1.00000000000000000	1.00000000000000000	36.33102027903787956
GFER	1.00000000000000000	26.87959413157856048	1.00000000000000000	26.01937464930365351	1.00000000000000000	25.94879499692387625	1.00000000000000000	1.00000000000000000	1.00000000000000000	1.00000000000000000
GFPT2	131.63092428714847415	77.57283068356632327	250.66484340357803262	128.97617623085292848	1.00000000000000000	87.72048194956929024	1.00000000000000000	90.24891785792742382	1.00000000000000000	1.00000000000000000
GFRA1	49.57509714674914392	1.00000000000000000	1.00000000000000000	1.00000000000000000	1.00000000000000000	1.00000000000000000	1.00000000000000000	1.00000000000000000	1.00000000000000000	39.35179461940344936
GGA1	1.00000000000000000	1.00000000000000000	1.00000000000000000	1.00000000000000000	1.00000000000000000	41.74378281498715637	38.71033164360425616	1.00000000000000000	1.00000000000000000	1.00000000000000000
GGCX	1.00000000000000000	27.26358119279063530	1.00000000000000000	25.92125265609323748	1.00000000000000000	33.80153798709194035	1.00000000000000000	1.00000000000000000	1.00000000000000000	1.00000000000000000
GGH	1.00000000000000000	1.00000000000000000	1.00000000000000000	1.00000000000000000	1.00000000000000000	125.64217058111846370	1.00000000000000000	1.00000000000000000	1.00000000000000000	1.00000000000000000
GINS2	1.00000000000000000	1.00000000000000000	1.00000000000000000	1.00000000000000000	1.00000000000000000	87.91239956801209132	1.00000000000000000	1.00000000000000000	1.00000000000000000	1.00000000000000000
GIT1	1.00000000000000000	1.00000000000000000	1.00000000000000000	1.00000000000000000	1.00000000000000000	32.35984684334974304	1.00000000000000000	1.00000000000000000	1.00000000000000000	1.00000000000000000
GJA1	83.39993944621336652	131.04405824981415662	189.77735807700753412	84.42990378334415880	1.00000000000000000	73.56186311474994000	1.00000000000000000	193.26667172422074259	1.00000000000000000	1.00000000000000000
GJA4	1.00000000000000000	1.00000000000000000	1.00000000000000000	1.00000000000000000	102.82031513624086472	42.15620745201442077	419.47448409753053511	1.00000000000000000	295.33697909396619252	363.98090243956448830
GJB2	1.00000000000000000	176.38243693430757730	1.00000000000000000	76.96348976799988861	1.00000000000000000	90.01678539664909806	1.00000000000000000	146.14776316153557900	1.00000000000000000	1.00000000000000000
GJC1	1.00000000000000000	1.00000000000000000	1.00000000000000000	1.00000000000000000	1.00000000000000000	42.95064321520113992	200.52332060066547115	1.00000000000000000	103.23907221897771080	55.61203425301537351
GLB1	33.82289575496795209	38.60665288429228070	1.00000000000000000	32.49756339024157370	1.00000000000000000	24.01199797602847852	1.00000000000000000	1.00000000000000000	1.00000000000000000	1.00000000000000000
GLI3	37.12182131606806479	39.27390230160252571	1.00000000000000000	41.93456210713869581	1.00000000000000000	21.90728298324415491	1.00000000000000000	1.00000000000000000	1.00000000000000000	1.00000000000000000
GLIS3	1.00000000000000000	48.78428606389768163	90.31607983801772832	39.58995032853319884	1.00000000000000000	28.73248568949760440	1.00000000000000000	46.54470456962891944	1.00000000000000000	60.55809473240642404
GLMP	39.93009736613736038	46.77107120172640009	1.00000000000000000	43.10861747532707255	1.00000000000000000	31.59360371792196887	1.00000000000000000	35.03890232327530896	1.00000000000000000	1.00000000000000000
GLYR1	1.00000000000000000	1.00000000000000000	1.00000000000000000	22.01023602091915521	1.00000000000000000	20.32109136938965577	32.70416970324579609	1.00000000000000000	33.71017346383876401	1.00000000000000000
GMFB	1.00000000000000000	28.01668745436782615	1.00000000000000000	25.35278540648354451	1.00000000000000000	27.33316701778534608	1.00000000000000000	1.00000000000000000	1.00000000000000000	1.00000000000000000
GMFG	1.00000000000000000	1.00000000000000000	1.00000000000000000	1.00000000000000000	124.01452948831766321	34.19189143820209864	169.91864430093460214	1.00000000000000000	52.50648316118356718	45.99857685477411451
GMNN	1.00000000000000000	1.00000000000000000	1.00000000000000000	1.00000000000000000	1.00000000000000000	63.09850645548883108	1.00000000000000000	1.00000000000000000	1.00000000000000000	1.00000000000000000
GMPPB	1.00000000000000000	26.68289462761298836	1.00000000000000000	24.14037901281247755	1.00000000000000000	30.04272542819533598	1.00000000000000000	1.00000000000000000	1.00000000000000000	1.00000000000000000
GNA13	1.00000000000000000	1.00000000000000000	1.00000000000000000	21.02535353956964315	1.00000000000000000	1.00000000000000000	1.00000000000000000	1.00000000000000000	1.00000000000000000	1.00000000000000000
GNAI1	1.00000000000000000	1.00000000000000000	1.00000000000000000	1.00000000000000000	1.00000000000000000	1.00000000000000000	54.65107970670599968	1.00000000000000000	44.61243424297365578	54.70896792669571340
GNL2	27.41053247345185540	32.77547583832462408	1.00000000000000000	32.49279393521889858	1.00000000000000000	36.90661227065993444	34.43641717405439806	40.63602132338127859	1.00000000000000000	1.00000000000000000
GNLY	1.00000000000000000	1.00000000000000000	1.00000000000000000	1.00000000000000000	199.15816554044445752	1.00000000000000000	1.00000000000000000	1.00000000000000000	1.00000000000000000	1.00000000000000000
GNPDA1	31.96892257635960988	1.00000000000000000	1.00000000000000000	1.00000000000000000	1.00000000000000000	1.00000000000000000	1.00000000000000000	1.00000000000000000	1.00000000000000000	1.00000000000000000
GNPDA2	25.33598408788361311	24.05001693525278483	1.00000000000000000	20.94401879738792260	1.00000000000000000	1.00000000000000000	1.00000000000000000	1.00000000000000000	1.00000000000000000	1.00000000000000000
GNPNAT1	1.00000000000000000	1.00000000000000000	1.00000000000000000	23.68675500665406730	1.00000000000000000	35.35100375122784300	1.00000000000000000	1.00000000000000000	1.00000000000000000	1.00000000000000000
GNPTAB	47.69786054221722083	63.63504696045813347	1.00000000000000000	52.49868283237348265	1.00000000000000000	53.77070048835119565	1.00000000000000000	36.55026730450645545	1.00000000000000000	1.00000000000000000
GNS	57.79591103123391349	43.10117882243667964	1.00000000000000000	49.23540789306284182	1.00000000000000000	27.59316675002145658	1.00000000000000000	47.12509314577760478	1.00000000000000000	39.65236184449643275
GOLGA8A	1.00000000000000000	1.00000000000000000	131.28814381102733932	1.00000000000000000	1.00000000000000000	1.00000000000000000	1.00000000000000000	1.00000000000000000	1.00000000000000000	1.00000000000000000
GON4L	41.35132990531282360	42.16690208491771585	102.15062826232089321	35.20004575654922263	1.00000000000000000	37.54998041515673890	58.10569935833611055	1.00000000000000000	48.06118621680539604	53.72298642160992443
GON7	1.00000000000000000	1.00000000000000000	1.00000000000000000	1.00000000000000000	1.00000000000000000	35.13465876241596675	1.00000000000000000	1.00000000000000000	1.00000000000000000	1.00000000000000000
GOSR2	1.00000000000000000	32.38120931498646371	1.00000000000000000	25.63881998868378176	1.00000000000000000	27.70041611773934065	1.00000000000000000	1.00000000000000000	1.00000000000000000	1.00000000000000000
GOT1	1.00000000000000000	1.00000000000000000	1.00000000000000000	1.00000000000000000	1.00000000000000000	35.57103943892855824	1.00000000000000000	1.00000000000000000	1.00000000000000000	1.00000000000000000
GPATCH2L	33.62238062683660900	33.38677115427981335	126.48604062831488193	35.53881075406013679	1.00000000000000000	42.29779001304090968	51.27157855073044601	48.07859925981914984	50.51954206182249862	40.30729423195453620
GPC1	1.00000000000000000	74.74359452182463315	1.00000000000000000	51.20519086058671121	1.00000000000000000	80.67635309847956648	38.14354246753212152	56.61977653030220381	37.79601552174556645	1.00000000000000000
GPC3	442.60902203374206465	1.00000000000000000	1.00000000000000000	1.00000000000000000	1.00000000000000000	1.00000000000000000	1.00000000000000000	1.00000000000000000	1.00000000000000000	112.31701857727549054
GPC6	1.00000000000000000	47.29277752390581213	1.00000000000000000	46.36969041403145297	1.00000000000000000	39.59219096797377802	1.00000000000000000	1.00000000000000000	1.00000000000000000	1.00000000000000000
GPM6B	1.00000000000000000	46.47875337584171263	1.00000000000000000	46.95812115652250185	1.00000000000000000	54.12729996546336508	66.79136166804028107	1.00000000000000000	1.00000000000000000	44.27958177744039858
GPR107	1.00000000000000000	27.43837464083395972	1.00000000000000000	1.00000000000000000	1.00000000000000000	24.65671706013202069	1.00000000000000000	1.00000000000000000	1.00000000000000000	1.00000000000000000
GPR137	1.00000000000000000	1.00000000000000000	1.00000000000000000	30.71702604428142536	1.00000000000000000	40.12217288560545825	1.00000000000000000	1.00000000000000000	1.00000000000000000	1.00000000000000000
GPR176	1.00000000000000000	1.00000000000000000	1.00000000000000000	1.00000000000000000	1.00000000000000000	1.00000000000000000	37.48742934699724572	1.00000000000000000	1.00000000000000000	35.56279235456862153
GPR180	1.00000000000000000	1.00000000000000000	1.00000000000000000	1.00000000000000000	1.00000000000000000	25.52006380187796353	1.00000000000000000	1.00000000000000000	1.00000000000000000	1.00000000000000000
GPR183	1.00000000000000000	1.00000000000000000	1.00000000000000000	1.00000000000000000	129.51359056526439417	1.00000000000000000	1.00000000000000000	1.00000000000000000	1.00000000000000000	1.00000000000000000
GPR20	1.00000000000000000	1.00000000000000000	1.00000000000000000	1.00000000000000000	1.00000000000000000	1.00000000000000000	1.00000000000000000	1.00000000000000000	51.92390222325966675	1.00000000000000000
GPR4	1.00000000000000000	1.00000000000000000	1.00000000000000000	1.00000000000000000	1.00000000000000000	1.00000000000000000	70.52848632176966248	1.00000000000000000	65.40730242524267624	1.00000000000000000
GPR68	1.00000000000000000	1.00000000000000000	1.00000000000000000	27.25301497819875252	1.00000000000000000	1.00000000000000000	1.00000000000000000	1.00000000000000000	1.00000000000000000	1.00000000000000000
GPRC5C	1.00000000000000000	1.00000000000000000	1.00000000000000000	1.00000000000000000	1.00000000000000000	1.00000000000000000	130.68899882139726287	1.00000000000000000	154.04385840935051988	1.00000000000000000
GPSM2	1.00000000000000000	1.00000000000000000	1.00000000000000000	1.00000000000000000	1.00000000000000000	32.07061710757145789	1.00000000000000000	1.00000000000000000	1.00000000000000000	1.00000000000000000
GPSM3	1.00000000000000000	1.00000000000000000	1.00000000000000000	1.00000000000000000	61.39396391488401861	1.00000000000000000	42.37519609576761326	1.00000000000000000	1.00000000000000000	1.00000000000000000
GPX3	412.39317306318889678	1.00000000000000000	1.00000000000000000	1.00000000000000000	81.04951875692145791	38.38577869368832296	93.14468886795434344	1.00000000000000000	169.58201287546967251	265.08513297467851544
GPX7	41.37113040987374291	75.60613915877631541	1.00000000000000000	58.44689328022296593	1.00000000000000000	69.97865585754654205	30.35568494114190585	48.71445324255775944	1.00000000000000000	1.00000000000000000
GRASP	66.53332405090820600	59.11032810325918518	184.19037853362627288	65.15346287509410672	126.44772371356637564	34.39078093650655887	1.00000000000000000	71.15424453121144666	1.00000000000000000	75.90165630663364027
GREM1	1.00000000000000000	146.56625814240351247	200.05620165428231871	97.72998155764308592	1.00000000000000000	70.80711112445669642	1.00000000000000000	320.75966150029091750	1.00000000000000000	1.00000000000000000
GRK2	1.00000000000000000	1.00000000000000000	1.00000000000000000	1.00000000000000000	74.84846298261233244	38.22216268420743290	48.14202439821046653	1.00000000000000000	43.97640125382430654	31.64976605350909011
GRK5	1.00000000000000000	1.00000000000000000	1.00000000000000000	1.00000000000000000	1.00000000000000000	1.00000000000000000	67.34894805826830577	1.00000000000000000	46.29980204993218962	59.25259463889168643
GRK6	1.00000000000000000	1.00000000000000000	1.00000000000000000	1.00000000000000000	1.00000000000000000	32.97368907527935988	1.00000000000000000	1.00000000000000000	1.00000000000000000	1.00000000000000000
GRP	1.00000000000000000	115.52050338086687020	1.00000000000000000	1.00000000000000000	1.00000000000000000	1.00000000000000000	1.00000000000000000	1.00000000000000000	1.00000000000000000	1.00000000000000000
GRWD1	1.00000000000000000	1.00000000000000000	1.00000000000000000	24.45188212629594560	1.00000000000000000	23.91149396044498943	1.00000000000000000	1.00000000000000000	1.00000000000000000	1.00000000000000000
GSC	36.23633579181954190	1.00000000000000000	1.00000000000000000	1.00000000000000000	1.00000000000000000	1.00000000000000000	1.00000000000000000	1.00000000000000000	1.00000000000000000	1.00000000000000000
GSTM5	33.79028627314623634	1.00000000000000000	1.00000000000000000	1.00000000000000000	1.00000000000000000	1.00000000000000000	1.00000000000000000	1.00000000000000000	1.00000000000000000	1.00000000000000000
GSTZ1	1.00000000000000000	1.00000000000000000	1.00000000000000000	1.00000000000000000	1.00000000000000000	29.93456745015638987	1.00000000000000000	1.00000000000000000	1.00000000000000000	1.00000000000000000
GTF2E2	1.00000000000000000	23.59200339020418724	1.00000000000000000	1.00000000000000000	1.00000000000000000	35.94138243196448457	1.00000000000000000	1.00000000000000000	1.00000000000000000	1.00000000000000000
GTF2F2	27.60011372339564062	30.21229415624173598	1.00000000000000000	28.14865869568900791	1.00000000000000000	27.57646497493971793	36.24921680913354294	43.68149150168137140	1.00000000000000000	1.00000000000000000
GTF2H3	1.00000000000000000	1.00000000000000000	1.00000000000000000	1.00000000000000000	1.00000000000000000	43.68935939814423364	1.00000000000000000	1.00000000000000000	1.00000000000000000	1.00000000000000000
GTF3C1	1.00000000000000000	27.59941629990516887	1.00000000000000000	21.03037216360182882	1.00000000000000000	53.72406252174680930	1.00000000000000000	1.00000000000000000	1.00000000000000000	1.00000000000000000
GTPBP1	1.00000000000000000	1.00000000000000000	1.00000000000000000	23.49713006015001682	1.00000000000000000	1.00000000000000000	1.00000000000000000	1.00000000000000000	1.00000000000000000	1.00000000000000000
GTSE1	1.00000000000000000	1.00000000000000000	1.00000000000000000	1.00000000000000000	1.00000000000000000	93.69073308646562737	1.00000000000000000	1.00000000000000000	1.00000000000000000	1.00000000000000000
GUCD1	1.00000000000000000	1.00000000000000000	1.00000000000000000	22.40636945604017427	1.00000000000000000	29.93542501985038840	1.00000000000000000	1.00000000000000000	1.00000000000000000	1.00000000000000000
GUCY1A2	1.00000000000000000	1.00000000000000000	1.00000000000000000	1.00000000000000000	1.00000000000000000	1.00000000000000000	158.96289548004267544	1.00000000000000000	53.74654264674595083	78.92049933144053853
GUCY1B3	1.00000000000000000	33.94784359955043129	1.00000000000000000	42.97693118736224704	88.71192305801388045	72.71091692080528901	220.54848003610234741	1.00000000000000000	146.03621628237718255	88.38965126868552602
GULP1	50.81738530186644454	41.01051801134931196	1.00000000000000000	30.48262539632914425	1.00000000000000000	1.00000000000000000	1.00000000000000000	1.00000000000000000	1.00000000000000000	1.00000000000000000
GXYLT2	50.77067302688876538	132.86694232194275855	1.00000000000000000	64.68012259793610497	1.00000000000000000	40.68839273130428325	1.00000000000000000	59.02509544861653978	1.00000000000000000	1.00000000000000000
H2AFY2	1.00000000000000000	1.00000000000000000	1.00000000000000000	25.23955017122430888	1.00000000000000000	20.20214354515197286	1.00000000000000000	1.00000000000000000	1.00000000000000000	1.00000000000000000
H6PD	49.32237958515909071	42.80458094192256624	1.00000000000000000	39.40408818479492226	1.00000000000000000	43.34127675447078332	1.00000000000000000	39.28701996895398452	1.00000000000000000	1.00000000000000000
HAAO	1.00000000000000000	1.00000000000000000	1.00000000000000000	1.00000000000000000	1.00000000000000000	1.00000000000000000	32.28078701065727785	1.00000000000000000	1.00000000000000000	1.00000000000000000
HABP4	1.00000000000000000	27.20455533534437365	1.00000000000000000	30.07643293186496081	1.00000000000000000	37.82463561608925318	30.83360440444958428	1.00000000000000000	44.43900258852934115	1.00000000000000000
HACD1	1.00000000000000000	1.00000000000000000	1.00000000000000000	1.00000000000000000	1.00000000000000000	1.00000000000000000	1.00000000000000000	1.00000000000000000	55.86383065944058046	1.00000000000000000
HACD2	1.00000000000000000	1.00000000000000000	1.00000000000000000	1.00000000000000000	1.00000000000000000	41.51436459494845366	1.00000000000000000	1.00000000000000000	1.00000000000000000	1.00000000000000000
HACD4	29.81197857242989002	1.00000000000000000	1.00000000000000000	27.03506100111710353	1.00000000000000000	1.00000000000000000	1.00000000000000000	1.00000000000000000	1.00000000000000000	1.00000000000000000
HADH	1.00000000000000000	1.00000000000000000	1.00000000000000000	1.00000000000000000	1.00000000000000000	36.09119896997604116	1.00000000000000000	1.00000000000000000	40.47726543392589349	1.00000000000000000
HAS1	270.95055781887020885	80.37632335654322446	1.00000000000000000	209.74195141526411135	1.00000000000000000	1.00000000000000000	1.00000000000000000	1.00000000000000000	1.00000000000000000	1.00000000000000000
HAS2	52.65165861187255558	50.21885379179765607	1.00000000000000000	132.30430297411422202	1.00000000000000000	80.17761350973329115	1.00000000000000000	1.00000000000000000	1.00000000000000000	1.00000000000000000
HAUS1	1.00000000000000000	1.00000000000000000	1.00000000000000000	27.01452321596738670	1.00000000000000000	39.26591907557281047	1.00000000000000000	1.00000000000000000	1.00000000000000000	1.00000000000000000
HAUS2	1.00000000000000000	1.00000000000000000	1.00000000000000000	1.00000000000000000	1.00000000000000000	26.23017916841657282	1.00000000000000000	1.00000000000000000	1.00000000000000000	1.00000000000000000
HAUS6	1.00000000000000000	1.00000000000000000	1.00000000000000000	1.00000000000000000	1.00000000000000000	26.01836788600167338	1.00000000000000000	1.00000000000000000	1.00000000000000000	1.00000000000000000
HAUS8	1.00000000000000000	1.00000000000000000	1.00000000000000000	1.00000000000000000	1.00000000000000000	52.15651783712091571	1.00000000000000000	1.00000000000000000	1.00000000000000000	1.00000000000000000
HBEGF	1.00000000000000000	1.00000000000000000	1.00000000000000000	1.00000000000000000	1.00000000000000000	32.92456813281781081	43.09977847169544418	1.00000000000000000	1.00000000000000000	1.00000000000000000
HBS1L	1.00000000000000000	1.00000000000000000	1.00000000000000000	1.00000000000000000	1.00000000000000000	31.75457136020994042	1.00000000000000000	1.00000000000000000	33.29976004157814629	1.00000000000000000
HCFC2	1.00000000000000000	24.36029818993321072	1.00000000000000000	22.89745587001120697	1.00000000000000000	1.00000000000000000	1.00000000000000000	1.00000000000000000	1.00000000000000000	1.00000000000000000
HCST	1.00000000000000000	1.00000000000000000	1.00000000000000000	1.00000000000000000	55.05844355081571706	1.00000000000000000	1.00000000000000000	1.00000000000000000	1.00000000000000000	1.00000000000000000
HDAC1	1.00000000000000000	1.00000000000000000	1.00000000000000000	1.00000000000000000	1.00000000000000000	33.81722094417103364	36.20640302125619314	1.00000000000000000	42.88654060435730742	37.34845500967075793
HDAC5	28.56340222142878460	27.07047725061050869	1.00000000000000000	23.06118178204669178	1.00000000000000000	1.00000000000000000	70.17184183998534763	1.00000000000000000	81.39035996252746941	37.48376300103559089
HECA	1.00000000000000000	25.93636506353692539	1.00000000000000000	27.92434606433165811	1.00000000000000000	1.00000000000000000	33.52113333281374707	1.00000000000000000	1.00000000000000000	1.00000000000000000
HELLS	1.00000000000000000	1.00000000000000000	1.00000000000000000	1.00000000000000000	1.00000000000000000	62.21553655559861085	1.00000000000000000	1.00000000000000000	1.00000000000000000	1.00000000000000000
HELZ2	46.29045690938170310	39.12606475046821686	131.57635674473786480	71.20483304877438968	1.00000000000000000	34.34375556601475665	84.87047431373548534	1.00000000000000000	53.82809115250036314	65.17226063876540820
HEPH	1.00000000000000000	30.31770568564462920	1.00000000000000000	22.16594094130170234	1.00000000000000000	25.34555049912428970	1.00000000000000000	1.00000000000000000	1.00000000000000000	1.00000000000000000
HERC1	1.00000000000000000	29.45151252115362794	85.58498226080068605	25.35609321266693073	1.00000000000000000	19.99578011060356530	43.59158980906046565	1.00000000000000000	34.91982724120990156	44.15581356930140089
HERC4	33.27985091811809326	37.25097002741450325	108.92514840402839127	44.72634464745501504	1.00000000000000000	27.16365107126798506	48.51935006127031613	44.04117580356395933	40.28831518151169888	38.65100183211600182
HERC5	1.00000000000000000	1.00000000000000000	1.00000000000000000	68.29470109574312175	1.00000000000000000	1.00000000000000000	41.42108790186187406	1.00000000000000000	1.00000000000000000	1.00000000000000000
HERC6	1.00000000000000000	1.00000000000000000	1.00000000000000000	61.84982101044526104	1.00000000000000000	1.00000000000000000	40.61126361086692782	1.00000000000000000	1.00000000000000000	1.00000000000000000
HERPUD2	1.00000000000000000	1.00000000000000000	1.00000000000000000	1.00000000000000000	1.00000000000000000	1.00000000000000000	28.42572009586496051	1.00000000000000000	1.00000000000000000	1.00000000000000000
HEY1	1.00000000000000000	45.02840016208094198	1.00000000000000000	34.63943329212612809	1.00000000000000000	1.00000000000000000	38.16459077297469804	1.00000000000000000	1.00000000000000000	1.00000000000000000
HEY2	1.00000000000000000	1.00000000000000000	1.00000000000000000	1.00000000000000000	1.00000000000000000	50.63353701921120376	72.43100541700428607	1.00000000000000000	81.87633534693344473	46.57572362550466494
HEYL	1.00000000000000000	1.00000000000000000	1.00000000000000000	1.00000000000000000	1.00000000000000000	27.74556408569907617	105.46835587003721457	1.00000000000000000	75.63285733434693725	40.73643416720820909
HGF	1.00000000000000000	1.00000000000000000	1.00000000000000000	1.00000000000000000	1.00000000000000000	1.00000000000000000	1.00000000000000000	1.00000000000000000	1.00000000000000000	39.97942601636839299
HGS	30.65246273717701797	35.34240970197974718	71.30623666919743187	34.35676297660356937	1.00000000000000000	42.92805759633641571	29.87646293705613232	41.95280242702653339	1.00000000000000000	36.29135041102766479
HIGD1B	1.00000000000000000	1.00000000000000000	1.00000000000000000	1.00000000000000000	149.72368502704620141	79.62451769825324277	457.77925669015155563	1.00000000000000000	170.48673872243998062	92.56145847841781915
HILPDA	57.37875176737248495	42.21600448992832355	172.19009351313886214	1.00000000000000000	1.00000000000000000	47.01049764138873854	1.00000000000000000	231.79714454394172662	1.00000000000000000	1.00000000000000000
HIP1	1.00000000000000000	27.87068320584032932	1.00000000000000000	1.00000000000000000	1.00000000000000000	30.97199510410628776	107.82047448221003094	1.00000000000000000	111.00920141715243972	50.10302145332733659
HIPK1	1.00000000000000000	32.01398597427441928	1.00000000000000000	27.24983447862991071	1.00000000000000000	48.80189006319292133	53.53490664581994452	1.00000000000000000	48.01966778937858749	1.00000000000000000
HIPK2	1.00000000000000000	1.00000000000000000	1.00000000000000000	1.00000000000000000	1.00000000000000000	22.11112944476982634	59.09563342494930538	1.00000000000000000	64.81479202192673483	36.63645181907449455
HIRIP3	1.00000000000000000	1.00000000000000000	1.00000000000000000	1.00000000000000000	1.00000000000000000	38.12213340115163618	1.00000000000000000	1.00000000000000000	1.00000000000000000	1.00000000000000000
HIST1H1A	1.00000000000000000	1.00000000000000000	1.00000000000000000	1.00000000000000000	1.00000000000000000	68.95495987911766633	1.00000000000000000	1.00000000000000000	1.00000000000000000	1.00000000000000000
HIST1H1B	1.00000000000000000	1.00000000000000000	1.00000000000000000	1.00000000000000000	1.00000000000000000	80.30529217997469971	1.00000000000000000	1.00000000000000000	1.00000000000000000	1.00000000000000000
HIST1H1C	1.00000000000000000	1.00000000000000000	1.00000000000000000	1.00000000000000000	1.00000000000000000	74.52343382578034436	1.00000000000000000	1.00000000000000000	44.71705569432344163	44.74132584404372892
HIST1H1E	1.00000000000000000	1.00000000000000000	1.00000000000000000	1.00000000000000000	1.00000000000000000	77.26027867499246327	1.00000000000000000	1.00000000000000000	1.00000000000000000	1.00000000000000000
HIST1H2AC	39.17632525695039192	1.00000000000000000	125.25839327384009891	49.17885909143348044	1.00000000000000000	40.21072427133135108	41.26255828225595224	1.00000000000000000	1.00000000000000000	46.92990289000768200
HIST2H2AC	1.00000000000000000	1.00000000000000000	1.00000000000000000	1.00000000000000000	1.00000000000000000	55.01874051635608254	1.00000000000000000	1.00000000000000000	1.00000000000000000	1.00000000000000000
HIVEP2	29.30264050923194219	34.58186654242477687	87.89016657221307582	35.42104537492750183	1.00000000000000000	21.37158403404130524	46.46152198001437483	1.00000000000000000	37.56211331541664578	1.00000000000000000
HJURP	1.00000000000000000	1.00000000000000000	1.00000000000000000	1.00000000000000000	1.00000000000000000	34.49448464398638947	1.00000000000000000	1.00000000000000000	1.00000000000000000	1.00000000000000000
HLA.DMA	1.00000000000000000	1.00000000000000000	1.00000000000000000	1.00000000000000000	86.88774081070224042	1.00000000000000000	1.00000000000000000	1.00000000000000000	1.00000000000000000	1.00000000000000000
HLA.DPA1	61.31941143437847330	47.36999163448881234	107.84250497383735024	65.00426246915388617	635.90823470503630688	58.90302090414087388	55.99748147567494527	58.21519474100683311	48.62164024311127974	69.60860426840233117
HLA.DPB1	63.94543626263076419	40.79576115100782374	126.33154362456107833	55.28369520599627407	486.57942406049784267	31.46891583537769677	62.27976698531562505	50.55324460311577184	65.86304090562279612	64.04765061527693604
HLA.DQA1	1.00000000000000000	1.00000000000000000	1.00000000000000000	1.00000000000000000	213.28945954795418061	1.00000000000000000	1.00000000000000000	1.00000000000000000	1.00000000000000000	1.00000000000000000
HLA.DQB1	1.00000000000000000	1.00000000000000000	1.00000000000000000	1.00000000000000000	234.34797384965975198	1.00000000000000000	1.00000000000000000	1.00000000000000000	1.00000000000000000	1.00000000000000000
HLA.DRA	117.01834452643748818	93.73633280366436793	275.39164990597822680	115.07910829888446358	1163.69350106699312164	52.39032620249658123	113.70223831652063495	112.25428580836910442	111.87233228869450841	92.41264729463176764
HLA.DRB1	67.04657324285912523	55.21995009700814450	171.01746000084241928	87.87332688142468839	662.32814550353293725	49.91308896578131282	61.32682315237016013	1.00000000000000000	61.91118512269190433	59.23817273191388466
HLTF	1.00000000000000000	27.03609048968993989	1.00000000000000000	24.50374768614835830	1.00000000000000000	55.54145730464562547	38.21946737038300768	46.42266566819776585	1.00000000000000000	1.00000000000000000
HLX	1.00000000000000000	1.00000000000000000	1.00000000000000000	1.00000000000000000	1.00000000000000000	1.00000000000000000	34.11730092290457605	1.00000000000000000	1.00000000000000000	1.00000000000000000
HMCES	1.00000000000000000	1.00000000000000000	1.00000000000000000	1.00000000000000000	1.00000000000000000	33.91396809345481245	33.38151916495850458	1.00000000000000000	34.23231209040115175	1.00000000000000000
HMCN1	60.87203775985619814	58.50533086204070088	1.00000000000000000	35.42693841244179964	1.00000000000000000	1.00000000000000000	1.00000000000000000	1.00000000000000000	1.00000000000000000	1.00000000000000000
HMGA1	1.00000000000000000	1.00000000000000000	1.00000000000000000	1.00000000000000000	1.00000000000000000	48.35223630126718319	1.00000000000000000	1.00000000000000000	1.00000000000000000	1.00000000000000000
HMGB3	1.00000000000000000	1.00000000000000000	1.00000000000000000	1.00000000000000000	1.00000000000000000	140.85079574498644206	1.00000000000000000	1.00000000000000000	1.00000000000000000	1.00000000000000000
HMGCL	26.08092263760769924	25.47930521140519033	1.00000000000000000	23.09508275099595309	1.00000000000000000	1.00000000000000000	1.00000000000000000	45.59996475919464132	1.00000000000000000	1.00000000000000000
HMGCS1	1.00000000000000000	29.29432300849690662	1.00000000000000000	30.53059943563362566	1.00000000000000000	27.72341876383099901	38.71376191646876919	1.00000000000000000	1.00000000000000000	45.80099897572830514
HMGXB3	27.27095711024179181	36.41138652587159896	1.00000000000000000	33.89257160209363917	1.00000000000000000	26.31943331645618755	1.00000000000000000	35.15737422578474280	1.00000000000000000	1.00000000000000000
HMMR	1.00000000000000000	1.00000000000000000	1.00000000000000000	1.00000000000000000	1.00000000000000000	102.56538893415140024	1.00000000000000000	1.00000000000000000	1.00000000000000000	1.00000000000000000
HNRNPL	45.41485617456961421	36.87595111650232127	86.00722876787334314	38.01072393899293189	1.00000000000000000	49.16739940809360121	57.09594417207503625	1.00000000000000000	59.97915306203494623	59.69122859798601155
HOMER3	47.48705085189791220	68.51426199675969997	1.00000000000000000	42.97617804768990624	1.00000000000000000	60.75627894476449598	33.35481218170733086	76.53403242333062906	1.00000000000000000	1.00000000000000000
HOOK2	1.00000000000000000	27.28613712145072157	1.00000000000000000	21.97323090325876294	1.00000000000000000	1.00000000000000000	31.94509192921038832	1.00000000000000000	1.00000000000000000	1.00000000000000000
HOPX	1.00000000000000000	116.08263090479458413	1.00000000000000000	88.43259580610670412	91.80669440154790095	1.00000000000000000	114.02637287608753525	1.00000000000000000	63.65017900485720759	128.85327277688929826
HOXC8	38.29581101773953833	34.17800448417176540	1.00000000000000000	33.04924326461093642	1.00000000000000000	30.69855104516916811	1.00000000000000000	1.00000000000000000	1.00000000000000000	1.00000000000000000
HPS1	26.03930043230863234	1.00000000000000000	1.00000000000000000	1.00000000000000000	1.00000000000000000	23.76054739764849799	1.00000000000000000	1.00000000000000000	1.00000000000000000	1.00000000000000000
HRAS	27.73752028643257717	47.53960050481936150	1.00000000000000000	36.31129807386680852	1.00000000000000000	67.55777167883005063	49.31690098475434070	70.22690609057001154	54.64034079343821304	1.00000000000000000
HRC	1.00000000000000000	1.00000000000000000	1.00000000000000000	1.00000000000000000	1.00000000000000000	1.00000000000000000	35.23700964741701824	1.00000000000000000	1.00000000000000000	1.00000000000000000
HRH1	33.08065416633625233	1.00000000000000000	1.00000000000000000	1.00000000000000000	1.00000000000000000	25.75708643144611187	1.00000000000000000	1.00000000000000000	1.00000000000000000	1.00000000000000000
HRH2	1.00000000000000000	1.00000000000000000	1.00000000000000000	1.00000000000000000	1.00000000000000000	1.00000000000000000	1.00000000000000000	1.00000000000000000	140.70684809912881974	71.03966331730042327
HSBP1L1	1.00000000000000000	1.00000000000000000	1.00000000000000000	21.43532298079981047	1.00000000000000000	1.00000000000000000	1.00000000000000000	1.00000000000000000	1.00000000000000000	1.00000000000000000
HSCB	27.23024635248337688	1.00000000000000000	1.00000000000000000	22.90060541707276798	1.00000000000000000	1.00000000000000000	1.00000000000000000	1.00000000000000000	1.00000000000000000	1.00000000000000000
HSD11B1	36.81230743960608010	1.00000000000000000	1.00000000000000000	82.40413625586270996	1.00000000000000000	1.00000000000000000	1.00000000000000000	1.00000000000000000	1.00000000000000000	1.00000000000000000
HSD11B2	1.00000000000000000	1.00000000000000000	1.00000000000000000	1.00000000000000000	1.00000000000000000	1.00000000000000000	41.07588422188860733	1.00000000000000000	1.00000000000000000	1.00000000000000000
HSD17B6	1.00000000000000000	45.94543433443072189	1.00000000000000000	1.00000000000000000	1.00000000000000000	1.00000000000000000	1.00000000000000000	1.00000000000000000	1.00000000000000000	1.00000000000000000
HSD3B7	70.49261500907378775	35.38688192264553578	1.00000000000000000	29.72713147894923580	1.00000000000000000	22.67373305704011344	1.00000000000000000	54.73383976065120038	1.00000000000000000	1.00000000000000000
HSDL2	1.00000000000000000	1.00000000000000000	1.00000000000000000	1.00000000000000000	1.00000000000000000	31.52509547784002564	52.94490554512125868	1.00000000000000000	90.66604675506896172	36.28840301144979463
HSPA13	1.00000000000000000	32.63385449428840701	1.00000000000000000	29.96015754563195088	1.00000000000000000	47.95132971882074457	35.14568567351339823	50.01436090517243116	1.00000000000000000	1.00000000000000000
HSPA2	1.00000000000000000	1.00000000000000000	1.00000000000000000	1.00000000000000000	1.00000000000000000	29.50955210221660963	58.88317526628426180	1.00000000000000000	106.69365489328934871	120.92527557354429746
HSPB2	1.00000000000000000	1.00000000000000000	1.00000000000000000	1.00000000000000000	1.00000000000000000	1.00000000000000000	31.53419416035404765	1.00000000000000000	50.38607791327256535	47.39044681570099016
HSPB6	89.77351472715228908	1.00000000000000000	1.00000000000000000	1.00000000000000000	1.00000000000000000	20.92800601291920515	1.00000000000000000	1.00000000000000000	72.71067288513259541	69.82281471964155628
HSPB8	44.36599667703724492	1.00000000000000000	1.00000000000000000	51.76167610792788309	1.00000000000000000	1.00000000000000000	57.29099510477033164	1.00000000000000000	100.63903796588222406	1.00000000000000000
HTR1F	1.00000000000000000	1.00000000000000000	1.00000000000000000	1.00000000000000000	1.00000000000000000	1.00000000000000000	46.42455156575606168	1.00000000000000000	1.00000000000000000	1.00000000000000000
HTRA3	321.52315632400251388	310.18403154484491324	129.76090910262757916	316.78513178280525153	90.38430348464470399	93.82327494318322181	1.00000000000000000	85.71607909530665381	1.00000000000000000	1.00000000000000000
HYOU1	1.00000000000000000	1.00000000000000000	1.00000000000000000	23.54573298458027253	1.00000000000000000	22.51263156132833032	1.00000000000000000	1.00000000000000000	1.00000000000000000	1.00000000000000000
IARS	28.95927463178615824	37.52561629457334647	1.00000000000000000	26.90174468277979969	1.00000000000000000	52.45138653629125258	34.52817924962369744	60.27528373150674668	1.00000000000000000	45.75028759842047776
ICAM4	38.97463585514049811	1.00000000000000000	1.00000000000000000	49.62407457718128256	1.00000000000000000	1.00000000000000000	1.00000000000000000	1.00000000000000000	1.00000000000000000	50.77548278120986680
ICK	1.00000000000000000	27.17944359338454063	1.00000000000000000	1.00000000000000000	1.00000000000000000	1.00000000000000000	1.00000000000000000	1.00000000000000000	1.00000000000000000	1.00000000000000000
ID4	66.43895153933959818	130.91725459032252843	277.48470124927030156	106.57430953195026291	183.84555650194224086	82.85348695044804401	342.66095999561918006	1.00000000000000000	562.45528980229141780	962.66079688513013934
IDH2	1.00000000000000000	55.44889865558278075	1.00000000000000000	31.97804994063775652	76.32798767682379548	131.09030851114530947	45.49253170921433309	52.03279114600292843	38.96796402743831322	1.00000000000000000
IDI1	34.31580850476009914	36.14267906949250175	1.00000000000000000	39.85050916832487644	109.17704044202470470	50.15289481426187734	61.20030083351635142	1.00000000000000000	69.65077354974616242	42.57540800072315790
IDO1	1.00000000000000000	1.00000000000000000	1.00000000000000000	199.29562872784867977	1.00000000000000000	1.00000000000000000	1.00000000000000000	1.00000000000000000	1.00000000000000000	1.00000000000000000
IDUA	1.00000000000000000	1.00000000000000000	1.00000000000000000	22.96762834529921093	1.00000000000000000	1.00000000000000000	1.00000000000000000	1.00000000000000000	1.00000000000000000	1.00000000000000000
IFFO1	27.59847340731379717	30.77023367127980435	1.00000000000000000	24.11409106956215709	1.00000000000000000	25.62060138566612721	1.00000000000000000	72.20308993556740518	1.00000000000000000	1.00000000000000000
IFI27L1	1.00000000000000000	1.00000000000000000	1.00000000000000000	24.24897903632347251	1.00000000000000000	38.55880197822480682	1.00000000000000000	1.00000000000000000	1.00000000000000000	1.00000000000000000
IFI44	39.40742331419161104	58.03009973150936673	121.47425503256945944	111.78938755692472284	73.07066540906339469	71.77367384829624086	103.29868138525557697	1.00000000000000000	41.37029881894114425	1.00000000000000000
IFIH1	1.00000000000000000	31.74907947666467578	1.00000000000000000	152.20281740673269155	1.00000000000000000	29.90274992376373220	59.95217231556507897	1.00000000000000000	1.00000000000000000	1.00000000000000000
IFIT2	90.12470811993959785	53.67141909810213463	103.22712431001072275	536.67521595617745334	124.31397118915474209	1.00000000000000000	311.71873759239156243	1.00000000000000000	1.00000000000000000	105.64904071358492388
IFIT5	1.00000000000000000	1.00000000000000000	1.00000000000000000	47.89434601818761905	1.00000000000000000	1.00000000000000000	40.75330117564055143	1.00000000000000000	1.00000000000000000	1.00000000000000000
IFNAR2	1.00000000000000000	1.00000000000000000	1.00000000000000000	26.09206564815694662	1.00000000000000000	21.52712886863016806	1.00000000000000000	1.00000000000000000	1.00000000000000000	1.00000000000000000
IFT22	32.50871398185086036	36.65736919905740621	1.00000000000000000	34.80593333117042931	1.00000000000000000	81.86002388129611518	1.00000000000000000	46.27621420613190395	1.00000000000000000	1.00000000000000000
IGF1	735.52118065124841451	205.41067728983182405	124.51342481071212376	203.80945620045724809	103.77050978940776815	1.00000000000000000	1.00000000000000000	1.00000000000000000	1.00000000000000000	1.00000000000000000
IGF1R	26.38419797943540246	42.89947067009529036	101.41651565099664367	25.57185162706452886	1.00000000000000000	34.59028362648754040	1.00000000000000000	43.31380018599527659	44.89199357378485189	42.28072016667550059
IGF2	430.59575853909734633	114.19719093709097990	1.00000000000000000	1.00000000000000000	1.00000000000000000	1.00000000000000000	1.00000000000000000	109.24078844856184389	1.00000000000000000	1.00000000000000000
IGFBP3	95.88801853623758120	284.10681130340941536	350.33702080880686935	156.96610899696500496	150.20720690123630447	111.37125617971608449	1.00000000000000000	865.05220779532191955	1.00000000000000000	1.00000000000000000
IGFBP5	790.39352207514502879	1028.27422088388061638	1054.07454383991125724	778.03921875867922608	630.10734811213944795	259.45371817800042891	312.09405681196471960	1829.77724756704219544	1299.19036540827073622	4361.75067935306378786
IGFBP6	1345.61096162209423710	258.86167972742867960	126.89192252460762234	249.69809440248849342	182.50828238496166023	275.44530613420772625	1.00000000000000000	311.30876244389475005	1.00000000000000000	57.43573391689929508
IGHA1	48.28223265396161423	42.35675828197181403	106.68818546396525448	43.69943095955941459	1118.04187979996686408	1.00000000000000000	1.00000000000000000	1.00000000000000000	1.00000000000000000	1.00000000000000000
IGKC	366.31035826795903176	182.35405525729123610	477.83254992485103685	179.14918100162367409	2497.22084409025956120	216.26578042206432428	174.35945048515861799	221.17513063355980307	200.24621345489157420	148.41685488145802196
IGLC2	109.96003719532005505	49.93381075201105546	167.85751659550231807	42.67074089860220454	1882.23541563736489479	1.00000000000000000	59.30472156296297470	67.82544079950997684	61.75409476248409391	71.24606960916734977
IGLC3	1.00000000000000000	1.00000000000000000	1.00000000000000000	1.00000000000000000	971.76129690384982496	1.00000000000000000	1.00000000000000000	1.00000000000000000	1.00000000000000000	1.00000000000000000
IGSF10	39.32315761195235382	1.00000000000000000	1.00000000000000000	1.00000000000000000	1.00000000000000000	1.00000000000000000	1.00000000000000000	1.00000000000000000	1.00000000000000000	1.00000000000000000
IGSF8	1.00000000000000000	24.91298084358339437	1.00000000000000000	23.86882063745034799	1.00000000000000000	1.00000000000000000	1.00000000000000000	1.00000000000000000	1.00000000000000000	1.00000000000000000
IKBKG	1.00000000000000000	1.00000000000000000	1.00000000000000000	1.00000000000000000	1.00000000000000000	36.36804071616543865	1.00000000000000000	1.00000000000000000	1.00000000000000000	1.00000000000000000
IL10RB	49.58651059087427626	45.73739032432776952	1.00000000000000000	48.32990052404495884	1.00000000000000000	29.30256096433242874	37.63466433091936381	50.07486242749729399	1.00000000000000000	1.00000000000000000
IL11RA	54.47419814289738582	1.00000000000000000	1.00000000000000000	40.89501081848029429	1.00000000000000000	1.00000000000000000	1.00000000000000000	1.00000000000000000	1.00000000000000000	1.00000000000000000
IL15RA	52.43824383050267812	25.42446525642219157	1.00000000000000000	79.85909473330207220	1.00000000000000000	1.00000000000000000	1.00000000000000000	1.00000000000000000	1.00000000000000000	1.00000000000000000
IL17RC	1.00000000000000000	1.00000000000000000	1.00000000000000000	1.00000000000000000	1.00000000000000000	39.41305420379062241	1.00000000000000000	1.00000000000000000	1.00000000000000000	1.00000000000000000
IL18BP	1.00000000000000000	1.00000000000000000	1.00000000000000000	46.71024624465180608	1.00000000000000000	1.00000000000000000	1.00000000000000000	1.00000000000000000	1.00000000000000000	1.00000000000000000
IL1B	1.00000000000000000	1.00000000000000000	1.00000000000000000	1.00000000000000000	144.27533430564398031	1.00000000000000000	1.00000000000000000	1.00000000000000000	1.00000000000000000	1.00000000000000000
IL33	26.87155845045462144	1.00000000000000000	1.00000000000000000	1.00000000000000000	1.00000000000000000	1.00000000000000000	1.00000000000000000	1.00000000000000000	1.00000000000000000	1.00000000000000000
IL34	1.00000000000000000	1.00000000000000000	1.00000000000000000	44.81118150808114819	1.00000000000000000	1.00000000000000000	33.56165025995985474	1.00000000000000000	1.00000000000000000	49.89895127607546499
IL4I1	1.00000000000000000	1.00000000000000000	1.00000000000000000	70.82409580198377341	1.00000000000000000	1.00000000000000000	1.00000000000000000	1.00000000000000000	1.00000000000000000	1.00000000000000000
IL4R	27.14378910708263959	29.31399247641585859	91.44038772151898797	41.36866303062178218	1.00000000000000000	24.23900207658798678	39.31007577431074651	1.00000000000000000	49.30139834511904695	1.00000000000000000
IL6	307.78585764673380254	61.35556518932099124	1.00000000000000000	132.63649938033029230	133.14618828701682673	97.73514717948293651	100.00384228697819822	1.00000000000000000	257.35318156451120331	289.92514460321399383
IL7R	1.00000000000000000	1.00000000000000000	1.00000000000000000	1.00000000000000000	212.14116451231313931	59.44704902693340642	1.00000000000000000	1.00000000000000000	1.00000000000000000	1.00000000000000000
ILKAP	1.00000000000000000	1.00000000000000000	1.00000000000000000	21.23359723677689459	1.00000000000000000	56.32944030929442647	1.00000000000000000	1.00000000000000000	1.00000000000000000	1.00000000000000000
ILVBL	1.00000000000000000	29.88595228956960170	1.00000000000000000	21.64860705326959689	1.00000000000000000	50.06371331103784428	1.00000000000000000	55.15331626932798059	1.00000000000000000	1.00000000000000000
IMMP1L	1.00000000000000000	1.00000000000000000	1.00000000000000000	1.00000000000000000	1.00000000000000000	30.61371342423632314	1.00000000000000000	1.00000000000000000	1.00000000000000000	1.00000000000000000
IMMP2L	1.00000000000000000	1.00000000000000000	1.00000000000000000	1.00000000000000000	1.00000000000000000	1.00000000000000000	1.00000000000000000	1.00000000000000000	1.00000000000000000	52.63486868080391901
IMPA2	1.00000000000000000	1.00000000000000000	1.00000000000000000	1.00000000000000000	1.00000000000000000	45.68293428122547084	1.00000000000000000	1.00000000000000000	1.00000000000000000	51.74622237424840421
IMPDH1	1.00000000000000000	28.98603473805496122	1.00000000000000000	1.00000000000000000	1.00000000000000000	38.49996882074778171	1.00000000000000000	34.52906956099859315	1.00000000000000000	1.00000000000000000
INF2	1.00000000000000000	25.85122179008510201	1.00000000000000000	1.00000000000000000	1.00000000000000000	38.02311928876047631	58.92992486265899998	1.00000000000000000	69.10735370329643956	1.00000000000000000
ING2	1.00000000000000000	1.00000000000000000	1.00000000000000000	1.00000000000000000	1.00000000000000000	32.27311167119468394	1.00000000000000000	1.00000000000000000	1.00000000000000000	1.00000000000000000
ING3	1.00000000000000000	1.00000000000000000	1.00000000000000000	1.00000000000000000	1.00000000000000000	22.58111783548358531	36.79539304513159692	1.00000000000000000	34.18051302492101939	1.00000000000000000
INMT	33.13861545893482230	1.00000000000000000	1.00000000000000000	1.00000000000000000	1.00000000000000000	1.00000000000000000	1.00000000000000000	1.00000000000000000	1.00000000000000000	61.53644010071246839
INO80	1.00000000000000000	1.00000000000000000	1.00000000000000000	23.28118666411075566	1.00000000000000000	28.00795850936096087	1.00000000000000000	1.00000000000000000	1.00000000000000000	1.00000000000000000
INO80D	1.00000000000000000	1.00000000000000000	1.00000000000000000	27.98247829883824522	1.00000000000000000	1.00000000000000000	33.88636902118383176	1.00000000000000000	36.13425381310546669	41.81392646367229560
INO80E	1.00000000000000000	25.07398705271767625	1.00000000000000000	19.53981705234219746	1.00000000000000000	25.79341971460494776	1.00000000000000000	1.00000000000000000	1.00000000000000000	1.00000000000000000
INPP4B	1.00000000000000000	1.00000000000000000	1.00000000000000000	1.00000000000000000	1.00000000000000000	1.00000000000000000	159.17708879684877843	1.00000000000000000	125.12219346152905075	87.03825056858265441
INPP5A	1.00000000000000000	1.00000000000000000	1.00000000000000000	1.00000000000000000	1.00000000000000000	1.00000000000000000	1.00000000000000000	1.00000000000000000	50.10753509683387819	1.00000000000000000
INPPL1	1.00000000000000000	26.56933959311759352	1.00000000000000000	1.00000000000000000	1.00000000000000000	18.90117960004259601	32.64379637552817570	1.00000000000000000	1.00000000000000000	1.00000000000000000
INSIG1	67.51646870400084310	40.35229673153329344	99.02376918695264862	53.91270887523199207	1.00000000000000000	24.69082042823131928	1.00000000000000000	1.00000000000000000	1.00000000000000000	1.00000000000000000
INSIG2	1.00000000000000000	33.64767542752947804	1.00000000000000000	24.43547420664510383	1.00000000000000000	1.00000000000000000	1.00000000000000000	164.49923640591870821	1.00000000000000000	40.55537688461425461
INTS14	1.00000000000000000	1.00000000000000000	1.00000000000000000	1.00000000000000000	1.00000000000000000	27.61841858610231881	1.00000000000000000	1.00000000000000000	1.00000000000000000	1.00000000000000000
IP6K1	1.00000000000000000	1.00000000000000000	1.00000000000000000	1.00000000000000000	1.00000000000000000	1.00000000000000000	31.73570756892729960	1.00000000000000000	1.00000000000000000	34.38648766777668442
IPO9	1.00000000000000000	26.46201559401396253	1.00000000000000000	23.86956695193406119	1.00000000000000000	47.77678753041572435	1.00000000000000000	1.00000000000000000	1.00000000000000000	1.00000000000000000
IQSEC1	1.00000000000000000	26.95284640891463823	1.00000000000000000	1.00000000000000000	1.00000000000000000	1.00000000000000000	54.23769436246598730	1.00000000000000000	45.79458355377084189	1.00000000000000000
IRF8	1.00000000000000000	1.00000000000000000	1.00000000000000000	37.03371783932178829	1.00000000000000000	1.00000000000000000	1.00000000000000000	1.00000000000000000	1.00000000000000000	51.95213882862181265
IRF9	40.53908292800602453	46.77142972948775679	146.90032149021482155	67.42967537483444573	1.00000000000000000	30.28065305177288025	71.06853683255029352	1.00000000000000000	57.46655736352738586	77.66211682435654495
IRS2	66.77358084300470864	64.02307483564628399	128.34515646519199095	48.07329535149512623	67.05079122583597950	1.00000000000000000	1.00000000000000000	63.39069976820493935	41.61699364997288342	1.00000000000000000
IRX3	1.00000000000000000	1.00000000000000000	1.00000000000000000	1.00000000000000000	1.00000000000000000	21.19742050782676301	1.00000000000000000	42.80798311035342607	1.00000000000000000	1.00000000000000000
ISG20	1.00000000000000000	1.00000000000000000	1.00000000000000000	144.97761560570833694	110.29976383618033253	1.00000000000000000	54.97498193853625281	1.00000000000000000	1.00000000000000000	1.00000000000000000
ISM1	41.83180150450253620	1.00000000000000000	1.00000000000000000	1.00000000000000000	1.00000000000000000	1.00000000000000000	1.00000000000000000	1.00000000000000000	1.00000000000000000	1.00000000000000000
ISYNA1	1.00000000000000000	1.00000000000000000	1.00000000000000000	1.00000000000000000	65.81204834883712351	42.56806486551372615	143.76893024555209877	1.00000000000000000	197.15133892255090586	194.99545971944846201
ITCH	1.00000000000000000	1.00000000000000000	1.00000000000000000	23.71351613157335692	1.00000000000000000	1.00000000000000000	1.00000000000000000	1.00000000000000000	1.00000000000000000	1.00000000000000000
ITGA11	31.44547499038582217	133.94683013252020487	1.00000000000000000	57.71089919168996119	1.00000000000000000	34.87438235282331789	1.00000000000000000	101.86473291347552106	1.00000000000000000	1.00000000000000000
ITGA3	1.00000000000000000	1.00000000000000000	1.00000000000000000	1.00000000000000000	1.00000000000000000	1.00000000000000000	47.09228094338621418	1.00000000000000000	72.85118798918377081	1.00000000000000000
ITGA4	1.00000000000000000	1.00000000000000000	1.00000000000000000	1.00000000000000000	1.00000000000000000	22.32076661851302646	50.28026033499602221	1.00000000000000000	1.00000000000000000	1.00000000000000000
ITGA5	61.72721809094397827	96.35772908302070050	228.17067396920438682	101.28650365096397934	1.00000000000000000	164.18430795133713218	36.41911795657019724	216.02201659388248345	44.62896370620246955	1.00000000000000000
ITGA7	1.00000000000000000	1.00000000000000000	1.00000000000000000	1.00000000000000000	1.00000000000000000	1.00000000000000000	88.80718538828330111	1.00000000000000000	123.53982265098926518	115.28181429457399076
ITGA8	1.00000000000000000	1.00000000000000000	1.00000000000000000	1.00000000000000000	1.00000000000000000	1.00000000000000000	1.00000000000000000	1.00000000000000000	50.56505715087929076	1.00000000000000000
ITGB3BP	1.00000000000000000	1.00000000000000000	1.00000000000000000	1.00000000000000000	1.00000000000000000	66.02345687320931233	1.00000000000000000	1.00000000000000000	1.00000000000000000	1.00000000000000000
ITGBL1	121.02777442479568037	321.31003468614409257	148.95069632440427654	180.29379575051129336	94.78336920525536868	130.49975584051884425	1.00000000000000000	192.43959209368620122	1.00000000000000000	1.00000000000000000
ITIH3	1.00000000000000000	1.00000000000000000	1.00000000000000000	1.00000000000000000	1.00000000000000000	1.00000000000000000	1.00000000000000000	1.00000000000000000	45.51790151543530527	1.00000000000000000
ITIH5	118.49059976113129267	1.00000000000000000	1.00000000000000000	1.00000000000000000	1.00000000000000000	1.00000000000000000	55.08877292442426921	1.00000000000000000	88.88262795068442301	1.00000000000000000
ITM2A	267.46512512426625108	52.46979781978441082	1.00000000000000000	83.02494799979638174	68.56123533233650846	1.00000000000000000	1.00000000000000000	1.00000000000000000	1.00000000000000000	1.00000000000000000
ITPK1	1.00000000000000000	1.00000000000000000	1.00000000000000000	1.00000000000000000	1.00000000000000000	1.00000000000000000	1.00000000000000000	1.00000000000000000	41.82277522487748911	1.00000000000000000
ITPKC	50.33997540001977455	33.68851697974441350	1.00000000000000000	69.50691678103898141	1.00000000000000000	24.02312016145758022	1.00000000000000000	1.00000000000000000	1.00000000000000000	1.00000000000000000
ITPR1	1.00000000000000000	1.00000000000000000	1.00000000000000000	1.00000000000000000	1.00000000000000000	1.00000000000000000	48.31083812035121383	1.00000000000000000	46.47550648575091259	1.00000000000000000
ITPRIP	34.92861677870715909	66.59801182698923583	115.07078846804800776	63.37830459705396891	1.00000000000000000	36.66092061764377519	38.96136122787198985	42.73969844890239500	1.00000000000000000	1.00000000000000000
ITSN1	47.15502744751155717	48.08509547279688690	1.00000000000000000	31.00018818704536017	1.00000000000000000	27.45322830900766320	39.62266525778444759	1.00000000000000000	1.00000000000000000	48.91006581021898114
IVNS1ABP	33.05631270297799773	33.01948500022317035	110.73158772247654724	36.90035040177647119	87.15946119540873838	39.60409076747606605	44.08034338680653974	1.00000000000000000	36.52770106421739627	1.00000000000000000
JADE1	33.19693474807093736	1.00000000000000000	1.00000000000000000	1.00000000000000000	1.00000000000000000	30.39164927872316113	1.00000000000000000	1.00000000000000000	44.83278739171237959	41.25750427601948900
JAK2	1.00000000000000000	1.00000000000000000	1.00000000000000000	43.56608876172428779	1.00000000000000000	1.00000000000000000	1.00000000000000000	1.00000000000000000	1.00000000000000000	1.00000000000000000
JAM2	1.00000000000000000	36.41807214245176283	1.00000000000000000	48.92113897795437083	1.00000000000000000	1.00000000000000000	1.00000000000000000	55.09921131004732331	1.00000000000000000	1.00000000000000000
JARID2	1.00000000000000000	1.00000000000000000	1.00000000000000000	1.00000000000000000	1.00000000000000000	1.00000000000000000	37.95006010122047257	1.00000000000000000	1.00000000000000000	1.00000000000000000
JAZF1	27.01373362202100381	26.82218411229214539	1.00000000000000000	1.00000000000000000	1.00000000000000000	1.00000000000000000	28.78591708549380002	1.00000000000000000	1.00000000000000000	1.00000000000000000
JCAD	1.00000000000000000	40.24244205753372938	1.00000000000000000	31.12870260008223156	1.00000000000000000	34.92337421611857451	1.00000000000000000	1.00000000000000000	1.00000000000000000	1.00000000000000000
JCHAIN	1.00000000000000000	1.00000000000000000	1.00000000000000000	1.00000000000000000	383.24395401109995873	1.00000000000000000	1.00000000000000000	1.00000000000000000	1.00000000000000000	1.00000000000000000
JMY	1.00000000000000000	1.00000000000000000	1.00000000000000000	1.00000000000000000	1.00000000000000000	1.00000000000000000	30.49528554248703571	1.00000000000000000	1.00000000000000000	1.00000000000000000
JOSD1	39.11748534440994263	49.43237952904587473	133.05874832908031635	45.14726888180458531	88.36780033631228548	47.50801223607458468	48.57558763050757733	49.22417738395027698	55.55471510859447193	1.00000000000000000
JPT2	1.00000000000000000	1.00000000000000000	1.00000000000000000	1.00000000000000000	1.00000000000000000	28.01998764444152457	1.00000000000000000	1.00000000000000000	1.00000000000000000	1.00000000000000000
KAT6A	37.57629575167838709	33.43696315099682437	82.81481990403818827	27.33156445369135312	1.00000000000000000	41.50676464604498506	48.94360132232587546	1.00000000000000000	52.53880393797639670	42.35230829741422554
KAT6B	39.94712816085777973	38.68563573235532971	119.28148385459644487	29.66552385190925634	1.00000000000000000	48.09640016521311878	55.56898510684106185	52.04080802092062896	57.90894777411897820	55.97455793857696449
KAT7	1.00000000000000000	1.00000000000000000	1.00000000000000000	1.00000000000000000	1.00000000000000000	43.28198776936785919	33.12227308797184122	1.00000000000000000	37.98551971234437730	1.00000000000000000
KAT8	26.53582973504413189	1.00000000000000000	1.00000000000000000	1.00000000000000000	1.00000000000000000	1.00000000000000000	1.00000000000000000	1.00000000000000000	1.00000000000000000	1.00000000000000000
KAZN	42.09899813589783690	1.00000000000000000	1.00000000000000000	1.00000000000000000	1.00000000000000000	1.00000000000000000	1.00000000000000000	1.00000000000000000	45.24649394990929352	1.00000000000000000
KBTBD2	1.00000000000000000	1.00000000000000000	1.00000000000000000	27.46541085086800038	1.00000000000000000	38.99079752081399874	37.79803630831176520	1.00000000000000000	1.00000000000000000	40.15163836773586326
KCNA5	1.00000000000000000	1.00000000000000000	1.00000000000000000	1.00000000000000000	1.00000000000000000	1.00000000000000000	1.00000000000000000	1.00000000000000000	59.00747899588401424	1.00000000000000000
KCNAB1	1.00000000000000000	1.00000000000000000	1.00000000000000000	1.00000000000000000	1.00000000000000000	1.00000000000000000	1.00000000000000000	1.00000000000000000	95.74413495647124250	1.00000000000000000
KCNJ8	1.00000000000000000	1.00000000000000000	1.00000000000000000	1.00000000000000000	1.00000000000000000	38.46242364150235460	229.29666257410917751	1.00000000000000000	65.62822102411976743	209.56372505811910401
KCNMB1	1.00000000000000000	1.00000000000000000	1.00000000000000000	1.00000000000000000	1.00000000000000000	1.00000000000000000	38.47710137904049787	1.00000000000000000	98.42006639371710719	1.00000000000000000
KCNS3	1.00000000000000000	1.00000000000000000	1.00000000000000000	1.00000000000000000	1.00000000000000000	1.00000000000000000	65.15157781430110617	1.00000000000000000	41.82943777075887226	1.00000000000000000
KCTD10	1.00000000000000000	29.39054590556627033	1.00000000000000000	22.61593160987807138	1.00000000000000000	16.35191067220470273	1.00000000000000000	1.00000000000000000	35.32085539643711769	1.00000000000000000
KCTD11	1.00000000000000000	29.06839547559909676	1.00000000000000000	54.31053120069404372	1.00000000000000000	1.00000000000000000	1.00000000000000000	77.01171985033580825	1.00000000000000000	1.00000000000000000
KCTD12	62.59313425269747455	66.87878273073471291	67.80035019237189431	75.40867011541541842	1.00000000000000000	44.18435148139018054	1.00000000000000000	52.74185164206601684	1.00000000000000000	55.15436131912861129
KCTD17	1.00000000000000000	1.00000000000000000	1.00000000000000000	19.52813675889384726	1.00000000000000000	65.86386991782757150	1.00000000000000000	1.00000000000000000	1.00000000000000000	1.00000000000000000
KCTD3	33.19169524495711698	26.36738921968856530	1.00000000000000000	24.00996084412949472	1.00000000000000000	29.78529073768329027	1.00000000000000000	1.00000000000000000	1.00000000000000000	37.40636673896307229
KCTD9	1.00000000000000000	1.00000000000000000	1.00000000000000000	1.00000000000000000	1.00000000000000000	27.55198869983377108	1.00000000000000000	1.00000000000000000	1.00000000000000000	1.00000000000000000
KDELR3	62.17838256518662376	130.16350200473249288	1.00000000000000000	83.26756456738526424	1.00000000000000000	140.47961280461473166	1.00000000000000000	91.18919195546159528	1.00000000000000000	1.00000000000000000
KDM1A	28.39055172271921990	32.21302584244846656	1.00000000000000000	31.74443573362824367	1.00000000000000000	42.01820709007229482	28.03878774370621940	37.63087914712832571	1.00000000000000000	1.00000000000000000
KDM4B	1.00000000000000000	25.25557440659939346	1.00000000000000000	1.00000000000000000	1.00000000000000000	1.00000000000000000	1.00000000000000000	1.00000000000000000	1.00000000000000000	1.00000000000000000
KDM5B	44.57859079568046923	55.29796069292236638	82.11911401784605857	41.03092188467676493	1.00000000000000000	51.31136015779408410	43.70841374817690195	55.53661603974906313	1.00000000000000000	38.81627987995881313
KDM5C	1.00000000000000000	24.98076309752115165	1.00000000000000000	19.00642201264924225	1.00000000000000000	41.34675777514942752	1.00000000000000000	1.00000000000000000	1.00000000000000000	1.00000000000000000
KDM6B	246.65274024958705468	181.12283390366403069	782.06238111316531558	303.22182164632346257	225.42852324500623240	123.66835786655704510	199.80953473337748960	140.23794328974517498	173.01468139167741356	258.03410242485347226
KDM7A	31.48112343209148278	1.00000000000000000	1.00000000000000000	24.74480010897204707	1.00000000000000000	1.00000000000000000	1.00000000000000000	1.00000000000000000	1.00000000000000000	1.00000000000000000
KHDC4	1.00000000000000000	1.00000000000000000	1.00000000000000000	1.00000000000000000	1.00000000000000000	16.97151202626404753	31.19042713671658973	1.00000000000000000	1.00000000000000000	32.72551590820249601
KIAA0040	1.00000000000000000	1.00000000000000000	1.00000000000000000	1.00000000000000000	1.00000000000000000	1.00000000000000000	161.30096887932856475	1.00000000000000000	183.92368326485780017	65.37977911645984364
KIAA0232	1.00000000000000000	27.27629476507592443	1.00000000000000000	1.00000000000000000	1.00000000000000000	24.40229024353891418	36.24891670417675016	1.00000000000000000	39.19491632388218960	1.00000000000000000
KIAA0355	1.00000000000000000	32.71068266871357366	1.00000000000000000	1.00000000000000000	1.00000000000000000	1.00000000000000000	1.00000000000000000	1.00000000000000000	1.00000000000000000	1.00000000000000000
KIAA0368	1.00000000000000000	25.00389654929032446	1.00000000000000000	25.55517555480961178	1.00000000000000000	20.08770844754873863	1.00000000000000000	1.00000000000000000	1.00000000000000000	1.00000000000000000
KIAA0586	1.00000000000000000	1.00000000000000000	1.00000000000000000	1.00000000000000000	1.00000000000000000	49.95079357336392434	1.00000000000000000	1.00000000000000000	1.00000000000000000	1.00000000000000000
KIAA0930	75.44033654417792434	68.89724253904792306	94.16071018343978949	74.19912163192407206	1.00000000000000000	53.30927662596885597	1.00000000000000000	41.63877458339160142	1.00000000000000000	1.00000000000000000
KIAA1191	1.00000000000000000	25.26367613824821490	1.00000000000000000	20.02813174291023657	1.00000000000000000	33.95880987996424949	1.00000000000000000	46.23435361997641024	34.07040379724261214	30.00856015647443797
KIAA1217	35.63186220103457202	127.09827727268014996	108.85228459804065437	94.71720521391870307	1.00000000000000000	41.21973948506536800	39.30839248019873367	69.37399744781409083	47.94579869890762325	1.00000000000000000
KIAA1551	28.85356997330617190	30.27717697654586715	1.00000000000000000	28.41041359881755213	94.02804760965264563	20.66625489310268193	48.45301939248705025	1.00000000000000000	48.02632787473883269	61.54932191714583922
KIAA1755	1.00000000000000000	1.00000000000000000	1.00000000000000000	27.35374827859896740	1.00000000000000000	1.00000000000000000	1.00000000000000000	1.00000000000000000	1.00000000000000000	1.00000000000000000
KIAA2026	35.75785978578672797	37.15841160056633896	101.02104867891624451	36.91958731037831853	1.00000000000000000	43.23029799628274361	45.53412396488636205	1.00000000000000000	46.95819152782090100	54.36524848167788804
KIF11	1.00000000000000000	1.00000000000000000	1.00000000000000000	1.00000000000000000	1.00000000000000000	46.74295594027444167	1.00000000000000000	1.00000000000000000	1.00000000000000000	1.00000000000000000
KIF13A	26.06401156112984907	35.13234517281318858	1.00000000000000000	28.23242291176917362	1.00000000000000000	1.00000000000000000	31.11341267066937277	1.00000000000000000	45.82320280808701085	1.00000000000000000
KIF14	1.00000000000000000	1.00000000000000000	1.00000000000000000	1.00000000000000000	1.00000000000000000	51.88259689224433657	1.00000000000000000	1.00000000000000000	1.00000000000000000	1.00000000000000000
KIF15	1.00000000000000000	1.00000000000000000	1.00000000000000000	1.00000000000000000	1.00000000000000000	31.81225474017186627	1.00000000000000000	1.00000000000000000	1.00000000000000000	1.00000000000000000
KIF1B	39.80644668539948583	38.67485188263636076	106.71850824657774126	33.02410593562249375	1.00000000000000000	34.96231469479987197	42.28906970743531701	42.18838272210305007	51.73278541735582081	48.66094661188066084
KIF1C	1.00000000000000000	25.72598471891718219	1.00000000000000000	1.00000000000000000	1.00000000000000000	17.47095693382682313	1.00000000000000000	1.00000000000000000	48.56477425974993167	1.00000000000000000
KIF20A	1.00000000000000000	1.00000000000000000	1.00000000000000000	1.00000000000000000	1.00000000000000000	41.89574032132499326	1.00000000000000000	1.00000000000000000	1.00000000000000000	1.00000000000000000
KIF20B	1.00000000000000000	1.00000000000000000	1.00000000000000000	1.00000000000000000	1.00000000000000000	174.59077918840671373	1.00000000000000000	1.00000000000000000	1.00000000000000000	1.00000000000000000
KIF22	1.00000000000000000	1.00000000000000000	1.00000000000000000	1.00000000000000000	1.00000000000000000	99.97527463823759319	1.00000000000000000	1.00000000000000000	1.00000000000000000	1.00000000000000000
KIF23	1.00000000000000000	1.00000000000000000	1.00000000000000000	1.00000000000000000	1.00000000000000000	137.64714007830642117	1.00000000000000000	1.00000000000000000	1.00000000000000000	1.00000000000000000
KIF26B	1.00000000000000000	51.75736949537085252	1.00000000000000000	30.80080924480675009	1.00000000000000000	22.33385551658836476	1.00000000000000000	46.10324379080666546	1.00000000000000000	1.00000000000000000
KIF2C	1.00000000000000000	1.00000000000000000	1.00000000000000000	1.00000000000000000	1.00000000000000000	42.23343418078855649	1.00000000000000000	1.00000000000000000	1.00000000000000000	1.00000000000000000
KIF3B	1.00000000000000000	25.68225699786960092	1.00000000000000000	21.29196330827522132	1.00000000000000000	30.28249384449501136	1.00000000000000000	1.00000000000000000	1.00000000000000000	1.00000000000000000
KIF4A	1.00000000000000000	1.00000000000000000	1.00000000000000000	1.00000000000000000	1.00000000000000000	46.59016645667056622	1.00000000000000000	1.00000000000000000	1.00000000000000000	1.00000000000000000
KIFC1	1.00000000000000000	1.00000000000000000	1.00000000000000000	1.00000000000000000	1.00000000000000000	60.31838219053113193	1.00000000000000000	1.00000000000000000	1.00000000000000000	1.00000000000000000
KIFC3	1.00000000000000000	32.41235387162998904	1.00000000000000000	21.15279935656385035	1.00000000000000000	24.94580550400276309	1.00000000000000000	47.75024426137124323	1.00000000000000000	1.00000000000000000
KITLG	32.93147243882795294	1.00000000000000000	1.00000000000000000	23.40777139549118502	1.00000000000000000	26.06254733975309890	70.30078284767623131	1.00000000000000000	1.00000000000000000	1.00000000000000000
KIZ	27.47369320184649411	1.00000000000000000	1.00000000000000000	1.00000000000000000	1.00000000000000000	1.00000000000000000	1.00000000000000000	1.00000000000000000	1.00000000000000000	1.00000000000000000
KLC1	37.50026926557713836	42.14136869512891792	98.79021466708638854	35.23207165621468562	1.00000000000000000	36.28350744476998102	54.98368399743154100	45.42528603743206617	61.39854572971842828	1.00000000000000000
KLF11	32.62245986434088962	1.00000000000000000	1.00000000000000000	1.00000000000000000	1.00000000000000000	1.00000000000000000	58.75803425664184232	1.00000000000000000	82.64619661072849510	62.03747941936482846
KLHDC8B	1.00000000000000000	1.00000000000000000	1.00000000000000000	1.00000000000000000	1.00000000000000000	18.52323575957732871	60.85766183906063276	1.00000000000000000	50.58405730079523011	1.00000000000000000
KLHL20	1.00000000000000000	1.00000000000000000	1.00000000000000000	21.28309049713968193	1.00000000000000000	1.00000000000000000	1.00000000000000000	1.00000000000000000	1.00000000000000000	1.00000000000000000
KLHL23	1.00000000000000000	1.00000000000000000	1.00000000000000000	1.00000000000000000	1.00000000000000000	1.00000000000000000	133.77720230410946556	1.00000000000000000	144.83838708338899437	1.00000000000000000
KLHL24	34.32253895855768633	36.83247267061172892	90.95068847864808959	30.69792819737690692	1.00000000000000000	1.00000000000000000	45.86002178318111788	1.00000000000000000	43.16332179411504910	46.91827644570577149
KLHL36	1.00000000000000000	1.00000000000000000	1.00000000000000000	1.00000000000000000	1.00000000000000000	1.00000000000000000	31.65362593370181443	1.00000000000000000	34.60231263523301948	1.00000000000000000
KLHL5	1.00000000000000000	1.00000000000000000	1.00000000000000000	26.73927360392290353	1.00000000000000000	22.50189846787565884	1.00000000000000000	1.00000000000000000	1.00000000000000000	1.00000000000000000
KMT2B	1.00000000000000000	1.00000000000000000	1.00000000000000000	1.00000000000000000	1.00000000000000000	19.68160371217629034	35.82697916241360758	1.00000000000000000	35.74709610724665509	34.50224740525531786
KMT5A	1.00000000000000000	24.47896831221532921	1.00000000000000000	23.02757364696158149	1.00000000000000000	67.39170860958249420	1.00000000000000000	1.00000000000000000	1.00000000000000000	1.00000000000000000
KNL1	1.00000000000000000	1.00000000000000000	1.00000000000000000	1.00000000000000000	1.00000000000000000	105.44979920534241558	1.00000000000000000	1.00000000000000000	1.00000000000000000	1.00000000000000000
KNSTRN	1.00000000000000000	1.00000000000000000	1.00000000000000000	1.00000000000000000	1.00000000000000000	63.77545702135395089	1.00000000000000000	1.00000000000000000	1.00000000000000000	1.00000000000000000
KPNA2	31.27012770485064408	1.00000000000000000	1.00000000000000000	31.35554278958995766	1.00000000000000000	252.69881498133125319	61.48808445712464987	1.00000000000000000	52.59540325337540878	51.43520532168048476
KREMEN1	30.37979278890200519	1.00000000000000000	1.00000000000000000	1.00000000000000000	1.00000000000000000	1.00000000000000000	1.00000000000000000	1.00000000000000000	1.00000000000000000	1.00000000000000000
KRT17	1.00000000000000000	1.00000000000000000	1.00000000000000000	1.00000000000000000	1.00000000000000000	28.26997373208157427	1.00000000000000000	1.00000000000000000	1.00000000000000000	1.00000000000000000
KRT18	1.00000000000000000	1.00000000000000000	1.00000000000000000	1.00000000000000000	304.05078820549590546	64.76140694570402445	59.92383994888123766	1.00000000000000000	86.67883966521799266	138.92830741352753421
KRT19	1.00000000000000000	37.00006046802835158	138.29613882974479111	1.00000000000000000	327.60898139143364460	76.90551492409996115	1.00000000000000000	74.77050504086916760	1.00000000000000000	1.00000000000000000
KRT8	1.00000000000000000	1.00000000000000000	1.00000000000000000	1.00000000000000000	192.99063645322462435	1.00000000000000000	31.61395528516498743	1.00000000000000000	1.00000000000000000	89.74903345129365562
LAGE3	36.74973920531228089	45.89838504236089989	1.00000000000000000	39.53013625139575993	59.50862179108097649	33.58081450919964794	1.00000000000000000	58.80675661912831487	1.00000000000000000	1.00000000000000000
LAMA2	161.14009353009956271	64.68903104259565850	1.00000000000000000	66.95202169874067977	1.00000000000000000	1.00000000000000000	1.00000000000000000	1.00000000000000000	1.00000000000000000	1.00000000000000000
LAMA3	1.00000000000000000	1.00000000000000000	1.00000000000000000	1.00000000000000000	1.00000000000000000	1.00000000000000000	1.00000000000000000	1.00000000000000000	36.57603992168036200	1.00000000000000000
LAMA5	1.00000000000000000	1.00000000000000000	1.00000000000000000	1.00000000000000000	1.00000000000000000	1.00000000000000000	69.44568977419993416	1.00000000000000000	93.13100678507939278	31.16991759064013223
LAMP5	1.00000000000000000	84.44342525605814842	1.00000000000000000	1.00000000000000000	1.00000000000000000	1.00000000000000000	1.00000000000000000	1.00000000000000000	1.00000000000000000	1.00000000000000000
LAPTM4B	48.13037584576435535	44.85507101436069632	1.00000000000000000	45.40681052646098692	1.00000000000000000	55.79615460194514043	87.90566098044335774	1.00000000000000000	43.34594389746597187	120.75982065096262374
LAPTM5	1.00000000000000000	1.00000000000000000	1.00000000000000000	1.00000000000000000	143.85630261846932854	1.00000000000000000	1.00000000000000000	1.00000000000000000	1.00000000000000000	1.00000000000000000
LARP6	73.29288412038560807	45.80700440903104464	1.00000000000000000	47.49368673661958695	1.00000000000000000	62.71451490893505110	1.00000000000000000	85.33481577303653864	1.00000000000000000	44.17995826666371784
LAS1L	1.00000000000000000	1.00000000000000000	1.00000000000000000	1.00000000000000000	1.00000000000000000	33.06554368810987654	1.00000000000000000	1.00000000000000000	1.00000000000000000	1.00000000000000000
LAYN	1.00000000000000000	46.44168619080721783	1.00000000000000000	33.00930731779593685	1.00000000000000000	30.45212929409670011	1.00000000000000000	71.94571457782446089	1.00000000000000000	1.00000000000000000
LBR	1.00000000000000000	1.00000000000000000	1.00000000000000000	24.27276666165289143	1.00000000000000000	70.46807194476188840	40.32342054214292659	1.00000000000000000	45.72647042355341540	55.03672281474253936
LCA5	1.00000000000000000	1.00000000000000000	1.00000000000000000	1.00000000000000000	1.00000000000000000	1.00000000000000000	30.87227676116245334	1.00000000000000000	1.00000000000000000	1.00000000000000000
LCMT1	30.38467094971531424	32.07689157426065663	1.00000000000000000	32.55651732704770041	1.00000000000000000	27.41568901140801628	27.81921463476191647	40.63094306657147570	1.00000000000000000	1.00000000000000000
LCOR	1.00000000000000000	29.99945754138910914	94.14512793103425281	28.58815217080195481	1.00000000000000000	27.81841140774740140	39.40287540302787050	1.00000000000000000	37.66751116029024615	1.00000000000000000
LCP1	1.00000000000000000	1.00000000000000000	1.00000000000000000	1.00000000000000000	73.96323411437742834	1.00000000000000000	1.00000000000000000	1.00000000000000000	1.00000000000000000	1.00000000000000000
LDB3	1.00000000000000000	1.00000000000000000	1.00000000000000000	1.00000000000000000	1.00000000000000000	1.00000000000000000	1.00000000000000000	1.00000000000000000	55.99087470220634799	1.00000000000000000
LEF1	1.00000000000000000	28.15715479933423637	1.00000000000000000	31.10744578193709131	1.00000000000000000	24.78136162008157939	1.00000000000000000	1.00000000000000000	1.00000000000000000	1.00000000000000000
LENG1	1.00000000000000000	1.00000000000000000	1.00000000000000000	24.59030539881498711	1.00000000000000000	1.00000000000000000	35.95677624635710856	1.00000000000000000	34.39414338250001180	1.00000000000000000
LENG8	41.00840566224245975	47.80850680300712696	139.24241217431398354	38.22121784620142648	1.00000000000000000	51.60521107061239832	57.37556089078044153	1.00000000000000000	50.59159166518527684	35.10385847036810247
LEPR	92.02833472932890402	1.00000000000000000	1.00000000000000000	1.00000000000000000	1.00000000000000000	1.00000000000000000	1.00000000000000000	1.00000000000000000	1.00000000000000000	1.00000000000000000
LGALS8	30.79881786141219990	27.04993055106305277	1.00000000000000000	32.51363065164832022	1.00000000000000000	1.00000000000000000	1.00000000000000000	1.00000000000000000	1.00000000000000000	1.00000000000000000
LGALS9	1.00000000000000000	32.66267470804302775	1.00000000000000000	96.45616675497220172	1.00000000000000000	1.00000000000000000	1.00000000000000000	1.00000000000000000	1.00000000000000000	1.00000000000000000
LGALSL	1.00000000000000000	1.00000000000000000	1.00000000000000000	1.00000000000000000	1.00000000000000000	1.00000000000000000	79.38387557954337126	1.00000000000000000	105.22529908437699930	1.00000000000000000
LGI2	1.00000000000000000	1.00000000000000000	1.00000000000000000	27.98922091576464055	1.00000000000000000	1.00000000000000000	1.00000000000000000	1.00000000000000000	1.00000000000000000	1.00000000000000000
LGI4	1.00000000000000000	1.00000000000000000	1.00000000000000000	1.00000000000000000	1.00000000000000000	1.00000000000000000	118.46878337321287233	1.00000000000000000	140.52700717068549352	96.14468867649229367
LHFPL2	46.48995294920275967	42.53478334858494492	1.00000000000000000	44.62428999937226592	1.00000000000000000	33.11658484719318807	1.00000000000000000	1.00000000000000000	1.00000000000000000	1.00000000000000000
LIG1	1.00000000000000000	1.00000000000000000	1.00000000000000000	1.00000000000000000	1.00000000000000000	45.67102938412829616	1.00000000000000000	1.00000000000000000	1.00000000000000000	1.00000000000000000
LIMCH1	30.20953870877384162	31.11209270904870294	1.00000000000000000	1.00000000000000000	1.00000000000000000	1.00000000000000000	1.00000000000000000	1.00000000000000000	1.00000000000000000	1.00000000000000000
LIMD2	1.00000000000000000	33.64688613583079757	1.00000000000000000	55.20637288794542741	101.86737312399677080	39.71146728796145453	71.95116625204546779	1.00000000000000000	1.00000000000000000	1.00000000000000000
LIMK1	1.00000000000000000	26.04753666828250047	1.00000000000000000	21.14400224680703388	1.00000000000000000	18.27817518088652804	1.00000000000000000	1.00000000000000000	1.00000000000000000	1.00000000000000000
LIMK2	1.00000000000000000	1.00000000000000000	1.00000000000000000	46.32695096204471952	1.00000000000000000	1.00000000000000000	1.00000000000000000	1.00000000000000000	1.00000000000000000	1.00000000000000000
LIMS2	1.00000000000000000	27.98040564489194892	1.00000000000000000	1.00000000000000000	1.00000000000000000	1.00000000000000000	1.00000000000000000	1.00000000000000000	55.09325424430188889	1.00000000000000000
LIN7A	1.00000000000000000	1.00000000000000000	1.00000000000000000	1.00000000000000000	1.00000000000000000	1.00000000000000000	35.45982402599247507	1.00000000000000000	1.00000000000000000	1.00000000000000000
LIN7C	1.00000000000000000	1.00000000000000000	1.00000000000000000	20.98382950566238137	1.00000000000000000	22.53787173984790471	30.25811140173030722	1.00000000000000000	1.00000000000000000	1.00000000000000000
LINGO1	1.00000000000000000	1.00000000000000000	1.00000000000000000	1.00000000000000000	1.00000000000000000	1.00000000000000000	119.57016049253095957	1.00000000000000000	127.09037553929319131	1.00000000000000000
LIPA	32.99038233092074535	1.00000000000000000	1.00000000000000000	1.00000000000000000	1.00000000000000000	1.00000000000000000	28.37553133668593830	1.00000000000000000	1.00000000000000000	1.00000000000000000
LMBR1L	1.00000000000000000	1.00000000000000000	1.00000000000000000	23.19054598885734464	1.00000000000000000	1.00000000000000000	35.74193048799898520	1.00000000000000000	35.45952126790549386	1.00000000000000000
LMBRD1	44.03620694469249486	27.95781136184668370	1.00000000000000000	26.29388415402858925	1.00000000000000000	1.00000000000000000	33.10011767742202693	43.26342507666515047	1.00000000000000000	30.77778543780672393
LMNB1	1.00000000000000000	1.00000000000000000	1.00000000000000000	1.00000000000000000	1.00000000000000000	70.64049931816539640	1.00000000000000000	1.00000000000000000	1.00000000000000000	1.00000000000000000
LMNB2	1.00000000000000000	1.00000000000000000	1.00000000000000000	1.00000000000000000	1.00000000000000000	76.82606053142039571	1.00000000000000000	1.00000000000000000	1.00000000000000000	1.00000000000000000
LMO7	1.00000000000000000	92.26911483488328258	1.00000000000000000	66.23354525574869456	1.00000000000000000	131.41304319079108609	1.00000000000000000	57.47184033423101113	1.00000000000000000	1.00000000000000000
LMOD1	1.00000000000000000	41.44927087719266723	1.00000000000000000	1.00000000000000000	79.45891635889127258	53.59351714095038943	89.01352954169342979	1.00000000000000000	334.72513290092865645	219.21644220153024207
LNPK	33.83138955963343619	31.62830847741246032	1.00000000000000000	24.79575460646772100	1.00000000000000000	55.91134610533275406	32.40808392398646731	60.44812382452352040	40.89991396496349552	1.00000000000000000
LONP1	1.00000000000000000	1.00000000000000000	1.00000000000000000	1.00000000000000000	1.00000000000000000	17.90921812217614573	1.00000000000000000	63.07801062658536750	1.00000000000000000	1.00000000000000000
LOX	135.86861256836414213	187.04970158756142951	169.30964994680104496	68.82071694539952489	78.82131058068061691	188.20886444083754441	1.00000000000000000	398.55432949150275590	1.00000000000000000	1.00000000000000000
LPAR1	54.91619484781278970	32.66198177187752094	1.00000000000000000	46.63833530419259432	1.00000000000000000	1.00000000000000000	1.00000000000000000	1.00000000000000000	1.00000000000000000	1.00000000000000000
LPAR6	1.00000000000000000	1.00000000000000000	1.00000000000000000	23.91037556706077538	1.00000000000000000	1.00000000000000000	1.00000000000000000	1.00000000000000000	1.00000000000000000	1.00000000000000000
LPCAT1	1.00000000000000000	1.00000000000000000	1.00000000000000000	1.00000000000000000	1.00000000000000000	45.79225317784847960	1.00000000000000000	1.00000000000000000	1.00000000000000000	1.00000000000000000
LPCAT3	1.00000000000000000	1.00000000000000000	1.00000000000000000	21.43289582604682408	1.00000000000000000	1.00000000000000000	1.00000000000000000	1.00000000000000000	1.00000000000000000	1.00000000000000000
LPIN1	1.00000000000000000	1.00000000000000000	1.00000000000000000	24.14495536695147138	1.00000000000000000	1.00000000000000000	1.00000000000000000	1.00000000000000000	1.00000000000000000	1.00000000000000000
LPL	1.00000000000000000	1.00000000000000000	1.00000000000000000	1.00000000000000000	1.00000000000000000	1.00000000000000000	75.01708062676352995	1.00000000000000000	1.00000000000000000	1.00000000000000000
LRCH1	1.00000000000000000	25.85660930593646611	1.00000000000000000	28.43478791890048640	1.00000000000000000	25.75104552488911835	1.00000000000000000	1.00000000000000000	1.00000000000000000	1.00000000000000000
LRCH3	1.00000000000000000	1.00000000000000000	1.00000000000000000	25.91527536467816262	1.00000000000000000	1.00000000000000000	1.00000000000000000	1.00000000000000000	1.00000000000000000	1.00000000000000000
LRIF1	1.00000000000000000	1.00000000000000000	1.00000000000000000	1.00000000000000000	1.00000000000000000	25.23618720268276761	1.00000000000000000	1.00000000000000000	1.00000000000000000	1.00000000000000000
LRIG1	1.00000000000000000	33.20652008403804700	1.00000000000000000	26.77451808623414919	1.00000000000000000	19.87857214297550001	1.00000000000000000	1.00000000000000000	1.00000000000000000	1.00000000000000000
LRIG3	34.24566449563129567	1.00000000000000000	1.00000000000000000	1.00000000000000000	1.00000000000000000	1.00000000000000000	1.00000000000000000	1.00000000000000000	1.00000000000000000	1.00000000000000000
LRP11	27.96017715208325072	1.00000000000000000	1.00000000000000000	1.00000000000000000	1.00000000000000000	21.91000814805788011	1.00000000000000000	1.00000000000000000	1.00000000000000000	1.00000000000000000
LRP12	1.00000000000000000	27.24875835851942796	1.00000000000000000	22.96472893627987233	1.00000000000000000	16.16133424138630659	1.00000000000000000	1.00000000000000000	1.00000000000000000	1.00000000000000000
LRP3	50.80812535558320064	32.08822860810403199	1.00000000000000000	37.98948641579846708	1.00000000000000000	27.11719144679711135	1.00000000000000000	1.00000000000000000	1.00000000000000000	1.00000000000000000
LRP6	27.17036478164144242	1.00000000000000000	1.00000000000000000	1.00000000000000000	1.00000000000000000	1.00000000000000000	1.00000000000000000	1.00000000000000000	1.00000000000000000	1.00000000000000000
LRR1	1.00000000000000000	1.00000000000000000	1.00000000000000000	1.00000000000000000	1.00000000000000000	83.83230999739787137	1.00000000000000000	1.00000000000000000	1.00000000000000000	1.00000000000000000
LRRC10B	1.00000000000000000	1.00000000000000000	1.00000000000000000	1.00000000000000000	1.00000000000000000	1.00000000000000000	1.00000000000000000	1.00000000000000000	75.42815411301550910	1.00000000000000000
LRRC15	1.00000000000000000	151.20329810665191417	1.00000000000000000	141.78008063746818834	1.00000000000000000	70.73115691759188906	1.00000000000000000	61.60807568265302336	1.00000000000000000	1.00000000000000000
LRRC17	51.32938195830222128	92.74735779765936172	1.00000000000000000	31.76734140435054599	1.00000000000000000	49.45383844532074846	49.45422578522834556	1.00000000000000000	1.00000000000000000	1.00000000000000000
LRRC42	1.00000000000000000	1.00000000000000000	1.00000000000000000	24.21989746473418137	1.00000000000000000	17.57842786848121719	1.00000000000000000	1.00000000000000000	1.00000000000000000	1.00000000000000000
LRRC47	1.00000000000000000	1.00000000000000000	1.00000000000000000	1.00000000000000000	1.00000000000000000	39.43980506734610003	1.00000000000000000	1.00000000000000000	1.00000000000000000	1.00000000000000000
LRRC8A	51.60489802337359322	47.74806938482075225	122.42578344464357087	54.75794506896281888	1.00000000000000000	29.29625761550772012	48.99278932296832068	1.00000000000000000	69.40958585671820913	81.72198180951457402
LRRCC1	1.00000000000000000	1.00000000000000000	1.00000000000000000	1.00000000000000000	1.00000000000000000	34.91619301500212202	1.00000000000000000	1.00000000000000000	1.00000000000000000	1.00000000000000000
LRRN4CL	109.12851305200518937	1.00000000000000000	1.00000000000000000	1.00000000000000000	1.00000000000000000	1.00000000000000000	1.00000000000000000	1.00000000000000000	1.00000000000000000	1.00000000000000000
LSAMP	1.00000000000000000	1.00000000000000000	1.00000000000000000	26.94446501468858202	1.00000000000000000	1.00000000000000000	1.00000000000000000	1.00000000000000000	1.00000000000000000	1.00000000000000000
LSP1	266.88749530620475525	102.65665364389208492	67.88307166459067332	87.56063500268035682	103.85328703176999454	52.30791260261130304	1.00000000000000000	71.99221803073739068	1.00000000000000000	1.00000000000000000
LTA4H	1.00000000000000000	1.00000000000000000	1.00000000000000000	1.00000000000000000	1.00000000000000000	1.00000000000000000	1.00000000000000000	42.41467673787722958	34.98708180790200117	1.00000000000000000
LTBP2	183.40067029933939580	176.27284299811242363	110.65127010491573856	162.58935853383704284	78.02981628235279743	76.27382072015278425	1.00000000000000000	108.89816364332052956	1.00000000000000000	1.00000000000000000
LTBP4	142.89439235679810736	65.11397931602408562	111.55659714293315687	46.08017195879821770	1.00000000000000000	21.13840415317520893	37.04818379387984351	74.87295001300311981	1.00000000000000000	119.84831662105682426
LURAP1L	1.00000000000000000	1.00000000000000000	1.00000000000000000	1.00000000000000000	1.00000000000000000	1.00000000000000000	64.36837876292429428	1.00000000000000000	53.38043727647215775	66.35513000684233020
LXN	91.66499468650697224	87.98144140842887850	1.00000000000000000	149.13888827067151510	1.00000000000000000	60.86903054782882805	1.00000000000000000	73.20520374254110152	1.00000000000000000	1.00000000000000000
LYAR	1.00000000000000000	1.00000000000000000	1.00000000000000000	24.63858641110726211	1.00000000000000000	33.96032542806725729	1.00000000000000000	1.00000000000000000	1.00000000000000000	1.00000000000000000
LYPD1	1.00000000000000000	1.00000000000000000	1.00000000000000000	1.00000000000000000	1.00000000000000000	1.00000000000000000	73.66953592451864097	1.00000000000000000	1.00000000000000000	1.00000000000000000
LYPLA1	27.51823873028763501	32.60584617214509251	1.00000000000000000	35.96788684127432845	68.27385075547046256	64.22634592765477635	45.15691965337138214	1.00000000000000000	43.68059125899542039	36.14292019849795423
LYPLA2	1.00000000000000000	24.43659173779875715	1.00000000000000000	21.41985730276978828	1.00000000000000000	1.00000000000000000	1.00000000000000000	1.00000000000000000	1.00000000000000000	1.00000000000000000
LYPLAL1	28.32865801683225371	1.00000000000000000	1.00000000000000000	26.83144661391461128	1.00000000000000000	1.00000000000000000	1.00000000000000000	1.00000000000000000	1.00000000000000000	1.00000000000000000
LYRM1	30.95062907330171598	1.00000000000000000	1.00000000000000000	19.42772325972281067	1.00000000000000000	21.83077973949450268	1.00000000000000000	1.00000000000000000	1.00000000000000000	1.00000000000000000
LYSMD2	1.00000000000000000	1.00000000000000000	1.00000000000000000	1.00000000000000000	1.00000000000000000	19.70184215928144766	54.53321439307318741	1.00000000000000000	50.65186000560571955	1.00000000000000000
LYST	25.70859202581916847	1.00000000000000000	1.00000000000000000	24.00415168633680452	1.00000000000000000	1.00000000000000000	37.34923041014796752	1.00000000000000000	1.00000000000000000	1.00000000000000000
LYZ	1.00000000000000000	1.00000000000000000	1.00000000000000000	1.00000000000000000	333.80486252387737522	1.00000000000000000	1.00000000000000000	1.00000000000000000	1.00000000000000000	1.00000000000000000
LZTS1	1.00000000000000000	1.00000000000000000	1.00000000000000000	1.00000000000000000	1.00000000000000000	24.38871549194261945	90.47040525968400004	1.00000000000000000	1.00000000000000000	1.00000000000000000
MAD2L1	1.00000000000000000	1.00000000000000000	1.00000000000000000	1.00000000000000000	1.00000000000000000	178.69232798704354082	1.00000000000000000	1.00000000000000000	1.00000000000000000	1.00000000000000000
MAD2L2	29.19642812923222408	29.09264348007886269	1.00000000000000000	40.07361687578462295	1.00000000000000000	128.58220378721443922	1.00000000000000000	48.45260948453010741	1.00000000000000000	32.62550805556359279
MAFK	27.17036747148478781	1.00000000000000000	1.00000000000000000	1.00000000000000000	1.00000000000000000	1.00000000000000000	46.46572287744658070	1.00000000000000000	72.00277210553275609	1.00000000000000000
MAGED1	46.27697396278801278	98.09764818930321439	1.00000000000000000	75.00673880505060254	1.00000000000000000	109.53479271912745219	38.34558078167160033	62.35876586134121169	1.00000000000000000	1.00000000000000000
MAGI1	1.00000000000000000	1.00000000000000000	1.00000000000000000	1.00000000000000000	1.00000000000000000	1.00000000000000000	30.97328299864938828	1.00000000000000000	1.00000000000000000	1.00000000000000000
MALT1	1.00000000000000000	1.00000000000000000	1.00000000000000000	22.81358058570709701	1.00000000000000000	24.56096981853752226	1.00000000000000000	1.00000000000000000	1.00000000000000000	1.00000000000000000
MAN1C1	44.24586197840025648	1.00000000000000000	1.00000000000000000	1.00000000000000000	1.00000000000000000	1.00000000000000000	1.00000000000000000	1.00000000000000000	1.00000000000000000	1.00000000000000000
MAN2B2	1.00000000000000000	24.74836422726290408	1.00000000000000000	25.07308874758646766	1.00000000000000000	18.28439336507030433	1.00000000000000000	1.00000000000000000	1.00000000000000000	1.00000000000000000
MAN2C1	27.46989669215260221	26.31980356859743253	1.00000000000000000	23.20617249685048478	1.00000000000000000	1.00000000000000000	1.00000000000000000	1.00000000000000000	1.00000000000000000	1.00000000000000000
MAOA	1.00000000000000000	1.00000000000000000	1.00000000000000000	1.00000000000000000	1.00000000000000000	1.00000000000000000	1.00000000000000000	1.00000000000000000	1.00000000000000000	34.45160804901537688
MAP2	1.00000000000000000	1.00000000000000000	1.00000000000000000	1.00000000000000000	1.00000000000000000	1.00000000000000000	48.70229739791317058	1.00000000000000000	37.10345718629216805	1.00000000000000000
MAP2K1	1.00000000000000000	1.00000000000000000	1.00000000000000000	1.00000000000000000	1.00000000000000000	28.80059739259607099	55.22344275793552271	1.00000000000000000	38.10118193955177190	1.00000000000000000
MAP3K4	1.00000000000000000	27.61481090566158869	1.00000000000000000	1.00000000000000000	1.00000000000000000	1.00000000000000000	1.00000000000000000	1.00000000000000000	1.00000000000000000	1.00000000000000000
MAP3K5	1.00000000000000000	1.00000000000000000	1.00000000000000000	26.50514133285224716	1.00000000000000000	1.00000000000000000	1.00000000000000000	1.00000000000000000	1.00000000000000000	1.00000000000000000
MAP3K7CL	1.00000000000000000	1.00000000000000000	1.00000000000000000	1.00000000000000000	93.42077045213757458	42.42704474667830539	182.91151998883691476	1.00000000000000000	267.36491970709749921	1.00000000000000000
MAP4K3	1.00000000000000000	1.00000000000000000	1.00000000000000000	22.53374192219289540	1.00000000000000000	18.00619613051167178	1.00000000000000000	1.00000000000000000	1.00000000000000000	1.00000000000000000
MAP7D3	52.50977326559397085	27.82891985307289318	1.00000000000000000	1.00000000000000000	1.00000000000000000	29.56759760294463035	48.37830154292522167	1.00000000000000000	106.94197177630827866	72.74913624809072132
MAPK10	1.00000000000000000	1.00000000000000000	1.00000000000000000	1.00000000000000000	1.00000000000000000	1.00000000000000000	1.00000000000000000	1.00000000000000000	1.00000000000000000	39.20421915664062595
MAPK14	32.26774767782215037	25.71342420952786867	1.00000000000000000	22.61207277148027117	1.00000000000000000	1.00000000000000000	1.00000000000000000	1.00000000000000000	1.00000000000000000	1.00000000000000000
MAPK9	1.00000000000000000	1.00000000000000000	1.00000000000000000	1.00000000000000000	1.00000000000000000	35.55315890119771183	1.00000000000000000	1.00000000000000000	1.00000000000000000	1.00000000000000000
MAPRE2	1.00000000000000000	26.02701412645022572	1.00000000000000000	22.40626551973425507	67.27244907654551298	33.89206950688749487	90.55810149443016144	1.00000000000000000	144.63915830413122876	1.00000000000000000
MARK2	1.00000000000000000	1.00000000000000000	1.00000000000000000	1.00000000000000000	1.00000000000000000	16.55336613461695805	28.68676046367363597	1.00000000000000000	1.00000000000000000	1.00000000000000000
MARS	1.00000000000000000	1.00000000000000000	1.00000000000000000	1.00000000000000000	1.00000000000000000	30.34450873834448004	1.00000000000000000	1.00000000000000000	1.00000000000000000	1.00000000000000000
MAST4	1.00000000000000000	1.00000000000000000	1.00000000000000000	1.00000000000000000	1.00000000000000000	56.57007320083803137	37.91077471431724177	1.00000000000000000	1.00000000000000000	38.59825695952933700
MASTL	1.00000000000000000	1.00000000000000000	1.00000000000000000	1.00000000000000000	1.00000000000000000	44.61360759521814856	1.00000000000000000	1.00000000000000000	1.00000000000000000	1.00000000000000000
MAT2B	1.00000000000000000	1.00000000000000000	1.00000000000000000	24.37289377037760474	1.00000000000000000	43.83498213514327091	1.00000000000000000	1.00000000000000000	1.00000000000000000	1.00000000000000000
MATN3	1.00000000000000000	77.80712931666595011	1.00000000000000000	1.00000000000000000	1.00000000000000000	1.00000000000000000	1.00000000000000000	1.00000000000000000	1.00000000000000000	1.00000000000000000
MBD3	28.79362759020086315	38.28118694753812434	1.00000000000000000	30.97517224890013310	1.00000000000000000	41.98256015784319573	38.88755934851644724	57.49496629661213376	35.78100388006365762	1.00000000000000000
MBD5	1.00000000000000000	1.00000000000000000	1.00000000000000000	25.74982166610703516	1.00000000000000000	1.00000000000000000	1.00000000000000000	1.00000000000000000	1.00000000000000000	1.00000000000000000
MBOAT2	1.00000000000000000	30.27172349237762106	1.00000000000000000	21.65917862575690833	1.00000000000000000	24.11860997387309880	1.00000000000000000	1.00000000000000000	1.00000000000000000	1.00000000000000000
MBOAT7	1.00000000000000000	27.30796394742682054	1.00000000000000000	29.99943143597560180	1.00000000000000000	28.49701906280988695	1.00000000000000000	1.00000000000000000	1.00000000000000000	1.00000000000000000
MBP	57.45650415334769434	1.00000000000000000	1.00000000000000000	1.00000000000000000	1.00000000000000000	1.00000000000000000	1.00000000000000000	1.00000000000000000	1.00000000000000000	1.00000000000000000
MCAM	1.00000000000000000	1.00000000000000000	254.85065430487662752	1.00000000000000000	344.55906162794639158	211.56814009071922555	1141.03215308435096631	1.00000000000000000	1308.74646537961166359	234.17685999128863727
MCC	1.00000000000000000	1.00000000000000000	1.00000000000000000	31.71961149791745882	1.00000000000000000	1.00000000000000000	1.00000000000000000	1.00000000000000000	1.00000000000000000	1.00000000000000000
MCEE	1.00000000000000000	1.00000000000000000	1.00000000000000000	20.72350061806368160	1.00000000000000000	1.00000000000000000	1.00000000000000000	1.00000000000000000	1.00000000000000000	1.00000000000000000
MCM3	1.00000000000000000	1.00000000000000000	1.00000000000000000	1.00000000000000000	1.00000000000000000	94.97211075398021762	1.00000000000000000	1.00000000000000000	1.00000000000000000	1.00000000000000000
MCM4	1.00000000000000000	1.00000000000000000	1.00000000000000000	1.00000000000000000	1.00000000000000000	54.81603378202632371	1.00000000000000000	1.00000000000000000	1.00000000000000000	1.00000000000000000
MCM5	1.00000000000000000	1.00000000000000000	1.00000000000000000	1.00000000000000000	1.00000000000000000	41.26943782958034745	1.00000000000000000	1.00000000000000000	1.00000000000000000	1.00000000000000000
MCM6	1.00000000000000000	1.00000000000000000	1.00000000000000000	1.00000000000000000	1.00000000000000000	39.81965451789934463	1.00000000000000000	1.00000000000000000	1.00000000000000000	1.00000000000000000
MCM7	1.00000000000000000	1.00000000000000000	1.00000000000000000	1.00000000000000000	1.00000000000000000	106.36740695900955700	1.00000000000000000	1.00000000000000000	1.00000000000000000	1.00000000000000000
MCUB	72.11197856073813739	50.52876189572360488	1.00000000000000000	49.21178290288346346	1.00000000000000000	53.49631222758130633	1.00000000000000000	57.90126956687626603	1.00000000000000000	1.00000000000000000
MDFI	1.00000000000000000	33.37047415781941595	1.00000000000000000	22.52548710451134184	1.00000000000000000	1.00000000000000000	1.00000000000000000	1.00000000000000000	1.00000000000000000	1.00000000000000000
MDFIC	64.11232437702788900	64.13400096929719041	69.63532128022676204	80.22431704722075096	1.00000000000000000	47.60770914878988691	46.33607609237065361	55.87364559457064672	1.00000000000000000	1.00000000000000000
MDM2	41.49446573305528574	52.71849372487027097	128.87855000018370788	57.45426616971766265	1.00000000000000000	47.87553689950443925	49.86464615123610145	64.48609728328047197	41.43341856760763164	1.00000000000000000
MED11	1.00000000000000000	27.05385133441086865	1.00000000000000000	24.49630704186327534	1.00000000000000000	34.72066332186612669	1.00000000000000000	1.00000000000000000	1.00000000000000000	1.00000000000000000
MED16	1.00000000000000000	24.21572389849139739	1.00000000000000000	1.00000000000000000	1.00000000000000000	15.42966760817303395	1.00000000000000000	1.00000000000000000	1.00000000000000000	1.00000000000000000
MED27	1.00000000000000000	1.00000000000000000	1.00000000000000000	23.33830713792654521	1.00000000000000000	23.11788796850364136	1.00000000000000000	1.00000000000000000	1.00000000000000000	1.00000000000000000
MED30	32.97977656955280423	1.00000000000000000	1.00000000000000000	26.16446587987644534	1.00000000000000000	31.11682957575558106	1.00000000000000000	1.00000000000000000	1.00000000000000000	1.00000000000000000
MED31	1.00000000000000000	26.35980553572499829	1.00000000000000000	27.13504526125571203	1.00000000000000000	19.91034500645446670	1.00000000000000000	1.00000000000000000	1.00000000000000000	1.00000000000000000
MED6	31.19575197936754307	28.12653460886368251	76.04880685654039496	28.02201410403614545	1.00000000000000000	22.25357665402261276	30.73234886102203234	1.00000000000000000	1.00000000000000000	1.00000000000000000
MEDAG	107.53065504029746080	1.00000000000000000	1.00000000000000000	41.53166758898960609	1.00000000000000000	24.07202560507774081	1.00000000000000000	1.00000000000000000	1.00000000000000000	65.50600139652293308
MEF2C	1.00000000000000000	1.00000000000000000	143.30501606031967299	1.00000000000000000	226.75449244750950584	78.34230342607328623	487.98003162107664821	1.00000000000000000	404.40225723510195621	108.49357786572218743
MEIS1	1.00000000000000000	1.00000000000000000	1.00000000000000000	24.73101783878519200	1.00000000000000000	1.00000000000000000	1.00000000000000000	1.00000000000000000	1.00000000000000000	1.00000000000000000
MEIS2	77.01571256347799022	62.61603256872609791	168.92390562721192282	46.26948832358748831	1.00000000000000000	29.66298859763637807	59.89256113050489461	64.70886901731947205	60.08674095643166879	43.64535266045725592
MELK	1.00000000000000000	1.00000000000000000	1.00000000000000000	1.00000000000000000	1.00000000000000000	44.16249750853866374	1.00000000000000000	1.00000000000000000	1.00000000000000000	1.00000000000000000
MEOX2	1.00000000000000000	1.00000000000000000	1.00000000000000000	1.00000000000000000	1.00000000000000000	1.00000000000000000	1.00000000000000000	1.00000000000000000	1.00000000000000000	40.05113388396875962
MEPCE	1.00000000000000000	1.00000000000000000	1.00000000000000000	1.00000000000000000	1.00000000000000000	1.00000000000000000	28.18415593886980375	1.00000000000000000	32.10702991460695443	35.61414363259815730
MEST	50.54699987458531041	1.00000000000000000	1.00000000000000000	35.22085861279005314	1.00000000000000000	1.00000000000000000	1.00000000000000000	1.00000000000000000	1.00000000000000000	1.00000000000000000
METTL7A	98.86135122243302931	1.00000000000000000	1.00000000000000000	29.91874088119937980	1.00000000000000000	1.00000000000000000	1.00000000000000000	1.00000000000000000	1.00000000000000000	88.30906962300838359
MFAP2	79.77697502433785814	196.09248820230934029	1.00000000000000000	147.73674569385536870	1.00000000000000000	81.98450511203536450	1.00000000000000000	81.55116272346711526	1.00000000000000000	1.00000000000000000
MFAP5	1046.13920385642359179	436.62316303415991570	1.00000000000000000	300.24474327459330425	211.56770249004713946	280.55783459466806562	1.00000000000000000	241.99401483028017878	1.00000000000000000	1.00000000000000000
MFHAS1	1.00000000000000000	1.00000000000000000	1.00000000000000000	25.31394486533437771	1.00000000000000000	1.00000000000000000	1.00000000000000000	1.00000000000000000	1.00000000000000000	1.00000000000000000
MFSD1	35.79667960137753369	36.56105231338546702	1.00000000000000000	38.23981640942142235	1.00000000000000000	66.22046426782620188	1.00000000000000000	1.00000000000000000	1.00000000000000000	1.00000000000000000
MFSD11	1.00000000000000000	33.12565345665645822	1.00000000000000000	29.74455426344472286	1.00000000000000000	1.00000000000000000	1.00000000000000000	1.00000000000000000	1.00000000000000000	1.00000000000000000
MFSD7	1.00000000000000000	25.14011847826556334	1.00000000000000000	30.75427582797811965	1.00000000000000000	1.00000000000000000	1.00000000000000000	1.00000000000000000	1.00000000000000000	1.00000000000000000
MGA	1.00000000000000000	27.50906093176482159	1.00000000000000000	1.00000000000000000	1.00000000000000000	1.00000000000000000	1.00000000000000000	1.00000000000000000	1.00000000000000000	1.00000000000000000
MGAT5	1.00000000000000000	1.00000000000000000	1.00000000000000000	1.00000000000000000	1.00000000000000000	1.00000000000000000	33.19351934654653036	1.00000000000000000	1.00000000000000000	1.00000000000000000
MGLL	55.10236468160233869	1.00000000000000000	1.00000000000000000	1.00000000000000000	72.18859286853536616	44.13763715495120010	159.51234208943108683	1.00000000000000000	191.45130230994342924	125.71337235734047511
MGME1	1.00000000000000000	1.00000000000000000	1.00000000000000000	1.00000000000000000	1.00000000000000000	37.36548197147075712	1.00000000000000000	1.00000000000000000	1.00000000000000000	1.00000000000000000
MGST1	341.73951579839939541	1.00000000000000000	1.00000000000000000	53.12460585322610740	101.95115110702683126	37.10915309007283724	1.00000000000000000	74.11676391842519251	1.00000000000000000	1.00000000000000000
MGST2	1.00000000000000000	1.00000000000000000	1.00000000000000000	1.00000000000000000	1.00000000000000000	20.70925848117023094	35.06669556802486198	1.00000000000000000	48.65103052734394140	1.00000000000000000
MIB1	1.00000000000000000	40.73861612837383461	1.00000000000000000	34.38353299537723728	1.00000000000000000	28.31699562301076512	31.35320301959204414	1.00000000000000000	1.00000000000000000	1.00000000000000000
MIB2	1.00000000000000000	26.86194415606169628	1.00000000000000000	22.86063405690052619	1.00000000000000000	25.82686153120092953	31.78900543947553814	40.32670408988771271	1.00000000000000000	1.00000000000000000
MICA	1.00000000000000000	26.47933120715815036	1.00000000000000000	23.81466531940245801	1.00000000000000000	17.70149659458925839	1.00000000000000000	1.00000000000000000	1.00000000000000000	1.00000000000000000
MICAL1	1.00000000000000000	1.00000000000000000	1.00000000000000000	1.00000000000000000	1.00000000000000000	1.00000000000000000	37.91948829770530693	1.00000000000000000	69.19143400922023091	1.00000000000000000
MICAL2	1.00000000000000000	79.62911464070339207	1.00000000000000000	44.44845804317827742	1.00000000000000000	92.48653323992166975	32.63762131584753234	72.69788946601772750	63.08436612151150058	1.00000000000000000
MICALL2	1.00000000000000000	32.86153739039711041	1.00000000000000000	73.59172427492053714	1.00000000000000000	31.81151659258132369	31.46595095368640926	1.00000000000000000	1.00000000000000000	75.57734206446897929
MICU1	45.76897618150942293	68.44041044122786843	1.00000000000000000	46.75923565017933470	1.00000000000000000	40.05119403816320300	34.88070603023554384	51.13848464203188371	1.00000000000000000	1.00000000000000000
MICU3	1.00000000000000000	1.00000000000000000	1.00000000000000000	1.00000000000000000	1.00000000000000000	1.00000000000000000	32.61338001809821918	1.00000000000000000	40.77135741528474711	1.00000000000000000
MID1IP1	60.41229972269861292	1.00000000000000000	1.00000000000000000	30.87141965949510336	1.00000000000000000	43.58955230685312898	40.90304210596696066	1.00000000000000000	63.34045657986386857	52.07889661935128345
MIF4GD	1.00000000000000000	1.00000000000000000	1.00000000000000000	1.00000000000000000	1.00000000000000000	1.00000000000000000	1.00000000000000000	1.00000000000000000	36.06007544889798311	1.00000000000000000
MIGA1	26.76428085481151342	1.00000000000000000	1.00000000000000000	1.00000000000000000	1.00000000000000000	1.00000000000000000	1.00000000000000000	1.00000000000000000	1.00000000000000000	1.00000000000000000
MIIP	1.00000000000000000	29.19483942687054778	1.00000000000000000	45.76448934013007630	1.00000000000000000	27.26600897804764401	1.00000000000000000	1.00000000000000000	1.00000000000000000	1.00000000000000000
MINPP1	1.00000000000000000	1.00000000000000000	1.00000000000000000	24.23914081413157717	1.00000000000000000	19.57242259663038197	1.00000000000000000	1.00000000000000000	1.00000000000000000	1.00000000000000000
MIS18A	1.00000000000000000	1.00000000000000000	1.00000000000000000	1.00000000000000000	1.00000000000000000	29.68206156899772097	1.00000000000000000	1.00000000000000000	1.00000000000000000	1.00000000000000000
MITF	81.70009091804527657	49.53444753894051900	1.00000000000000000	37.38545942710608472	1.00000000000000000	1.00000000000000000	1.00000000000000000	43.32413997545847906	1.00000000000000000	46.43850270406352365
MKI67	1.00000000000000000	1.00000000000000000	1.00000000000000000	1.00000000000000000	1.00000000000000000	415.14936166796888983	1.00000000000000000	1.00000000000000000	1.00000000000000000	1.00000000000000000
MKL2	1.00000000000000000	1.00000000000000000	1.00000000000000000	1.00000000000000000	1.00000000000000000	1.00000000000000000	43.48759532525422600	1.00000000000000000	52.35272580097945649	61.46072794811662021
MLH1	1.00000000000000000	1.00000000000000000	1.00000000000000000	1.00000000000000000	1.00000000000000000	46.35231239822836358	1.00000000000000000	1.00000000000000000	1.00000000000000000	1.00000000000000000
MLH3	31.50500676921230436	1.00000000000000000	1.00000000000000000	1.00000000000000000	1.00000000000000000	1.00000000000000000	1.00000000000000000	1.00000000000000000	1.00000000000000000	1.00000000000000000
MLKL	1.00000000000000000	1.00000000000000000	1.00000000000000000	30.53047597728124884	1.00000000000000000	1.00000000000000000	1.00000000000000000	1.00000000000000000	1.00000000000000000	1.00000000000000000
MLLT11	1.00000000000000000	1.00000000000000000	1.00000000000000000	1.00000000000000000	1.00000000000000000	33.89766355960463073	1.00000000000000000	1.00000000000000000	1.00000000000000000	1.00000000000000000
MLST8	1.00000000000000000	1.00000000000000000	1.00000000000000000	1.00000000000000000	1.00000000000000000	30.30897115843541911	1.00000000000000000	1.00000000000000000	1.00000000000000000	1.00000000000000000
MLXIP	38.52000336444783102	56.64567983155957620	155.98199585006523193	50.03494232020419474	1.00000000000000000	42.20302425338598340	49.54365840803540522	39.55575350976693727	44.01540314353144367	71.05859481544518985
MME	43.87195909603478583	50.79933513421762115	231.27362190284696908	32.39895682656641895	1.00000000000000000	40.07757049786063419	1.00000000000000000	276.75821854909150943	1.00000000000000000	1.00000000000000000
MMP1	1.00000000000000000	1.00000000000000000	1.00000000000000000	435.97911628204440149	1.00000000000000000	1.00000000000000000	1.00000000000000000	1.00000000000000000	1.00000000000000000	1.00000000000000000
MMP11	1.00000000000000000	1694.22419525192503897	429.29921668548536218	934.15421354887325833	307.80321461880504330	101.90925185013301757	249.29636980357042830	202.73376376795275178	77.02118919155223864	40.69852933804128980
MMP13	1.00000000000000000	1.00000000000000000	1.00000000000000000	178.16733553755929620	1.00000000000000000	1.00000000000000000	1.00000000000000000	1.00000000000000000	1.00000000000000000	1.00000000000000000
MMP19	82.68205289078848352	73.81394745555735426	116.52915742125826171	100.24836722004154410	1.00000000000000000	28.70840161961065462	1.00000000000000000	1.00000000000000000	1.00000000000000000	1.00000000000000000
MMP2	1475.30227539670772785	1152.64451978453621450	821.63081745108922860	853.40087019004590729	445.37584544904859740	336.82930463665837806	1.00000000000000000	1162.58836321903413591	1.00000000000000000	70.87501997668272224
MMP23B	99.28893711490238161	72.15911113114206898	1.00000000000000000	40.86381916696348071	1.00000000000000000	1.00000000000000000	1.00000000000000000	1.00000000000000000	1.00000000000000000	1.00000000000000000
MMP7	1.00000000000000000	1.00000000000000000	1.00000000000000000	200.22883873094181695	1.00000000000000000	1.00000000000000000	1.00000000000000000	1.00000000000000000	1.00000000000000000	1.00000000000000000
MMP9	1.00000000000000000	1.00000000000000000	1.00000000000000000	234.48126379219212367	1.00000000000000000	66.53647043031058672	434.33023794404766704	1.00000000000000000	1.00000000000000000	1.00000000000000000
MND1	1.00000000000000000	1.00000000000000000	1.00000000000000000	1.00000000000000000	1.00000000000000000	62.56746411087656412	1.00000000000000000	1.00000000000000000	1.00000000000000000	1.00000000000000000
MNS1	1.00000000000000000	1.00000000000000000	1.00000000000000000	1.00000000000000000	1.00000000000000000	54.24150288896368721	1.00000000000000000	1.00000000000000000	1.00000000000000000	1.00000000000000000
MOB3B	1.00000000000000000	1.00000000000000000	1.00000000000000000	1.00000000000000000	1.00000000000000000	1.00000000000000000	1.00000000000000000	1.00000000000000000	35.78385996095569510	41.24930502232879803
MOCS1	1.00000000000000000	1.00000000000000000	1.00000000000000000	1.00000000000000000	1.00000000000000000	1.00000000000000000	50.49073188860860029	1.00000000000000000	41.03240708436393902	60.70576466895587231
MON2	30.06180022594887191	28.75174460310596913	1.00000000000000000	23.21474443502521012	1.00000000000000000	20.03097977936778307	1.00000000000000000	1.00000000000000000	1.00000000000000000	1.00000000000000000
MORC4	33.31012144109585904	29.00461937113385602	1.00000000000000000	23.23732897205759684	1.00000000000000000	30.99049061671672689	1.00000000000000000	1.00000000000000000	1.00000000000000000	1.00000000000000000
MORN2	27.73204671452122128	34.24294700834440164	1.00000000000000000	32.22080391917955211	1.00000000000000000	33.32374487626068316	1.00000000000000000	32.17682477039420519	1.00000000000000000	1.00000000000000000
MOV10	1.00000000000000000	1.00000000000000000	1.00000000000000000	22.83325069341174185	1.00000000000000000	1.00000000000000000	1.00000000000000000	1.00000000000000000	1.00000000000000000	1.00000000000000000
MOXD1	1.00000000000000000	36.10171280531955063	1.00000000000000000	48.73692779270531616	1.00000000000000000	31.71018314482554246	1.00000000000000000	1.00000000000000000	1.00000000000000000	1.00000000000000000
MPST	44.28874190558809687	42.84645895725156350	1.00000000000000000	42.96617448945136175	1.00000000000000000	34.48553758412050740	1.00000000000000000	47.19514693633811930	1.00000000000000000	1.00000000000000000
MR1	1.00000000000000000	1.00000000000000000	1.00000000000000000	24.46896510531949787	1.00000000000000000	1.00000000000000000	1.00000000000000000	1.00000000000000000	1.00000000000000000	1.00000000000000000
MRAS	1.00000000000000000	35.56078242784666088	1.00000000000000000	38.07791174081756935	1.00000000000000000	41.08334097937584062	1.00000000000000000	1.00000000000000000	1.00000000000000000	1.00000000000000000
MRC2	161.21007718341047621	209.55242757649375562	192.99729105666466467	157.20962429672459848	78.97549379920376111	116.07364445810456743	47.71284419145113276	135.05019451192393376	1.00000000000000000	1.00000000000000000
MRFAP1L1	1.00000000000000000	23.08537835708968089	1.00000000000000000	1.00000000000000000	1.00000000000000000	1.00000000000000000	1.00000000000000000	1.00000000000000000	1.00000000000000000	1.00000000000000000
MRGPRF	38.50880324408193900	1.00000000000000000	1.00000000000000000	1.00000000000000000	1.00000000000000000	1.00000000000000000	1.00000000000000000	1.00000000000000000	154.28573768655235199	144.47691128600948218
MRPL1	25.50588138050009235	26.75910908178977365	1.00000000000000000	27.62133268159877986	1.00000000000000000	27.33831530777142405	29.46953723474064546	42.93225327271623115	1.00000000000000000	1.00000000000000000
MRPL17	42.78382165024266470	52.50809854038982394	1.00000000000000000	56.77749749645100508	1.00000000000000000	67.66330242816476925	29.67152357057466006	76.44743759646252101	1.00000000000000000	1.00000000000000000
MRPL23	1.00000000000000000	26.44478392448110782	1.00000000000000000	21.71865059034261591	1.00000000000000000	42.03994905289609818	30.16444975365077852	47.88506383961954782	38.66822827300953236	1.00000000000000000
MRPL37	29.30515268345150304	34.35468469346385234	1.00000000000000000	30.67572872439009757	1.00000000000000000	70.58678394692145730	28.10682863737367754	48.54243666540226343	1.00000000000000000	1.00000000000000000
MRPL44	1.00000000000000000	1.00000000000000000	1.00000000000000000	27.48827741126720525	1.00000000000000000	21.57885096640873357	1.00000000000000000	1.00000000000000000	1.00000000000000000	1.00000000000000000
MRPL45	1.00000000000000000	1.00000000000000000	1.00000000000000000	22.37944768932466033	1.00000000000000000	1.00000000000000000	1.00000000000000000	1.00000000000000000	31.14135957069406402	1.00000000000000000
MRPL46	1.00000000000000000	1.00000000000000000	1.00000000000000000	1.00000000000000000	1.00000000000000000	21.94193011051370945	1.00000000000000000	1.00000000000000000	1.00000000000000000	1.00000000000000000
MRPL49	1.00000000000000000	1.00000000000000000	1.00000000000000000	24.88031369361032219	1.00000000000000000	20.28428520337649488	1.00000000000000000	1.00000000000000000	1.00000000000000000	1.00000000000000000
MRPL58	1.00000000000000000	1.00000000000000000	1.00000000000000000	21.66223442677185318	1.00000000000000000	26.80543661535605793	1.00000000000000000	1.00000000000000000	1.00000000000000000	1.00000000000000000
MRPS2	29.13540094856777429	32.03816930808831387	1.00000000000000000	26.58064160696911316	1.00000000000000000	34.34399043080006209	37.40766895306176565	44.69196575858170206	1.00000000000000000	1.00000000000000000
MRPS30	1.00000000000000000	1.00000000000000000	1.00000000000000000	22.08732022211037815	1.00000000000000000	17.86134094220406610	1.00000000000000000	1.00000000000000000	1.00000000000000000	1.00000000000000000
MRPS9	1.00000000000000000	1.00000000000000000	1.00000000000000000	25.00571335583443044	1.00000000000000000	1.00000000000000000	29.51030956726546250	1.00000000000000000	1.00000000000000000	1.00000000000000000
MRTO4	31.49761389257685451	32.79713538232159209	1.00000000000000000	37.11051563113682761	1.00000000000000000	66.26745200142796932	34.41656806402218649	1.00000000000000000	1.00000000000000000	46.40160107127896794
MRVI1	1.00000000000000000	33.87641754450472575	1.00000000000000000	1.00000000000000000	1.00000000000000000	23.01952509283090365	119.95393909894127660	1.00000000000000000	167.22115807993623093	78.26175482825152585
MSANTD3	33.52777993161410564	40.54236361341410344	1.00000000000000000	43.83778795471695133	1.00000000000000000	53.82590101193502363	1.00000000000000000	103.01176337939816108	1.00000000000000000	1.00000000000000000
MSC	30.08835670914390903	40.81219672867074877	1.00000000000000000	90.84462016010628815	1.00000000000000000	50.65339722286029911	32.05194945325052913	1.00000000000000000	1.00000000000000000	71.74682179929018844
MSH6	1.00000000000000000	1.00000000000000000	1.00000000000000000	1.00000000000000000	1.00000000000000000	34.32565992296358104	32.12457444212910218	1.00000000000000000	33.98960342819289338	1.00000000000000000
MSI2	1.00000000000000000	28.05011472482310708	1.00000000000000000	31.95136890521687079	1.00000000000000000	1.00000000000000000	1.00000000000000000	1.00000000000000000	1.00000000000000000	1.00000000000000000
MSMO1	1.00000000000000000	27.02537543990201385	1.00000000000000000	33.99629390579994492	1.00000000000000000	22.91912978901082809	1.00000000000000000	43.72087464323656292	1.00000000000000000	1.00000000000000000
MSRA	1.00000000000000000	1.00000000000000000	1.00000000000000000	1.00000000000000000	1.00000000000000000	30.68578529867322402	1.00000000000000000	1.00000000000000000	1.00000000000000000	1.00000000000000000
MT1A	154.69283985904104384	1.00000000000000000	1.00000000000000000	66.88774639560287483	1.00000000000000000	1.00000000000000000	163.65175015268206948	1.00000000000000000	289.09552529954368083	233.47915495946790543
MT1F	1.00000000000000000	1.00000000000000000	1.00000000000000000	1.00000000000000000	1.00000000000000000	1.00000000000000000	1.00000000000000000	1.00000000000000000	1.00000000000000000	82.47094327084614918
MT1M	233.76879838816469714	49.74466150590165370	1.00000000000000000	76.13089887535683431	145.15062675935573111	51.69389997815014226	147.05857804728145766	50.33422003966636282	432.82551640059671172	404.13425490863545519
MT3	1.00000000000000000	1.00000000000000000	1.00000000000000000	1.00000000000000000	1.00000000000000000	1.00000000000000000	1.00000000000000000	74.40287413875147138	1.00000000000000000	1.00000000000000000
MTA3	1.00000000000000000	21.57238710019136363	1.00000000000000000	1.00000000000000000	1.00000000000000000	18.69576173040828948	1.00000000000000000	1.00000000000000000	1.00000000000000000	1.00000000000000000
MTFR1	1.00000000000000000	1.00000000000000000	1.00000000000000000	1.00000000000000000	1.00000000000000000	31.31607110088331325	1.00000000000000000	1.00000000000000000	1.00000000000000000	1.00000000000000000
MTFR1L	30.61190111181769424	27.92085488870473498	1.00000000000000000	29.81416121106438410	1.00000000000000000	19.54078426221585829	1.00000000000000000	39.05305973251176255	1.00000000000000000	31.97916149688398590
MTHFD1	1.00000000000000000	1.00000000000000000	1.00000000000000000	1.00000000000000000	1.00000000000000000	42.17941154294310024	1.00000000000000000	1.00000000000000000	1.00000000000000000	1.00000000000000000
MTHFD1L	1.00000000000000000	25.31960211437986175	1.00000000000000000	27.01748644135741273	1.00000000000000000	38.07360567454401945	1.00000000000000000	1.00000000000000000	1.00000000000000000	1.00000000000000000
MTHFD2	1.00000000000000000	1.00000000000000000	1.00000000000000000	28.92126362347748980	81.14362121580349196	98.49434860476759468	98.60854593211853114	64.65386641440838389	169.50074528822727871	130.34190035363857874
MTMR6	1.00000000000000000	1.00000000000000000	1.00000000000000000	1.00000000000000000	1.00000000000000000	25.79826668192787409	1.00000000000000000	1.00000000000000000	1.00000000000000000	1.00000000000000000
MTRF1L	1.00000000000000000	24.77652446448181323	1.00000000000000000	27.88210538788240100	1.00000000000000000	34.73276022683447195	43.21864676210129375	1.00000000000000000	48.19163498729861317	1.00000000000000000
MTURN	33.53042264244820814	1.00000000000000000	1.00000000000000000	1.00000000000000000	1.00000000000000000	1.00000000000000000	28.79256309908195988	1.00000000000000000	37.82637238430741888	45.81648447424024084
MUC1	1.00000000000000000	1.00000000000000000	1.00000000000000000	1.00000000000000000	1.00000000000000000	1.00000000000000000	1.00000000000000000	50.61773350286819095	1.00000000000000000	1.00000000000000000
MUM1	42.89349590663881884	49.81421577482810648	73.51704371730463095	36.44063170504492177	1.00000000000000000	27.33274071405917383	61.89703560024907603	1.00000000000000000	52.90300890924650190	45.33554417300356221
MUS81	1.00000000000000000	1.00000000000000000	1.00000000000000000	1.00000000000000000	1.00000000000000000	35.97824181284565270	1.00000000000000000	1.00000000000000000	1.00000000000000000	1.00000000000000000
MUT	25.20808407413990793	1.00000000000000000	1.00000000000000000	21.69435046549623181	1.00000000000000000	37.68932381308098201	1.00000000000000000	1.00000000000000000	1.00000000000000000	1.00000000000000000
MVD	1.00000000000000000	1.00000000000000000	1.00000000000000000	1.00000000000000000	1.00000000000000000	40.01920048857164147	1.00000000000000000	1.00000000000000000	1.00000000000000000	1.00000000000000000
MXD1	1.00000000000000000	1.00000000000000000	101.02925676071103567	29.52207914716682069	59.59274913360039250	1.00000000000000000	31.97746524228549347	1.00000000000000000	1.00000000000000000	1.00000000000000000
MXD3	1.00000000000000000	1.00000000000000000	1.00000000000000000	1.00000000000000000	1.00000000000000000	72.36050639002354501	1.00000000000000000	1.00000000000000000	1.00000000000000000	1.00000000000000000
MXI1	48.87337716198706516	35.86263762713291214	123.09722344811515882	1.00000000000000000	80.77787054133104050	1.00000000000000000	80.05619963996983302	152.70773540368065824	102.70476720433987339	86.52540525861630272
MYBL1	1.00000000000000000	1.00000000000000000	1.00000000000000000	1.00000000000000000	1.00000000000000000	38.71459464170327180	1.00000000000000000	1.00000000000000000	1.00000000000000000	1.00000000000000000
MYBL2	1.00000000000000000	1.00000000000000000	1.00000000000000000	1.00000000000000000	1.00000000000000000	67.82853624575349727	1.00000000000000000	1.00000000000000000	1.00000000000000000	1.00000000000000000
MYD88	1.00000000000000000	1.00000000000000000	1.00000000000000000	22.90460118292637404	1.00000000000000000	1.00000000000000000	1.00000000000000000	1.00000000000000000	1.00000000000000000	1.00000000000000000
MYH10	37.98462578268334511	76.47693669902899671	1.00000000000000000	42.41858378694497844	1.00000000000000000	101.23491665020455343	1.00000000000000000	64.28748520440007042	1.00000000000000000	1.00000000000000000
MYH11	1.00000000000000000	1.00000000000000000	1.00000000000000000	1.00000000000000000	216.56935114236131312	1.00000000000000000	149.66193230572153539	1.00000000000000000	1412.76309342508693589	190.33559275641880504
MYLIP	67.78924063292595292	44.52550571672778545	123.84941146949459778	30.23615232871716785	103.30245290422433868	1.00000000000000000	121.69829811617505300	1.00000000000000000	145.81884620583551282	91.62713051083568416
MYO10	1.00000000000000000	1.00000000000000000	1.00000000000000000	1.00000000000000000	1.00000000000000000	49.64210339313972753	1.00000000000000000	1.00000000000000000	1.00000000000000000	1.00000000000000000
MYO9A	35.22124283802141065	29.42954581509713563	101.53604022329889744	25.04716707367949269	1.00000000000000000	20.63578715386981699	39.29473019368184339	42.44228618522275553	49.68189692975266070	34.85969342302743712
MYOCD	1.00000000000000000	1.00000000000000000	1.00000000000000000	1.00000000000000000	1.00000000000000000	1.00000000000000000	1.00000000000000000	1.00000000000000000	53.27305778093335675	1.00000000000000000
MYOM1	1.00000000000000000	1.00000000000000000	1.00000000000000000	1.00000000000000000	1.00000000000000000	1.00000000000000000	1.00000000000000000	1.00000000000000000	50.43246329460314570	1.00000000000000000
MZT1	1.00000000000000000	24.92234147634161090	1.00000000000000000	19.88165762180979002	1.00000000000000000	114.28966900390072681	1.00000000000000000	41.71189057010038681	1.00000000000000000	1.00000000000000000
N4BP1	34.66958253310475158	39.31045423158175112	1.00000000000000000	59.33153083832103647	1.00000000000000000	28.24617256974798707	33.53384564095179599	43.15746407002342977	1.00000000000000000	1.00000000000000000
N4BP2L1	28.43597654398059404	1.00000000000000000	1.00000000000000000	23.70325486070373699	1.00000000000000000	1.00000000000000000	38.55530563969722380	1.00000000000000000	40.72963550263713728	40.29017819458947258
NAAA	1.00000000000000000	33.07680020101978613	1.00000000000000000	1.00000000000000000	1.00000000000000000	25.66151037076509311	1.00000000000000000	1.00000000000000000	1.00000000000000000	1.00000000000000000
NABP1	81.90802628166788679	28.51247952969656296	262.00622736278575076	41.70859024096943557	115.87134680268826514	18.36240021262794642	85.89974020145874078	1.00000000000000000	61.58047751803573533	277.29498689929567945
NADK	1.00000000000000000	1.00000000000000000	1.00000000000000000	27.26183496683228213	1.00000000000000000	21.78061479785405652	1.00000000000000000	1.00000000000000000	1.00000000000000000	1.00000000000000000
NAGLU	44.66215675880548019	44.13317332270828075	1.00000000000000000	31.14953142046844903	1.00000000000000000	33.12987828320647310	1.00000000000000000	1.00000000000000000	1.00000000000000000	1.00000000000000000
NAPRT	26.45786913844458965	1.00000000000000000	1.00000000000000000	1.00000000000000000	1.00000000000000000	23.91661620023543833	34.02175576510690291	1.00000000000000000	35.87152464694410980	1.00000000000000000
NAT14	1.00000000000000000	27.86686354302292656	1.00000000000000000	22.24171150467061864	1.00000000000000000	22.25404063984088054	1.00000000000000000	1.00000000000000000	1.00000000000000000	1.00000000000000000
NAT9	1.00000000000000000	25.23995733967266375	1.00000000000000000	1.00000000000000000	1.00000000000000000	31.73230488352060874	1.00000000000000000	1.00000000000000000	1.00000000000000000	1.00000000000000000
NAV1	78.12299156080011642	58.82785093338927851	118.01908359980473051	61.66788072484317951	1.00000000000000000	49.03916831171764557	40.33759859364989353	87.56248551293785454	1.00000000000000000	1.00000000000000000
NBAS	1.00000000000000000	24.26886370428945483	1.00000000000000000	22.94057484692419635	1.00000000000000000	24.78694638407526796	1.00000000000000000	1.00000000000000000	1.00000000000000000	1.00000000000000000
NCAPD2	1.00000000000000000	1.00000000000000000	1.00000000000000000	1.00000000000000000	1.00000000000000000	71.88799197310433442	1.00000000000000000	1.00000000000000000	1.00000000000000000	1.00000000000000000
NCAPD3	1.00000000000000000	1.00000000000000000	1.00000000000000000	1.00000000000000000	1.00000000000000000	29.47397750136454420	1.00000000000000000	1.00000000000000000	1.00000000000000000	1.00000000000000000
NCAPG	1.00000000000000000	1.00000000000000000	1.00000000000000000	1.00000000000000000	1.00000000000000000	76.24837786646831717	1.00000000000000000	1.00000000000000000	1.00000000000000000	1.00000000000000000
NCAPG2	1.00000000000000000	1.00000000000000000	1.00000000000000000	1.00000000000000000	1.00000000000000000	33.69882472175688548	1.00000000000000000	1.00000000000000000	1.00000000000000000	1.00000000000000000
NCAPH	1.00000000000000000	1.00000000000000000	1.00000000000000000	1.00000000000000000	1.00000000000000000	38.26884666526784429	1.00000000000000000	1.00000000000000000	1.00000000000000000	1.00000000000000000
NCAPH2	1.00000000000000000	1.00000000000000000	1.00000000000000000	1.00000000000000000	1.00000000000000000	40.72967299746382253	1.00000000000000000	1.00000000000000000	1.00000000000000000	1.00000000000000000
NCKAP5	1.00000000000000000	1.00000000000000000	1.00000000000000000	1.00000000000000000	1.00000000000000000	1.00000000000000000	35.71614840045690187	1.00000000000000000	1.00000000000000000	52.53105001934849128
NCKAP5L	38.73019455603429151	36.62207336904799604	124.00453158127407960	45.46158040349227036	1.00000000000000000	18.44779568422523042	61.93123097520908260	1.00000000000000000	51.27185315670136134	45.70576084268282102
NCOA2	1.00000000000000000	1.00000000000000000	1.00000000000000000	26.54351797031019089	1.00000000000000000	1.00000000000000000	1.00000000000000000	1.00000000000000000	1.00000000000000000	1.00000000000000000
NCS1	1.00000000000000000	26.43375014156506353	1.00000000000000000	26.03718419375379867	1.00000000000000000	85.29317894299417446	1.00000000000000000	1.00000000000000000	38.83626229912656669	1.00000000000000000
NDC80	1.00000000000000000	1.00000000000000000	1.00000000000000000	1.00000000000000000	1.00000000000000000	74.72362100917187888	1.00000000000000000	1.00000000000000000	1.00000000000000000	1.00000000000000000
NDE1	1.00000000000000000	1.00000000000000000	1.00000000000000000	1.00000000000000000	1.00000000000000000	27.50432107019271299	1.00000000000000000	1.00000000000000000	1.00000000000000000	1.00000000000000000
NDEL1	27.54060498540588853	37.79989220570817565	98.81151965621411648	30.63939132451314151	1.00000000000000000	46.55645246129451920	34.93839764760743094	1.00000000000000000	41.75422010464949807	1.00000000000000000
NDFIP2	25.86152380487242652	1.00000000000000000	1.00000000000000000	1.00000000000000000	1.00000000000000000	1.00000000000000000	1.00000000000000000	1.00000000000000000	1.00000000000000000	1.00000000000000000
NDRG1	202.56580747693533340	142.41136224904283836	1110.53240528746755444	140.51737864232813990	260.13363753546400403	80.72768072736580791	63.41031722738395615	1142.75371040303093650	109.22333617511849013	105.93744044174316343
NDRG2	57.18990511788388176	1.00000000000000000	1.00000000000000000	44.65784677707983263	76.53597530754986167	1.00000000000000000	146.11286097750198110	1.00000000000000000	120.20009371018119282	174.67960686883577637
NDUFA4L2	1.00000000000000000	1.00000000000000000	327.01395061333363401	1.00000000000000000	843.12590165627159422	443.46998626602982085	2182.30778751261595971	1.00000000000000000	1276.01807357194275028	358.02884470997344124
NDUFAF1	1.00000000000000000	1.00000000000000000	1.00000000000000000	20.61814278008368362	1.00000000000000000	1.00000000000000000	1.00000000000000000	1.00000000000000000	1.00000000000000000	1.00000000000000000
NDUFAF4	1.00000000000000000	1.00000000000000000	1.00000000000000000	1.00000000000000000	1.00000000000000000	26.05787439997628141	38.26608865118008396	1.00000000000000000	34.87291875103952066	1.00000000000000000
NECTIN1	1.00000000000000000	1.00000000000000000	1.00000000000000000	1.00000000000000000	1.00000000000000000	1.00000000000000000	28.57436858712427252	1.00000000000000000	1.00000000000000000	1.00000000000000000
NECTIN3	1.00000000000000000	1.00000000000000000	1.00000000000000000	24.05044896627643070	1.00000000000000000	1.00000000000000000	32.33413799213335693	1.00000000000000000	1.00000000000000000	1.00000000000000000
NEDD1	1.00000000000000000	1.00000000000000000	1.00000000000000000	22.98719165364511952	1.00000000000000000	24.28205692261119708	1.00000000000000000	1.00000000000000000	1.00000000000000000	1.00000000000000000
NEDD4	1.00000000000000000	26.95915452743455631	1.00000000000000000	26.64229567412721522	1.00000000000000000	31.43084417634789318	1.00000000000000000	1.00000000000000000	1.00000000000000000	1.00000000000000000
NEDD9	1.00000000000000000	59.16993764939403633	96.08741953258694934	62.82714781482070521	83.83407112571448749	51.49037110842425591	43.90176861766669703	47.91725041275238794	45.10988567915557468	1.00000000000000000
NEGR1	68.24045341451393654	40.19732139556499106	1.00000000000000000	32.63124398742078824	1.00000000000000000	1.00000000000000000	1.00000000000000000	1.00000000000000000	1.00000000000000000	1.00000000000000000
NEK1	1.00000000000000000	1.00000000000000000	1.00000000000000000	26.74335904295163147	1.00000000000000000	18.39170674649938420	1.00000000000000000	1.00000000000000000	1.00000000000000000	1.00000000000000000
NES	1.00000000000000000	46.39074123564199681	1.00000000000000000	69.53314386675388903	73.17019823064617867	85.61328988678933172	157.42836422120464590	1.00000000000000000	80.31416077938679621	52.27714914622925590
NET1	1.00000000000000000	48.73753637059157029	1.00000000000000000	44.31884591857673428	88.13078517196851180	42.02511509027905845	105.38944664777545768	1.00000000000000000	316.54627956123425747	1.00000000000000000
NEURL1B	1.00000000000000000	1.00000000000000000	1.00000000000000000	1.00000000000000000	1.00000000000000000	1.00000000000000000	102.25952428395626725	1.00000000000000000	77.00370794897676774	73.47857953790862950
NFASC	1.00000000000000000	1.00000000000000000	1.00000000000000000	1.00000000000000000	1.00000000000000000	1.00000000000000000	69.42877832007849292	1.00000000000000000	97.98259588510218521	45.44477684632590808
NFATC1	46.04595219614929391	44.83785841023666308	139.78535756105969767	56.83348974632824735	1.00000000000000000	32.57585285349116333	65.73423054637682128	1.00000000000000000	56.95220024335316822	57.63171894498484704
NFATC2	1.00000000000000000	1.00000000000000000	1.00000000000000000	1.00000000000000000	1.00000000000000000	1.00000000000000000	47.75741016374075087	1.00000000000000000	1.00000000000000000	1.00000000000000000
NFATC4	42.25881804408413700	35.74668333390277297	91.42156826344154297	31.50292894753566841	1.00000000000000000	40.80525202741050350	62.16896554559112076	1.00000000000000000	42.48739417629266057	48.28631817231473633
NFE2L3	1.00000000000000000	1.00000000000000000	1.00000000000000000	56.89991482949835699	1.00000000000000000	31.20036792716360452	1.00000000000000000	1.00000000000000000	1.00000000000000000	1.00000000000000000
NFKBIB	29.00616643051264987	26.51108291730941602	1.00000000000000000	39.35341067314801222	1.00000000000000000	27.83030936884945206	33.80315432639843465	1.00000000000000000	1.00000000000000000	45.03328188225079742
NFKBIL1	29.25538770621957596	33.23125034007286871	1.00000000000000000	22.62996394028030522	1.00000000000000000	21.64393329619412398	35.45900944425576284	77.52893181562289726	34.58155688453751253	32.29066607557126645
NGDN	1.00000000000000000	1.00000000000000000	1.00000000000000000	1.00000000000000000	1.00000000000000000	22.52522360586898387	33.26421271953237380	1.00000000000000000	37.66771543415809020	39.12053857543536850
NGF	1.00000000000000000	1.00000000000000000	1.00000000000000000	1.00000000000000000	1.00000000000000000	1.00000000000000000	48.62548269671001577	1.00000000000000000	47.40879018478269558	1.00000000000000000
NGFR	47.13698056183034168	1.00000000000000000	1.00000000000000000	43.24607862062854480	1.00000000000000000	1.00000000000000000	1.00000000000000000	1.00000000000000000	1.00000000000000000	106.06540494711980216
NGLY1	1.00000000000000000	1.00000000000000000	1.00000000000000000	1.00000000000000000	1.00000000000000000	28.55754596476000273	1.00000000000000000	1.00000000000000000	1.00000000000000000	1.00000000000000000
NHS	1.00000000000000000	1.00000000000000000	1.00000000000000000	26.23581308846615912	1.00000000000000000	1.00000000000000000	1.00000000000000000	1.00000000000000000	1.00000000000000000	1.00000000000000000
NHSL2	1.00000000000000000	25.08517341727915095	1.00000000000000000	1.00000000000000000	1.00000000000000000	1.00000000000000000	30.62755647182672547	1.00000000000000000	1.00000000000000000	1.00000000000000000
NID2	54.73867615222008709	81.28638237776112874	1.00000000000000000	63.29219390900919251	1.00000000000000000	56.36795415777929463	83.32929342780771265	1.00000000000000000	1.00000000000000000	1.00000000000000000
NINJ2	27.44955586165701789	44.57450619126645819	1.00000000000000000	24.48132544284217360	1.00000000000000000	1.00000000000000000	1.00000000000000000	1.00000000000000000	1.00000000000000000	1.00000000000000000
NIPSNAP2	41.74850767178033806	40.40404567982475470	1.00000000000000000	35.24529573604053212	86.17034877116758196	32.22452050760742281	54.88125317503750011	78.85020669526740278	62.56757728718894640	1.00000000000000000
NIPSNAP3A	1.00000000000000000	1.00000000000000000	1.00000000000000000	20.45209589435282638	1.00000000000000000	23.88945544051736292	30.04183583216452291	1.00000000000000000	1.00000000000000000	1.00000000000000000
NKAPD1	1.00000000000000000	24.74651269505061180	1.00000000000000000	24.67283437714627325	1.00000000000000000	24.67364294177482265	27.67221168020538613	1.00000000000000000	1.00000000000000000	36.36856990062861428
NKD2	1.00000000000000000	43.35199948323396058	1.00000000000000000	29.37404351720521944	1.00000000000000000	1.00000000000000000	1.00000000000000000	1.00000000000000000	1.00000000000000000	1.00000000000000000
NKG7	1.00000000000000000	1.00000000000000000	1.00000000000000000	1.00000000000000000	83.00606086916761228	1.00000000000000000	1.00000000000000000	1.00000000000000000	1.00000000000000000	1.00000000000000000
NLGN2	1.00000000000000000	1.00000000000000000	1.00000000000000000	26.49253015111010967	1.00000000000000000	1.00000000000000000	1.00000000000000000	1.00000000000000000	1.00000000000000000	36.45595489926166266
NMB	1.00000000000000000	1.00000000000000000	1.00000000000000000	1.00000000000000000	1.00000000000000000	1.00000000000000000	1.00000000000000000	152.49616347075942713	1.00000000000000000	1.00000000000000000
NMI	31.68056430568968551	48.73161836063619745	1.00000000000000000	90.34196696642139557	60.05890866127489858	26.41751087351427074	57.30663264618536346	42.97761870753874547	1.00000000000000000	1.00000000000000000
NOA1	24.41424411367210823	26.39345674399536890	1.00000000000000000	1.00000000000000000	1.00000000000000000	16.37657334995824598	28.58474489933314189	1.00000000000000000	1.00000000000000000	45.88035408967690643
NOL10	1.00000000000000000	1.00000000000000000	1.00000000000000000	1.00000000000000000	1.00000000000000000	32.67402387750397708	1.00000000000000000	1.00000000000000000	1.00000000000000000	1.00000000000000000
NOL11	1.00000000000000000	1.00000000000000000	1.00000000000000000	24.56258103454015540	1.00000000000000000	20.87827660816568098	1.00000000000000000	1.00000000000000000	1.00000000000000000	1.00000000000000000
NOL3	1.00000000000000000	1.00000000000000000	1.00000000000000000	1.00000000000000000	1.00000000000000000	1.00000000000000000	1.00000000000000000	103.71558061346703994	61.07598313108117338	1.00000000000000000
NOL8	34.36613100732540005	33.67025358107071753	1.00000000000000000	37.53611798250240383	1.00000000000000000	28.49203267867601141	30.07005803551874834	1.00000000000000000	1.00000000000000000	41.22423469096784032
NOTCH1	1.00000000000000000	1.00000000000000000	1.00000000000000000	1.00000000000000000	1.00000000000000000	64.24899300247344058	50.22691773799108717	1.00000000000000000	1.00000000000000000	1.00000000000000000
NOTCH2	59.02905061036881307	62.39759798762543141	107.44597838440360249	55.40200552852265758	1.00000000000000000	40.11645088489264310	1.00000000000000000	73.82543436070615428	34.71448372950227679	1.00000000000000000
NOVA1	149.52647317066509913	1.00000000000000000	1.00000000000000000	25.93128498734776244	1.00000000000000000	1.00000000000000000	1.00000000000000000	1.00000000000000000	1.00000000000000000	1.00000000000000000
NOX4	34.44123121919068353	44.32958498389903923	1.00000000000000000	36.30073150686138916	1.00000000000000000	1.00000000000000000	1.00000000000000000	1.00000000000000000	1.00000000000000000	1.00000000000000000
NPAT	1.00000000000000000	1.00000000000000000	1.00000000000000000	23.56758706146636584	1.00000000000000000	18.07733983265255873	1.00000000000000000	1.00000000000000000	1.00000000000000000	1.00000000000000000
NPHP3	28.95213729062310648	1.00000000000000000	1.00000000000000000	1.00000000000000000	1.00000000000000000	18.79956884054081456	34.54049554238289232	1.00000000000000000	1.00000000000000000	1.00000000000000000
NPLOC4	1.00000000000000000	27.15236548325284360	1.00000000000000000	29.83836820444013682	1.00000000000000000	24.12879690244318098	1.00000000000000000	1.00000000000000000	1.00000000000000000	1.00000000000000000
NPM3	1.00000000000000000	1.00000000000000000	1.00000000000000000	19.81524400468109448	1.00000000000000000	42.08673718288638099	1.00000000000000000	1.00000000000000000	1.00000000000000000	1.00000000000000000
NPNT	1.00000000000000000	1.00000000000000000	1.00000000000000000	1.00000000000000000	1.00000000000000000	1.00000000000000000	1.00000000000000000	1.00000000000000000	65.61422625544715004	41.97391319296806955
NPRL3	1.00000000000000000	23.03457942639202116	1.00000000000000000	1.00000000000000000	1.00000000000000000	1.00000000000000000	1.00000000000000000	1.00000000000000000	1.00000000000000000	1.00000000000000000
NPY1R	1.00000000000000000	1.00000000000000000	1.00000000000000000	1.00000000000000000	1.00000000000000000	1.00000000000000000	1.00000000000000000	1.00000000000000000	57.83898007143501729	83.02763859067933083
NR1D2	48.16409920418762880	45.66180490194178532	82.01343842832525866	32.97746880147531101	1.00000000000000000	24.56288698415966110	59.04854620451482106	1.00000000000000000	71.26822142839272090	43.41955344670204653
NR1H3	1.00000000000000000	1.00000000000000000	1.00000000000000000	21.76754805236335599	1.00000000000000000	1.00000000000000000	1.00000000000000000	1.00000000000000000	1.00000000000000000	1.00000000000000000
NR2C2AP	1.00000000000000000	1.00000000000000000	1.00000000000000000	1.00000000000000000	1.00000000000000000	28.52832475150232838	1.00000000000000000	1.00000000000000000	1.00000000000000000	1.00000000000000000
NR2F1	118.20461944970011814	84.88468721110278636	97.71344738186367351	86.04259804667870526	1.00000000000000000	60.26726215780090712	33.37136561281597835	1.00000000000000000	1.00000000000000000	94.81430816882658519
NR4A3	82.99821021398038567	69.64827310368080759	337.72192199333835561	80.10844560127598868	166.18196657084914136	41.01001463185401263	136.88389956026554728	1.00000000000000000	148.04276148996171969	162.93369760578943328
NRARP	1.00000000000000000	1.00000000000000000	1.00000000000000000	1.00000000000000000	93.07678145178769569	37.78099714145898247	231.09881468364216062	1.00000000000000000	245.35603729137471873	49.47797697431099095
NRAS	1.00000000000000000	1.00000000000000000	1.00000000000000000	22.39611656639075932	1.00000000000000000	22.96783575773113384	1.00000000000000000	1.00000000000000000	1.00000000000000000	1.00000000000000000
NRGN	1.00000000000000000	1.00000000000000000	1.00000000000000000	1.00000000000000000	1.00000000000000000	33.34971534493074330	50.45429509546173108	1.00000000000000000	99.36702076765971015	1.00000000000000000
NRIP2	1.00000000000000000	1.00000000000000000	1.00000000000000000	1.00000000000000000	1.00000000000000000	1.00000000000000000	1.00000000000000000	1.00000000000000000	56.73936792255213390	1.00000000000000000
NRM	1.00000000000000000	1.00000000000000000	1.00000000000000000	1.00000000000000000	1.00000000000000000	53.49271480078996177	1.00000000000000000	1.00000000000000000	1.00000000000000000	1.00000000000000000
NRN1	40.87876050818933038	64.06091750704658239	158.07392186868796102	35.51852998369848535	87.42027531393375739	22.81080619394657916	45.31814760653610108	517.82491131283643426	42.80236851380311691	1.00000000000000000
NRP2	1.00000000000000000	114.41982088547334229	72.44709659445818772	104.52014329388393321	1.00000000000000000	145.47172093927781589	1.00000000000000000	60.86847225311979059	1.00000000000000000	1.00000000000000000
NSD1	39.12245759277431745	38.69224395636255309	88.31141369602612201	36.83958537588157611	1.00000000000000000	43.07436971015113869	51.24218229313452611	1.00000000000000000	42.63656185918935648	41.21827379960343762
NSD2	1.00000000000000000	1.00000000000000000	1.00000000000000000	1.00000000000000000	1.00000000000000000	47.49723841935654889	1.00000000000000000	1.00000000000000000	1.00000000000000000	1.00000000000000000
NT5DC1	1.00000000000000000	1.00000000000000000	1.00000000000000000	1.00000000000000000	1.00000000000000000	20.46289896297898636	37.38499719204429539	1.00000000000000000	49.73868680561783151	57.18802595221669094
NT5DC2	1.00000000000000000	43.68119544667139564	1.00000000000000000	1.00000000000000000	71.07974600187570502	133.56253211368806433	81.90450959158887656	56.41145982729570818	78.60601152165789074	44.67788914645345955
NT5E	103.17904026917649674	54.00290847833632313	1.00000000000000000	62.48404111830116392	1.00000000000000000	82.46859828804711867	1.00000000000000000	77.85337417270457649	1.00000000000000000	1.00000000000000000
NTHL1	1.00000000000000000	23.48459107329004425	1.00000000000000000	24.39227883705013156	1.00000000000000000	31.15741272215353064	34.36358335264868913	1.00000000000000000	31.47135069933726115	39.52855809069796322
NTM	1.00000000000000000	126.56951473114612838	1.00000000000000000	91.11621530313638573	1.00000000000000000	99.88646540836070642	1.00000000000000000	82.70755903841532586	1.00000000000000000	1.00000000000000000
NTN4	1.00000000000000000	1.00000000000000000	1.00000000000000000	1.00000000000000000	1.00000000000000000	1.00000000000000000	1.00000000000000000	1.00000000000000000	87.75874675373971456	55.75179922842437463
NTPCR	39.55097721049668991	29.05594578599281874	1.00000000000000000	23.43827498973724488	1.00000000000000000	24.44191286006244113	1.00000000000000000	1.00000000000000000	1.00000000000000000	1.00000000000000000
NTRK2	100.27537937100157706	1.00000000000000000	1.00000000000000000	42.18603913789296200	89.65107983035062489	1.00000000000000000	130.96903242746412843	1.00000000000000000	339.87828741023344037	169.85012115996900661
NUAK1	1.00000000000000000	96.83432417990238150	1.00000000000000000	30.50762788751442045	1.00000000000000000	83.74163656590214089	1.00000000000000000	107.41854024982842475	1.00000000000000000	45.30612041676567969
NUDCD3	1.00000000000000000	26.71333978073406357	1.00000000000000000	24.53828435518283868	1.00000000000000000	18.12407819860878178	1.00000000000000000	1.00000000000000000	1.00000000000000000	1.00000000000000000
NUDT15	1.00000000000000000	1.00000000000000000	1.00000000000000000	1.00000000000000000	1.00000000000000000	58.30143206794607380	1.00000000000000000	1.00000000000000000	1.00000000000000000	1.00000000000000000
NUDT16L1	1.00000000000000000	28.37010806369195492	1.00000000000000000	25.28428657682674796	1.00000000000000000	22.31519467100695664	1.00000000000000000	1.00000000000000000	1.00000000000000000	1.00000000000000000
NUDT2	26.86312736314405214	27.47840057907273703	1.00000000000000000	30.58668536239702362	1.00000000000000000	38.96509751409401900	35.80248597845766767	54.23477961373077250	1.00000000000000000	1.00000000000000000
NUDT3	1.00000000000000000	24.58165836962676920	1.00000000000000000	1.00000000000000000	1.00000000000000000	1.00000000000000000	1.00000000000000000	1.00000000000000000	1.00000000000000000	1.00000000000000000
NUDT8	1.00000000000000000	1.00000000000000000	1.00000000000000000	1.00000000000000000	1.00000000000000000	27.62749802766296625	1.00000000000000000	1.00000000000000000	1.00000000000000000	1.00000000000000000
NUF2	1.00000000000000000	1.00000000000000000	1.00000000000000000	1.00000000000000000	1.00000000000000000	69.68615546948474559	1.00000000000000000	1.00000000000000000	1.00000000000000000	1.00000000000000000
NUMB	39.06002792970444659	41.50526390573023150	95.49840958289358639	55.82486793388256530	1.00000000000000000	50.73741173418177652	38.48090506886560291	42.00526865985780489	1.00000000000000000	37.00944955506240319
NUMBL	30.93117918953348067	1.00000000000000000	1.00000000000000000	24.43871141564747518	1.00000000000000000	1.00000000000000000	1.00000000000000000	1.00000000000000000	1.00000000000000000	1.00000000000000000
NUP107	1.00000000000000000	1.00000000000000000	1.00000000000000000	1.00000000000000000	1.00000000000000000	39.48726193681378760	1.00000000000000000	1.00000000000000000	1.00000000000000000	1.00000000000000000
NUP153	1.00000000000000000	1.00000000000000000	1.00000000000000000	1.00000000000000000	1.00000000000000000	28.33654988444752121	1.00000000000000000	1.00000000000000000	1.00000000000000000	1.00000000000000000
NUP214	1.00000000000000000	1.00000000000000000	1.00000000000000000	1.00000000000000000	1.00000000000000000	32.54244532107444599	1.00000000000000000	1.00000000000000000	1.00000000000000000	1.00000000000000000
NUP50	1.00000000000000000	1.00000000000000000	1.00000000000000000	1.00000000000000000	1.00000000000000000	40.08890173642668486	1.00000000000000000	1.00000000000000000	1.00000000000000000	1.00000000000000000
NUP58	1.00000000000000000	27.26093592673231925	94.65579239972201719	27.53660465072776020	1.00000000000000000	60.33956551085113773	35.39774655103055778	51.26936953192317503	35.57255347630218267	1.00000000000000000
NUP62	29.62847772083803832	28.70189481303335199	1.00000000000000000	52.98882141651377253	1.00000000000000000	50.17411385819267622	1.00000000000000000	1.00000000000000000	1.00000000000000000	1.00000000000000000
NUP93	1.00000000000000000	1.00000000000000000	1.00000000000000000	1.00000000000000000	1.00000000000000000	34.97580076863055609	1.00000000000000000	1.00000000000000000	1.00000000000000000	1.00000000000000000
NUP98	1.00000000000000000	1.00000000000000000	1.00000000000000000	24.90172359099161525	1.00000000000000000	25.77977751828579756	33.63788441754092418	1.00000000000000000	33.00403998676856787	35.27563627671647595
NUS1	1.00000000000000000	26.03305217525117854	1.00000000000000000	1.00000000000000000	1.00000000000000000	22.30964141471899964	1.00000000000000000	1.00000000000000000	1.00000000000000000	1.00000000000000000
NUSAP1	1.00000000000000000	1.00000000000000000	1.00000000000000000	1.00000000000000000	1.00000000000000000	258.91701656634052142	1.00000000000000000	1.00000000000000000	1.00000000000000000	1.00000000000000000
NXF1	1.00000000000000000	1.00000000000000000	1.00000000000000000	1.00000000000000000	1.00000000000000000	17.28113629631397075	31.76447810543056960	1.00000000000000000	38.25977698344829747	50.21235295058973236
NXN	1.00000000000000000	88.88528867146551704	92.07233333703368316	82.98798080341970262	1.00000000000000000	73.00862559838175514	1.00000000000000000	126.11377463976064917	1.00000000000000000	1.00000000000000000
OARD1	1.00000000000000000	1.00000000000000000	1.00000000000000000	1.00000000000000000	1.00000000000000000	34.13269993312037087	1.00000000000000000	1.00000000000000000	1.00000000000000000	1.00000000000000000
OAS2	1.00000000000000000	32.26192615145610176	1.00000000000000000	87.77694017956885375	1.00000000000000000	25.68480714475979099	57.67926161693986131	1.00000000000000000	1.00000000000000000	1.00000000000000000
OAS3	1.00000000000000000	32.73697029020800642	1.00000000000000000	96.48452855754862867	1.00000000000000000	41.69999176382595607	67.59056319453688388	1.00000000000000000	1.00000000000000000	1.00000000000000000
OASL	1.00000000000000000	1.00000000000000000	1.00000000000000000	177.63642770307757246	1.00000000000000000	1.00000000000000000	118.51786422863365544	1.00000000000000000	1.00000000000000000	1.00000000000000000
OBSL1	1.00000000000000000	1.00000000000000000	1.00000000000000000	1.00000000000000000	1.00000000000000000	1.00000000000000000	1.00000000000000000	1.00000000000000000	36.34800900337818774	1.00000000000000000
OCEL1	1.00000000000000000	24.90173979455369846	1.00000000000000000	1.00000000000000000	1.00000000000000000	1.00000000000000000	38.86264907623303344	39.30131710570318404	1.00000000000000000	30.40900366639618113
ODF2	1.00000000000000000	1.00000000000000000	1.00000000000000000	1.00000000000000000	1.00000000000000000	29.70619834318341290	1.00000000000000000	1.00000000000000000	1.00000000000000000	1.00000000000000000
OFD1	28.74709801882247362	31.49483836688053984	87.34702270430157967	26.19110787304195043	1.00000000000000000	23.75587438115256234	32.64526070700003402	1.00000000000000000	38.92214106000302820	33.82892797891435777
OGDH	1.00000000000000000	1.00000000000000000	1.00000000000000000	1.00000000000000000	1.00000000000000000	27.71985719264810299	1.00000000000000000	1.00000000000000000	1.00000000000000000	1.00000000000000000
OGFOD3	37.04324575312385548	36.77407198700754520	1.00000000000000000	40.84399065595879108	1.00000000000000000	33.91295096365065831	28.90096057008646468	37.90126133325776436	1.00000000000000000	1.00000000000000000
OGFRL1	38.02435230261016130	1.00000000000000000	1.00000000000000000	24.58811343983754583	1.00000000000000000	1.00000000000000000	1.00000000000000000	1.00000000000000000	1.00000000000000000	1.00000000000000000
OGN	326.93060060970447012	145.08000040415896592	1.00000000000000000	36.26692645875342436	1.00000000000000000	1.00000000000000000	1.00000000000000000	75.69917039363022582	1.00000000000000000	1.00000000000000000
OGT	30.72957352558208655	36.75310102611864949	137.28300920799426876	27.42072180369947887	72.99047353341752853	1.00000000000000000	32.48437387427674139	48.90239449525013526	1.00000000000000000	1.00000000000000000
OLFM1	1.00000000000000000	1.00000000000000000	1.00000000000000000	1.00000000000000000	1.00000000000000000	35.80550935113269873	1.00000000000000000	1.00000000000000000	1.00000000000000000	1.00000000000000000
OLFM2	1.00000000000000000	47.45960570992338035	1.00000000000000000	41.42701015085598470	1.00000000000000000	1.00000000000000000	1.00000000000000000	1.00000000000000000	1.00000000000000000	1.00000000000000000
OLFML1	57.23253279395030546	37.99474816269928823	1.00000000000000000	54.73055490202395390	1.00000000000000000	22.28710916245460893	44.10775209469160529	1.00000000000000000	1.00000000000000000	1.00000000000000000
OLFML2A	1.00000000000000000	1.00000000000000000	1.00000000000000000	1.00000000000000000	1.00000000000000000	57.66951218625725772	282.95408483807534594	1.00000000000000000	125.60487871159595841	1.00000000000000000
OMD	125.78684323371759035	109.38082004525506363	1.00000000000000000	56.78129344709818582	1.00000000000000000	1.00000000000000000	1.00000000000000000	1.00000000000000000	1.00000000000000000	1.00000000000000000
OPA1	1.00000000000000000	1.00000000000000000	1.00000000000000000	1.00000000000000000	1.00000000000000000	36.61471533950810198	1.00000000000000000	1.00000000000000000	1.00000000000000000	1.00000000000000000
OPA3	1.00000000000000000	1.00000000000000000	1.00000000000000000	1.00000000000000000	1.00000000000000000	1.00000000000000000	56.86870400446300522	1.00000000000000000	64.74357286120336141	1.00000000000000000
OR51E1	1.00000000000000000	1.00000000000000000	1.00000000000000000	1.00000000000000000	1.00000000000000000	1.00000000000000000	67.95243699378815450	1.00000000000000000	85.82932602854771176	1.00000000000000000
ORAI3	35.76175164596448752	25.23223882480384006	1.00000000000000000	22.34572687663924029	1.00000000000000000	1.00000000000000000	30.73912511826645044	47.44931809287556490	1.00000000000000000	1.00000000000000000
ORC6	1.00000000000000000	1.00000000000000000	1.00000000000000000	1.00000000000000000	1.00000000000000000	43.09271609927212410	1.00000000000000000	1.00000000000000000	1.00000000000000000	1.00000000000000000
ORMDL2	1.00000000000000000	30.03845617969565396	1.00000000000000000	31.26538633788968369	1.00000000000000000	29.08952460166877074	1.00000000000000000	42.97404920243422310	1.00000000000000000	1.00000000000000000
OSBPL1A	59.96451754443116755	31.17718414132814786	1.00000000000000000	29.45928874070239090	1.00000000000000000	30.78669908964894830	99.24615940346110676	1.00000000000000000	111.75918169571137639	78.30700170047308006
OSBPL5	1.00000000000000000	25.35955449753116042	1.00000000000000000	1.00000000000000000	1.00000000000000000	33.08776352470309945	1.00000000000000000	1.00000000000000000	1.00000000000000000	1.00000000000000000
OSGEP	1.00000000000000000	26.25783403213507228	1.00000000000000000	21.88096591192864082	1.00000000000000000	49.12818247583798126	1.00000000000000000	1.00000000000000000	1.00000000000000000	1.00000000000000000
OSR1	34.93883306709723513	1.00000000000000000	1.00000000000000000	1.00000000000000000	1.00000000000000000	1.00000000000000000	1.00000000000000000	1.00000000000000000	1.00000000000000000	1.00000000000000000
OSR2	90.91418220122545790	45.07792237013057957	1.00000000000000000	32.19094169377079595	1.00000000000000000	1.00000000000000000	39.25600990686889702	1.00000000000000000	1.00000000000000000	39.07351199326878799
OSTF1	33.22973442543553801	46.15660514697298566	1.00000000000000000	43.34752394811836496	86.64770235948675747	62.49871375268047302	86.24621561027738892	1.00000000000000000	45.58594733297405810	35.18043907141991866
OTUD1	50.17312563544744819	30.91356902955978114	1.00000000000000000	27.24711589831857594	1.00000000000000000	1.00000000000000000	28.93802998812847349	1.00000000000000000	1.00000000000000000	1.00000000000000000
OTUD4	1.00000000000000000	1.00000000000000000	1.00000000000000000	29.14121289290264016	1.00000000000000000	28.26311071007799569	1.00000000000000000	1.00000000000000000	1.00000000000000000	1.00000000000000000
OTULIN	1.00000000000000000	1.00000000000000000	1.00000000000000000	28.99822674306483350	1.00000000000000000	25.87433048857376505	1.00000000000000000	1.00000000000000000	1.00000000000000000	1.00000000000000000
OXCT1	1.00000000000000000	1.00000000000000000	1.00000000000000000	1.00000000000000000	1.00000000000000000	73.22275052224232184	1.00000000000000000	1.00000000000000000	1.00000000000000000	1.00000000000000000
OXLD1	1.00000000000000000	25.63019846893624276	1.00000000000000000	26.96576868786019077	1.00000000000000000	16.08921231091678905	1.00000000000000000	1.00000000000000000	1.00000000000000000	1.00000000000000000
P2RX4	1.00000000000000000	1.00000000000000000	1.00000000000000000	1.00000000000000000	1.00000000000000000	1.00000000000000000	33.84390612187718261	1.00000000000000000	1.00000000000000000	1.00000000000000000
P2RY14	1.00000000000000000	1.00000000000000000	1.00000000000000000	1.00000000000000000	1.00000000000000000	1.00000000000000000	56.26530928152771338	1.00000000000000000	1.00000000000000000	1.00000000000000000
P3H1	38.05433231645076120	84.68127225603781483	1.00000000000000000	66.30271708249556184	1.00000000000000000	79.71594669153425627	38.16132686347490477	53.91438284192894059	1.00000000000000000	1.00000000000000000
P3H3	44.38992963537037184	85.97948334575684726	1.00000000000000000	53.01117129679161621	1.00000000000000000	54.20335010097888784	1.00000000000000000	49.27624172393839075	1.00000000000000000	1.00000000000000000
P3H4	32.08127619128771357	77.94389880617306687	1.00000000000000000	52.14643849975722389	1.00000000000000000	78.05810855500074297	1.00000000000000000	34.42528480548010350	1.00000000000000000	1.00000000000000000
P4HA2	78.91513424684364963	133.72195379533036430	135.81643812411792283	74.99916889009418242	86.34837369376403160	169.38703586947764279	40.67407799070993946	280.96953750922574500	37.60308173406155419	1.00000000000000000
P4HA3	1.00000000000000000	39.23597100418547257	1.00000000000000000	25.19483904289675991	1.00000000000000000	1.00000000000000000	1.00000000000000000	1.00000000000000000	1.00000000000000000	1.00000000000000000
PACS2	1.00000000000000000	26.43713578802537612	1.00000000000000000	1.00000000000000000	1.00000000000000000	1.00000000000000000	1.00000000000000000	1.00000000000000000	1.00000000000000000	1.00000000000000000
PACSIN2	1.00000000000000000	1.00000000000000000	1.00000000000000000	1.00000000000000000	1.00000000000000000	41.26273448097527563	60.06057923071781346	1.00000000000000000	56.29518632258836419	41.98582160085496895
PAFAH1B3	1.00000000000000000	1.00000000000000000	1.00000000000000000	1.00000000000000000	1.00000000000000000	34.53899389822407073	1.00000000000000000	1.00000000000000000	1.00000000000000000	1.00000000000000000
PAG1	1.00000000000000000	1.00000000000000000	1.00000000000000000	1.00000000000000000	1.00000000000000000	1.00000000000000000	56.66295187671756395	1.00000000000000000	1.00000000000000000	1.00000000000000000
PAICS	28.07994863609999214	25.84021124762402977	1.00000000000000000	22.68698095196704756	1.00000000000000000	69.84373168440191648	1.00000000000000000	58.05321894555923734	1.00000000000000000	1.00000000000000000
PAK1	1.00000000000000000	1.00000000000000000	1.00000000000000000	1.00000000000000000	1.00000000000000000	26.78841386666929125	32.01264354476413843	1.00000000000000000	1.00000000000000000	1.00000000000000000
PALM	75.62375446624429287	36.04267216521682826	1.00000000000000000	23.87495913647736856	1.00000000000000000	1.00000000000000000	1.00000000000000000	37.91182552418521823	1.00000000000000000	1.00000000000000000
PALMD	1.00000000000000000	1.00000000000000000	1.00000000000000000	1.00000000000000000	1.00000000000000000	1.00000000000000000	1.00000000000000000	1.00000000000000000	1.00000000000000000	39.99982711423081128
PAMR1	43.37071573418164405	1.00000000000000000	1.00000000000000000	1.00000000000000000	1.00000000000000000	1.00000000000000000	1.00000000000000000	1.00000000000000000	1.00000000000000000	1.00000000000000000
PANK3	1.00000000000000000	1.00000000000000000	1.00000000000000000	1.00000000000000000	1.00000000000000000	33.66795666299562129	1.00000000000000000	1.00000000000000000	1.00000000000000000	1.00000000000000000
PANX1	25.55313685703310256	1.00000000000000000	1.00000000000000000	41.05401967948839115	1.00000000000000000	20.24959586262140476	1.00000000000000000	1.00000000000000000	1.00000000000000000	1.00000000000000000
PAPD4	1.00000000000000000	1.00000000000000000	1.00000000000000000	23.59400865307504347	1.00000000000000000	1.00000000000000000	1.00000000000000000	1.00000000000000000	1.00000000000000000	1.00000000000000000
PAPD5	1.00000000000000000	1.00000000000000000	1.00000000000000000	27.84740284258822385	1.00000000000000000	1.00000000000000000	41.59130481365317422	1.00000000000000000	38.88584961077500424	1.00000000000000000
PAPLN	29.02836093871347600	1.00000000000000000	1.00000000000000000	48.78413149152621742	1.00000000000000000	1.00000000000000000	1.00000000000000000	1.00000000000000000	1.00000000000000000	1.00000000000000000
PAPSS1	34.18439609613792385	51.68411533971405447	1.00000000000000000	60.49692733915976106	1.00000000000000000	51.73922172945765396	34.44692454532179937	42.78573362742646680	1.00000000000000000	1.00000000000000000
PARD3	1.00000000000000000	1.00000000000000000	1.00000000000000000	1.00000000000000000	1.00000000000000000	1.00000000000000000	46.21949588223183980	1.00000000000000000	1.00000000000000000	1.00000000000000000
PARD6G	1.00000000000000000	1.00000000000000000	1.00000000000000000	1.00000000000000000	1.00000000000000000	1.00000000000000000	51.44766224006647093	1.00000000000000000	32.26876274710320303	1.00000000000000000
PARM1	1.00000000000000000	1.00000000000000000	1.00000000000000000	1.00000000000000000	1.00000000000000000	1.00000000000000000	87.93009091518007381	1.00000000000000000	135.91488880172599352	108.55550432892158597
PARN	1.00000000000000000	25.74341057347622197	1.00000000000000000	25.70526233466954125	1.00000000000000000	20.40923896752423516	1.00000000000000000	1.00000000000000000	1.00000000000000000	1.00000000000000000
PARP10	33.23222455687270838	32.39395595218960722	1.00000000000000000	55.52180573915051554	1.00000000000000000	1.00000000000000000	48.03627670999927091	1.00000000000000000	1.00000000000000000	1.00000000000000000
PARP12	1.00000000000000000	1.00000000000000000	1.00000000000000000	35.47258282497845272	1.00000000000000000	1.00000000000000000	1.00000000000000000	1.00000000000000000	1.00000000000000000	1.00000000000000000
PARPBP	1.00000000000000000	1.00000000000000000	1.00000000000000000	1.00000000000000000	1.00000000000000000	31.07549350599143523	1.00000000000000000	1.00000000000000000	1.00000000000000000	1.00000000000000000
PARVB	1.00000000000000000	23.39178563093370045	1.00000000000000000	1.00000000000000000	1.00000000000000000	25.71672618853829562	1.00000000000000000	1.00000000000000000	1.00000000000000000	1.00000000000000000
PAXBP1	29.69345595330479881	29.34545587964379720	120.85962432313326076	27.19892430287306695	1.00000000000000000	39.06715069684251773	35.24766875297444102	1.00000000000000000	1.00000000000000000	1.00000000000000000
PBK	1.00000000000000000	1.00000000000000000	1.00000000000000000	1.00000000000000000	1.00000000000000000	117.24891061351380017	1.00000000000000000	1.00000000000000000	1.00000000000000000	1.00000000000000000
PBX2	1.00000000000000000	1.00000000000000000	1.00000000000000000	22.88314912070648077	1.00000000000000000	1.00000000000000000	38.13746499297199222	1.00000000000000000	34.69018043089456427	28.79896122163422234
PBX3	1.00000000000000000	23.64037350142076122	1.00000000000000000	1.00000000000000000	1.00000000000000000	30.79745581588950643	1.00000000000000000	1.00000000000000000	1.00000000000000000	1.00000000000000000
PCDH1	1.00000000000000000	1.00000000000000000	1.00000000000000000	1.00000000000000000	1.00000000000000000	1.00000000000000000	49.64646042918849389	1.00000000000000000	70.20561459080428790	1.00000000000000000
PCDH7	1.00000000000000000	102.38167688965134516	1.00000000000000000	70.28153718561432584	1.00000000000000000	46.52080443398537568	1.00000000000000000	47.83340382874830965	1.00000000000000000	1.00000000000000000
PCDH9	1.00000000000000000	1.00000000000000000	1.00000000000000000	1.00000000000000000	1.00000000000000000	1.00000000000000000	1.00000000000000000	1.00000000000000000	1.00000000000000000	59.47141370939691996
PCED1A	1.00000000000000000	1.00000000000000000	1.00000000000000000	32.07865695454536592	1.00000000000000000	1.00000000000000000	41.70867741720837074	1.00000000000000000	1.00000000000000000	1.00000000000000000
PCF11	66.13981319716856433	42.83486302215506214	198.32054933310158162	42.61903093668843212	61.85012795248019302	32.55488379844310032	91.20889453354615739	1.00000000000000000	113.24975469226187386	112.74780176301491963
PCGF2	32.74616170706528351	34.86256428488847803	1.00000000000000000	31.57562768376736528	1.00000000000000000	24.57231758248813236	31.68558685434067002	35.99634294227513465	1.00000000000000000	1.00000000000000000
PCGF5	1.00000000000000000	26.37347941114582994	1.00000000000000000	35.14952950473211502	1.00000000000000000	19.56144768243118648	35.91903130590481652	1.00000000000000000	64.95489796986308306	39.65841383960716371
PCLAF	1.00000000000000000	1.00000000000000000	1.00000000000000000	1.00000000000000000	1.00000000000000000	296.39950298994665445	1.00000000000000000	1.00000000000000000	1.00000000000000000	1.00000000000000000
PCMTD2	30.03143875249076800	1.00000000000000000	1.00000000000000000	24.50302781069789404	1.00000000000000000	1.00000000000000000	1.00000000000000000	1.00000000000000000	1.00000000000000000	33.73648011493827426
PCNT	1.00000000000000000	1.00000000000000000	1.00000000000000000	1.00000000000000000	1.00000000000000000	62.81764016198219025	1.00000000000000000	1.00000000000000000	1.00000000000000000	1.00000000000000000
PCNX4	42.00093699048881746	44.06118100128636428	154.22358332211857146	40.00003672731285320	90.75567337212328312	33.29319093355611869	66.75158621683578986	46.58139428571313800	66.59577226081228218	1.00000000000000000
PCOLCE2	163.25859327173643010	1.00000000000000000	1.00000000000000000	1.00000000000000000	1.00000000000000000	1.00000000000000000	1.00000000000000000	1.00000000000000000	1.00000000000000000	1.00000000000000000
PCSK5	99.05786812346947556	1.00000000000000000	1.00000000000000000	1.00000000000000000	1.00000000000000000	1.00000000000000000	1.00000000000000000	1.00000000000000000	1.00000000000000000	52.42556825077634386
PCYT1A	1.00000000000000000	24.64203793006495147	1.00000000000000000	31.35856661817054913	1.00000000000000000	20.93780421114604096	1.00000000000000000	1.00000000000000000	1.00000000000000000	1.00000000000000000
PDE1A	1.00000000000000000	1.00000000000000000	1.00000000000000000	1.00000000000000000	1.00000000000000000	1.00000000000000000	87.53804883232723455	1.00000000000000000	75.29361156500839058	86.48085968298653370
PDE3A	1.00000000000000000	1.00000000000000000	1.00000000000000000	1.00000000000000000	1.00000000000000000	1.00000000000000000	73.18867819668565744	1.00000000000000000	97.38143971089237994	50.78943747175228651
PDE4B	1.00000000000000000	1.00000000000000000	1.00000000000000000	1.00000000000000000	59.50311812153738344	1.00000000000000000	1.00000000000000000	1.00000000000000000	1.00000000000000000	1.00000000000000000
PDE4DIP	67.85110490105117265	64.02729326117326991	118.83582463509134186	68.84746846438265777	79.31852431876295384	49.08387575494818122	1.00000000000000000	74.14253011610458088	43.15760982101763688	1.00000000000000000
PDE5A	1.00000000000000000	1.00000000000000000	1.00000000000000000	1.00000000000000000	1.00000000000000000	1.00000000000000000	101.00612933960221085	1.00000000000000000	144.46190281370769526	112.98236975806653959
PDE7A	1.00000000000000000	27.15149480825444428	1.00000000000000000	22.31555314436608128	1.00000000000000000	1.00000000000000000	1.00000000000000000	1.00000000000000000	1.00000000000000000	1.00000000000000000
PDE8A	1.00000000000000000	1.00000000000000000	1.00000000000000000	1.00000000000000000	1.00000000000000000	1.00000000000000000	29.89372463909570143	1.00000000000000000	1.00000000000000000	1.00000000000000000
PDGFA	1.00000000000000000	38.44521523981084243	192.33003877249237235	28.10745211655469333	212.38232875390400523	133.82929784252141303	558.24371525326057508	1.00000000000000000	524.00744498311360076	260.47448537661784940
PDGFC	1.00000000000000000	66.59471270881152805	1.00000000000000000	31.95935366430185454	1.00000000000000000	25.86001513436619703	1.00000000000000000	78.57701962614522984	1.00000000000000000	1.00000000000000000
PDGFD	62.72017400694173261	38.49332705235988072	1.00000000000000000	1.00000000000000000	1.00000000000000000	1.00000000000000000	1.00000000000000000	1.00000000000000000	1.00000000000000000	1.00000000000000000
PDGFRA	264.97659589760922927	129.26627747850642436	201.43665439285152274	185.86221537442946783	1.00000000000000000	129.40922114973949419	1.00000000000000000	105.95431394465100539	1.00000000000000000	1.00000000000000000
PDGFRL	434.73975854352283932	234.58194930449019466	80.73254971708827554	128.07886013056071306	71.95613351360780996	65.67137435988968264	1.00000000000000000	106.64504950379580350	1.00000000000000000	1.00000000000000000
PDIA5	1.00000000000000000	32.41551539879100829	1.00000000000000000	26.29902240439896133	1.00000000000000000	34.07125419619957540	1.00000000000000000	1.00000000000000000	1.00000000000000000	1.00000000000000000
PDK1	1.00000000000000000	1.00000000000000000	1.00000000000000000	1.00000000000000000	1.00000000000000000	1.00000000000000000	1.00000000000000000	48.38644512239028472	1.00000000000000000	1.00000000000000000
PDK2	1.00000000000000000	1.00000000000000000	1.00000000000000000	19.21758086686125111	1.00000000000000000	1.00000000000000000	1.00000000000000000	1.00000000000000000	34.41446743604023339	1.00000000000000000
PDK4	265.06230552964296976	1.00000000000000000	174.77728641972993273	46.83608502741878965	146.26466719889540968	1.00000000000000000	120.74458424365634812	1.00000000000000000	394.24583623734184812	250.41062134276421602
PDLIM4	76.14184550300494436	119.22532902893458129	87.02184143852167608	114.72005248476459371	69.32915825154876188	107.30880232765525761	1.00000000000000000	214.43277878610430776	1.00000000000000000	32.39774622681643734
PDPN	112.37263420808966430	133.19289964753491518	104.75460111988138578	216.09753474955945762	1.00000000000000000	78.01053908938941106	1.00000000000000000	172.02657555418940660	1.00000000000000000	1.00000000000000000
PDZD8	26.04334523920545763	25.55725103322727065	1.00000000000000000	1.00000000000000000	1.00000000000000000	18.37675121579118809	1.00000000000000000	1.00000000000000000	1.00000000000000000	38.68394310856872664
PDZRN3	30.22771341882551610	34.70430330928247997	1.00000000000000000	31.90013802452412151	1.00000000000000000	1.00000000000000000	1.00000000000000000	1.00000000000000000	1.00000000000000000	1.00000000000000000
PEAK1	33.94934997059926474	50.06694003303152840	160.91685787627068294	45.62840611331814955	1.00000000000000000	39.66848643390865448	135.97279101412689784	1.00000000000000000	68.92185173887709482	88.49398839043864484
PEAR1	1.00000000000000000	1.00000000000000000	1.00000000000000000	1.00000000000000000	1.00000000000000000	1.00000000000000000	38.07498404151175464	1.00000000000000000	1.00000000000000000	1.00000000000000000
PELI1	1.00000000000000000	34.31795818023409339	99.06688455370134250	43.37423110759698375	94.43938573501262113	35.51203384843819322	115.23312699163554385	1.00000000000000000	84.99000992547028943	55.98256922339683683
PELO	1.00000000000000000	34.61825943152180685	1.00000000000000000	37.27886324626313552	1.00000000000000000	65.31769546044181141	82.70371548038819753	1.00000000000000000	54.90746772688918753	51.18622454210606065
PELP1	1.00000000000000000	1.00000000000000000	1.00000000000000000	1.00000000000000000	1.00000000000000000	33.33912230918367925	1.00000000000000000	1.00000000000000000	1.00000000000000000	1.00000000000000000
PEMT	1.00000000000000000	1.00000000000000000	1.00000000000000000	1.00000000000000000	1.00000000000000000	27.34567500336233437	1.00000000000000000	1.00000000000000000	1.00000000000000000	1.00000000000000000
PER2	36.94908620648012487	29.78854951871509371	93.13348944223777437	32.85618924718520617	1.00000000000000000	22.89177334475745340	41.92536584089158680	1.00000000000000000	46.00190468280298717	45.20017128659015526
PER3	38.12799145482788532	32.93953708186989360	1.00000000000000000	1.00000000000000000	1.00000000000000000	1.00000000000000000	1.00000000000000000	1.00000000000000000	1.00000000000000000	1.00000000000000000
PERP	61.86712942452880526	90.35495081093358749	95.29602194017260786	45.24501858622453909	85.75621080356619075	65.92982917468602011	1.00000000000000000	151.91600740054985863	1.00000000000000000	1.00000000000000000
PEX16	1.00000000000000000	25.86265770791373342	1.00000000000000000	21.75321488843505691	1.00000000000000000	20.92864146927946578	1.00000000000000000	1.00000000000000000	1.00000000000000000	1.00000000000000000
PFKP	29.05945991819681495	32.52016798065224634	1.00000000000000000	22.46294023174704435	1.00000000000000000	51.97447710762497053	30.34720615317938552	165.56398907407506726	38.44403771577288609	42.24554340783114270
PFN2	28.45779197169781227	49.80507339530883826	1.00000000000000000	36.63370570572345741	1.00000000000000000	49.49342718655597650	1.00000000000000000	82.33413411675586246	1.00000000000000000	1.00000000000000000
PGAP1	1.00000000000000000	1.00000000000000000	1.00000000000000000	1.00000000000000000	1.00000000000000000	1.00000000000000000	37.99868220171988042	1.00000000000000000	1.00000000000000000	1.00000000000000000
PGD	25.22048352444702957	1.00000000000000000	1.00000000000000000	30.19245769980800631	1.00000000000000000	26.69538981426047997	1.00000000000000000	1.00000000000000000	1.00000000000000000	1.00000000000000000
PGF	1.00000000000000000	1.00000000000000000	99.90131883395771695	49.33852231677533950	155.12430766807020177	68.31901775740470839	421.79598997731102372	1.00000000000000000	322.11910425942210168	76.17999094268009230
PGK1	157.75628150017314510	262.75467346152112214	536.29255722415166474	149.53358159266011285	368.67133070310711673	328.64621413546495887	170.65308170887729489	1127.41269994309891445	162.67536454896230680	133.25085633139076435
PGM1	37.08051549725765739	48.56922749683299401	1.00000000000000000	32.19650784877309491	1.00000000000000000	45.02835904660489774	1.00000000000000000	92.14554775469025572	1.00000000000000000	1.00000000000000000
PGM2	1.00000000000000000	1.00000000000000000	1.00000000000000000	1.00000000000000000	1.00000000000000000	39.95869000771290303	1.00000000000000000	1.00000000000000000	1.00000000000000000	1.00000000000000000
PGM2L1	1.00000000000000000	39.14243857664607873	1.00000000000000000	35.18349981835464035	1.00000000000000000	20.59081507071357109	1.00000000000000000	1.00000000000000000	1.00000000000000000	1.00000000000000000
PGM3	43.30373820509021954	62.64781137597549332	1.00000000000000000	55.85035238910557354	1.00000000000000000	71.37498583986817380	1.00000000000000000	67.05156448075271669	1.00000000000000000	1.00000000000000000
PHC3	1.00000000000000000	1.00000000000000000	1.00000000000000000	23.02849312646846158	1.00000000000000000	1.00000000000000000	1.00000000000000000	1.00000000000000000	1.00000000000000000	1.00000000000000000
PHF10	1.00000000000000000	25.54859901074273054	1.00000000000000000	1.00000000000000000	1.00000000000000000	18.03013058191358908	1.00000000000000000	1.00000000000000000	1.00000000000000000	1.00000000000000000
PHF19	1.00000000000000000	1.00000000000000000	1.00000000000000000	1.00000000000000000	1.00000000000000000	150.13388838404404169	1.00000000000000000	1.00000000000000000	1.00000000000000000	1.00000000000000000
PHGDH	36.68141859923296977	1.00000000000000000	1.00000000000000000	1.00000000000000000	1.00000000000000000	127.76929392485105552	1.00000000000000000	84.01679422123815755	1.00000000000000000	1.00000000000000000
PHKB	1.00000000000000000	25.66553311407690074	1.00000000000000000	1.00000000000000000	1.00000000000000000	1.00000000000000000	40.56764992389060609	1.00000000000000000	36.62645912317989882	1.00000000000000000
PHLDB2	36.53202153310403588	44.87432346536527206	113.50356243865398653	27.35026169656359940	1.00000000000000000	32.47206409017791628	97.43547192325254969	1.00000000000000000	171.09734484069190330	112.11092896336364788
PHTF2	1.00000000000000000	33.46945422957988825	1.00000000000000000	30.57512814842996818	1.00000000000000000	65.50704520068470060	1.00000000000000000	1.00000000000000000	1.00000000000000000	1.00000000000000000
PHYHD1	36.81846224970262682	1.00000000000000000	1.00000000000000000	1.00000000000000000	1.00000000000000000	1.00000000000000000	1.00000000000000000	1.00000000000000000	1.00000000000000000	1.00000000000000000
PI15	1.00000000000000000	1.00000000000000000	1.00000000000000000	1.00000000000000000	1.00000000000000000	1.00000000000000000	1.00000000000000000	1.00000000000000000	1.00000000000000000	57.89738371616643775
PI16	1060.51652321793267220	1.00000000000000000	1.00000000000000000	1.00000000000000000	1.00000000000000000	1.00000000000000000	1.00000000000000000	1.00000000000000000	1.00000000000000000	1.00000000000000000
PID1	46.39751392579203326	1.00000000000000000	1.00000000000000000	1.00000000000000000	1.00000000000000000	1.00000000000000000	1.00000000000000000	1.00000000000000000	1.00000000000000000	1.00000000000000000
PIEZO1	1.00000000000000000	1.00000000000000000	1.00000000000000000	24.62475314410679772	1.00000000000000000	31.35275625029778013	1.00000000000000000	1.00000000000000000	1.00000000000000000	1.00000000000000000
PIGP	44.57816312439296524	36.64173959841958350	1.00000000000000000	35.17075906040689404	1.00000000000000000	40.01871109941706806	1.00000000000000000	64.32812870230232249	35.52159389399781020	35.67585148823918928
PIK3C2A	1.00000000000000000	29.99776108713859912	1.00000000000000000	27.53183510117532151	1.00000000000000000	18.79271709799987988	37.20417633876393637	1.00000000000000000	51.44236624193035823	51.45594090873838411
PIK3CA	26.44561273590978701	25.83653025576834139	1.00000000000000000	1.00000000000000000	1.00000000000000000	1.00000000000000000	35.37968072737960767	1.00000000000000000	1.00000000000000000	1.00000000000000000
PIK3IP1	36.73675098402715378	28.02154636678749711	1.00000000000000000	28.24760222822245836	1.00000000000000000	1.00000000000000000	1.00000000000000000	1.00000000000000000	1.00000000000000000	43.52269631353395596
PIK3R3	1.00000000000000000	1.00000000000000000	1.00000000000000000	56.59403396225778948	1.00000000000000000	1.00000000000000000	1.00000000000000000	1.00000000000000000	1.00000000000000000	1.00000000000000000
PIMREG	1.00000000000000000	1.00000000000000000	1.00000000000000000	1.00000000000000000	1.00000000000000000	59.73350712230548964	1.00000000000000000	1.00000000000000000	1.00000000000000000	1.00000000000000000
PIP4K2A	1.00000000000000000	1.00000000000000000	1.00000000000000000	24.98941062807508118	1.00000000000000000	24.21675626024970640	37.47212479544228358	1.00000000000000000	52.56806673513669637	1.00000000000000000
PIP4P1	1.00000000000000000	1.00000000000000000	1.00000000000000000	1.00000000000000000	1.00000000000000000	1.00000000000000000	1.00000000000000000	1.00000000000000000	1.00000000000000000	36.10722215091531240
PIP4P2	48.42352555339962095	31.55985794446487702	1.00000000000000000	32.09422185299338537	1.00000000000000000	16.37739497613778994	30.43707068387807979	48.24576031904155116	35.80241089877490168	1.00000000000000000
PITPNC1	1.00000000000000000	1.00000000000000000	1.00000000000000000	1.00000000000000000	1.00000000000000000	1.00000000000000000	34.73732446163857190	1.00000000000000000	1.00000000000000000	1.00000000000000000
PKD1	34.07045051443059691	35.16276992598456985	104.92069874883459590	21.99150641177918075	1.00000000000000000	34.66947813570187975	1.00000000000000000	1.00000000000000000	32.99995152366204110	1.00000000000000000
PKDCC	80.46615350086689489	1.00000000000000000	1.00000000000000000	54.29884022895193851	1.00000000000000000	1.00000000000000000	1.00000000000000000	1.00000000000000000	1.00000000000000000	50.49103564179214487
PKNOX1	34.61904054879332904	34.53198163365078699	108.15351830518372367	40.58056345725766789	1.00000000000000000	31.07415764742367870	45.62174645014444252	1.00000000000000000	35.07310330950511457	55.59773256571845224
PLA2G16	72.97235136280546897	67.89266410718221323	1.00000000000000000	54.94329725518065999	1.00000000000000000	1.00000000000000000	46.68552903616381400	118.97950189201630167	47.09951376831222092	52.71405853700164812
PLA2G2A	2130.67625137802724566	1.00000000000000000	1.00000000000000000	1.00000000000000000	1.00000000000000000	1.00000000000000000	1.00000000000000000	1.00000000000000000	1.00000000000000000	1.00000000000000000
PLA2G4C	1.00000000000000000	1.00000000000000000	1.00000000000000000	1.00000000000000000	1.00000000000000000	1.00000000000000000	45.38219457463993223	1.00000000000000000	1.00000000000000000	39.81706613893328495
PLA2R1	28.44226472681500795	31.31037735674293998	1.00000000000000000	23.69456056169195080	1.00000000000000000	1.00000000000000000	1.00000000000000000	1.00000000000000000	1.00000000000000000	1.00000000000000000
PLAGL1	138.24403278087419267	81.00745080161610190	294.21314351328209113	70.79457860565312899	71.15790351983537221	55.03017343076312784	62.28995894150957469	88.66732587463731363	48.92514284969537641	1.00000000000000000
PLAT	90.09783219249851527	151.98530438901221373	174.10921076516680728	129.94692481844083431	90.24411719842188973	105.82335055541197733	133.67048506870304436	89.62911657377485142	1.00000000000000000	1.00000000000000000
PLBD1	105.18291808081575311	42.29142972262970090	1.00000000000000000	63.69235744362244134	1.00000000000000000	28.02418280994511335	28.12096186031008926	1.00000000000000000	1.00000000000000000	1.00000000000000000
PLBD2	34.28202571067380688	29.87404767543769069	1.00000000000000000	30.60135140705471102	1.00000000000000000	1.00000000000000000	1.00000000000000000	1.00000000000000000	1.00000000000000000	1.00000000000000000
PLCE1	1.00000000000000000	1.00000000000000000	1.00000000000000000	1.00000000000000000	1.00000000000000000	20.60936002647131104	96.88218854454683537	1.00000000000000000	64.22725984514232778	1.00000000000000000
PLCG2	80.06042305335049036	38.68331884956337063	168.80622084553729678	36.51869418876320594	1.00000000000000000	23.89732415825681144	49.50006328983761961	1.00000000000000000	55.48215876612610487	71.17891026413001043
PLCL1	1.00000000000000000	1.00000000000000000	1.00000000000000000	1.00000000000000000	1.00000000000000000	1.00000000000000000	62.62387337960525713	1.00000000000000000	38.59594316596967900	1.00000000000000000
PLCXD3	1.00000000000000000	1.00000000000000000	1.00000000000000000	1.00000000000000000	1.00000000000000000	1.00000000000000000	1.00000000000000000	1.00000000000000000	1.00000000000000000	61.16490230389112526
PLEKHA1	31.26107630672753146	39.32209961690831079	74.73841171753494450	30.19470659943698365	1.00000000000000000	32.06884741290093643	1.00000000000000000	44.07125293088798657	36.25665696801802795	37.09562790561729173
PLEKHA2	1.00000000000000000	1.00000000000000000	1.00000000000000000	1.00000000000000000	1.00000000000000000	1.00000000000000000	34.05621971241357215	1.00000000000000000	1.00000000000000000	37.71961716215466254
PLEKHF1	32.27492263418022134	1.00000000000000000	1.00000000000000000	23.92720361648106930	1.00000000000000000	1.00000000000000000	1.00000000000000000	1.00000000000000000	1.00000000000000000	1.00000000000000000
PLEKHG1	1.00000000000000000	1.00000000000000000	1.00000000000000000	30.35469076431000701	1.00000000000000000	1.00000000000000000	1.00000000000000000	1.00000000000000000	1.00000000000000000	1.00000000000000000
PLEKHG2	1.00000000000000000	1.00000000000000000	1.00000000000000000	1.00000000000000000	1.00000000000000000	23.98150349226105149	58.26970835690058692	1.00000000000000000	42.46752610048696397	1.00000000000000000
PLEKHG3	1.00000000000000000	1.00000000000000000	1.00000000000000000	1.00000000000000000	1.00000000000000000	1.00000000000000000	1.00000000000000000	1.00000000000000000	38.52376494161739373	1.00000000000000000
PLEKHH2	81.80082070803914007	35.70297952406598085	126.98553996620803730	42.58043324739824698	1.00000000000000000	1.00000000000000000	1.00000000000000000	1.00000000000000000	1.00000000000000000	60.34670581597826811
PLK1	1.00000000000000000	1.00000000000000000	1.00000000000000000	1.00000000000000000	1.00000000000000000	72.74968969827895648	1.00000000000000000	1.00000000000000000	1.00000000000000000	1.00000000000000000
PLN	1.00000000000000000	1.00000000000000000	1.00000000000000000	1.00000000000000000	81.13162837206638756	1.00000000000000000	113.67645805946467874	1.00000000000000000	368.40693009642291145	70.92127834616061932
PLOD1	43.01641879498156129	94.68408781169895860	112.96563179619495543	61.60817126350419670	1.00000000000000000	90.64550260573095386	55.82391028583495540	164.15323128450557988	1.00000000000000000	1.00000000000000000
PLOD2	52.55040509763590961	171.51151433323727247	375.04977785248303235	135.04447392681714746	131.67146366216988440	143.78442766140489084	1.00000000000000000	371.71512070772359948	1.00000000000000000	52.36004588010630556
PLPP4	1.00000000000000000	76.78235487760612443	1.00000000000000000	36.73886052222858467	1.00000000000000000	1.00000000000000000	1.00000000000000000	42.38549036265820291	1.00000000000000000	1.00000000000000000
PLPP5	37.78683357375949470	46.09839218923296755	1.00000000000000000	47.14537829237414002	1.00000000000000000	37.89831275984284531	1.00000000000000000	52.34087123066220215	1.00000000000000000	1.00000000000000000
PLPPR2	1.00000000000000000	28.00655380133827421	1.00000000000000000	1.00000000000000000	1.00000000000000000	1.00000000000000000	1.00000000000000000	1.00000000000000000	1.00000000000000000	1.00000000000000000
PLXDC2	160.69151957761988569	216.68767813892438312	133.49847741493516651	124.36326798633577084	79.28618119057873059	66.95351262804521753	1.00000000000000000	79.33307134070007294	1.00000000000000000	1.00000000000000000
PLXNA1	1.00000000000000000	30.03720349291528535	1.00000000000000000	31.83529337112993218	1.00000000000000000	35.12953223386882939	1.00000000000000000	1.00000000000000000	1.00000000000000000	1.00000000000000000
PLXNC1	35.61308207232664103	52.18876491446726362	1.00000000000000000	43.98026559646986300	1.00000000000000000	1.00000000000000000	1.00000000000000000	1.00000000000000000	1.00000000000000000	1.00000000000000000
PLXND1	1.00000000000000000	1.00000000000000000	1.00000000000000000	26.62609559671206227	1.00000000000000000	38.25470703163968977	82.24752488482074853	1.00000000000000000	56.66824737795769806	62.26933606629602025
PMAIP1	1.00000000000000000	73.37630280531959670	126.24091342920915793	196.32669701587059308	151.45434602114747236	185.98466915986006143	146.39174956688529505	1.00000000000000000	73.16170280423871475	1.00000000000000000
PMPCA	1.00000000000000000	26.23598070758670531	1.00000000000000000	23.87855429087442616	1.00000000000000000	32.29433770867997566	1.00000000000000000	1.00000000000000000	1.00000000000000000	1.00000000000000000
PNP	1.00000000000000000	1.00000000000000000	1.00000000000000000	1.00000000000000000	1.00000000000000000	46.71936795933471842	1.00000000000000000	1.00000000000000000	1.00000000000000000	1.00000000000000000
PNPT1	1.00000000000000000	1.00000000000000000	1.00000000000000000	38.72610302198280152	1.00000000000000000	1.00000000000000000	32.23740330161684398	1.00000000000000000	1.00000000000000000	1.00000000000000000
POC1A	1.00000000000000000	1.00000000000000000	1.00000000000000000	1.00000000000000000	1.00000000000000000	29.30206169836363017	1.00000000000000000	1.00000000000000000	1.00000000000000000	1.00000000000000000
PODNL1	1.00000000000000000	73.72785601327964855	1.00000000000000000	48.00879267498977754	1.00000000000000000	25.83390259687946866	1.00000000000000000	53.58467273885157311	1.00000000000000000	1.00000000000000000
POFUT2	1.00000000000000000	25.32555052426368292	1.00000000000000000	1.00000000000000000	1.00000000000000000	27.38668158125871699	1.00000000000000000	1.00000000000000000	1.00000000000000000	1.00000000000000000
POGLUT1	1.00000000000000000	1.00000000000000000	1.00000000000000000	35.25982079748190046	1.00000000000000000	1.00000000000000000	1.00000000000000000	1.00000000000000000	1.00000000000000000	1.00000000000000000
POLG2	1.00000000000000000	1.00000000000000000	103.75637100060428963	1.00000000000000000	1.00000000000000000	1.00000000000000000	1.00000000000000000	1.00000000000000000	1.00000000000000000	1.00000000000000000
POLR1E	1.00000000000000000	1.00000000000000000	1.00000000000000000	1.00000000000000000	1.00000000000000000	35.53631059193018871	1.00000000000000000	1.00000000000000000	1.00000000000000000	1.00000000000000000
POLR2B	1.00000000000000000	25.52932618751777127	1.00000000000000000	23.19847058127287553	1.00000000000000000	40.80792933254721788	35.51979808021572893	1.00000000000000000	38.37602430652781038	42.50666259996391716
POLR3D	1.00000000000000000	40.63612659733403376	1.00000000000000000	36.80550278231078210	1.00000000000000000	32.35925269547199434	33.36048436154635510	1.00000000000000000	1.00000000000000000	1.00000000000000000
POLR3H	1.00000000000000000	24.08197846647459883	1.00000000000000000	20.56334900479428995	1.00000000000000000	29.85093351537313211	1.00000000000000000	1.00000000000000000	1.00000000000000000	1.00000000000000000
POLR3K	1.00000000000000000	1.00000000000000000	1.00000000000000000	1.00000000000000000	1.00000000000000000	26.52753221528979921	1.00000000000000000	1.00000000000000000	1.00000000000000000	1.00000000000000000
POMGNT1	1.00000000000000000	1.00000000000000000	1.00000000000000000	21.43718366071323800	1.00000000000000000	21.52756719736972713	1.00000000000000000	1.00000000000000000	1.00000000000000000	1.00000000000000000
POPDC2	1.00000000000000000	1.00000000000000000	1.00000000000000000	35.76809099896122035	1.00000000000000000	20.11258866354306107	65.51922733663590748	1.00000000000000000	47.81247515447108754	1.00000000000000000
PPA2	1.00000000000000000	24.99196709840649788	1.00000000000000000	22.50974227666529615	1.00000000000000000	34.36218775980208306	39.61196385613148863	1.00000000000000000	46.58187216109620010	1.00000000000000000
PPARG	1.00000000000000000	1.00000000000000000	1.00000000000000000	1.00000000000000000	1.00000000000000000	1.00000000000000000	38.31056157913776872	1.00000000000000000	1.00000000000000000	1.00000000000000000
PPIH	1.00000000000000000	26.26703042739950789	1.00000000000000000	27.32966529543283940	1.00000000000000000	72.45404035264624554	1.00000000000000000	1.00000000000000000	1.00000000000000000	1.00000000000000000
PPIL1	1.00000000000000000	1.00000000000000000	1.00000000000000000	1.00000000000000000	1.00000000000000000	35.07170983590171431	1.00000000000000000	1.00000000000000000	1.00000000000000000	1.00000000000000000
PPIP5K2	34.25890107440108068	33.28627916731520742	1.00000000000000000	26.74143303083276635	1.00000000000000000	25.19118922495171020	1.00000000000000000	1.00000000000000000	1.00000000000000000	1.00000000000000000
PPL	48.83152251395551247	1.00000000000000000	1.00000000000000000	1.00000000000000000	1.00000000000000000	1.00000000000000000	1.00000000000000000	1.00000000000000000	1.00000000000000000	1.00000000000000000
PPM1K	1.00000000000000000	37.89179922091845043	1.00000000000000000	56.28681553047604069	59.44821408956624254	30.22101791728907116	81.96775686962531893	1.00000000000000000	48.21537948812510876	33.48236892383128094
PPM1L	1.00000000000000000	1.00000000000000000	1.00000000000000000	1.00000000000000000	1.00000000000000000	1.00000000000000000	47.76855158334286244	1.00000000000000000	60.77154658009742860	1.00000000000000000
PPME1	1.00000000000000000	1.00000000000000000	1.00000000000000000	1.00000000000000000	1.00000000000000000	21.16867699559532312	1.00000000000000000	40.50131582546176645	1.00000000000000000	1.00000000000000000
PPP1R12B	1.00000000000000000	1.00000000000000000	114.11403544976123214	1.00000000000000000	1.00000000000000000	34.30790716635336679	147.41925757652995799	1.00000000000000000	269.59411897063586139	107.22631284014876485
PPP1R12C	28.43653357435231754	1.00000000000000000	1.00000000000000000	1.00000000000000000	1.00000000000000000	23.59543885265944851	53.35637088800106653	1.00000000000000000	68.03915935965359552	54.05661537131799577
PPP1R13L	1.00000000000000000	37.90634614383830581	1.00000000000000000	1.00000000000000000	1.00000000000000000	1.00000000000000000	1.00000000000000000	80.87928205596338671	1.00000000000000000	1.00000000000000000
PPP1R14A	1.00000000000000000	1.00000000000000000	1.00000000000000000	1.00000000000000000	199.38812667300172166	114.62735877044998745	329.97015142970508350	1.00000000000000000	561.13793662902105552	258.75138349299186302
PPP1R15B	91.85343715276161447	56.90783660208161621	215.77551904108065628	90.63688386217091875	83.91903429405505221	40.94054981673436089	96.02314029856849231	1.00000000000000000	87.72109578897641313	131.40267204543025059
PPP2R2D	1.00000000000000000	23.62017673579029164	1.00000000000000000	1.00000000000000000	1.00000000000000000	26.54835535556236792	31.72593090817407102	1.00000000000000000	1.00000000000000000	1.00000000000000000
PPP2R3B	1.00000000000000000	1.00000000000000000	1.00000000000000000	1.00000000000000000	1.00000000000000000	51.74519589045208789	1.00000000000000000	1.00000000000000000	1.00000000000000000	1.00000000000000000
PPP2R5A	1.00000000000000000	1.00000000000000000	1.00000000000000000	1.00000000000000000	1.00000000000000000	1.00000000000000000	33.19200105394402556	1.00000000000000000	61.93101376072954878	1.00000000000000000
PPP3CA	56.21327964610760120	63.62503944560992153	1.00000000000000000	57.65321808559796324	1.00000000000000000	61.83341369392596221	1.00000000000000000	62.72212015346895697	1.00000000000000000	47.53045350939125768
PPP3CC	1.00000000000000000	1.00000000000000000	1.00000000000000000	25.66047156118980865	1.00000000000000000	1.00000000000000000	1.00000000000000000	1.00000000000000000	1.00000000000000000	1.00000000000000000
PPP3R1	1.00000000000000000	1.00000000000000000	1.00000000000000000	23.02830884101870623	1.00000000000000000	32.49937630900006269	1.00000000000000000	1.00000000000000000	1.00000000000000000	1.00000000000000000
PPP5C	1.00000000000000000	1.00000000000000000	1.00000000000000000	1.00000000000000000	1.00000000000000000	30.44009671623215851	1.00000000000000000	1.00000000000000000	1.00000000000000000	1.00000000000000000
PRADC1	1.00000000000000000	24.94009738066451476	1.00000000000000000	20.38360138755966133	1.00000000000000000	56.21773313184313281	1.00000000000000000	1.00000000000000000	1.00000000000000000	1.00000000000000000
PRC1	1.00000000000000000	1.00000000000000000	1.00000000000000000	1.00000000000000000	1.00000000000000000	194.35655659803052231	1.00000000000000000	1.00000000000000000	1.00000000000000000	1.00000000000000000
PRCP	74.69519802543926801	53.90500850431901370	1.00000000000000000	52.02274512493331571	59.73233267824124937	36.94693268913346884	32.80244634749604415	42.50855648129571307	1.00000000000000000	1.00000000000000000
PRDM1	1.00000000000000000	43.84947682499288391	1.00000000000000000	71.21036603316927938	98.88317407264040071	36.20215357906254638	55.79503835911498300	1.00000000000000000	45.59561309287836650	1.00000000000000000
PREB	43.46443725738890151	27.93480637486266360	1.00000000000000000	24.39267857407176976	1.00000000000000000	1.00000000000000000	1.00000000000000000	1.00000000000000000	1.00000000000000000	1.00000000000000000
PRELP	181.90433121844236553	136.41582003541500967	1.00000000000000000	75.37218682476846254	1.00000000000000000	1.00000000000000000	1.00000000000000000	77.88270569129745979	67.72010363970676394	124.56679214409666656
PREPL	1.00000000000000000	1.00000000000000000	1.00000000000000000	1.00000000000000000	1.00000000000000000	1.00000000000000000	1.00000000000000000	1.00000000000000000	1.00000000000000000	37.17811241906756692
PRG4	584.92532932259780409	1.00000000000000000	1.00000000000000000	1.00000000000000000	1.00000000000000000	1.00000000000000000	1.00000000000000000	1.00000000000000000	1.00000000000000000	1.00000000000000000
PRICKLE1	63.47572807084920754	77.46284731094112885	1.00000000000000000	52.56725312248100579	1.00000000000000000	1.00000000000000000	1.00000000000000000	1.00000000000000000	1.00000000000000000	1.00000000000000000
PRICKLE2	1.00000000000000000	1.00000000000000000	1.00000000000000000	26.19650008107524286	1.00000000000000000	1.00000000000000000	1.00000000000000000	1.00000000000000000	1.00000000000000000	1.00000000000000000
PRIM1	1.00000000000000000	1.00000000000000000	1.00000000000000000	1.00000000000000000	1.00000000000000000	40.56024636803619643	1.00000000000000000	1.00000000000000000	1.00000000000000000	1.00000000000000000
PRKAB2	1.00000000000000000	24.19697210639285245	1.00000000000000000	1.00000000000000000	1.00000000000000000	1.00000000000000000	1.00000000000000000	1.00000000000000000	1.00000000000000000	1.00000000000000000
PRKAG2	1.00000000000000000	1.00000000000000000	1.00000000000000000	1.00000000000000000	1.00000000000000000	1.00000000000000000	1.00000000000000000	1.00000000000000000	35.54701305571838788	1.00000000000000000
PRKAR2B	1.00000000000000000	1.00000000000000000	1.00000000000000000	1.00000000000000000	1.00000000000000000	1.00000000000000000	1.00000000000000000	1.00000000000000000	1.00000000000000000	65.29792321776403696
PRKCA	1.00000000000000000	1.00000000000000000	1.00000000000000000	1.00000000000000000	1.00000000000000000	40.76244378199662322	1.00000000000000000	1.00000000000000000	1.00000000000000000	1.00000000000000000
PRKCI	1.00000000000000000	24.55558798401755283	1.00000000000000000	1.00000000000000000	1.00000000000000000	1.00000000000000000	1.00000000000000000	1.00000000000000000	1.00000000000000000	1.00000000000000000
PRKG1	1.00000000000000000	48.74889263289647090	68.90168836565932509	34.97664828744044030	1.00000000000000000	19.53907644391382803	108.81070782310970912	1.00000000000000000	90.32776909423309064	43.93114725137451870
PRMT5	1.00000000000000000	1.00000000000000000	1.00000000000000000	1.00000000000000000	1.00000000000000000	52.44637171333249626	1.00000000000000000	1.00000000000000000	1.00000000000000000	1.00000000000000000
PRMT9	1.00000000000000000	1.00000000000000000	1.00000000000000000	1.00000000000000000	1.00000000000000000	1.00000000000000000	38.00133095932858396	1.00000000000000000	51.29281610257284996	1.00000000000000000
PROCR	161.08231001482218403	31.16474603741330895	1.00000000000000000	35.10065370144619834	1.00000000000000000	1.00000000000000000	1.00000000000000000	1.00000000000000000	1.00000000000000000	135.46038897693983927
PROS1	93.26401674435525990	33.83767594661361500	1.00000000000000000	37.82517598556893290	1.00000000000000000	40.90409401993461103	38.27233857512855053	1.00000000000000000	39.64556132254510601	109.36233092681597157
PRPS2	1.00000000000000000	1.00000000000000000	1.00000000000000000	26.77282731868047350	1.00000000000000000	37.68605439954541936	1.00000000000000000	1.00000000000000000	1.00000000000000000	1.00000000000000000
PRR11	1.00000000000000000	1.00000000000000000	1.00000000000000000	1.00000000000000000	1.00000000000000000	46.11222161091139071	1.00000000000000000	1.00000000000000000	1.00000000000000000	1.00000000000000000
PRR16	1.00000000000000000	1.00000000000000000	1.00000000000000000	1.00000000000000000	1.00000000000000000	1.00000000000000000	54.40431212324755705	1.00000000000000000	1.00000000000000000	1.00000000000000000
PRR5	31.55202016583348268	42.35334554635309701	1.00000000000000000	35.49197132280664846	1.00000000000000000	1.00000000000000000	1.00000000000000000	1.00000000000000000	1.00000000000000000	1.00000000000000000
PRRC1	30.03365758163576160	48.23131087289906560	1.00000000000000000	38.43894913722085960	1.00000000000000000	61.74030121979725294	1.00000000000000000	39.06355281723470085	1.00000000000000000	1.00000000000000000
PSD3	1.00000000000000000	26.25593661514036015	1.00000000000000000	1.00000000000000000	1.00000000000000000	1.00000000000000000	1.00000000000000000	1.00000000000000000	1.00000000000000000	1.00000000000000000
PSMB10	1.00000000000000000	1.00000000000000000	1.00000000000000000	32.72841401445450060	1.00000000000000000	18.20702240436407138	32.97361000615262583	1.00000000000000000	1.00000000000000000	1.00000000000000000
PSMC3IP	1.00000000000000000	1.00000000000000000	1.00000000000000000	1.00000000000000000	1.00000000000000000	52.56792720611861114	1.00000000000000000	1.00000000000000000	1.00000000000000000	1.00000000000000000
PSMD9	1.00000000000000000	1.00000000000000000	1.00000000000000000	1.00000000000000000	1.00000000000000000	56.89983168433193583	1.00000000000000000	1.00000000000000000	1.00000000000000000	1.00000000000000000
PSME3	1.00000000000000000	1.00000000000000000	1.00000000000000000	22.01939248266090843	1.00000000000000000	21.35616247570208870	1.00000000000000000	1.00000000000000000	1.00000000000000000	1.00000000000000000
PSME4	1.00000000000000000	1.00000000000000000	1.00000000000000000	24.35216593625753490	1.00000000000000000	21.02959891843735463	1.00000000000000000	1.00000000000000000	1.00000000000000000	1.00000000000000000
PSRC1	1.00000000000000000	1.00000000000000000	1.00000000000000000	1.00000000000000000	1.00000000000000000	49.18749933283560694	1.00000000000000000	1.00000000000000000	1.00000000000000000	1.00000000000000000
PTDSS1	1.00000000000000000	1.00000000000000000	1.00000000000000000	1.00000000000000000	1.00000000000000000	21.32934036617680462	1.00000000000000000	1.00000000000000000	1.00000000000000000	1.00000000000000000
PTGDS	487.74867383029703660	99.44998420903299063	1.00000000000000000	409.47771113548827771	1.00000000000000000	1.00000000000000000	1.00000000000000000	131.38646563503701259	1.00000000000000000	1.00000000000000000
PTGER3	1.00000000000000000	34.47720355587294705	1.00000000000000000	24.79865299403802936	1.00000000000000000	1.00000000000000000	1.00000000000000000	1.00000000000000000	1.00000000000000000	1.00000000000000000
PTGER4	41.62839514170682520	1.00000000000000000	1.00000000000000000	1.00000000000000000	1.00000000000000000	1.00000000000000000	1.00000000000000000	1.00000000000000000	1.00000000000000000	1.00000000000000000
PTGES	100.97388743592883031	44.15246019369779162	189.53072326529670022	64.03711399405591465	1.00000000000000000	1.00000000000000000	1.00000000000000000	268.72955637813271323	1.00000000000000000	1.00000000000000000
PTGFR	50.23267308377343454	1.00000000000000000	1.00000000000000000	1.00000000000000000	1.00000000000000000	1.00000000000000000	1.00000000000000000	1.00000000000000000	1.00000000000000000	1.00000000000000000
PTGFRN	55.30190883018921255	72.49435667609137113	1.00000000000000000	55.73978247610598658	1.00000000000000000	30.49354092540418293	1.00000000000000000	1.00000000000000000	1.00000000000000000	1.00000000000000000
PTGIR	1.00000000000000000	1.00000000000000000	1.00000000000000000	40.15634503958097667	1.00000000000000000	1.00000000000000000	77.07898081700561477	1.00000000000000000	82.76002096018792997	41.86797446283033963
PTGIS	186.30578159091868429	46.84031316560898262	1.00000000000000000	38.88153787810286843	1.00000000000000000	60.19740976389870468	1.00000000000000000	64.80409880969880021	1.00000000000000000	1.00000000000000000
PTGS2	131.89966544144715499	72.14525239261494960	249.65597572298636919	76.59004105147187147	1.00000000000000000	1.00000000000000000	1.00000000000000000	80.57641109736599105	1.00000000000000000	1.00000000000000000
PTK7	43.45280484527151543	133.83313304009973876	123.23459124705905765	82.25449732885887499	1.00000000000000000	41.01496780397795305	32.54740132576971945	152.43117759910907694	1.00000000000000000	1.00000000000000000
PTP4A3	1.00000000000000000	1.00000000000000000	110.51270687136334914	1.00000000000000000	155.55007825195525584	1.00000000000000000	305.35205527832079042	1.00000000000000000	408.91365227626749856	93.38621088540612902
PTPN13	31.43659049185227161	1.00000000000000000	1.00000000000000000	21.23604330060907230	1.00000000000000000	1.00000000000000000	1.00000000000000000	1.00000000000000000	1.00000000000000000	1.00000000000000000
PTPN14	1.00000000000000000	31.91296848494700455	1.00000000000000000	1.00000000000000000	1.00000000000000000	34.21725613540069588	1.00000000000000000	1.00000000000000000	1.00000000000000000	1.00000000000000000
PTPRC	1.00000000000000000	1.00000000000000000	1.00000000000000000	1.00000000000000000	138.34896940725587910	1.00000000000000000	1.00000000000000000	1.00000000000000000	1.00000000000000000	1.00000000000000000
PTPRD	1.00000000000000000	29.14767556880927657	1.00000000000000000	1.00000000000000000	1.00000000000000000	1.00000000000000000	1.00000000000000000	1.00000000000000000	1.00000000000000000	1.00000000000000000
PTPRE	1.00000000000000000	35.91425873213297137	1.00000000000000000	51.71714864419788427	1.00000000000000000	38.54647116086665193	66.28464316562417480	1.00000000000000000	1.00000000000000000	1.00000000000000000
PTPRF	1.00000000000000000	1.00000000000000000	1.00000000000000000	1.00000000000000000	1.00000000000000000	1.00000000000000000	1.00000000000000000	35.65051446831314053	1.00000000000000000	1.00000000000000000
PTPRK	1.00000000000000000	26.30499345547836398	1.00000000000000000	25.03664845253294757	1.00000000000000000	1.00000000000000000	78.40233426978095110	1.00000000000000000	55.81838328236117519	1.00000000000000000
PTPRN	1.00000000000000000	1.00000000000000000	1.00000000000000000	1.00000000000000000	1.00000000000000000	1.00000000000000000	1.00000000000000000	50.33740923078757845	1.00000000000000000	1.00000000000000000
PTRH2	1.00000000000000000	1.00000000000000000	1.00000000000000000	25.10731349768470722	1.00000000000000000	20.70747046510040690	1.00000000000000000	1.00000000000000000	1.00000000000000000	1.00000000000000000
PTTG1	1.00000000000000000	1.00000000000000000	1.00000000000000000	1.00000000000000000	1.00000000000000000	550.16929132090206167	1.00000000000000000	1.00000000000000000	1.00000000000000000	1.00000000000000000
PTX3	178.53914154368467848	1.00000000000000000	1.00000000000000000	1.00000000000000000	1.00000000000000000	1.00000000000000000	1.00000000000000000	1.00000000000000000	1.00000000000000000	1.00000000000000000
PURB	1.00000000000000000	30.37273157567272364	86.41292127906609721	29.08857715547110345	1.00000000000000000	44.82066836284417377	47.06074203633255593	1.00000000000000000	55.33579043079565452	45.25249945270910246
PUS7L	1.00000000000000000	27.95405279861444825	1.00000000000000000	22.77842446767543194	1.00000000000000000	21.84424289302991085	1.00000000000000000	1.00000000000000000	1.00000000000000000	1.00000000000000000
PXK	40.69518509446041321	31.44598624854048197	1.00000000000000000	31.80528870723093604	1.00000000000000000	18.68818779031851207	1.00000000000000000	1.00000000000000000	1.00000000000000000	36.65507835196443409
PXMP2	1.00000000000000000	1.00000000000000000	1.00000000000000000	1.00000000000000000	1.00000000000000000	28.02658050283730162	1.00000000000000000	1.00000000000000000	1.00000000000000000	1.00000000000000000
PXN	41.51990790382659213	1.00000000000000000	1.00000000000000000	1.00000000000000000	1.00000000000000000	1.00000000000000000	1.00000000000000000	1.00000000000000000	1.00000000000000000	1.00000000000000000
PYCARD	46.24644518274600813	46.19870722424813891	1.00000000000000000	79.30677744780481930	89.32515046657252356	67.21059378183811361	36.36987558263901832	45.17048849537972899	1.00000000000000000	1.00000000000000000
PYCR1	1.00000000000000000	75.11064607861955267	1.00000000000000000	36.06419736345763738	1.00000000000000000	69.95466144193486002	1.00000000000000000	46.42405951777190865	1.00000000000000000	1.00000000000000000
PYCR2	27.25434905628146609	24.30667873718397587	1.00000000000000000	1.00000000000000000	1.00000000000000000	73.99229290556775140	1.00000000000000000	1.00000000000000000	1.00000000000000000	1.00000000000000000
PYGB	1.00000000000000000	1.00000000000000000	1.00000000000000000	1.00000000000000000	1.00000000000000000	32.97808991019726221	1.00000000000000000	1.00000000000000000	1.00000000000000000	1.00000000000000000
PYGL	38.74941657137883766	36.85869446410572436	1.00000000000000000	21.25596937240205975	1.00000000000000000	39.78029649152389169	1.00000000000000000	62.16305744487165441	1.00000000000000000	1.00000000000000000
QPRT	1.00000000000000000	1.00000000000000000	1.00000000000000000	1.00000000000000000	1.00000000000000000	1.00000000000000000	31.84585795557056187	1.00000000000000000	1.00000000000000000	1.00000000000000000
QSER1	1.00000000000000000	1.00000000000000000	1.00000000000000000	27.75529711235830632	1.00000000000000000	33.62478341275734550	1.00000000000000000	1.00000000000000000	1.00000000000000000	1.00000000000000000
QSOX1	40.91253885691727277	58.01804211879127848	88.04195359873855864	47.34825433861841049	1.00000000000000000	40.70913412944936738	1.00000000000000000	79.33320889587352553	1.00000000000000000	1.00000000000000000
R3HCC1	27.69842446816400638	42.64717255610953828	1.00000000000000000	34.17584193850984775	1.00000000000000000	44.22238222171488076	43.94749340695360473	92.00613161756383818	54.44663877755149883	33.29204289884962265
R3HDM1	1.00000000000000000	1.00000000000000000	1.00000000000000000	1.00000000000000000	1.00000000000000000	38.52960746314329299	1.00000000000000000	1.00000000000000000	1.00000000000000000	1.00000000000000000
RAB11FIP2	1.00000000000000000	25.94590064444473398	1.00000000000000000	1.00000000000000000	1.00000000000000000	33.58568226900910503	1.00000000000000000	1.00000000000000000	37.01250230680224007	1.00000000000000000
RAB20	1.00000000000000000	1.00000000000000000	1.00000000000000000	1.00000000000000000	1.00000000000000000	1.00000000000000000	1.00000000000000000	1.00000000000000000	42.90716672870961190	1.00000000000000000
RAB23	1.00000000000000000	35.30581167343159166	1.00000000000000000	22.19174705987483875	1.00000000000000000	30.66705735844895031	1.00000000000000000	1.00000000000000000	1.00000000000000000	1.00000000000000000
RAB27A	1.00000000000000000	33.92192104996639301	1.00000000000000000	47.00371200447831654	1.00000000000000000	63.05671101608039919	1.00000000000000000	1.00000000000000000	1.00000000000000000	1.00000000000000000
RAB28	1.00000000000000000	26.18882252835184232	1.00000000000000000	22.30113130534978438	1.00000000000000000	1.00000000000000000	1.00000000000000000	1.00000000000000000	1.00000000000000000	1.00000000000000000
RAB3IL1	62.17580297539858947	43.59631451906992083	1.00000000000000000	33.88640015057814736	1.00000000000000000	1.00000000000000000	1.00000000000000000	37.24496556734295893	1.00000000000000000	43.75198552805008489
RABGAP1L	25.88016829598538493	37.02206013776532956	1.00000000000000000	29.37598359272763204	1.00000000000000000	1.00000000000000000	1.00000000000000000	1.00000000000000000	1.00000000000000000	1.00000000000000000
RACGAP1	1.00000000000000000	1.00000000000000000	1.00000000000000000	1.00000000000000000	1.00000000000000000	56.40106464370272477	1.00000000000000000	1.00000000000000000	1.00000000000000000	1.00000000000000000
RAD1	1.00000000000000000	1.00000000000000000	1.00000000000000000	1.00000000000000000	1.00000000000000000	27.20971530223575385	1.00000000000000000	1.00000000000000000	1.00000000000000000	1.00000000000000000
RAD51AP1	1.00000000000000000	1.00000000000000000	1.00000000000000000	1.00000000000000000	1.00000000000000000	61.11579109518427799	1.00000000000000000	1.00000000000000000	1.00000000000000000	1.00000000000000000
RAF1	32.15333755134230387	31.63921932779428658	82.26215613375269697	28.24315166085158069	1.00000000000000000	27.82887725374135712	49.75836486383278157	1.00000000000000000	54.85730342511473623	49.70645073479837350
RAI14	34.76103093744020356	129.29857482381169120	155.65074586624066910	130.08011912888906636	90.55019774077574368	150.27869228788460987	1.00000000000000000	133.98610117972913258	1.00000000000000000	1.00000000000000000
RAI2	27.37451899977866532	1.00000000000000000	1.00000000000000000	1.00000000000000000	1.00000000000000000	1.00000000000000000	1.00000000000000000	1.00000000000000000	1.00000000000000000	1.00000000000000000
RALGAPA1	37.83270144112159983	31.52847681541568647	110.53666443788291929	32.94733796643541979	75.26232968733067707	20.25080725086744948	54.19009533102141773	1.00000000000000000	61.53559599003291680	36.28926992423360076
RALGDS	39.08423121731627958	1.00000000000000000	1.00000000000000000	40.68578402518194537	1.00000000000000000	18.89848336581124144	1.00000000000000000	1.00000000000000000	1.00000000000000000	1.00000000000000000
RAMP1	1.00000000000000000	86.43944281839272037	1.00000000000000000	125.28223589152841555	1.00000000000000000	25.48827900240402755	1.00000000000000000	1.00000000000000000	59.52063398220976609	1.00000000000000000
RAMP2	90.50160027964498966	1.00000000000000000	1.00000000000000000	1.00000000000000000	1.00000000000000000	1.00000000000000000	1.00000000000000000	1.00000000000000000	1.00000000000000000	1.00000000000000000
RANGAP1	1.00000000000000000	1.00000000000000000	1.00000000000000000	1.00000000000000000	1.00000000000000000	41.82963847894470177	1.00000000000000000	1.00000000000000000	1.00000000000000000	1.00000000000000000
RANGRF	1.00000000000000000	1.00000000000000000	1.00000000000000000	1.00000000000000000	1.00000000000000000	46.97418739615676486	1.00000000000000000	1.00000000000000000	1.00000000000000000	1.00000000000000000
RAP2A	1.00000000000000000	1.00000000000000000	1.00000000000000000	1.00000000000000000	1.00000000000000000	21.11030257363257334	73.69814354358788933	1.00000000000000000	86.18993077685684057	82.62208206109588104
RAPGEF2	1.00000000000000000	1.00000000000000000	1.00000000000000000	1.00000000000000000	1.00000000000000000	1.00000000000000000	57.58051864846698464	1.00000000000000000	37.73108647446804298	1.00000000000000000
RAPH1	1.00000000000000000	1.00000000000000000	1.00000000000000000	1.00000000000000000	1.00000000000000000	18.77896205528987750	55.13933121063938358	1.00000000000000000	1.00000000000000000	42.58657936426505586
RARA	44.13112640552227361	29.91912719286215250	1.00000000000000000	30.72517517946477383	1.00000000000000000	1.00000000000000000	45.72736893479212483	1.00000000000000000	38.30393333368897402	47.31005501044688799
RARB	1.00000000000000000	1.00000000000000000	1.00000000000000000	35.16728849275681057	1.00000000000000000	1.00000000000000000	1.00000000000000000	1.00000000000000000	1.00000000000000000	1.00000000000000000
RARG	35.01573902594125087	1.00000000000000000	1.00000000000000000	1.00000000000000000	1.00000000000000000	1.00000000000000000	1.00000000000000000	1.00000000000000000	1.00000000000000000	1.00000000000000000
RARRES1	355.06295855519584848	153.82232376192226297	1.00000000000000000	521.23304477713691085	1.00000000000000000	202.72690900724077778	1.00000000000000000	77.18805099189302155	1.00000000000000000	1.00000000000000000
RARS2	34.53558705360368464	39.81359746404485378	1.00000000000000000	29.82781289480880105	1.00000000000000000	25.47594183040303761	1.00000000000000000	46.81906192214720619	1.00000000000000000	1.00000000000000000
RASA2	1.00000000000000000	1.00000000000000000	1.00000000000000000	23.15015865809399642	1.00000000000000000	1.00000000000000000	1.00000000000000000	1.00000000000000000	1.00000000000000000	1.00000000000000000
RASAL2	26.95775709654867214	59.61150278570548977	127.09916891707943876	55.87204301983032906	1.00000000000000000	50.14846918661192632	100.07561009584789247	1.00000000000000000	104.65275886194118016	45.66566283928405312
RASGEF1B	1.00000000000000000	1.00000000000000000	1.00000000000000000	59.49689491968884880	69.92029319592485592	1.00000000000000000	57.47735962021824463	1.00000000000000000	47.39753507324954995	1.00000000000000000
RASGRP2	1.00000000000000000	1.00000000000000000	1.00000000000000000	1.00000000000000000	1.00000000000000000	1.00000000000000000	37.59107330098347433	1.00000000000000000	58.76847640734761313	1.00000000000000000
RASL11A	1.00000000000000000	1.00000000000000000	1.00000000000000000	1.00000000000000000	1.00000000000000000	1.00000000000000000	66.56320290616847046	1.00000000000000000	116.46352127652917829	113.82268088708053710
RASL12	1.00000000000000000	1.00000000000000000	1.00000000000000000	1.00000000000000000	1.00000000000000000	25.43329341583702075	114.09980835295564816	1.00000000000000000	134.37998831824930335	49.43814883807353766
RB1	1.00000000000000000	1.00000000000000000	1.00000000000000000	21.42315396106081238	1.00000000000000000	27.58927418583247615	40.06903451510646619	1.00000000000000000	37.13374719192178475	1.00000000000000000
RBBP8	1.00000000000000000	1.00000000000000000	1.00000000000000000	1.00000000000000000	1.00000000000000000	36.32976310096928074	1.00000000000000000	1.00000000000000000	1.00000000000000000	1.00000000000000000
RBM12	1.00000000000000000	1.00000000000000000	1.00000000000000000	22.36514513026330775	1.00000000000000000	22.11278499087362448	31.75336236690545633	1.00000000000000000	33.70151677367186238	1.00000000000000000
RBM18	1.00000000000000000	1.00000000000000000	1.00000000000000000	21.63592960480272964	1.00000000000000000	1.00000000000000000	1.00000000000000000	1.00000000000000000	1.00000000000000000	1.00000000000000000
RBM24	1.00000000000000000	1.00000000000000000	1.00000000000000000	1.00000000000000000	1.00000000000000000	1.00000000000000000	1.00000000000000000	1.00000000000000000	35.81790771603684931	1.00000000000000000
RBM26	39.78148303865264523	35.50836898170368272	98.86390752910845947	39.85354641364430250	1.00000000000000000	29.51626168781941928	50.24205143622723568	1.00000000000000000	49.22890794760013478	48.83461029797572905
RBM33	28.29745092112708704	27.35617644063035314	98.26178902772913659	21.35280411147264346	1.00000000000000000	18.75641072268992104	40.35950089182568945	1.00000000000000000	34.39896356355550466	1.00000000000000000
RBM4	1.00000000000000000	1.00000000000000000	1.00000000000000000	1.00000000000000000	1.00000000000000000	1.00000000000000000	31.48361785346622810	1.00000000000000000	1.00000000000000000	1.00000000000000000
RBM43	28.38140714279156995	26.92167116344257494	1.00000000000000000	29.32154201134340710	1.00000000000000000	1.00000000000000000	1.00000000000000000	1.00000000000000000	1.00000000000000000	1.00000000000000000
RBMS2	1.00000000000000000	26.05738035812520081	1.00000000000000000	27.31627922378131856	1.00000000000000000	1.00000000000000000	1.00000000000000000	1.00000000000000000	1.00000000000000000	1.00000000000000000
RBMXL1	1.00000000000000000	1.00000000000000000	1.00000000000000000	1.00000000000000000	1.00000000000000000	1.00000000000000000	29.67883065491061956	1.00000000000000000	1.00000000000000000	1.00000000000000000
RBP5	1.00000000000000000	1.00000000000000000	1.00000000000000000	114.05932906953638906	1.00000000000000000	1.00000000000000000	1.00000000000000000	1.00000000000000000	1.00000000000000000	62.68939758283672603
RBPMS2	1.00000000000000000	1.00000000000000000	1.00000000000000000	1.00000000000000000	1.00000000000000000	1.00000000000000000	36.15377311304572316	1.00000000000000000	55.65135759133060844	1.00000000000000000
RCAN1	45.33537889816098954	51.31756856835494318	1.00000000000000000	35.05019658552179607	1.00000000000000000	80.04832582689188314	41.08290800865651704	71.57498524294707920	47.67793189633915318	1.00000000000000000
RCAN2	1.00000000000000000	1.00000000000000000	1.00000000000000000	1.00000000000000000	1.00000000000000000	1.00000000000000000	107.86796505172922878	1.00000000000000000	232.52844549875251801	61.70953678819422805
RCC1L	32.99756160079107303	37.00164976997336197	1.00000000000000000	30.55413187009683185	1.00000000000000000	29.03013454772770530	1.00000000000000000	48.45104984652197544	1.00000000000000000	1.00000000000000000
RCL1	1.00000000000000000	1.00000000000000000	1.00000000000000000	27.49717072781961136	1.00000000000000000	1.00000000000000000	1.00000000000000000	1.00000000000000000	1.00000000000000000	1.00000000000000000
RCOR1	1.00000000000000000	1.00000000000000000	1.00000000000000000	22.29611181805973885	1.00000000000000000	25.52578128075010611	31.24037945977410757	1.00000000000000000	1.00000000000000000	1.00000000000000000
RCSD1	1.00000000000000000	1.00000000000000000	1.00000000000000000	1.00000000000000000	1.00000000000000000	1.00000000000000000	69.69412591656001155	1.00000000000000000	58.99620010973816875	1.00000000000000000
RDH10	52.77008338474873028	1.00000000000000000	1.00000000000000000	44.75523387776904372	1.00000000000000000	1.00000000000000000	1.00000000000000000	1.00000000000000000	1.00000000000000000	1.00000000000000000
RECK	59.31962854093693949	47.97993519682028563	1.00000000000000000	27.99902731981039850	1.00000000000000000	28.46268932200373669	1.00000000000000000	42.69059590985210662	1.00000000000000000	1.00000000000000000
REEP4	1.00000000000000000	1.00000000000000000	1.00000000000000000	1.00000000000000000	1.00000000000000000	39.77038073656201789	1.00000000000000000	1.00000000000000000	1.00000000000000000	1.00000000000000000
REM1	1.00000000000000000	1.00000000000000000	1.00000000000000000	1.00000000000000000	1.00000000000000000	1.00000000000000000	47.35515460420491962	1.00000000000000000	38.02737047215418187	58.92678010278400791
REPIN1	1.00000000000000000	24.98496339442250758	1.00000000000000000	1.00000000000000000	1.00000000000000000	21.24983677127765702	31.69016003798654424	1.00000000000000000	35.00569299698332060	1.00000000000000000
RERG	1.00000000000000000	1.00000000000000000	1.00000000000000000	1.00000000000000000	1.00000000000000000	1.00000000000000000	87.31803116948115928	1.00000000000000000	96.24354318191640800	171.36211583920990620
RERGL	1.00000000000000000	1.00000000000000000	1.00000000000000000	1.00000000000000000	1.00000000000000000	1.00000000000000000	1.00000000000000000	1.00000000000000000	699.07808630917247683	1.00000000000000000
RETREG1	43.41827416517629956	1.00000000000000000	1.00000000000000000	1.00000000000000000	1.00000000000000000	1.00000000000000000	1.00000000000000000	1.00000000000000000	1.00000000000000000	1.00000000000000000
RETREG2	35.46613449227258030	36.46192260382387929	1.00000000000000000	33.52414706834031932	1.00000000000000000	26.32539852154555504	39.87990858442152842	91.79125240559110921	42.54842186483617894	45.48481381472726071
RETREG3	1.00000000000000000	1.00000000000000000	1.00000000000000000	23.06834750907228937	1.00000000000000000	1.00000000000000000	1.00000000000000000	1.00000000000000000	1.00000000000000000	1.00000000000000000
RFC2	1.00000000000000000	1.00000000000000000	1.00000000000000000	1.00000000000000000	1.00000000000000000	53.38762507561114035	1.00000000000000000	1.00000000000000000	1.00000000000000000	1.00000000000000000
RFC3	1.00000000000000000	1.00000000000000000	1.00000000000000000	1.00000000000000000	1.00000000000000000	22.51489164270089915	1.00000000000000000	1.00000000000000000	1.00000000000000000	1.00000000000000000
RFC4	1.00000000000000000	1.00000000000000000	1.00000000000000000	1.00000000000000000	1.00000000000000000	32.64334612356925902	1.00000000000000000	1.00000000000000000	1.00000000000000000	1.00000000000000000
RFK	46.01599171319430326	29.67988469200313872	1.00000000000000000	28.12192968984565766	1.00000000000000000	1.00000000000000000	1.00000000000000000	1.00000000000000000	1.00000000000000000	1.00000000000000000
RFLNA	1.00000000000000000	1.00000000000000000	1.00000000000000000	29.30539670011456366	1.00000000000000000	1.00000000000000000	1.00000000000000000	1.00000000000000000	1.00000000000000000	1.00000000000000000
RFLNB	1.00000000000000000	62.33681933457379643	204.49068067737135834	1.00000000000000000	1.00000000000000000	73.83812919991240165	1.00000000000000000	341.60020106617537294	1.00000000000000000	1.00000000000000000
RFTN1	34.40775206144713394	33.12658468704257331	1.00000000000000000	46.00454968863389382	1.00000000000000000	35.38812125145445719	99.80607591773400600	1.00000000000000000	1.00000000000000000	63.60688918017564220
RGCC	109.22736988763971056	271.33395263965735467	160.70984844743770736	168.48443174115391230	265.37343796591738965	116.08995308946069258	1.00000000000000000	190.36301388987368455	1.00000000000000000	1.00000000000000000
RGL1	29.65635773604700276	1.00000000000000000	1.00000000000000000	1.00000000000000000	1.00000000000000000	1.00000000000000000	1.00000000000000000	1.00000000000000000	1.00000000000000000	1.00000000000000000
RGL2	1.00000000000000000	23.70919343493658715	1.00000000000000000	1.00000000000000000	1.00000000000000000	19.28158695018918678	35.69061222520140575	1.00000000000000000	32.35297323247039714	1.00000000000000000
RGL3	1.00000000000000000	1.00000000000000000	1.00000000000000000	1.00000000000000000	1.00000000000000000	1.00000000000000000	36.00651987307714563	1.00000000000000000	35.05288603980295647	1.00000000000000000
RGMA	64.31320202499080096	1.00000000000000000	1.00000000000000000	1.00000000000000000	1.00000000000000000	1.00000000000000000	1.00000000000000000	1.00000000000000000	1.00000000000000000	1.00000000000000000
RGS1	34.07105904689385767	28.18559293699867752	95.22530303756271053	37.72170924885009669	330.03246756784596982	1.00000000000000000	32.85522170557019450	1.00000000000000000	1.00000000000000000	1.00000000000000000
RGS10	43.37148322907228959	47.66853159425390629	1.00000000000000000	44.18735132582889236	71.09193895458682277	88.21933717963973720	1.00000000000000000	69.38979516599826525	1.00000000000000000	48.03527524380221791
RGS3	1.00000000000000000	83.01510334577356787	1.00000000000000000	93.95104344359427273	1.00000000000000000	62.80773939140200213	1.00000000000000000	50.88825623413485744	45.29845204959561045	1.00000000000000000
RGS5	1.00000000000000000	1.00000000000000000	339.51600966325412401	1.00000000000000000	1008.93825490777817322	551.44257989936534159	3535.26806593558922032	1.00000000000000000	654.20393313849103833	450.87738165112398292
RHNO1	1.00000000000000000	1.00000000000000000	1.00000000000000000	1.00000000000000000	1.00000000000000000	36.52313673697646124	1.00000000000000000	1.00000000000000000	1.00000000000000000	1.00000000000000000
RHOD	1.00000000000000000	40.94282048828850407	1.00000000000000000	25.60799307733783436	1.00000000000000000	1.00000000000000000	1.00000000000000000	1.00000000000000000	1.00000000000000000	1.00000000000000000
RHOU	46.76137826078879556	1.00000000000000000	1.00000000000000000	41.56502408505398449	1.00000000000000000	1.00000000000000000	1.00000000000000000	1.00000000000000000	1.00000000000000000	1.00000000000000000
RICTOR	34.36185703978167538	33.48856432426531882	119.03207709668285474	36.29915280749530382	1.00000000000000000	32.55969624029125953	48.94091224212338886	1.00000000000000000	41.39567662356840572	52.26905830622241211
RILPL1	1.00000000000000000	28.69225855995233587	1.00000000000000000	29.48231174215598216	1.00000000000000000	1.00000000000000000	1.00000000000000000	1.00000000000000000	1.00000000000000000	1.00000000000000000
RILPL2	1.00000000000000000	26.57258796257475097	1.00000000000000000	26.92449463422913425	94.40936151312152447	42.34892922560046458	64.04265354840093494	1.00000000000000000	61.25306294764693860	33.91333699668510349
RIN2	37.73738903279410550	75.01018136083717991	1.00000000000000000	50.77270600182093574	1.00000000000000000	19.47731568938577240	1.00000000000000000	1.00000000000000000	1.00000000000000000	1.00000000000000000
RIPK1	1.00000000000000000	1.00000000000000000	1.00000000000000000	27.33873266961637327	1.00000000000000000	21.72822682772004654	42.97857640452506445	1.00000000000000000	38.85579655581864245	1.00000000000000000
RIPK2	31.16963778008974373	31.67280955098424400	1.00000000000000000	70.84145014542936281	60.19455525772050208	43.48853640176591284	46.42736059947240790	1.00000000000000000	1.00000000000000000	34.28713171412410787
RLIM	1.00000000000000000	1.00000000000000000	1.00000000000000000	1.00000000000000000	1.00000000000000000	33.42262248040597683	1.00000000000000000	1.00000000000000000	1.00000000000000000	1.00000000000000000
RMDN1	1.00000000000000000	1.00000000000000000	1.00000000000000000	1.00000000000000000	1.00000000000000000	32.73139693846790266	1.00000000000000000	1.00000000000000000	1.00000000000000000	1.00000000000000000
RNASEH1	1.00000000000000000	25.68150108089110972	1.00000000000000000	20.15397968510245974	1.00000000000000000	35.50146486118801192	1.00000000000000000	1.00000000000000000	1.00000000000000000	1.00000000000000000
RNASEH2A	1.00000000000000000	1.00000000000000000	1.00000000000000000	1.00000000000000000	1.00000000000000000	128.44758687763112448	1.00000000000000000	1.00000000000000000	1.00000000000000000	1.00000000000000000
RNASEH2B	38.38862936085171640	44.55074320615925387	1.00000000000000000	42.63902412349873572	1.00000000000000000	73.55812184126344278	35.14297407362353454	44.83717504168048151	1.00000000000000000	1.00000000000000000
RNASEK	1.00000000000000000	1.00000000000000000	1.00000000000000000	23.02639181533834289	1.00000000000000000	1.00000000000000000	1.00000000000000000	1.00000000000000000	1.00000000000000000	1.00000000000000000
RNASET2	62.39584390251283708	46.27084091256834597	1.00000000000000000	49.55292600864879660	93.30074030009032526	24.14428338601613788	42.37799271605295104	60.43187728142315507	1.00000000000000000	1.00000000000000000
RNF121	1.00000000000000000	24.49072819064811313	1.00000000000000000	23.71750729369038879	1.00000000000000000	1.00000000000000000	1.00000000000000000	1.00000000000000000	1.00000000000000000	1.00000000000000000
RNF135	1.00000000000000000	1.00000000000000000	1.00000000000000000	1.00000000000000000	1.00000000000000000	1.00000000000000000	33.91375113763135118	1.00000000000000000	1.00000000000000000	1.00000000000000000
RNF139	31.73112732611614817	1.00000000000000000	1.00000000000000000	22.26792801885200745	1.00000000000000000	19.37620481380784909	32.44384709686030277	1.00000000000000000	1.00000000000000000	39.67498037965662405
RNF144A	1.00000000000000000	30.16351300166719795	1.00000000000000000	1.00000000000000000	1.00000000000000000	1.00000000000000000	1.00000000000000000	1.00000000000000000	1.00000000000000000	1.00000000000000000
RNF149	51.46210428038710205	49.30429961917332093	77.90306459218126633	67.45112246016033453	55.87845235749647799	29.57702891998538419	33.55149274384719860	56.82710865017380542	1.00000000000000000	1.00000000000000000
RNF152	1.00000000000000000	1.00000000000000000	103.61318625558986639	1.00000000000000000	1.00000000000000000	1.00000000000000000	212.82410188771945059	1.00000000000000000	102.15481803083220314	85.68843971836774642
RNF19B	1.00000000000000000	37.84645530445079231	1.00000000000000000	105.85315066573510023	1.00000000000000000	31.33490392147421133	1.00000000000000000	1.00000000000000000	1.00000000000000000	1.00000000000000000
RNF207	1.00000000000000000	1.00000000000000000	1.00000000000000000	24.65903807562862937	1.00000000000000000	1.00000000000000000	1.00000000000000000	1.00000000000000000	1.00000000000000000	1.00000000000000000
RNF217	31.58425714358248371	26.41009280041813767	1.00000000000000000	31.18181988533979521	1.00000000000000000	22.72834577170019088	1.00000000000000000	1.00000000000000000	1.00000000000000000	35.94805451165260024
RNF24	53.27411995630443897	42.85655111440488696	86.91764878562942442	51.45134039138886095	1.00000000000000000	42.50635406808646621	62.00202869936217098	60.40139417404106581	38.99578730723696651	1.00000000000000000
RNF26	1.00000000000000000	1.00000000000000000	1.00000000000000000	1.00000000000000000	1.00000000000000000	26.26276219914657162	1.00000000000000000	1.00000000000000000	1.00000000000000000	1.00000000000000000
RNF4	1.00000000000000000	1.00000000000000000	1.00000000000000000	1.00000000000000000	1.00000000000000000	53.38067988495254923	1.00000000000000000	1.00000000000000000	1.00000000000000000	1.00000000000000000
RNF41	1.00000000000000000	1.00000000000000000	1.00000000000000000	1.00000000000000000	1.00000000000000000	17.47473091723536953	1.00000000000000000	1.00000000000000000	34.51894726550333559	1.00000000000000000
RNF6	1.00000000000000000	1.00000000000000000	1.00000000000000000	1.00000000000000000	1.00000000000000000	48.86652339415728363	1.00000000000000000	1.00000000000000000	1.00000000000000000	1.00000000000000000
ROR2	1.00000000000000000	37.13791130287872733	1.00000000000000000	44.01280552438020521	1.00000000000000000	25.96077392263725159	1.00000000000000000	1.00000000000000000	1.00000000000000000	1.00000000000000000
RORA	57.28538541555904118	66.01702615670255625	238.63867968638186312	62.70865949799676287	73.08490460220812679	37.29775634871630530	47.62434526814281099	123.14235042996372727	37.97729311603664826	1.00000000000000000
RPA1	1.00000000000000000	1.00000000000000000	1.00000000000000000	1.00000000000000000	1.00000000000000000	44.02653287126838677	1.00000000000000000	1.00000000000000000	1.00000000000000000	1.00000000000000000
RPA2	50.24952030294119254	43.19080278039686505	1.00000000000000000	37.43022434674247023	1.00000000000000000	52.18251466716974818	1.00000000000000000	48.71437937053464395	1.00000000000000000	28.90796428693143838
RPE	1.00000000000000000	1.00000000000000000	1.00000000000000000	20.73711782046780527	1.00000000000000000	1.00000000000000000	1.00000000000000000	1.00000000000000000	1.00000000000000000	1.00000000000000000
RPL39L	1.00000000000000000	1.00000000000000000	1.00000000000000000	1.00000000000000000	1.00000000000000000	78.48147554465371911	1.00000000000000000	1.00000000000000000	37.60542859472371902	1.00000000000000000
RPP25L	1.00000000000000000	1.00000000000000000	1.00000000000000000	24.32150204156921092	1.00000000000000000	1.00000000000000000	1.00000000000000000	1.00000000000000000	1.00000000000000000	33.32869623197921527
RPRD2	29.11359862130999332	1.00000000000000000	1.00000000000000000	1.00000000000000000	1.00000000000000000	24.16157042002931732	1.00000000000000000	1.00000000000000000	35.47057786568943527	36.41988561982487482
RPS6KB1	1.00000000000000000	25.71943264405741658	1.00000000000000000	27.19691329158956350	1.00000000000000000	22.13271610492983399	1.00000000000000000	1.00000000000000000	1.00000000000000000	41.00361355635255478
RRAS2	1.00000000000000000	1.00000000000000000	1.00000000000000000	1.00000000000000000	1.00000000000000000	37.71972504438734575	1.00000000000000000	1.00000000000000000	1.00000000000000000	1.00000000000000000
RRM1	1.00000000000000000	1.00000000000000000	1.00000000000000000	1.00000000000000000	1.00000000000000000	93.95914902289914039	1.00000000000000000	1.00000000000000000	1.00000000000000000	1.00000000000000000
RRM2	1.00000000000000000	1.00000000000000000	1.00000000000000000	1.00000000000000000	1.00000000000000000	164.42561999535604400	1.00000000000000000	1.00000000000000000	1.00000000000000000	1.00000000000000000
RRP1	1.00000000000000000	1.00000000000000000	1.00000000000000000	21.14166681792135805	1.00000000000000000	39.21721760617098340	1.00000000000000000	1.00000000000000000	1.00000000000000000	1.00000000000000000
RRP1B	1.00000000000000000	1.00000000000000000	1.00000000000000000	1.00000000000000000	1.00000000000000000	26.22355202967267473	1.00000000000000000	1.00000000000000000	1.00000000000000000	1.00000000000000000
RSAD2	1.00000000000000000	76.26555817976233698	1.00000000000000000	340.20830677850290158	1.00000000000000000	37.01655532089441891	64.60197967277937892	1.00000000000000000	1.00000000000000000	1.00000000000000000
RSBN1	31.99150193254178376	32.29249542499366754	1.00000000000000000	1.00000000000000000	1.00000000000000000	1.00000000000000000	40.88087258153952774	1.00000000000000000	44.54449592168693073	42.45091962640297112
RSPO3	50.72090053080214744	1.00000000000000000	1.00000000000000000	46.42070315106503386	1.00000000000000000	1.00000000000000000	1.00000000000000000	1.00000000000000000	1.00000000000000000	1.00000000000000000
RTCA	28.13982626823304045	34.78503243101764042	1.00000000000000000	29.81604750540671844	1.00000000000000000	46.99147503479093047	1.00000000000000000	36.80863007636020257	1.00000000000000000	1.00000000000000000
RTP4	1.00000000000000000	1.00000000000000000	1.00000000000000000	30.25786565183958032	1.00000000000000000	1.00000000000000000	1.00000000000000000	1.00000000000000000	1.00000000000000000	1.00000000000000000
RUFY1	30.97339963082604797	31.96166370847950589	1.00000000000000000	26.40111941751619185	1.00000000000000000	19.90675374432363753	33.80522694404570672	40.05686427367740521	1.00000000000000000	1.00000000000000000
RUFY2	1.00000000000000000	25.15195854886639637	1.00000000000000000	24.22137939444119326	1.00000000000000000	22.72074212427765261	1.00000000000000000	1.00000000000000000	1.00000000000000000	1.00000000000000000
RUFY3	54.77134286557550524	58.02474941089342764	157.13167052710019789	49.90729150128553471	1.00000000000000000	21.81471165862089023	54.27735993682164661	62.49440073718776745	40.73892454018250220	48.57908073978569519
RUNX2	39.13852765831454406	112.70029800956105248	94.65353492460319274	77.25778737611102542	1.00000000000000000	49.11922576553305220	1.00000000000000000	82.21175333268357122	1.00000000000000000	1.00000000000000000
RUNX3	1.00000000000000000	1.00000000000000000	1.00000000000000000	1.00000000000000000	54.65965484095617200	1.00000000000000000	1.00000000000000000	1.00000000000000000	1.00000000000000000	1.00000000000000000
RYR2	1.00000000000000000	1.00000000000000000	1.00000000000000000	1.00000000000000000	1.00000000000000000	1.00000000000000000	1.00000000000000000	1.00000000000000000	36.64233391947858820	1.00000000000000000
S100A16	140.16996080608615216	260.75779203932978589	131.71345874365138684	235.32513398178210196	173.95882414463585519	326.72808631143612956	1.00000000000000000	321.44807102862671400	1.00000000000000000	1.00000000000000000
S100A3	1.00000000000000000	1.00000000000000000	1.00000000000000000	1.00000000000000000	1.00000000000000000	1.00000000000000000	1.00000000000000000	1.00000000000000000	41.61265640513537534	1.00000000000000000
S100PBP	1.00000000000000000	1.00000000000000000	1.00000000000000000	1.00000000000000000	1.00000000000000000	32.56082032996561537	1.00000000000000000	1.00000000000000000	1.00000000000000000	1.00000000000000000
S1PR2	31.90613724838091514	1.00000000000000000	1.00000000000000000	31.62281350391203105	1.00000000000000000	1.00000000000000000	1.00000000000000000	1.00000000000000000	1.00000000000000000	1.00000000000000000
S1PR3	1.00000000000000000	1.00000000000000000	128.20549807240448104	71.69520822230968804	1.00000000000000000	67.42714505716912754	167.95359763600760061	1.00000000000000000	76.28914999844550948	1.00000000000000000
SAC3D1	1.00000000000000000	1.00000000000000000	1.00000000000000000	1.00000000000000000	1.00000000000000000	99.60858410147805841	1.00000000000000000	1.00000000000000000	1.00000000000000000	1.00000000000000000
SAMD1	1.00000000000000000	1.00000000000000000	1.00000000000000000	1.00000000000000000	1.00000000000000000	31.52229512915763365	1.00000000000000000	1.00000000000000000	34.67683195581047784	1.00000000000000000
SAMD11	32.63100948544211377	1.00000000000000000	1.00000000000000000	1.00000000000000000	1.00000000000000000	1.00000000000000000	1.00000000000000000	1.00000000000000000	1.00000000000000000	1.00000000000000000
SAMD4A	34.08222098199009054	33.15379821142692407	101.11399805784819250	32.40129058825053932	1.00000000000000000	28.03774477493878337	1.00000000000000000	36.05038800239627506	1.00000000000000000	1.00000000000000000
SAMD9	37.31752708570979138	42.55979586274351334	1.00000000000000000	97.23841163315874780	67.27763803838054457	31.15754590808172608	61.51088049539121272	57.25420865339373933	1.00000000000000000	1.00000000000000000
SAMD9L	32.62867340210350875	41.06196069809384142	1.00000000000000000	101.80689501555168874	72.64593075354720497	39.76253331551100700	57.51530082242564390	1.00000000000000000	1.00000000000000000	1.00000000000000000
SAMSN1	1.00000000000000000	1.00000000000000000	1.00000000000000000	1.00000000000000000	87.50134400275494784	1.00000000000000000	1.00000000000000000	1.00000000000000000	1.00000000000000000	1.00000000000000000
SAP30	29.43469795222252117	26.64244822730012885	1.00000000000000000	24.10378694931262800	1.00000000000000000	50.68021216534270224	33.17970415540814599	93.73600591831574036	40.20778567039469209	59.13782132653591361
SAPCD2	1.00000000000000000	1.00000000000000000	1.00000000000000000	1.00000000000000000	1.00000000000000000	28.61279503156873361	1.00000000000000000	1.00000000000000000	1.00000000000000000	1.00000000000000000
SASH1	58.98839853441756986	27.13737101546947983	1.00000000000000000	27.78460441164603978	1.00000000000000000	25.19495482066215075	59.42283145439535730	1.00000000000000000	35.24439572721132663	86.79367617463897489
SBF2	33.46189577671584203	31.45803127123355480	115.28736097630466872	23.71669256769028067	1.00000000000000000	25.47036920515975922	33.68795533583310942	45.82417013843620168	36.76280774724643408	35.96091845067527260
SBNO2	33.13795962961702202	35.05195528115229564	114.23288800403362586	42.31147607605041117	1.00000000000000000	21.37353782803488755	43.76275504529992588	1.00000000000000000	44.51586507174310015	59.12895036569329932
SBSPON	1.00000000000000000	1.00000000000000000	1.00000000000000000	1.00000000000000000	1.00000000000000000	1.00000000000000000	1.00000000000000000	1.00000000000000000	60.76179937180915402	1.00000000000000000
SCAF1	1.00000000000000000	1.00000000000000000	1.00000000000000000	1.00000000000000000	1.00000000000000000	29.64996783115525858	1.00000000000000000	1.00000000000000000	1.00000000000000000	1.00000000000000000
SCAMP3	1.00000000000000000	1.00000000000000000	1.00000000000000000	25.72163760025985368	1.00000000000000000	21.64044352433480256	1.00000000000000000	1.00000000000000000	1.00000000000000000	1.00000000000000000
SCARA3	54.60912803382181835	1.00000000000000000	1.00000000000000000	1.00000000000000000	1.00000000000000000	91.20333368490486237	1.00000000000000000	1.00000000000000000	1.00000000000000000	1.00000000000000000
SCARA5	157.24806502328027591	1.00000000000000000	1.00000000000000000	1.00000000000000000	1.00000000000000000	1.00000000000000000	1.00000000000000000	1.00000000000000000	1.00000000000000000	1.00000000000000000
SCARF2	1.00000000000000000	32.90804192868838385	1.00000000000000000	1.00000000000000000	1.00000000000000000	27.63205382566429336	1.00000000000000000	1.00000000000000000	1.00000000000000000	1.00000000000000000
SCD5	1.00000000000000000	1.00000000000000000	1.00000000000000000	25.75203255778134448	1.00000000000000000	1.00000000000000000	1.00000000000000000	1.00000000000000000	1.00000000000000000	1.00000000000000000
SCG5	1.00000000000000000	50.97138076031040299	1.00000000000000000	50.67269477914402387	1.00000000000000000	1.00000000000000000	1.00000000000000000	134.98494352051119449	1.00000000000000000	1.00000000000000000
SCIN	1.00000000000000000	1.00000000000000000	1.00000000000000000	1.00000000000000000	1.00000000000000000	1.00000000000000000	79.31734085522046485	1.00000000000000000	1.00000000000000000	1.00000000000000000
SCLT1	1.00000000000000000	1.00000000000000000	1.00000000000000000	23.32689966213272115	1.00000000000000000	43.88475996170591031	39.38656970264499790	1.00000000000000000	1.00000000000000000	1.00000000000000000
SCN1B	33.93817631621841713	1.00000000000000000	1.00000000000000000	38.25758093965229989	1.00000000000000000	1.00000000000000000	1.00000000000000000	1.00000000000000000	1.00000000000000000	1.00000000000000000
SCN4B	1.00000000000000000	1.00000000000000000	1.00000000000000000	1.00000000000000000	1.00000000000000000	1.00000000000000000	44.54518315444445165	1.00000000000000000	1.00000000000000000	1.00000000000000000
SCO1	1.00000000000000000	1.00000000000000000	1.00000000000000000	25.09788798008764132	1.00000000000000000	26.25108744238410452	1.00000000000000000	1.00000000000000000	1.00000000000000000	1.00000000000000000
SCYL2	1.00000000000000000	1.00000000000000000	1.00000000000000000	1.00000000000000000	1.00000000000000000	37.09037256569030205	30.92145044545047483	1.00000000000000000	1.00000000000000000	1.00000000000000000
SDC1	1.00000000000000000	225.55852032274773933	1.00000000000000000	84.75288834636675972	1.00000000000000000	68.82438093978471727	1.00000000000000000	43.07107090722443132	1.00000000000000000	1.00000000000000000
SDC4	32.25765008783680798	1.00000000000000000	106.24374816185233783	43.02363853871282373	1.00000000000000000	39.89061347300667393	1.00000000000000000	57.97003043762654073	1.00000000000000000	1.00000000000000000
SDCCAG3	1.00000000000000000	23.51951157592419150	1.00000000000000000	1.00000000000000000	1.00000000000000000	1.00000000000000000	1.00000000000000000	1.00000000000000000	1.00000000000000000	1.00000000000000000
SDHAF3	1.00000000000000000	1.00000000000000000	1.00000000000000000	1.00000000000000000	1.00000000000000000	29.54384341725956986	27.31082063601541421	1.00000000000000000	1.00000000000000000	1.00000000000000000
SEC11C	1.00000000000000000	37.90540031211980931	1.00000000000000000	1.00000000000000000	104.13927740450814952	60.52097877010199056	57.76417302016366051	54.37132355579181109	56.29922803779864182	1.00000000000000000
SEC14L1	1.00000000000000000	27.37086818416495859	1.00000000000000000	25.70228952752525942	1.00000000000000000	25.44389124012043624	44.06657714135245385	1.00000000000000000	1.00000000000000000	31.94351042411934216
SEC16A	1.00000000000000000	24.90446426850764894	1.00000000000000000	22.53757859402396591	1.00000000000000000	23.19479303241035240	1.00000000000000000	1.00000000000000000	1.00000000000000000	1.00000000000000000
SEC23IP	1.00000000000000000	24.81699249083387571	1.00000000000000000	24.57524570220640570	1.00000000000000000	20.03142243000220191	1.00000000000000000	1.00000000000000000	1.00000000000000000	1.00000000000000000
SEC24A	1.00000000000000000	28.07558452525831427	1.00000000000000000	23.58355460945114146	1.00000000000000000	30.43541145867713027	1.00000000000000000	1.00000000000000000	1.00000000000000000	1.00000000000000000
SECISBP2	37.15634639672271788	46.96751318042304035	119.80253018766310902	36.66344275792749841	1.00000000000000000	35.89257104309886870	49.39228291993494935	45.51400449383922364	49.66120871470779718	33.59385608142669355
SECISBP2L	37.08574255278858800	38.41822549413985399	74.19719255454091922	43.12571248712436756	1.00000000000000000	25.76316214408038618	33.97800798244711018	46.29938659196020723	40.54426425442103010	1.00000000000000000
SECTM1	1.00000000000000000	1.00000000000000000	1.00000000000000000	31.30905908187867936	1.00000000000000000	1.00000000000000000	1.00000000000000000	1.00000000000000000	1.00000000000000000	1.00000000000000000
SELENBP1	55.83112810944125215	1.00000000000000000	1.00000000000000000	25.83791735428158631	1.00000000000000000	1.00000000000000000	66.76372605306625019	1.00000000000000000	70.14358861467349016	72.28082510847700348
SELENON	37.80995690817515964	43.07560297665484228	1.00000000000000000	47.31670407765461306	1.00000000000000000	57.57740630481208655	1.00000000000000000	1.00000000000000000	1.00000000000000000	1.00000000000000000
SEMA3C	156.58549135189679191	62.72479771317089359	1.00000000000000000	36.23634368820163587	1.00000000000000000	29.51883930525161759	1.00000000000000000	1.00000000000000000	1.00000000000000000	1.00000000000000000
SEMA4A	74.70597413962211419	41.19292671407691131	220.44897668217228670	37.34906817881530827	1.00000000000000000	1.00000000000000000	1.00000000000000000	1.00000000000000000	56.98725893897660200	100.50573375623339700
SEMA4C	1.00000000000000000	1.00000000000000000	1.00000000000000000	1.00000000000000000	1.00000000000000000	1.00000000000000000	48.67560922935675194	1.00000000000000000	57.36466042207353411	69.10452574322998487
SEMA5A	1.00000000000000000	40.08978643137255915	1.00000000000000000	40.49206679946156839	1.00000000000000000	49.58133010967325305	96.86596371461172339	1.00000000000000000	36.55894401583309161	101.44097606049781746
SEMA5B	1.00000000000000000	1.00000000000000000	1.00000000000000000	1.00000000000000000	1.00000000000000000	1.00000000000000000	40.43226994062545288	1.00000000000000000	1.00000000000000000	1.00000000000000000
SENP7	1.00000000000000000	1.00000000000000000	1.00000000000000000	1.00000000000000000	1.00000000000000000	1.00000000000000000	31.64902725716577336	1.00000000000000000	1.00000000000000000	1.00000000000000000
SEPT4	1.00000000000000000	35.49886952811787211	1.00000000000000000	38.87931468836675464	158.53452375345793257	58.53442918758050695	382.67889626804617365	1.00000000000000000	258.06157092236884409	119.13735790160292538
SEPT6	1.00000000000000000	38.42661980658027687	1.00000000000000000	36.23269796324311898	56.77913935459923067	28.24797981610868547	46.02083672417904836	1.00000000000000000	1.00000000000000000	1.00000000000000000
SERINC2	1.00000000000000000	34.33084140863583400	1.00000000000000000	1.00000000000000000	1.00000000000000000	1.00000000000000000	1.00000000000000000	56.46482804562000979	1.00000000000000000	1.00000000000000000
SERINC5	1.00000000000000000	33.27299360903489855	1.00000000000000000	28.47552756903962390	1.00000000000000000	1.00000000000000000	1.00000000000000000	1.00000000000000000	1.00000000000000000	1.00000000000000000
SERPINB9	1.00000000000000000	1.00000000000000000	1.00000000000000000	29.45622030996518959	1.00000000000000000	1.00000000000000000	1.00000000000000000	1.00000000000000000	1.00000000000000000	1.00000000000000000
SERPINI1	1.00000000000000000	1.00000000000000000	1.00000000000000000	1.00000000000000000	1.00000000000000000	1.00000000000000000	186.77049922399382353	1.00000000000000000	135.72876728483709030	1.00000000000000000
SERTAD2	32.17361702855739480	28.00700135793137946	1.00000000000000000	28.72470205591884707	1.00000000000000000	38.94111911051165720	1.00000000000000000	49.71487807502670364	1.00000000000000000	1.00000000000000000
SESN1	1.00000000000000000	1.00000000000000000	1.00000000000000000	1.00000000000000000	1.00000000000000000	1.00000000000000000	31.17289013103698636	1.00000000000000000	1.00000000000000000	1.00000000000000000
SESN2	1.00000000000000000	1.00000000000000000	1.00000000000000000	1.00000000000000000	1.00000000000000000	26.42940905767851589	33.07507195944152301	1.00000000000000000	1.00000000000000000	1.00000000000000000
SETBP1	50.98008209619489861	25.27328878202080631	1.00000000000000000	1.00000000000000000	1.00000000000000000	1.00000000000000000	55.62302819899345252	1.00000000000000000	56.71744320920062421	59.97100570136669262
SETD3	1.00000000000000000	24.64182701622499039	1.00000000000000000	21.85478640876182865	1.00000000000000000	51.95744995174268865	1.00000000000000000	1.00000000000000000	30.10666449081780272	31.93771438759936387
SETD7	36.65873136312718117	32.50925923030865050	1.00000000000000000	21.46305207202464516	1.00000000000000000	1.00000000000000000	1.00000000000000000	1.00000000000000000	1.00000000000000000	34.69860096714931075
SFRP1	213.28538795555982688	1.00000000000000000	1.00000000000000000	1.00000000000000000	1.00000000000000000	1.00000000000000000	1.00000000000000000	1.00000000000000000	1.00000000000000000	1.00000000000000000
SFRP2	2967.73367251677291279	4426.27897861396922963	763.42889917395496013	2944.72719070936909702	1218.03886382444761693	957.45292335972328601	1.00000000000000000	1346.56347202228494098	1.00000000000000000	1.00000000000000000
SFRP4	1283.53285503973029336	1316.82270547874895783	207.71288580831847526	638.92729559091287683	276.74134146030758075	286.71226597655311252	1.00000000000000000	267.84427470135119620	1.00000000000000000	51.14196115214879512
SFT2D2	43.37279995740664873	38.71474173548588738	1.00000000000000000	45.07137473531121685	1.00000000000000000	46.93086114704158973	1.00000000000000000	1.00000000000000000	1.00000000000000000	1.00000000000000000
SFXN3	1.00000000000000000	32.21537023247844189	1.00000000000000000	1.00000000000000000	1.00000000000000000	1.00000000000000000	1.00000000000000000	53.96585613047248131	1.00000000000000000	1.00000000000000000
SGCA	1.00000000000000000	1.00000000000000000	1.00000000000000000	1.00000000000000000	1.00000000000000000	1.00000000000000000	1.00000000000000000	1.00000000000000000	98.26958915332414790	1.00000000000000000
SGCD	34.07613839167115799	67.02264526661191724	1.00000000000000000	37.81134327213771940	1.00000000000000000	20.36064404746176493	1.00000000000000000	41.08337142718559676	1.00000000000000000	1.00000000000000000
SGF29	1.00000000000000000	1.00000000000000000	1.00000000000000000	1.00000000000000000	1.00000000000000000	1.00000000000000000	1.00000000000000000	1.00000000000000000	1.00000000000000000	30.96863666263600479
SGIP1	1.00000000000000000	78.75828030304056426	181.52884662207114275	67.96649754522208298	1.00000000000000000	36.37213988806053067	67.39056091509303315	1.00000000000000000	54.36371518630537025	79.85191801083216490
SGMS1	1.00000000000000000	1.00000000000000000	1.00000000000000000	1.00000000000000000	1.00000000000000000	1.00000000000000000	33.01365259887317194	1.00000000000000000	1.00000000000000000	1.00000000000000000
SGMS2	1.00000000000000000	33.10352983989914577	1.00000000000000000	27.29346778105652405	1.00000000000000000	1.00000000000000000	1.00000000000000000	1.00000000000000000	1.00000000000000000	1.00000000000000000
SGO1	1.00000000000000000	1.00000000000000000	1.00000000000000000	1.00000000000000000	1.00000000000000000	51.53308502069003794	1.00000000000000000	1.00000000000000000	1.00000000000000000	1.00000000000000000
SGO2	1.00000000000000000	1.00000000000000000	1.00000000000000000	1.00000000000000000	1.00000000000000000	94.70963913089194364	1.00000000000000000	1.00000000000000000	1.00000000000000000	1.00000000000000000
SGPL1	1.00000000000000000	1.00000000000000000	1.00000000000000000	24.46505877333427748	1.00000000000000000	18.22296222453246983	1.00000000000000000	1.00000000000000000	1.00000000000000000	1.00000000000000000
SH2B3	1.00000000000000000	1.00000000000000000	1.00000000000000000	1.00000000000000000	1.00000000000000000	1.00000000000000000	32.61682281134645933	1.00000000000000000	1.00000000000000000	1.00000000000000000
SH2D3C	1.00000000000000000	1.00000000000000000	1.00000000000000000	1.00000000000000000	1.00000000000000000	1.00000000000000000	32.44538969056023348	1.00000000000000000	1.00000000000000000	1.00000000000000000
SH3BP5	187.00846058321084797	113.38507101046729986	286.28981689715493530	79.47300373244561911	97.83465282302171317	33.75293120321354223	1.00000000000000000	477.55214015130093230	1.00000000000000000	1.00000000000000000
SH3D19	100.86727909036572726	66.32501318548982283	1.00000000000000000	50.73587320056543604	1.00000000000000000	22.57928959090162735	1.00000000000000000	50.60621803226078441	1.00000000000000000	44.86982178695051005
SH3GL1	42.00174970300687249	57.89293863603145240	1.00000000000000000	51.19593781643870045	1.00000000000000000	71.72124857038515700	39.16685979571475684	61.62353960324688273	1.00000000000000000	1.00000000000000000
SH3GLB2	32.82005901765730727	27.53357434276613702	1.00000000000000000	1.00000000000000000	1.00000000000000000	37.57609299791408830	31.84164459751003662	39.00517897989849558	40.47202996379058249	1.00000000000000000
SH3PXD2B	62.03258740531600779	57.88061845999698818	1.00000000000000000	48.35724280353782945	1.00000000000000000	22.28730096153275753	1.00000000000000000	42.56637911140174424	1.00000000000000000	1.00000000000000000
SH3RF1	1.00000000000000000	1.00000000000000000	1.00000000000000000	1.00000000000000000	1.00000000000000000	25.70548538650290027	59.74860719436976098	1.00000000000000000	1.00000000000000000	1.00000000000000000
SHC2	32.46496262170874303	1.00000000000000000	1.00000000000000000	1.00000000000000000	1.00000000000000000	1.00000000000000000	35.21571155580835466	58.95327467894755102	1.00000000000000000	46.19789937196521379
SHCBP1	1.00000000000000000	1.00000000000000000	1.00000000000000000	1.00000000000000000	1.00000000000000000	47.90852310411101911	1.00000000000000000	1.00000000000000000	1.00000000000000000	1.00000000000000000
SHISA4	27.63841487355233539	39.23705564919302446	1.00000000000000000	32.01416975610031557	1.00000000000000000	17.27854336501134469	1.00000000000000000	1.00000000000000000	1.00000000000000000	1.00000000000000000
SHMT2	26.16641142282021448	33.50018489343755590	1.00000000000000000	30.20267191799230844	1.00000000000000000	47.96357755378612353	35.93103660900617058	58.38430258372069659	1.00000000000000000	35.63904347441764742
SHOX2	42.32559355606513662	45.07234763497720564	87.47418189733436122	49.06061591960054358	1.00000000000000000	21.18347181777915011	32.63360557074314272	1.00000000000000000	1.00000000000000000	37.86142290882197869
SHPRH	33.36363564208190979	27.27341568848167697	137.81594988712186023	1.00000000000000000	1.00000000000000000	1.00000000000000000	48.47972048184079341	1.00000000000000000	50.20585990152749645	41.40936788829510107
SIDT2	1.00000000000000000	1.00000000000000000	1.00000000000000000	1.00000000000000000	1.00000000000000000	19.38377848736985598	44.52839758905972900	1.00000000000000000	1.00000000000000000	1.00000000000000000
SIGMAR1	33.33594244215999680	29.55868150650829307	1.00000000000000000	33.69197379071590603	1.00000000000000000	63.49219432725350742	1.00000000000000000	1.00000000000000000	1.00000000000000000	33.74078178410692175
SIK3	1.00000000000000000	1.00000000000000000	1.00000000000000000	1.00000000000000000	1.00000000000000000	1.00000000000000000	35.27762697189867680	1.00000000000000000	1.00000000000000000	1.00000000000000000
SIN3A	1.00000000000000000	1.00000000000000000	1.00000000000000000	23.34107645876798998	1.00000000000000000	25.15808866731986626	30.48179112457373563	1.00000000000000000	1.00000000000000000	36.92212794806869169
SIPA1	1.00000000000000000	1.00000000000000000	1.00000000000000000	27.55526721577970406	1.00000000000000000	31.16861866356180499	51.62106374744561776	1.00000000000000000	34.28365893073342363	1.00000000000000000
SIPA1L1	1.00000000000000000	31.91941325404006946	1.00000000000000000	28.73776807565531755	1.00000000000000000	23.06252422695647297	1.00000000000000000	42.57095769594727841	1.00000000000000000	1.00000000000000000
SIPA1L2	1.00000000000000000	1.00000000000000000	1.00000000000000000	1.00000000000000000	1.00000000000000000	1.00000000000000000	35.92695127155178625	1.00000000000000000	35.25040171862005423	1.00000000000000000
SIRPA	28.07957852152861733	1.00000000000000000	1.00000000000000000	26.67227309989336348	1.00000000000000000	1.00000000000000000	1.00000000000000000	1.00000000000000000	1.00000000000000000	1.00000000000000000
SIRT1	40.31681248487919333	1.00000000000000000	94.26655966180101132	1.00000000000000000	1.00000000000000000	1.00000000000000000	35.62530945362583168	1.00000000000000000	45.62085555132520653	56.45393239277846220
SIX1	1.00000000000000000	1.00000000000000000	1.00000000000000000	1.00000000000000000	1.00000000000000000	1.00000000000000000	36.95363203410283148	1.00000000000000000	1.00000000000000000	1.00000000000000000
SKA1	1.00000000000000000	1.00000000000000000	1.00000000000000000	1.00000000000000000	1.00000000000000000	45.55896039819216270	1.00000000000000000	1.00000000000000000	1.00000000000000000	1.00000000000000000
SKA3	1.00000000000000000	1.00000000000000000	1.00000000000000000	1.00000000000000000	1.00000000000000000	32.08024716572847268	1.00000000000000000	1.00000000000000000	1.00000000000000000	1.00000000000000000
SLAMF8	1.00000000000000000	1.00000000000000000	1.00000000000000000	44.81470728477690102	1.00000000000000000	1.00000000000000000	1.00000000000000000	1.00000000000000000	1.00000000000000000	1.00000000000000000
SLC12A2	1.00000000000000000	1.00000000000000000	1.00000000000000000	1.00000000000000000	1.00000000000000000	20.09388004506658731	99.80471543191447381	1.00000000000000000	1.00000000000000000	1.00000000000000000
SLC12A4	1.00000000000000000	32.45166599497350290	1.00000000000000000	26.75022140068134036	1.00000000000000000	1.00000000000000000	33.33599228672760972	1.00000000000000000	32.49684968117767880	1.00000000000000000
SLC12A8	1.00000000000000000	1.00000000000000000	1.00000000000000000	31.92862437079837434	1.00000000000000000	1.00000000000000000	1.00000000000000000	1.00000000000000000	1.00000000000000000	1.00000000000000000
SLC15A3	1.00000000000000000	1.00000000000000000	1.00000000000000000	47.09937233128033540	1.00000000000000000	1.00000000000000000	1.00000000000000000	1.00000000000000000	1.00000000000000000	1.00000000000000000
SLC15A4	1.00000000000000000	28.99560250485172830	1.00000000000000000	26.85364325803481123	1.00000000000000000	41.16800608865580102	32.83439380238868210	60.62061976654859308	1.00000000000000000	1.00000000000000000
SLC16A1	51.01701890798308625	45.61500846549637345	93.00328378306089405	46.90158994545669913	1.00000000000000000	50.90919269922270729	1.00000000000000000	106.30620944986348775	1.00000000000000000	1.00000000000000000
SLC16A3	1.00000000000000000	106.83506593772580118	181.90948727632735427	75.40173163861086891	69.96556975637203379	77.75218194811121464	1.00000000000000000	346.45305657396295373	1.00000000000000000	1.00000000000000000
SLC16A4	26.53761274360850919	1.00000000000000000	1.00000000000000000	27.30464212303433058	1.00000000000000000	1.00000000000000000	1.00000000000000000	1.00000000000000000	1.00000000000000000	1.00000000000000000
SLC19A2	30.75133139315831343	1.00000000000000000	1.00000000000000000	1.00000000000000000	1.00000000000000000	1.00000000000000000	1.00000000000000000	1.00000000000000000	1.00000000000000000	1.00000000000000000
SLC1A3	1.00000000000000000	28.79999657217436848	1.00000000000000000	32.37087385895272007	1.00000000000000000	28.15403562669917648	1.00000000000000000	1.00000000000000000	1.00000000000000000	1.00000000000000000
SLC1A5	40.08448511380506574	44.66495804494564936	1.00000000000000000	29.84132201854690791	1.00000000000000000	38.54728265511158014	1.00000000000000000	52.94233515040647120	1.00000000000000000	48.20719623712000867
SLC20A1	97.05205841892221486	89.80250465213386235	184.89854640778136741	114.67066900897646065	83.91338699751344166	106.54608720343838968	1.00000000000000000	73.02060883837074812	1.00000000000000000	1.00000000000000000
SLC22A17	1.00000000000000000	28.71139961951542574	1.00000000000000000	1.00000000000000000	1.00000000000000000	1.00000000000000000	1.00000000000000000	1.00000000000000000	1.00000000000000000	1.00000000000000000
SLC25A25	1.00000000000000000	1.00000000000000000	1.00000000000000000	1.00000000000000000	1.00000000000000000	23.49746196896804662	62.18321888637594697	1.00000000000000000	82.81841005510432296	101.74022383877021980
SLC25A26	1.00000000000000000	26.49202859068304150	1.00000000000000000	20.93702359595216933	1.00000000000000000	1.00000000000000000	1.00000000000000000	42.72859419539785364	1.00000000000000000	1.00000000000000000
SLC25A28	32.52514950588412290	27.78816289699033959	1.00000000000000000	62.78051755244507603	1.00000000000000000	19.48070612184546135	1.00000000000000000	1.00000000000000000	1.00000000000000000	1.00000000000000000
SLC25A39	32.25826995023177091	42.64377049739219672	1.00000000000000000	38.62475790069667170	78.31205692193844925	88.51413224690314507	53.49917080127746516	1.00000000000000000	41.21590065387782431	1.00000000000000000
SLC25A4	28.68104076709668604	29.29113132166227729	1.00000000000000000	1.00000000000000000	1.00000000000000000	1.00000000000000000	33.04519111088112737	62.09058182898831291	90.73404101073259653	48.28113430303466203
SLC25A44	1.00000000000000000	1.00000000000000000	1.00000000000000000	27.47600182540246294	1.00000000000000000	1.00000000000000000	1.00000000000000000	1.00000000000000000	1.00000000000000000	46.11355620189328164
SLC26A2	1.00000000000000000	27.88917431175703499	1.00000000000000000	1.00000000000000000	1.00000000000000000	1.00000000000000000	1.00000000000000000	1.00000000000000000	1.00000000000000000	1.00000000000000000
SLC27A3	43.66245958611945355	1.00000000000000000	1.00000000000000000	1.00000000000000000	1.00000000000000000	1.00000000000000000	30.71264013908080415	1.00000000000000000	40.83224291483458046	1.00000000000000000
SLC2A1	1.00000000000000000	1.00000000000000000	222.00294327243287285	1.00000000000000000	1.00000000000000000	1.00000000000000000	1.00000000000000000	217.16876450309109714	1.00000000000000000	1.00000000000000000
SLC30A5	1.00000000000000000	33.06033006625673210	1.00000000000000000	29.33951388882340083	1.00000000000000000	30.06901229368047268	1.00000000000000000	1.00000000000000000	1.00000000000000000	1.00000000000000000
SLC30A9	1.00000000000000000	1.00000000000000000	1.00000000000000000	22.20476865038990155	1.00000000000000000	20.78380368581795423	1.00000000000000000	1.00000000000000000	1.00000000000000000	1.00000000000000000
SLC31A2	1.00000000000000000	1.00000000000000000	1.00000000000000000	27.17447166670205405	1.00000000000000000	1.00000000000000000	1.00000000000000000	1.00000000000000000	1.00000000000000000	1.00000000000000000
SLC35A2	1.00000000000000000	1.00000000000000000	1.00000000000000000	1.00000000000000000	1.00000000000000000	23.18313196373891927	1.00000000000000000	1.00000000000000000	1.00000000000000000	1.00000000000000000
SLC35B2	31.87023080109366902	38.53134780031432172	1.00000000000000000	27.02290798669131533	1.00000000000000000	35.17725680634487873	1.00000000000000000	1.00000000000000000	1.00000000000000000	1.00000000000000000
SLC35B3	1.00000000000000000	26.92713939997052819	1.00000000000000000	22.57678431943917374	1.00000000000000000	28.14361996123618326	1.00000000000000000	1.00000000000000000	1.00000000000000000	1.00000000000000000
SLC35C2	27.28596744224670090	36.96093434189945981	1.00000000000000000	34.55833068460285062	1.00000000000000000	20.86381981608897362	30.18953525751387801	40.13426429603046586	1.00000000000000000	1.00000000000000000
SLC35E1	1.00000000000000000	29.46663817760777704	1.00000000000000000	23.84739400536776799	1.00000000000000000	35.38142146719061287	1.00000000000000000	61.75084872829044969	1.00000000000000000	1.00000000000000000
SLC35E3	1.00000000000000000	1.00000000000000000	1.00000000000000000	1.00000000000000000	1.00000000000000000	27.15461994616860153	1.00000000000000000	1.00000000000000000	1.00000000000000000	1.00000000000000000
SLC35F6	33.07436126151660005	1.00000000000000000	1.00000000000000000	1.00000000000000000	1.00000000000000000	15.13342166989992776	1.00000000000000000	1.00000000000000000	1.00000000000000000	1.00000000000000000
SLC37A3	26.07280750095305422	1.00000000000000000	1.00000000000000000	1.00000000000000000	1.00000000000000000	1.00000000000000000	1.00000000000000000	1.00000000000000000	1.00000000000000000	1.00000000000000000
SLC38A11	1.00000000000000000	1.00000000000000000	1.00000000000000000	1.00000000000000000	1.00000000000000000	1.00000000000000000	65.30206367124422684	1.00000000000000000	46.95461674279399489	1.00000000000000000
SLC38A5	1.00000000000000000	43.95977267790696885	1.00000000000000000	1.00000000000000000	1.00000000000000000	1.00000000000000000	1.00000000000000000	128.51611440288942845	1.00000000000000000	1.00000000000000000
SLC39A10	34.01595159214543429	35.27865990278218788	1.00000000000000000	26.73199346732122095	1.00000000000000000	25.76010194651231799	1.00000000000000000	1.00000000000000000	1.00000000000000000	1.00000000000000000
SLC39A13	44.88233690341038340	79.12108335688884608	1.00000000000000000	61.96536559114049680	1.00000000000000000	47.79143917322741686	40.55471256192954144	68.92626028792888349	36.14300344916324548	1.00000000000000000
SLC39A14	55.66930985346252925	75.95172873217988752	171.96678261435346258	118.11761638366587590	1.00000000000000000	89.93257902325170505	1.00000000000000000	99.30444158568420221	41.10863875855271488	35.33193408847892414
SLC39A8	1.00000000000000000	1.00000000000000000	1.00000000000000000	31.05180951933120426	1.00000000000000000	1.00000000000000000	1.00000000000000000	1.00000000000000000	1.00000000000000000	1.00000000000000000
SLC40A1	72.84432441344216613	59.08712921020372022	1.00000000000000000	42.19605167997854522	1.00000000000000000	1.00000000000000000	45.38424414421909603	1.00000000000000000	60.46970768570616883	73.85337919233684545
SLC41A2	1.00000000000000000	1.00000000000000000	1.00000000000000000	25.42461861739250395	1.00000000000000000	1.00000000000000000	1.00000000000000000	1.00000000000000000	1.00000000000000000	1.00000000000000000
SLC43A2	1.00000000000000000	1.00000000000000000	1.00000000000000000	39.99063166835771455	1.00000000000000000	1.00000000000000000	1.00000000000000000	1.00000000000000000	1.00000000000000000	1.00000000000000000
SLC43A3	77.76234994899864716	28.96881046074894428	1.00000000000000000	29.95240133629608437	1.00000000000000000	40.63320813195168313	51.49832214000608843	57.92528146264454847	1.00000000000000000	1.00000000000000000
SLC44A2	1.00000000000000000	1.00000000000000000	1.00000000000000000	1.00000000000000000	1.00000000000000000	27.18732679002934205	41.20036387548623225	1.00000000000000000	41.27192425005569731	1.00000000000000000
SLC4A1AP	1.00000000000000000	26.18425889985307009	1.00000000000000000	22.36685173137514226	1.00000000000000000	22.70981067976713064	1.00000000000000000	1.00000000000000000	1.00000000000000000	1.00000000000000000
SLC4A2	1.00000000000000000	27.91458605473456700	1.00000000000000000	24.10833930119461144	1.00000000000000000	39.31331357901177626	1.00000000000000000	44.84055920497376491	1.00000000000000000	1.00000000000000000
SLC4A7	38.25215725468554950	33.61264958248094104	86.42138384892534475	25.27148873329608492	1.00000000000000000	19.86261315396837546	1.00000000000000000	1.00000000000000000	1.00000000000000000	1.00000000000000000
SLC5A3	78.73865453293362293	100.91803324394415142	414.59449291103766200	100.13235479310013432	113.15368746658909060	37.72186355822640280	92.12495133036354389	107.57022861069893338	100.50191602522575351	52.31704516148309381
SLC6A6	1.00000000000000000	73.60271715591926522	1.00000000000000000	77.47226303201406949	1.00000000000000000	29.36055476699461408	1.00000000000000000	1.00000000000000000	1.00000000000000000	1.00000000000000000
SLC7A2	1.00000000000000000	1.00000000000000000	1.00000000000000000	1.00000000000000000	1.00000000000000000	1.00000000000000000	63.55457967790822948	1.00000000000000000	66.91437493671209324	82.54608391549786006
SLC7A5	1.00000000000000000	1.00000000000000000	1.00000000000000000	1.00000000000000000	72.13329809970484519	1.00000000000000000	78.55985525671142966	1.00000000000000000	59.12827563824559718	50.26656199275367243
SLC7A7	1.00000000000000000	1.00000000000000000	1.00000000000000000	38.32354901433984651	1.00000000000000000	1.00000000000000000	1.00000000000000000	1.00000000000000000	1.00000000000000000	1.00000000000000000
SLC8A1	1.00000000000000000	1.00000000000000000	1.00000000000000000	1.00000000000000000	1.00000000000000000	1.00000000000000000	52.84082610655463697	1.00000000000000000	52.60683072238532532	1.00000000000000000
SLC8B1	1.00000000000000000	1.00000000000000000	1.00000000000000000	24.10625767992306834	1.00000000000000000	1.00000000000000000	1.00000000000000000	1.00000000000000000	1.00000000000000000	1.00000000000000000
SLF1	1.00000000000000000	1.00000000000000000	1.00000000000000000	1.00000000000000000	1.00000000000000000	36.43853579472948212	1.00000000000000000	1.00000000000000000	1.00000000000000000	1.00000000000000000
SLIT2	63.08657617281587449	43.14034639410245831	1.00000000000000000	60.23181219909218953	1.00000000000000000	28.16555337274094839	1.00000000000000000	1.00000000000000000	1.00000000000000000	1.00000000000000000
SLMAP	1.00000000000000000	33.90865222998046136	1.00000000000000000	28.40888583403249257	1.00000000000000000	32.63772607444541762	35.49365510298810733	1.00000000000000000	113.36407896713480170	51.63031946642527714
SLPI	52.96733779702355349	1.00000000000000000	1.00000000000000000	1.00000000000000000	1.00000000000000000	1.00000000000000000	1.00000000000000000	1.00000000000000000	1.00000000000000000	1.00000000000000000
SMAD2	33.77615206008503890	48.35610725190569070	95.29411073671393240	48.08383538309655592	1.00000000000000000	35.14878916757585614	33.99516856497123030	48.61041623802238831	1.00000000000000000	1.00000000000000000
SMAD3	40.72965849244154413	1.00000000000000000	1.00000000000000000	25.65115107612159306	1.00000000000000000	28.34525435310117203	1.00000000000000000	1.00000000000000000	1.00000000000000000	1.00000000000000000
SMAD7	32.17881609351346839	42.74986429540980737	1.00000000000000000	51.43478561327776077	1.00000000000000000	29.29792447470255823	1.00000000000000000	1.00000000000000000	1.00000000000000000	36.93833896594409794
SMAP2	1.00000000000000000	1.00000000000000000	1.00000000000000000	25.11297319352295787	100.97148546544713099	51.62334630141816660	58.35688932716954014	1.00000000000000000	56.67333949335159105	38.50919227123266353
SMARCD1	1.00000000000000000	1.00000000000000000	1.00000000000000000	23.43233320870102077	1.00000000000000000	30.54485681342932324	33.04639873092855140	1.00000000000000000	33.15436543814855952	1.00000000000000000
SMARCD2	39.08935550887353827	25.89257984326687989	1.00000000000000000	28.53463082028505227	1.00000000000000000	29.24467992797587002	1.00000000000000000	1.00000000000000000	1.00000000000000000	1.00000000000000000
SMARCD3	1.00000000000000000	24.63586740821847343	1.00000000000000000	1.00000000000000000	1.00000000000000000	38.49338404250501355	39.17102324839297012	1.00000000000000000	50.60451890125096241	45.54405718945510984
SMC2	1.00000000000000000	1.00000000000000000	1.00000000000000000	1.00000000000000000	1.00000000000000000	166.81008905045018764	1.00000000000000000	1.00000000000000000	1.00000000000000000	1.00000000000000000
SMC4	1.00000000000000000	44.19291102808588079	1.00000000000000000	48.60680007919284407	67.15031242405814282	372.26783998007641685	57.93697972307612787	1.00000000000000000	42.46688436083024953	1.00000000000000000
SMCO4	1.00000000000000000	65.39568066598246787	1.00000000000000000	47.51959792368425184	1.00000000000000000	45.04899507961299321	1.00000000000000000	37.10927657808521474	1.00000000000000000	1.00000000000000000
SMG7	1.00000000000000000	1.00000000000000000	1.00000000000000000	1.00000000000000000	1.00000000000000000	1.00000000000000000	44.84254771543518814	1.00000000000000000	34.94132988183036304	1.00000000000000000
SMG9	1.00000000000000000	1.00000000000000000	1.00000000000000000	22.18217790317046578	1.00000000000000000	1.00000000000000000	1.00000000000000000	1.00000000000000000	1.00000000000000000	1.00000000000000000
SMIM10	1.00000000000000000	29.09326887665243788	1.00000000000000000	1.00000000000000000	1.00000000000000000	33.59704857969317260	54.71823384690158321	53.47529130150102361	55.96262409509105140	48.89446462809706162
SMIM12	1.00000000000000000	27.68168059201328290	1.00000000000000000	29.97308257005503762	1.00000000000000000	33.40445771097813576	51.69280266014348513	1.00000000000000000	81.42176441426846623	49.73995590854258353
SMIM29	1.00000000000000000	26.89953710052055413	1.00000000000000000	24.56794676386405385	1.00000000000000000	26.19486648054418865	1.00000000000000000	49.24254515342439475	1.00000000000000000	1.00000000000000000
SMIM4	1.00000000000000000	26.35926378180275620	1.00000000000000000	28.49421771465380360	1.00000000000000000	28.79487053754976600	1.00000000000000000	1.00000000000000000	1.00000000000000000	1.00000000000000000
SMPDL3A	45.55711364576968236	1.00000000000000000	1.00000000000000000	1.00000000000000000	1.00000000000000000	1.00000000000000000	1.00000000000000000	1.00000000000000000	1.00000000000000000	1.00000000000000000
SMS	48.23688991931403791	34.92825949213793280	1.00000000000000000	25.77657931372651845	1.00000000000000000	189.55596168300701265	33.79601928280792578	95.49792150673768276	37.21769681097027416	1.00000000000000000
SMURF2	47.98640770888799523	33.72800046886279546	104.57802341531466084	30.22250781239141304	1.00000000000000000	36.29386012539674766	35.39746198767557672	1.00000000000000000	1.00000000000000000	1.00000000000000000
SMYD2	1.00000000000000000	1.00000000000000000	1.00000000000000000	1.00000000000000000	1.00000000000000000	33.16772479139371654	1.00000000000000000	1.00000000000000000	1.00000000000000000	1.00000000000000000
SMYD3	1.00000000000000000	78.59196069538332097	1.00000000000000000	72.66880316301643461	1.00000000000000000	112.28882807463885740	1.00000000000000000	108.64969399819015905	1.00000000000000000	1.00000000000000000
SMYD4	1.00000000000000000	1.00000000000000000	1.00000000000000000	23.06760412464291576	1.00000000000000000	1.00000000000000000	1.00000000000000000	1.00000000000000000	42.46440405574758614	1.00000000000000000
SNAI1	1.00000000000000000	49.90232410554310860	1.00000000000000000	74.49255449130825468	1.00000000000000000	29.69599883306986143	42.65467790357270417	1.00000000000000000	1.00000000000000000	42.14513630745738482
SNAP47	1.00000000000000000	1.00000000000000000	1.00000000000000000	1.00000000000000000	1.00000000000000000	45.50829172502646003	1.00000000000000000	1.00000000000000000	1.00000000000000000	1.00000000000000000
SNCG	1.00000000000000000	1.00000000000000000	1.00000000000000000	1.00000000000000000	1.00000000000000000	1.00000000000000000	44.32817589805472380	1.00000000000000000	201.33341875846141988	109.91799370667121138
SNED1	80.08681323146718967	29.06816734842716698	1.00000000000000000	37.12523477467578203	1.00000000000000000	1.00000000000000000	1.00000000000000000	1.00000000000000000	1.00000000000000000	1.00000000000000000
SNRK	1.00000000000000000	1.00000000000000000	1.00000000000000000	1.00000000000000000	1.00000000000000000	1.00000000000000000	112.44313230303988860	1.00000000000000000	64.27955819040654717	51.95700156840010209
SNRNP25	1.00000000000000000	24.48484248729606705	1.00000000000000000	1.00000000000000000	1.00000000000000000	70.62956577230612254	1.00000000000000000	1.00000000000000000	1.00000000000000000	1.00000000000000000
SNRNP35	1.00000000000000000	1.00000000000000000	1.00000000000000000	21.85860197326824661	1.00000000000000000	24.25101792154934444	30.95651707509399841	1.00000000000000000	32.71446867914353618	1.00000000000000000
SNTA1	1.00000000000000000	1.00000000000000000	1.00000000000000000	1.00000000000000000	1.00000000000000000	1.00000000000000000	1.00000000000000000	1.00000000000000000	84.79430248365180489	47.51369159902120032
SNUPN	31.56832098474535897	1.00000000000000000	1.00000000000000000	25.84271346051066942	1.00000000000000000	27.45478698068372125	1.00000000000000000	1.00000000000000000	1.00000000000000000	1.00000000000000000
SNX13	1.00000000000000000	1.00000000000000000	1.00000000000000000	1.00000000000000000	1.00000000000000000	1.00000000000000000	37.11901476646858811	1.00000000000000000	1.00000000000000000	1.00000000000000000
SNX14	1.00000000000000000	1.00000000000000000	1.00000000000000000	1.00000000000000000	1.00000000000000000	23.02051447846072207	28.38446078393203109	1.00000000000000000	1.00000000000000000	1.00000000000000000
SNX27	35.09344744145952433	31.72125362484816335	1.00000000000000000	34.92139208645891557	1.00000000000000000	22.63993853530731570	1.00000000000000000	1.00000000000000000	1.00000000000000000	1.00000000000000000
SNX29	33.04592575456112513	35.08510074230058962	1.00000000000000000	1.00000000000000000	1.00000000000000000	1.00000000000000000	1.00000000000000000	1.00000000000000000	1.00000000000000000	1.00000000000000000
SOAT1	1.00000000000000000	1.00000000000000000	1.00000000000000000	26.55179505381583027	1.00000000000000000	20.06788697795654741	1.00000000000000000	1.00000000000000000	1.00000000000000000	1.00000000000000000
SOBP	32.20044802038485443	1.00000000000000000	1.00000000000000000	23.10455090880659768	1.00000000000000000	1.00000000000000000	37.59671280085827760	1.00000000000000000	1.00000000000000000	1.00000000000000000
SOCS2	32.89116935050077473	1.00000000000000000	1.00000000000000000	26.05637899945095981	1.00000000000000000	1.00000000000000000	64.09555715454101232	1.00000000000000000	39.11094348765639950	1.00000000000000000
SOCS5	36.08399910634230423	42.80360900726228124	1.00000000000000000	34.78327131462243926	1.00000000000000000	22.58526791961750746	1.00000000000000000	44.02129237887813673	1.00000000000000000	1.00000000000000000
SOGA1	1.00000000000000000	1.00000000000000000	1.00000000000000000	1.00000000000000000	1.00000000000000000	35.28711099481525082	39.22688553371447284	1.00000000000000000	1.00000000000000000	1.00000000000000000
SORBS1	1.00000000000000000	1.00000000000000000	1.00000000000000000	1.00000000000000000	1.00000000000000000	1.00000000000000000	1.00000000000000000	1.00000000000000000	81.94786318722121621	46.97740915482511070
SORBS2	1.00000000000000000	1.00000000000000000	1.00000000000000000	1.00000000000000000	1.00000000000000000	1.00000000000000000	1.00000000000000000	1.00000000000000000	242.23891033259445749	55.28893761602882506
SORT1	1.00000000000000000	1.00000000000000000	1.00000000000000000	1.00000000000000000	1.00000000000000000	24.09940983127967939	87.43911546022857806	1.00000000000000000	135.99655570254952863	1.00000000000000000
SOS2	1.00000000000000000	1.00000000000000000	1.00000000000000000	1.00000000000000000	1.00000000000000000	1.00000000000000000	38.16185301117077699	1.00000000000000000	38.68368445314134618	1.00000000000000000
SOX13	1.00000000000000000	1.00000000000000000	1.00000000000000000	1.00000000000000000	1.00000000000000000	1.00000000000000000	35.80006607341692870	1.00000000000000000	34.83341311512221949	1.00000000000000000
SOX5	1.00000000000000000	1.00000000000000000	1.00000000000000000	1.00000000000000000	1.00000000000000000	1.00000000000000000	32.70013225532120771	1.00000000000000000	46.98942952262564177	1.00000000000000000
SP1	1.00000000000000000	24.85628992629644785	1.00000000000000000	1.00000000000000000	1.00000000000000000	1.00000000000000000	29.70286014735361491	1.00000000000000000	1.00000000000000000	1.00000000000000000
SPA17	1.00000000000000000	1.00000000000000000	1.00000000000000000	1.00000000000000000	1.00000000000000000	34.06294507852202713	1.00000000000000000	1.00000000000000000	1.00000000000000000	1.00000000000000000
SPAG4	1.00000000000000000	1.00000000000000000	1.00000000000000000	1.00000000000000000	1.00000000000000000	1.00000000000000000	1.00000000000000000	48.67235450050408474	1.00000000000000000	1.00000000000000000
SPAG5	1.00000000000000000	1.00000000000000000	1.00000000000000000	1.00000000000000000	1.00000000000000000	26.74648184340301782	1.00000000000000000	1.00000000000000000	1.00000000000000000	1.00000000000000000
SPATA13	1.00000000000000000	1.00000000000000000	1.00000000000000000	32.15867236939072882	1.00000000000000000	1.00000000000000000	1.00000000000000000	1.00000000000000000	1.00000000000000000	1.00000000000000000
SPATA6	35.91955004617561542	1.00000000000000000	1.00000000000000000	1.00000000000000000	1.00000000000000000	1.00000000000000000	1.00000000000000000	1.00000000000000000	1.00000000000000000	1.00000000000000000
SPATS2	28.98663817736635551	45.67963008271606640	1.00000000000000000	42.42171790631223161	1.00000000000000000	62.48325784998566235	40.85432825669042245	42.07992262253527826	1.00000000000000000	1.00000000000000000
SPC24	1.00000000000000000	1.00000000000000000	1.00000000000000000	1.00000000000000000	1.00000000000000000	32.47884271576830884	1.00000000000000000	1.00000000000000000	1.00000000000000000	1.00000000000000000
SPC25	1.00000000000000000	1.00000000000000000	1.00000000000000000	1.00000000000000000	1.00000000000000000	41.00878107551888263	1.00000000000000000	1.00000000000000000	1.00000000000000000	1.00000000000000000
SPDL1	1.00000000000000000	1.00000000000000000	1.00000000000000000	1.00000000000000000	1.00000000000000000	54.08308644714480806	1.00000000000000000	1.00000000000000000	1.00000000000000000	1.00000000000000000
SPECC1	1.00000000000000000	51.21114060051910144	106.46638663183024676	1.00000000000000000	1.00000000000000000	49.16279915937307976	158.46893451918577966	1.00000000000000000	111.73368789454474381	83.88332424505301788
SPEG	1.00000000000000000	1.00000000000000000	1.00000000000000000	1.00000000000000000	1.00000000000000000	1.00000000000000000	1.00000000000000000	1.00000000000000000	67.10435578836425918	1.00000000000000000
SPG11	1.00000000000000000	1.00000000000000000	1.00000000000000000	22.21982818011250060	1.00000000000000000	16.18390529398055122	1.00000000000000000	1.00000000000000000	1.00000000000000000	1.00000000000000000
SPG21	42.50534600146305308	41.61902805280194428	1.00000000000000000	40.30091722259516729	1.00000000000000000	39.29417681655061045	1.00000000000000000	43.44938822468390072	1.00000000000000000	1.00000000000000000
SPIDR	1.00000000000000000	1.00000000000000000	1.00000000000000000	1.00000000000000000	1.00000000000000000	43.90620154926926233	1.00000000000000000	1.00000000000000000	1.00000000000000000	1.00000000000000000
SPINK1	1.00000000000000000	1.00000000000000000	1.00000000000000000	1.00000000000000000	1.00000000000000000	1.00000000000000000	1.00000000000000000	177.12820994148361819	1.00000000000000000	1.00000000000000000
SPINT2	1.00000000000000000	1.00000000000000000	1.00000000000000000	1.00000000000000000	132.42671697037994250	1.00000000000000000	1.00000000000000000	1.00000000000000000	1.00000000000000000	1.00000000000000000
SPNS1	39.71988831506564566	42.04417760302718676	1.00000000000000000	41.26949056683802297	1.00000000000000000	43.65197921881620147	32.26432920115723135	48.61134515029320369	1.00000000000000000	1.00000000000000000
SPNS2	1.00000000000000000	1.00000000000000000	1.00000000000000000	1.00000000000000000	1.00000000000000000	1.00000000000000000	1.00000000000000000	1.00000000000000000	1.00000000000000000	77.95455441934430496
SPOCK1	61.39283099835895285	105.64060789492049253	105.95381735942045509	73.11780883049061686	1.00000000000000000	69.68085698280268048	1.00000000000000000	145.61510596250712979	1.00000000000000000	1.00000000000000000
SPON1	75.33647967820739666	95.86320184368670994	1.00000000000000000	51.40136820034145870	1.00000000000000000	26.06610622608496897	1.00000000000000000	1.00000000000000000	1.00000000000000000	1.00000000000000000
SPOUT1	1.00000000000000000	1.00000000000000000	1.00000000000000000	1.00000000000000000	1.00000000000000000	42.47261173748265861	1.00000000000000000	1.00000000000000000	1.00000000000000000	1.00000000000000000
SPP1	1.00000000000000000	1.00000000000000000	1.00000000000000000	1.00000000000000000	213.25443420144051743	1.00000000000000000	1.00000000000000000	1.00000000000000000	1.00000000000000000	1.00000000000000000
SPRY2	62.92987772494441856	1.00000000000000000	1.00000000000000000	1.00000000000000000	1.00000000000000000	1.00000000000000000	49.15069807745342700	1.00000000000000000	1.00000000000000000	1.00000000000000000
SPRY4	1.00000000000000000	1.00000000000000000	1.00000000000000000	28.32382666209603173	1.00000000000000000	24.56355767839967896	88.91939685117394276	1.00000000000000000	43.63486346039034203	1.00000000000000000
SPRYD7	1.00000000000000000	23.37823646912697484	1.00000000000000000	25.98066145557352868	1.00000000000000000	27.91515302440950563	1.00000000000000000	39.31306767805308766	1.00000000000000000	1.00000000000000000
SPSB1	61.27324379325973780	72.48483853536876609	1.00000000000000000	73.95182762056685988	1.00000000000000000	33.69649768862094419	1.00000000000000000	1.00000000000000000	1.00000000000000000	78.04271549918522055
SPTLC1	1.00000000000000000	1.00000000000000000	1.00000000000000000	1.00000000000000000	1.00000000000000000	20.35457458269772602	1.00000000000000000	1.00000000000000000	1.00000000000000000	1.00000000000000000
SPTLC2	1.00000000000000000	27.99280006349093242	1.00000000000000000	33.22875159709533222	1.00000000000000000	29.18765046260754659	1.00000000000000000	1.00000000000000000	1.00000000000000000	1.00000000000000000
SQLE	1.00000000000000000	35.14219806986294969	1.00000000000000000	32.89387777145972080	1.00000000000000000	49.20458703376352361	1.00000000000000000	1.00000000000000000	1.00000000000000000	1.00000000000000000
SQOR	57.12472828484438736	33.86165259030649821	1.00000000000000000	69.23059772882885454	1.00000000000000000	1.00000000000000000	1.00000000000000000	46.21820260960108584	34.80659559566581862	51.00193278645720341
SREBF1	1.00000000000000000	26.31045917999226802	1.00000000000000000	1.00000000000000000	1.00000000000000000	1.00000000000000000	1.00000000000000000	1.00000000000000000	1.00000000000000000	1.00000000000000000
SRGAP1	64.22196934513691247	47.50264677922052670	95.95344528304387666	68.06005229592810224	1.00000000000000000	49.45612012020642112	33.87455132325639795	37.39435360569463995	1.00000000000000000	1.00000000000000000
SRGAP2	1.00000000000000000	27.17726178139431426	1.00000000000000000	28.70114715108035952	1.00000000000000000	1.00000000000000000	1.00000000000000000	1.00000000000000000	1.00000000000000000	1.00000000000000000
SRGAP2C	1.00000000000000000	28.16281371128064137	1.00000000000000000	20.94890118513573185	1.00000000000000000	27.44094823761311375	1.00000000000000000	1.00000000000000000	1.00000000000000000	1.00000000000000000
SRGN	42.46468512652023009	51.21520780081061730	144.32897361088438970	64.45640278822445168	557.00147918327581920	76.26932231439609211	116.41522023798216878	76.25813598055877662	88.51743945056340124	93.45115097683458316
SRPRB	43.10106579958631556	54.37772156248750832	1.00000000000000000	53.77267291236496050	1.00000000000000000	52.75177886676964789	1.00000000000000000	38.04898427746397971	1.00000000000000000	1.00000000000000000
SRPX	438.80938064631328643	92.25813474703487316	111.70490152891430569	98.84221798128739067	1.00000000000000000	72.28019557642805637	1.00000000000000000	131.27000186970991535	40.20482784811712662	154.55157379496506564
SRPX2	63.13757827438235637	103.43031434891011600	1.00000000000000000	93.53918526524414290	1.00000000000000000	66.06019321704815184	1.00000000000000000	51.92171491642573500	1.00000000000000000	1.00000000000000000
SRRT	1.00000000000000000	1.00000000000000000	1.00000000000000000	24.79430024004260247	1.00000000000000000	40.01969812121338066	31.80306586170421568	1.00000000000000000	33.64423109120864552	1.00000000000000000
SRSF8	32.28913138200673671	34.15143331865795773	1.00000000000000000	26.94592929599118136	1.00000000000000000	31.05105733152197089	1.00000000000000000	40.40473458411026542	37.08567355428301227	1.00000000000000000
SSC5D	69.63256937858480455	62.66428776068239159	1.00000000000000000	38.39619740130751069	1.00000000000000000	1.00000000000000000	1.00000000000000000	1.00000000000000000	1.00000000000000000	1.00000000000000000
SSFA2	1.00000000000000000	1.00000000000000000	1.00000000000000000	1.00000000000000000	1.00000000000000000	1.00000000000000000	34.64789618967932228	1.00000000000000000	1.00000000000000000	1.00000000000000000
SSH1	1.00000000000000000	33.18894930160838896	1.00000000000000000	34.07618828585675175	1.00000000000000000	28.31935718109557953	1.00000000000000000	1.00000000000000000	1.00000000000000000	1.00000000000000000
SSTR2	1.00000000000000000	1.00000000000000000	1.00000000000000000	52.35918242473884732	1.00000000000000000	32.65965325718263301	137.77544191303127263	1.00000000000000000	99.24762056304248858	270.41247835135095556
ST3GAL1	1.00000000000000000	1.00000000000000000	1.00000000000000000	27.14422922064587240	1.00000000000000000	21.57045433001378854	1.00000000000000000	1.00000000000000000	1.00000000000000000	1.00000000000000000
ST3GAL2	1.00000000000000000	1.00000000000000000	1.00000000000000000	21.36058571237402504	1.00000000000000000	20.55146632817115560	1.00000000000000000	1.00000000000000000	1.00000000000000000	1.00000000000000000
ST3GAL4	51.18529353229691026	48.79191939992921334	1.00000000000000000	54.01777273604011498	1.00000000000000000	28.06607222383017586	1.00000000000000000	40.52072880413754064	1.00000000000000000	1.00000000000000000
ST3GAL5	57.26312521251841048	1.00000000000000000	1.00000000000000000	1.00000000000000000	1.00000000000000000	1.00000000000000000	1.00000000000000000	1.00000000000000000	1.00000000000000000	1.00000000000000000
STAM2	1.00000000000000000	26.88773799609273851	1.00000000000000000	27.05283051904429215	1.00000000000000000	1.00000000000000000	1.00000000000000000	1.00000000000000000	1.00000000000000000	1.00000000000000000
STARD10	35.30073505560081060	43.67003915282813153	1.00000000000000000	56.40832066946268952	99.52086673548431861	1.00000000000000000	1.00000000000000000	60.73536033782423260	1.00000000000000000	1.00000000000000000
STARD13	1.00000000000000000	1.00000000000000000	1.00000000000000000	1.00000000000000000	1.00000000000000000	1.00000000000000000	55.17436106071701118	1.00000000000000000	31.69024019433924266	1.00000000000000000
STARD7	1.00000000000000000	1.00000000000000000	1.00000000000000000	22.91834222697472256	1.00000000000000000	35.52516020971348354	38.06467166948260683	1.00000000000000000	41.60884588839218168	31.63353755368181908
STAT5A	1.00000000000000000	1.00000000000000000	1.00000000000000000	22.47854655506442612	1.00000000000000000	1.00000000000000000	1.00000000000000000	1.00000000000000000	1.00000000000000000	1.00000000000000000
STAT5B	1.00000000000000000	1.00000000000000000	1.00000000000000000	1.00000000000000000	1.00000000000000000	1.00000000000000000	1.00000000000000000	1.00000000000000000	32.72245868567787142	1.00000000000000000
STAT6	47.09849301913462938	30.42387631031415651	78.64847852860432909	40.53863308868780990	1.00000000000000000	21.81034854533993084	53.52706457057881551	1.00000000000000000	53.76579290222857566	44.54979352519199409
STC1	1.00000000000000000	1.00000000000000000	1.00000000000000000	1.00000000000000000	1.00000000000000000	1.00000000000000000	1.00000000000000000	69.80469270128490678	1.00000000000000000	1.00000000000000000
STC2	1.00000000000000000	1.00000000000000000	1.00000000000000000	1.00000000000000000	1.00000000000000000	1.00000000000000000	1.00000000000000000	119.36690749208453610	1.00000000000000000	1.00000000000000000
STEAP1	120.86294141699022475	59.69653993547798621	1.00000000000000000	88.65845659772668341	1.00000000000000000	71.96434157566092438	1.00000000000000000	70.80553144484824202	1.00000000000000000	1.00000000000000000
STEAP2	75.09103196112535272	44.76436566453609345	1.00000000000000000	47.32779230417902738	1.00000000000000000	1.00000000000000000	1.00000000000000000	63.61332141717256405	1.00000000000000000	1.00000000000000000
STEAP4	50.11136043675315221	1.00000000000000000	1.00000000000000000	1.00000000000000000	1.00000000000000000	1.00000000000000000	243.18410431466327282	1.00000000000000000	82.60607005256160562	583.62048907125461028
STIM2	1.00000000000000000	1.00000000000000000	1.00000000000000000	25.46249187631111610	1.00000000000000000	31.45070272097898112	40.18357279565018558	1.00000000000000000	1.00000000000000000	1.00000000000000000
STK16	1.00000000000000000	24.12480120524264038	1.00000000000000000	1.00000000000000000	1.00000000000000000	38.63870027129155460	1.00000000000000000	1.00000000000000000	1.00000000000000000	1.00000000000000000
STK17B	31.84214935585877981	63.25716262796379397	1.00000000000000000	63.84697294226982933	109.98963049372136425	58.55484969519572047	41.84004824979638926	44.39324343709205323	1.00000000000000000	1.00000000000000000
STK38	28.86137889058365857	26.72095296392614827	1.00000000000000000	1.00000000000000000	1.00000000000000000	1.00000000000000000	1.00000000000000000	1.00000000000000000	1.00000000000000000	1.00000000000000000
STK38L	1.00000000000000000	32.58009892442240840	1.00000000000000000	33.81199940887419331	1.00000000000000000	28.07740585281128176	79.38928465833488701	1.00000000000000000	105.89493870372082540	1.00000000000000000
STK4	1.00000000000000000	26.93957511721598763	1.00000000000000000	27.14666602687715979	74.06984426358923201	35.70175998501489545	1.00000000000000000	1.00000000000000000	1.00000000000000000	1.00000000000000000
STMN1	1.00000000000000000	33.39317906553906568	1.00000000000000000	1.00000000000000000	87.49259941309226463	726.55620143504359021	1.00000000000000000	1.00000000000000000	1.00000000000000000	47.47157879092601718
STMN3	61.26133516228644993	54.12318747410314757	1.00000000000000000	66.84005983465191036	1.00000000000000000	98.83571969684805936	1.00000000000000000	52.38478233652674732	1.00000000000000000	1.00000000000000000
STOML1	1.00000000000000000	1.00000000000000000	1.00000000000000000	23.43928225706042312	1.00000000000000000	14.64649011991876293	1.00000000000000000	1.00000000000000000	1.00000000000000000	1.00000000000000000
STRA6	1.00000000000000000	1.00000000000000000	1.00000000000000000	39.72799528202503438	1.00000000000000000	1.00000000000000000	1.00000000000000000	1.00000000000000000	1.00000000000000000	1.00000000000000000
STRN	1.00000000000000000	1.00000000000000000	1.00000000000000000	1.00000000000000000	1.00000000000000000	34.60066403876704300	1.00000000000000000	1.00000000000000000	1.00000000000000000	1.00000000000000000
STX17	27.17173894594682437	1.00000000000000000	1.00000000000000000	30.79836446107064063	1.00000000000000000	1.00000000000000000	36.84133237107938896	1.00000000000000000	1.00000000000000000	35.77837679950051353
STXBP5	1.00000000000000000	30.20893216185299934	1.00000000000000000	31.84475615822974248	1.00000000000000000	1.00000000000000000	1.00000000000000000	1.00000000000000000	1.00000000000000000	1.00000000000000000
SUGCT	1.00000000000000000	74.13044572688735911	1.00000000000000000	37.45099040457017026	1.00000000000000000	43.30613603017276603	1.00000000000000000	60.45891787454412736	1.00000000000000000	1.00000000000000000
SUPT5H	34.57182181012075972	39.35610238998563659	78.32204561649469099	33.64030681067941941	1.00000000000000000	38.06262463464247503	41.07860981362380670	41.78318724034851073	44.75774718279763675	1.00000000000000000
SUPT7L	1.00000000000000000	1.00000000000000000	1.00000000000000000	22.00357600067012598	1.00000000000000000	1.00000000000000000	1.00000000000000000	1.00000000000000000	1.00000000000000000	1.00000000000000000
SURF2	1.00000000000000000	1.00000000000000000	1.00000000000000000	1.00000000000000000	1.00000000000000000	33.19043275096438350	31.47555909051565237	1.00000000000000000	31.50435153806959576	1.00000000000000000
SUSD2	1.00000000000000000	43.44380347661456199	1.00000000000000000	65.02285938141395150	1.00000000000000000	1.00000000000000000	34.03161846849868510	1.00000000000000000	70.25251867892578161	37.92302332678684706
SUSD5	1.00000000000000000	1.00000000000000000	1.00000000000000000	1.00000000000000000	1.00000000000000000	1.00000000000000000	1.00000000000000000	1.00000000000000000	58.65296440082920526	1.00000000000000000
SUSD6	1.00000000000000000	40.82890549303031236	1.00000000000000000	48.76388561088882767	1.00000000000000000	33.58802489137094938	53.01842737958138940	1.00000000000000000	50.93530011153941217	1.00000000000000000
SVEP1	164.48779042869250588	38.74403108976302690	1.00000000000000000	1.00000000000000000	1.00000000000000000	1.00000000000000000	1.00000000000000000	1.00000000000000000	1.00000000000000000	1.00000000000000000
SWI5	48.83896585068741558	62.56050453156895941	1.00000000000000000	48.09408171082129968	1.00000000000000000	68.40812780105170532	29.28779668270546921	52.69110063436533409	1.00000000000000000	1.00000000000000000
SYMPK	1.00000000000000000	24.40587944811481691	1.00000000000000000	25.35414356971617167	1.00000000000000000	18.70128372292879604	1.00000000000000000	1.00000000000000000	1.00000000000000000	1.00000000000000000
SYNDIG1	1.00000000000000000	38.71064982240281438	1.00000000000000000	1.00000000000000000	1.00000000000000000	1.00000000000000000	1.00000000000000000	47.42906102643568289	1.00000000000000000	1.00000000000000000
SYNGR1	27.02589119950561880	30.50970837131657731	1.00000000000000000	1.00000000000000000	1.00000000000000000	22.93870725932256249	35.48349323221759022	1.00000000000000000	1.00000000000000000	32.70617654147304165
SYNGR2	1.00000000000000000	1.00000000000000000	1.00000000000000000	1.00000000000000000	1.00000000000000000	1.00000000000000000	1.00000000000000000	1.00000000000000000	47.18457645126839139	1.00000000000000000
SYNJ2	1.00000000000000000	29.61903311480669032	1.00000000000000000	30.84595731441283206	1.00000000000000000	28.65290167616957362	1.00000000000000000	1.00000000000000000	1.00000000000000000	1.00000000000000000
SYNM	1.00000000000000000	1.00000000000000000	1.00000000000000000	1.00000000000000000	1.00000000000000000	1.00000000000000000	60.20812008552625372	1.00000000000000000	156.31308500567953956	1.00000000000000000
SYNPO	1.00000000000000000	1.00000000000000000	1.00000000000000000	1.00000000000000000	1.00000000000000000	1.00000000000000000	1.00000000000000000	110.25750672658823248	69.56688537310147069	60.13493464609348393
SYNPO2	31.30782819705786224	34.82588534177724426	1.00000000000000000	36.44293528921846814	74.03731441202187114	35.03221007546079591	124.40424411488301359	1.00000000000000000	201.40957020678317235	491.75895560981933841
TAB2	1.00000000000000000	26.54934679905194983	1.00000000000000000	26.68279415893782414	1.00000000000000000	22.22538398149755423	1.00000000000000000	1.00000000000000000	1.00000000000000000	1.00000000000000000
TACC2	1.00000000000000000	1.00000000000000000	1.00000000000000000	1.00000000000000000	1.00000000000000000	1.00000000000000000	1.00000000000000000	1.00000000000000000	46.27017721976947939	1.00000000000000000
TACC3	1.00000000000000000	1.00000000000000000	1.00000000000000000	1.00000000000000000	1.00000000000000000	74.90154628358754962	1.00000000000000000	1.00000000000000000	1.00000000000000000	1.00000000000000000
TAF3	31.92685502865063185	28.49420818541582534	83.51573338752997699	22.95169091476848067	1.00000000000000000	34.39077840839220102	38.44445970059754103	1.00000000000000000	43.13085962301264686	45.81802497734928181
TANC1	1.00000000000000000	1.00000000000000000	1.00000000000000000	1.00000000000000000	1.00000000000000000	1.00000000000000000	33.16225800583899996	1.00000000000000000	35.49802262892561089	40.98949587376485226
TANC2	1.00000000000000000	44.50568088571947811	107.06285301645861807	32.20592208661113176	1.00000000000000000	17.27152705130042420	1.00000000000000000	56.36611647576111750	1.00000000000000000	1.00000000000000000
TAP2	1.00000000000000000	1.00000000000000000	1.00000000000000000	56.76395051961272742	1.00000000000000000	33.75404528836125451	45.15994976594015498	1.00000000000000000	1.00000000000000000	1.00000000000000000
TAPBPL	27.16916131977179205	1.00000000000000000	1.00000000000000000	32.38572357497011467	1.00000000000000000	1.00000000000000000	1.00000000000000000	1.00000000000000000	1.00000000000000000	1.00000000000000000
TBC1D1	1.00000000000000000	26.39501081428896256	1.00000000000000000	27.04071285178422812	74.17606792865660736	72.34619911667400061	96.07395696221372816	1.00000000000000000	168.27753381747112371	58.55585953422728096
TBC1D17	1.00000000000000000	1.00000000000000000	1.00000000000000000	23.52994850094896861	1.00000000000000000	1.00000000000000000	1.00000000000000000	1.00000000000000000	1.00000000000000000	1.00000000000000000
TBC1D23	33.38165394310740197	37.71682416028398421	1.00000000000000000	40.20019946743945383	1.00000000000000000	42.58940253117889085	38.92863028313396967	44.74768403482990209	1.00000000000000000	1.00000000000000000
TBC1D8B	1.00000000000000000	27.28267290158404279	1.00000000000000000	1.00000000000000000	1.00000000000000000	22.63557889302857262	1.00000000000000000	1.00000000000000000	1.00000000000000000	1.00000000000000000
TBC1D9	1.00000000000000000	1.00000000000000000	1.00000000000000000	24.86419811007820257	1.00000000000000000	1.00000000000000000	1.00000000000000000	1.00000000000000000	1.00000000000000000	1.00000000000000000
TBC1D9B	32.65882672544233145	37.09710407680228883	1.00000000000000000	32.24830053029571530	1.00000000000000000	27.15215186119577240	35.09722770771140432	63.49626449043539367	1.00000000000000000	1.00000000000000000
TBCC	1.00000000000000000	1.00000000000000000	1.00000000000000000	1.00000000000000000	1.00000000000000000	1.00000000000000000	34.09801033292471573	1.00000000000000000	1.00000000000000000	53.38358413021917670
TBCD	1.00000000000000000	1.00000000000000000	1.00000000000000000	20.20789521727353844	1.00000000000000000	36.74164776923629461	1.00000000000000000	1.00000000000000000	1.00000000000000000	1.00000000000000000
TBL1X	1.00000000000000000	24.07181756264844452	1.00000000000000000	1.00000000000000000	1.00000000000000000	23.78577422753584969	42.78443748089173937	1.00000000000000000	53.27646429600504518	1.00000000000000000
TBL2	1.00000000000000000	26.39785925936556410	1.00000000000000000	23.78156312589446841	1.00000000000000000	35.21476440062001245	1.00000000000000000	1.00000000000000000	1.00000000000000000	1.00000000000000000
TBX15	1.00000000000000000	1.00000000000000000	1.00000000000000000	1.00000000000000000	1.00000000000000000	1.00000000000000000	32.60078092155191598	1.00000000000000000	1.00000000000000000	1.00000000000000000
TBX2	1.00000000000000000	1.00000000000000000	132.33915985497489487	1.00000000000000000	145.43506856734316557	77.52917444868731423	381.87801050850578122	1.00000000000000000	303.37071656593889202	68.87010245317178203
TBX3	47.37355801849903258	49.34470498816007478	162.38231858602492252	65.16081771983519388	1.00000000000000000	50.89512182214073732	42.96000983966054321	128.07171729135581018	1.00000000000000000	53.59916038650919745
TCEA3	34.94368698909182314	27.65137238745819914	1.00000000000000000	1.00000000000000000	1.00000000000000000	21.48155981538105408	1.00000000000000000	93.03859386644198537	1.00000000000000000	1.00000000000000000
TCEAL1	25.40376629548788401	29.00792918679202259	1.00000000000000000	22.35924110721283498	1.00000000000000000	1.00000000000000000	1.00000000000000000	1.00000000000000000	33.89207706613029814	50.31965083104322645
TCEAL7	50.51284571890193575	1.00000000000000000	1.00000000000000000	1.00000000000000000	1.00000000000000000	26.20209548079985851	1.00000000000000000	1.00000000000000000	1.00000000000000000	55.85021066163553627
TCF19	1.00000000000000000	1.00000000000000000	1.00000000000000000	1.00000000000000000	1.00000000000000000	42.16690514584600891	1.00000000000000000	1.00000000000000000	1.00000000000000000	1.00000000000000000
TCF3	1.00000000000000000	27.21943577080840271	1.00000000000000000	22.28736704604787633	1.00000000000000000	42.63720756997719974	1.00000000000000000	1.00000000000000000	1.00000000000000000	1.00000000000000000
TCF7L1	32.22518231313663506	1.00000000000000000	1.00000000000000000	1.00000000000000000	1.00000000000000000	19.59025091045483791	1.00000000000000000	1.00000000000000000	36.46967017845670256	41.03837791674072122
TCN2	33.20631958031914621	1.00000000000000000	1.00000000000000000	30.46851244951378490	1.00000000000000000	1.00000000000000000	1.00000000000000000	1.00000000000000000	1.00000000000000000	1.00000000000000000
TCOF1	1.00000000000000000	1.00000000000000000	1.00000000000000000	1.00000000000000000	1.00000000000000000	38.50519033293967652	1.00000000000000000	1.00000000000000000	1.00000000000000000	1.00000000000000000
TCTN3	41.12662554384952784	40.31951830777497747	1.00000000000000000	36.98333955589477284	1.00000000000000000	29.23957711180617025	1.00000000000000000	1.00000000000000000	1.00000000000000000	1.00000000000000000
TDO2	1.00000000000000000	1.00000000000000000	1.00000000000000000	96.56154563013411973	1.00000000000000000	169.89166053060870354	115.57557521130230782	1.00000000000000000	1.00000000000000000	1.00000000000000000
TDRD3	1.00000000000000000	27.16191268762385036	1.00000000000000000	1.00000000000000000	1.00000000000000000	1.00000000000000000	1.00000000000000000	1.00000000000000000	1.00000000000000000	1.00000000000000000
TEAD1	44.57478204868854021	72.14389546901796280	125.62620069540572842	67.39572864344654590	1.00000000000000000	62.77226440769390337	50.45328358933573298	62.72130377497477127	1.00000000000000000	45.41852475187079108
TEAD2	1.00000000000000000	1.00000000000000000	1.00000000000000000	23.78021182495989549	1.00000000000000000	27.06389425949889116	35.60841866559137259	1.00000000000000000	32.78623544464431916	45.09197241523239086
TEAD3	1.00000000000000000	23.73123164163616394	1.00000000000000000	1.00000000000000000	1.00000000000000000	1.00000000000000000	32.14998220671274254	1.00000000000000000	42.44920032845790558	31.63614198965804292
TEDC1	1.00000000000000000	1.00000000000000000	1.00000000000000000	1.00000000000000000	1.00000000000000000	28.78445427221483044	1.00000000000000000	1.00000000000000000	1.00000000000000000	1.00000000000000000
TES	1.00000000000000000	40.83621415061575277	1.00000000000000000	39.17447370798937101	1.00000000000000000	38.01367190743214053	76.40934060923157745	1.00000000000000000	1.00000000000000000	1.00000000000000000
TESC	1.00000000000000000	1.00000000000000000	1.00000000000000000	1.00000000000000000	1.00000000000000000	1.00000000000000000	81.43863448327674348	1.00000000000000000	1.00000000000000000	1.00000000000000000
TESK1	1.00000000000000000	1.00000000000000000	1.00000000000000000	1.00000000000000000	1.00000000000000000	27.99914636041334148	1.00000000000000000	1.00000000000000000	1.00000000000000000	1.00000000000000000
TET2	1.00000000000000000	1.00000000000000000	1.00000000000000000	1.00000000000000000	1.00000000000000000	1.00000000000000000	34.25115205944522501	1.00000000000000000	1.00000000000000000	1.00000000000000000
TEX261	1.00000000000000000	1.00000000000000000	1.00000000000000000	1.00000000000000000	1.00000000000000000	58.69666147432236869	1.00000000000000000	1.00000000000000000	1.00000000000000000	1.00000000000000000
TEX30	1.00000000000000000	1.00000000000000000	1.00000000000000000	1.00000000000000000	1.00000000000000000	38.02951589796889920	1.00000000000000000	1.00000000000000000	1.00000000000000000	1.00000000000000000
TFE3	1.00000000000000000	1.00000000000000000	1.00000000000000000	26.05185385763995143	1.00000000000000000	23.48502944702389073	1.00000000000000000	1.00000000000000000	1.00000000000000000	1.00000000000000000
TFF3	1.00000000000000000	1.00000000000000000	1.00000000000000000	1.00000000000000000	156.31888551490419559	1.00000000000000000	1.00000000000000000	1.00000000000000000	1.00000000000000000	1.00000000000000000
TFPI2	1.00000000000000000	1.00000000000000000	1.00000000000000000	75.72899296394382418	1.00000000000000000	1.00000000000000000	1.00000000000000000	1.00000000000000000	1.00000000000000000	1.00000000000000000
TGFB3	44.88013490896120317	91.80530303331715913	115.61143195861471611	77.62612543589496283	1.00000000000000000	21.63562358389969376	69.99276944496932629	1.00000000000000000	73.26653823850567449	44.46877053684072223
TGFBR1	27.17173662456240635	48.57188394936648734	1.00000000000000000	30.29991907143099539	1.00000000000000000	57.06262780093033626	1.00000000000000000	36.11416603635106526	1.00000000000000000	1.00000000000000000
TGFBR3	159.02453623698434626	1.00000000000000000	1.00000000000000000	1.00000000000000000	1.00000000000000000	1.00000000000000000	1.00000000000000000	1.00000000000000000	1.00000000000000000	64.50725470864362876
TGIF1	68.51453137542809202	63.06413401590977941	128.73694064632454115	67.54076618140456389	95.48540407971754007	71.05389445666958181	1.00000000000000000	82.95719608754505714	1.00000000000000000	49.98445915051465960
TGM2	1.00000000000000000	56.24353801952238996	1.00000000000000000	88.22735058499682737	1.00000000000000000	46.32425577006373629	1.00000000000000000	1.00000000000000000	1.00000000000000000	1.00000000000000000
THAP5	1.00000000000000000	1.00000000000000000	1.00000000000000000	1.00000000000000000	1.00000000000000000	30.43511367345879393	1.00000000000000000	1.00000000000000000	1.00000000000000000	1.00000000000000000
THBD	1.00000000000000000	1.00000000000000000	1.00000000000000000	1.00000000000000000	1.00000000000000000	1.00000000000000000	1.00000000000000000	1.00000000000000000	55.90393762799762101	65.74865669731303797
THBS2	311.36339751574860202	728.30902509138888945	636.74747760244088113	358.45311771478912988	248.34433064676846925	307.08010191903224495	1.00000000000000000	649.12140399002487356	1.00000000000000000	49.14904958642664212
THBS3	56.28986357760513926	38.78289538164723638	1.00000000000000000	26.60806591977628344	1.00000000000000000	41.96715727611763924	1.00000000000000000	1.00000000000000000	1.00000000000000000	1.00000000000000000
THBS4	1.00000000000000000	91.66166937660950964	1.00000000000000000	126.48450377940504552	1.00000000000000000	1.00000000000000000	1.00000000000000000	1.00000000000000000	1.00000000000000000	1.00000000000000000
THOC1	1.00000000000000000	1.00000000000000000	1.00000000000000000	22.99946545752472460	1.00000000000000000	23.59119392152029349	1.00000000000000000	1.00000000000000000	1.00000000000000000	1.00000000000000000
THOC5	1.00000000000000000	1.00000000000000000	1.00000000000000000	1.00000000000000000	1.00000000000000000	34.87130228489487394	1.00000000000000000	1.00000000000000000	1.00000000000000000	1.00000000000000000
THOP1	1.00000000000000000	1.00000000000000000	1.00000000000000000	1.00000000000000000	1.00000000000000000	31.34794042678339210	1.00000000000000000	1.00000000000000000	1.00000000000000000	1.00000000000000000
THUMPD2	1.00000000000000000	33.26906230319399072	1.00000000000000000	1.00000000000000000	1.00000000000000000	1.00000000000000000	1.00000000000000000	61.52633680366193403	1.00000000000000000	1.00000000000000000
TIA1	39.02081025592668340	41.57073676097773074	95.82344296744626888	45.14532974660244236	1.00000000000000000	61.86117808033100118	50.00566517925224019	1.00000000000000000	37.73614374299415886	47.53949151175505250
TIFA	33.89983596962831314	1.00000000000000000	1.00000000000000000	35.03952448106243622	1.00000000000000000	1.00000000000000000	1.00000000000000000	1.00000000000000000	1.00000000000000000	1.00000000000000000
TIMM17B	1.00000000000000000	30.27860564743764371	1.00000000000000000	23.07915503706588112	1.00000000000000000	31.38560287939686688	42.93373199668840812	39.61244497188481262	39.87353083958867472	1.00000000000000000
TIMM22	1.00000000000000000	26.95501455024231063	1.00000000000000000	24.97823744061623685	1.00000000000000000	38.57606048357904172	1.00000000000000000	1.00000000000000000	1.00000000000000000	1.00000000000000000
TIMM50	1.00000000000000000	28.10303525298547456	1.00000000000000000	28.92926131558877856	1.00000000000000000	31.93896918065372859	1.00000000000000000	1.00000000000000000	1.00000000000000000	1.00000000000000000
TINAGL1	1.00000000000000000	1.00000000000000000	125.50144816425502370	1.00000000000000000	168.40261806225157670	63.85368527114191295	387.16757380702290448	1.00000000000000000	620.85693936688994654	429.39280561380769541
TK1	1.00000000000000000	1.00000000000000000	1.00000000000000000	1.00000000000000000	1.00000000000000000	214.06795105482436270	1.00000000000000000	1.00000000000000000	1.00000000000000000	1.00000000000000000
TK2	26.17646666283215851	28.23987384448991023	1.00000000000000000	1.00000000000000000	1.00000000000000000	1.00000000000000000	1.00000000000000000	1.00000000000000000	1.00000000000000000	1.00000000000000000
TLE1	1.00000000000000000	1.00000000000000000	1.00000000000000000	1.00000000000000000	1.00000000000000000	1.00000000000000000	67.13618718398635110	1.00000000000000000	50.53010409591024654	1.00000000000000000
TLE2	1.00000000000000000	1.00000000000000000	1.00000000000000000	1.00000000000000000	1.00000000000000000	1.00000000000000000	1.00000000000000000	1.00000000000000000	1.00000000000000000	96.15091292602234319
TLE4	39.05334576557107340	38.95856815365209513	147.72929152200811131	39.52231798084021364	1.00000000000000000	29.07203020124032022	73.64596563805388030	1.00000000000000000	65.80148922551094870	51.33962180235543116
TLK1	38.91581863394892338	32.83604013408223210	1.00000000000000000	23.28648582706493286	1.00000000000000000	52.18171750425283051	1.00000000000000000	1.00000000000000000	1.00000000000000000	1.00000000000000000
TLN2	27.95590536054571373	32.52062660766339519	1.00000000000000000	1.00000000000000000	1.00000000000000000	35.93612920229022478	1.00000000000000000	1.00000000000000000	1.00000000000000000	1.00000000000000000
TM4SF1	1.00000000000000000	36.30919062461515523	1.00000000000000000	1.00000000000000000	139.57287514619639524	81.74057207521994428	1.00000000000000000	67.67593804742845975	77.22411605652186495	366.85418287445833130
TM9SF4	1.00000000000000000	26.48464823543485380	1.00000000000000000	25.78977613285216108	1.00000000000000000	26.03878883001000588	1.00000000000000000	1.00000000000000000	1.00000000000000000	1.00000000000000000
TMEM101	29.50391172000273698	28.55851720054227982	1.00000000000000000	25.98609599013855842	1.00000000000000000	20.48439336821899914	1.00000000000000000	37.29966020917219538	1.00000000000000000	1.00000000000000000
TMEM106C	29.03409714502531713	39.92564936499326933	1.00000000000000000	22.67327923412648971	1.00000000000000000	179.41658632472197610	1.00000000000000000	43.27581035504820051	1.00000000000000000	1.00000000000000000
TMEM107	1.00000000000000000	1.00000000000000000	1.00000000000000000	1.00000000000000000	1.00000000000000000	44.65879375735584489	1.00000000000000000	1.00000000000000000	1.00000000000000000	1.00000000000000000
TMEM119	73.62544673603049716	95.41098771727833139	1.00000000000000000	120.29393512783482834	1.00000000000000000	47.82778171446816629	1.00000000000000000	55.71783336245405849	1.00000000000000000	114.14296828755077229
TMEM127	1.00000000000000000	23.94141021205416919	1.00000000000000000	22.05270899756921565	1.00000000000000000	1.00000000000000000	32.01958495530767834	1.00000000000000000	1.00000000000000000	1.00000000000000000
TMEM131L	1.00000000000000000	1.00000000000000000	1.00000000000000000	1.00000000000000000	1.00000000000000000	1.00000000000000000	1.00000000000000000	1.00000000000000000	37.06910985437409778	1.00000000000000000
TMEM132A	1.00000000000000000	35.97247287625008028	1.00000000000000000	44.05686660111141606	1.00000000000000000	28.19074546166355333	1.00000000000000000	1.00000000000000000	1.00000000000000000	1.00000000000000000
TMEM136	1.00000000000000000	1.00000000000000000	1.00000000000000000	1.00000000000000000	1.00000000000000000	1.00000000000000000	32.46208758205545308	1.00000000000000000	1.00000000000000000	1.00000000000000000
TMEM140	32.54413069974114592	1.00000000000000000	1.00000000000000000	53.98094599184806697	1.00000000000000000	1.00000000000000000	1.00000000000000000	1.00000000000000000	1.00000000000000000	1.00000000000000000
TMEM158	1.00000000000000000	242.61575482958696170	515.02861929296545895	111.11919502698367523	127.49274013444552622	163.22200921565755039	1.00000000000000000	1212.20650258834757551	1.00000000000000000	1.00000000000000000
TMEM161A	1.00000000000000000	22.61614875548808712	1.00000000000000000	22.45750758128134805	1.00000000000000000	1.00000000000000000	1.00000000000000000	1.00000000000000000	1.00000000000000000	1.00000000000000000
TMEM167B	25.63010944965932225	30.98846174502511630	1.00000000000000000	26.18324599598484781	1.00000000000000000	28.00250947741088225	31.57854021794205579	40.53878566207187362	1.00000000000000000	1.00000000000000000
TMEM170A	1.00000000000000000	1.00000000000000000	1.00000000000000000	20.61017805811689385	1.00000000000000000	43.84628962846097977	1.00000000000000000	1.00000000000000000	1.00000000000000000	1.00000000000000000
TMEM181	1.00000000000000000	24.44892431938297861	1.00000000000000000	1.00000000000000000	1.00000000000000000	24.09254089390499232	1.00000000000000000	1.00000000000000000	1.00000000000000000	1.00000000000000000
TMEM185A	1.00000000000000000	1.00000000000000000	1.00000000000000000	1.00000000000000000	1.00000000000000000	1.00000000000000000	30.97055503436261503	1.00000000000000000	1.00000000000000000	1.00000000000000000
TMEM189	1.00000000000000000	24.21720528029287678	1.00000000000000000	24.03061409451871455	1.00000000000000000	23.28198066869644833	1.00000000000000000	1.00000000000000000	1.00000000000000000	1.00000000000000000
TMEM2	44.65318005170048821	55.19184186554762306	143.78015614010149648	41.34025674451051913	84.50646318806491308	29.33622551970643855	67.13927339228888513	1.00000000000000000	77.52120913884841968	62.33240190434325712
TMEM204	62.89701621940819365	86.59330475390370907	1.00000000000000000	69.57337510674952341	73.52697659313957956	30.80775934416893591	112.04476538933485585	1.00000000000000000	39.92567803970804619	1.00000000000000000
TMEM222	35.28048945650384383	32.50427012062922927	1.00000000000000000	33.44820730323331048	1.00000000000000000	40.59698112337638776	29.49891487250359390	36.88373174275520938	1.00000000000000000	1.00000000000000000
TMEM223	26.62783599481659991	28.42758608191943281	1.00000000000000000	29.53007038666639872	1.00000000000000000	29.52174966644903265	28.94542915030183394	44.26174938539838166	1.00000000000000000	1.00000000000000000
TMEM237	1.00000000000000000	1.00000000000000000	1.00000000000000000	1.00000000000000000	1.00000000000000000	34.81514495670840859	1.00000000000000000	1.00000000000000000	1.00000000000000000	1.00000000000000000
TMEM245	1.00000000000000000	1.00000000000000000	1.00000000000000000	1.00000000000000000	1.00000000000000000	22.60723112538757817	31.13484151045770787	1.00000000000000000	34.72685677085765832	1.00000000000000000
TMEM33	1.00000000000000000	1.00000000000000000	1.00000000000000000	23.28329680428892701	1.00000000000000000	19.56639219382134343	1.00000000000000000	1.00000000000000000	1.00000000000000000	1.00000000000000000
TMEM38B	1.00000000000000000	1.00000000000000000	1.00000000000000000	1.00000000000000000	1.00000000000000000	1.00000000000000000	33.07445690362283841	1.00000000000000000	67.96117482765802720	1.00000000000000000
TMEM39A	1.00000000000000000	28.05106014083453303	1.00000000000000000	27.58904403708920938	1.00000000000000000	1.00000000000000000	1.00000000000000000	1.00000000000000000	1.00000000000000000	1.00000000000000000
TMEM41B	1.00000000000000000	1.00000000000000000	1.00000000000000000	21.02996893820057878	1.00000000000000000	19.14519444630158773	1.00000000000000000	1.00000000000000000	1.00000000000000000	1.00000000000000000
TMEM45A	88.43063356701635769	133.42739161955890381	145.32641719710724715	97.48538786791833388	78.31294018934508472	67.22630007105620109	1.00000000000000000	306.24744799079547874	1.00000000000000000	1.00000000000000000
TMEM51	1.00000000000000000	1.00000000000000000	1.00000000000000000	31.34704514528251096	1.00000000000000000	1.00000000000000000	1.00000000000000000	1.00000000000000000	1.00000000000000000	1.00000000000000000
TMEM54	48.13839085803169127	61.28554683459368846	1.00000000000000000	50.08543878602540644	1.00000000000000000	61.01822140784730664	33.04212685449419951	72.55075579325907142	1.00000000000000000	1.00000000000000000
TMEM60	1.00000000000000000	23.99191575474436178	1.00000000000000000	33.12438598048682081	1.00000000000000000	18.80766654440630958	1.00000000000000000	1.00000000000000000	1.00000000000000000	1.00000000000000000
TMEM74B	1.00000000000000000	1.00000000000000000	1.00000000000000000	1.00000000000000000	1.00000000000000000	1.00000000000000000	80.47713872438303895	1.00000000000000000	35.57070018073959261	1.00000000000000000
TMEM88	1.00000000000000000	1.00000000000000000	1.00000000000000000	30.72084658975724381	1.00000000000000000	1.00000000000000000	1.00000000000000000	1.00000000000000000	1.00000000000000000	1.00000000000000000
TMEM91	39.15030320680816800	28.48957053585647969	1.00000000000000000	1.00000000000000000	1.00000000000000000	1.00000000000000000	1.00000000000000000	116.44358185745224432	1.00000000000000000	1.00000000000000000
TMEM99	1.00000000000000000	1.00000000000000000	1.00000000000000000	1.00000000000000000	1.00000000000000000	28.05278495669271166	1.00000000000000000	1.00000000000000000	1.00000000000000000	1.00000000000000000
TMEM9B	58.89150623109940597	54.24978905798649009	1.00000000000000000	56.54032997664322124	1.00000000000000000	40.88455243971885977	1.00000000000000000	43.36248394503380155	1.00000000000000000	1.00000000000000000
TMOD1	1.00000000000000000	1.00000000000000000	1.00000000000000000	1.00000000000000000	1.00000000000000000	1.00000000000000000	1.00000000000000000	1.00000000000000000	1.00000000000000000	38.26456612427519843
TMPO	26.77343730510436970	25.12781603973601818	1.00000000000000000	24.89891312709612237	1.00000000000000000	136.78527117416942360	1.00000000000000000	1.00000000000000000	1.00000000000000000	1.00000000000000000
TMUB1	1.00000000000000000	23.93245289441550128	1.00000000000000000	1.00000000000000000	1.00000000000000000	42.08462286130613705	1.00000000000000000	45.61167522286643106	1.00000000000000000	1.00000000000000000
TMUB2	32.45560019690792330	25.16043500273182687	1.00000000000000000	25.62499953883757797	1.00000000000000000	29.88096753050143661	1.00000000000000000	1.00000000000000000	1.00000000000000000	1.00000000000000000
TNC	80.04240211986912357	122.65483029948525484	1.00000000000000000	178.18547200234516481	1.00000000000000000	169.89218334000690902	1.00000000000000000	137.92302570658245031	70.85369830988409490	356.51230818027801206
TNFAIP1	1.00000000000000000	1.00000000000000000	1.00000000000000000	1.00000000000000000	1.00000000000000000	23.36289256092231170	42.90282839935701986	1.00000000000000000	1.00000000000000000	1.00000000000000000
TNFAIP2	265.01246327344057363	94.45827290280121247	445.91982501791511595	268.70952375509381227	113.62941302817014844	35.44313400782639434	53.53832332860794452	59.34603189171680526	44.29843556369804247	229.12790343356167000
TNFAIP8	1.00000000000000000	1.00000000000000000	1.00000000000000000	46.83411159021351722	1.00000000000000000	34.29201186218812580	1.00000000000000000	1.00000000000000000	1.00000000000000000	1.00000000000000000
TNFAIP8L3	1.00000000000000000	1.00000000000000000	1.00000000000000000	1.00000000000000000	1.00000000000000000	1.00000000000000000	1.00000000000000000	1.00000000000000000	49.24149276792996233	1.00000000000000000
TNFRSF10B	33.59356189148786598	32.18964752362620629	97.85887526934422453	50.61370764401257816	1.00000000000000000	32.10177097322961970	34.72512413279892485	1.00000000000000000	1.00000000000000000	51.43446770022288206
TNFRSF14	44.32548186891370534	28.81674713994766535	1.00000000000000000	54.09969719285496126	91.28878668472300717	1.00000000000000000	55.29922311993085060	1.00000000000000000	33.13325786817172514	46.05875092311428887
TNFRSF1B	1.00000000000000000	1.00000000000000000	1.00000000000000000	1.00000000000000000	1.00000000000000000	1.00000000000000000	1.00000000000000000	1.00000000000000000	1.00000000000000000	32.76314913477281721
TNFRSF21	1.00000000000000000	1.00000000000000000	1.00000000000000000	31.87675390358750960	1.00000000000000000	1.00000000000000000	1.00000000000000000	1.00000000000000000	1.00000000000000000	1.00000000000000000
TNFSF13B	60.01157844634217042	65.02960862540143694	1.00000000000000000	268.60408485854742366	1.00000000000000000	29.50347252564967704	48.56804310546762338	1.00000000000000000	1.00000000000000000	76.72316031385236101
TNFSF4	1.00000000000000000	1.00000000000000000	1.00000000000000000	28.13957397816589179	1.00000000000000000	1.00000000000000000	1.00000000000000000	1.00000000000000000	1.00000000000000000	1.00000000000000000
TNFSF9	46.96205706124555235	1.00000000000000000	1.00000000000000000	1.00000000000000000	1.00000000000000000	1.00000000000000000	1.00000000000000000	1.00000000000000000	1.00000000000000000	1.00000000000000000
TNNT3	122.61876004094182235	1.00000000000000000	1.00000000000000000	1.00000000000000000	1.00000000000000000	1.00000000000000000	1.00000000000000000	1.00000000000000000	1.00000000000000000	1.00000000000000000
TNPO3	1.00000000000000000	1.00000000000000000	1.00000000000000000	1.00000000000000000	1.00000000000000000	34.30763281420921373	1.00000000000000000	1.00000000000000000	1.00000000000000000	1.00000000000000000
TNRC6A	58.82419624866209062	44.30531613807570324	114.14738549755155361	44.23111269324959238	1.00000000000000000	33.90181905183539612	46.17206576874885116	1.00000000000000000	53.76096429371821017	44.06918959310283412
TNRC6C	39.12423557003869234	35.28997851135034125	76.58352631814754830	35.74366385318068495	1.00000000000000000	1.00000000000000000	30.19788782103319491	1.00000000000000000	36.97174390731834137	38.11930049943713783
TNS3	1.00000000000000000	52.99625289346217727	104.56938947554510833	50.24336300856034399	1.00000000000000000	54.70977465074774670	89.16549610480772969	43.07030493842914609	57.88620810955205798	1.00000000000000000
TNXB	385.15783048391369903	1.00000000000000000	1.00000000000000000	1.00000000000000000	1.00000000000000000	1.00000000000000000	1.00000000000000000	1.00000000000000000	1.00000000000000000	42.90095009461552422
TOLLIP	25.36024446394149834	29.56335182964778951	1.00000000000000000	29.60630161142634265	1.00000000000000000	35.08649373406367999	1.00000000000000000	48.67322804170446204	1.00000000000000000	1.00000000000000000
TOM1	35.61337288419952785	38.78282623784545535	1.00000000000000000	30.54042180408021778	1.00000000000000000	1.00000000000000000	1.00000000000000000	46.20218978790883568	1.00000000000000000	1.00000000000000000
TOMM70	25.52683621585341101	25.93140614881587780	1.00000000000000000	26.49252484111785577	1.00000000000000000	36.30116707396786069	1.00000000000000000	1.00000000000000000	1.00000000000000000	29.89394690257684317
TOP2A	1.00000000000000000	1.00000000000000000	1.00000000000000000	1.00000000000000000	1.00000000000000000	357.58604041224066350	1.00000000000000000	1.00000000000000000	1.00000000000000000	1.00000000000000000
TOPBP1	1.00000000000000000	1.00000000000000000	1.00000000000000000	1.00000000000000000	1.00000000000000000	48.43478554818492654	1.00000000000000000	1.00000000000000000	1.00000000000000000	1.00000000000000000
TP53BP2	26.84043214037200542	25.81316145774260917	1.00000000000000000	32.30828028135787378	1.00000000000000000	20.76465337912692988	52.88037833066457694	1.00000000000000000	53.68282768673984151	55.44855050332964197
TP53I11	1.00000000000000000	1.00000000000000000	1.00000000000000000	1.00000000000000000	1.00000000000000000	24.79504013277500363	1.00000000000000000	1.00000000000000000	40.53706438892722730	1.00000000000000000
TP53I3	56.49269995681122936	73.61120424011699015	1.00000000000000000	66.49298437521082406	1.00000000000000000	50.00488569719345833	37.88598377160826658	61.86135896810928614	1.00000000000000000	1.00000000000000000
TP53INP2	1.00000000000000000	1.00000000000000000	1.00000000000000000	1.00000000000000000	1.00000000000000000	1.00000000000000000	34.30438000308072333	1.00000000000000000	35.68061153259827023	1.00000000000000000
TPCN1	27.96877921005318157	1.00000000000000000	1.00000000000000000	1.00000000000000000	1.00000000000000000	1.00000000000000000	1.00000000000000000	1.00000000000000000	1.00000000000000000	1.00000000000000000
TPP1	63.71526335059790824	58.27142382791650732	97.13730642968457119	51.35230343314412238	1.00000000000000000	26.46992945941904907	1.00000000000000000	84.49942832592716968	1.00000000000000000	1.00000000000000000
TPPP3	102.81893461971698400	1.00000000000000000	1.00000000000000000	1.00000000000000000	165.46647814654124886	64.29213829434949901	459.67002022762409297	1.00000000000000000	255.77045502596288884	140.04127058724640165
TPRA1	27.09635120417841847	1.00000000000000000	1.00000000000000000	21.82717934082367961	1.00000000000000000	1.00000000000000000	1.00000000000000000	1.00000000000000000	1.00000000000000000	1.00000000000000000
TPST1	83.37381373021518982	58.39820514882784863	1.00000000000000000	65.10477645909888622	1.00000000000000000	27.10415598720828001	1.00000000000000000	41.10128641459667165	1.00000000000000000	1.00000000000000000
TPST2	1.00000000000000000	49.17564308430015529	1.00000000000000000	32.10622706531069781	1.00000000000000000	35.72645910848783046	1.00000000000000000	59.21041943912462813	1.00000000000000000	1.00000000000000000
TPX2	1.00000000000000000	1.00000000000000000	1.00000000000000000	1.00000000000000000	1.00000000000000000	216.68530637555704743	1.00000000000000000	1.00000000000000000	1.00000000000000000	1.00000000000000000
TRAF1	1.00000000000000000	1.00000000000000000	1.00000000000000000	39.18515296318758345	1.00000000000000000	1.00000000000000000	1.00000000000000000	1.00000000000000000	1.00000000000000000	1.00000000000000000
TRAF2	1.00000000000000000	1.00000000000000000	1.00000000000000000	23.05127646988671941	1.00000000000000000	1.00000000000000000	1.00000000000000000	1.00000000000000000	1.00000000000000000	1.00000000000000000
TRAF3	1.00000000000000000	1.00000000000000000	1.00000000000000000	22.68034296334484523	1.00000000000000000	27.50470502465803335	1.00000000000000000	1.00000000000000000	1.00000000000000000	1.00000000000000000
TRAF4	1.00000000000000000	24.01995749836930472	1.00000000000000000	29.67879849946646686	1.00000000000000000	42.01805765150221816	48.75700652090618092	1.00000000000000000	1.00000000000000000	1.00000000000000000
TRAF5	1.00000000000000000	26.57265132886655223	1.00000000000000000	1.00000000000000000	1.00000000000000000	1.00000000000000000	40.51058741995549894	1.00000000000000000	53.31420441264629773	1.00000000000000000
TRAFD1	1.00000000000000000	1.00000000000000000	1.00000000000000000	34.86178192373462537	1.00000000000000000	1.00000000000000000	1.00000000000000000	1.00000000000000000	1.00000000000000000	1.00000000000000000
TRAK1	1.00000000000000000	1.00000000000000000	1.00000000000000000	1.00000000000000000	1.00000000000000000	1.00000000000000000	47.21673900126300794	1.00000000000000000	40.82505370525810662	1.00000000000000000
TRAM2	47.83894312087175393	42.30533461190638889	1.00000000000000000	33.87686191122921286	1.00000000000000000	38.22922689353332260	1.00000000000000000	50.00929258837169300	1.00000000000000000	1.00000000000000000
TRAP1	28.18176299389224937	1.00000000000000000	1.00000000000000000	21.06045198563450072	1.00000000000000000	45.79424607257929125	1.00000000000000000	1.00000000000000000	1.00000000000000000	1.00000000000000000
TRAPPC2B	1.00000000000000000	1.00000000000000000	1.00000000000000000	20.64629454967128552	1.00000000000000000	1.00000000000000000	39.34454986842292357	1.00000000000000000	35.33314810778673376	1.00000000000000000
TRAPPC6B	1.00000000000000000	22.43273786900740419	1.00000000000000000	20.12846390864372381	1.00000000000000000	1.00000000000000000	35.75553108881278064	1.00000000000000000	1.00000000000000000	1.00000000000000000
TRIB1	32.90058002468963139	1.00000000000000000	1.00000000000000000	30.40084897817871834	1.00000000000000000	31.10449098022890624	1.00000000000000000	1.00000000000000000	1.00000000000000000	43.96696887325297354
TRIB2	1.00000000000000000	41.92615319392609052	1.00000000000000000	28.57367457421594636	1.00000000000000000	32.13119290581897047	74.53220426152738298	1.00000000000000000	1.00000000000000000	1.00000000000000000
TRIB3	1.00000000000000000	1.00000000000000000	1.00000000000000000	1.00000000000000000	1.00000000000000000	1.00000000000000000	1.00000000000000000	102.21996191525541064	1.00000000000000000	1.00000000000000000
TRIM16	1.00000000000000000	1.00000000000000000	1.00000000000000000	27.88975746826017144	1.00000000000000000	1.00000000000000000	1.00000000000000000	1.00000000000000000	1.00000000000000000	1.00000000000000000
TRIM25	1.00000000000000000	1.00000000000000000	1.00000000000000000	26.04145604684912740	1.00000000000000000	1.00000000000000000	1.00000000000000000	1.00000000000000000	1.00000000000000000	1.00000000000000000
TRIM26	1.00000000000000000	1.00000000000000000	1.00000000000000000	23.83903362380306845	1.00000000000000000	17.98389432966587975	1.00000000000000000	1.00000000000000000	1.00000000000000000	1.00000000000000000
TRIM27	1.00000000000000000	24.93957847753095081	1.00000000000000000	22.78330596261497121	1.00000000000000000	24.37582876341374316	1.00000000000000000	1.00000000000000000	1.00000000000000000	1.00000000000000000
TRIM5	1.00000000000000000	1.00000000000000000	1.00000000000000000	24.35853845568978926	1.00000000000000000	1.00000000000000000	31.09223673416484246	1.00000000000000000	1.00000000000000000	1.00000000000000000
TRIO	50.95147065072016090	52.49536737727856206	124.42520048248782416	47.79920180007734842	1.00000000000000000	39.85523383286450638	1.00000000000000000	61.99559567634778290	1.00000000000000000	1.00000000000000000
TRIP13	1.00000000000000000	1.00000000000000000	1.00000000000000000	1.00000000000000000	1.00000000000000000	47.57588647612546850	1.00000000000000000	1.00000000000000000	1.00000000000000000	1.00000000000000000
TRMT61A	1.00000000000000000	1.00000000000000000	1.00000000000000000	1.00000000000000000	1.00000000000000000	29.67833912036942934	1.00000000000000000	1.00000000000000000	1.00000000000000000	1.00000000000000000
TRNP1	1.00000000000000000	1.00000000000000000	1.00000000000000000	1.00000000000000000	1.00000000000000000	1.00000000000000000	1.00000000000000000	1.00000000000000000	48.99146260186471125	59.20953689032107548
TRNT1	1.00000000000000000	1.00000000000000000	1.00000000000000000	22.41773917733116761	1.00000000000000000	20.74350401043322734	1.00000000000000000	1.00000000000000000	1.00000000000000000	1.00000000000000000
TROAP	1.00000000000000000	1.00000000000000000	1.00000000000000000	1.00000000000000000	1.00000000000000000	72.93068184440529933	1.00000000000000000	1.00000000000000000	1.00000000000000000	1.00000000000000000
TRPC6	1.00000000000000000	1.00000000000000000	1.00000000000000000	1.00000000000000000	1.00000000000000000	1.00000000000000000	70.83546787370661946	1.00000000000000000	36.69982956228844984	39.88082739527283849
TRPS1	36.07630452448234593	49.35917113531795763	124.95115974671418257	56.15816916709587048	105.91625922510483804	33.05764456319408140	41.33379170603624431	41.11464064024121257	36.96741149501154666	1.00000000000000000
TRPV2	1.00000000000000000	1.00000000000000000	1.00000000000000000	1.00000000000000000	1.00000000000000000	1.00000000000000000	42.38071366432848208	1.00000000000000000	32.88411963155044049	1.00000000000000000
TSHZ1	27.31278823983463511	1.00000000000000000	1.00000000000000000	1.00000000000000000	1.00000000000000000	1.00000000000000000	1.00000000000000000	1.00000000000000000	1.00000000000000000	1.00000000000000000
TSHZ2	179.33259830260564627	96.25245412638534503	148.39027358808428403	126.40571288446658116	1.00000000000000000	40.56053999845487823	1.00000000000000000	52.92965891676530532	1.00000000000000000	1.00000000000000000
TSKU	35.79698550951209768	39.17432261256451653	1.00000000000000000	44.21958994300386081	1.00000000000000000	31.02074640210015843	1.00000000000000000	1.00000000000000000	1.00000000000000000	1.00000000000000000
TSPAN12	1.00000000000000000	1.00000000000000000	1.00000000000000000	1.00000000000000000	1.00000000000000000	1.00000000000000000	35.35995346318057386	1.00000000000000000	1.00000000000000000	1.00000000000000000
TSPAN14	1.00000000000000000	1.00000000000000000	1.00000000000000000	1.00000000000000000	1.00000000000000000	1.00000000000000000	57.53877152817586449	1.00000000000000000	39.32489126878589758	1.00000000000000000
TSPAN15	1.00000000000000000	1.00000000000000000	1.00000000000000000	1.00000000000000000	1.00000000000000000	1.00000000000000000	38.70892793065966941	1.00000000000000000	1.00000000000000000	1.00000000000000000
TSPAN2	1.00000000000000000	1.00000000000000000	1.00000000000000000	33.80205908972821760	1.00000000000000000	1.00000000000000000	1.00000000000000000	1.00000000000000000	1.00000000000000000	1.00000000000000000
TSPAN6	1.00000000000000000	26.98656585071471170	1.00000000000000000	25.98884435292900719	1.00000000000000000	19.66590624075707083	1.00000000000000000	1.00000000000000000	1.00000000000000000	1.00000000000000000
TSPAN9	1.00000000000000000	47.18271697903499984	1.00000000000000000	39.11195090336087077	1.00000000000000000	53.77526591138489209	39.64692942178543689	1.00000000000000000	1.00000000000000000	1.00000000000000000
TSR1	1.00000000000000000	1.00000000000000000	1.00000000000000000	24.46879047525610673	1.00000000000000000	51.13420710217282306	1.00000000000000000	1.00000000000000000	1.00000000000000000	1.00000000000000000
TSTD1	1.00000000000000000	26.58532568442895183	1.00000000000000000	23.79097451035442745	66.56186948382784863	43.29541611816741664	1.00000000000000000	1.00000000000000000	1.00000000000000000	1.00000000000000000
TTC14	41.76838762830114860	45.98416460641046655	100.60411335607767569	43.73237372012589219	1.00000000000000000	25.38042999650173925	40.76698252230911379	41.90574721220190213	1.00000000000000000	1.00000000000000000
TTC17	41.10822699489416721	39.98853932899238117	100.58270935958462644	33.00858167381714026	1.00000000000000000	23.70453423980612584	41.64675467338503267	1.00000000000000000	39.90616886462645141	35.62007529237746439
TTC19	36.50535518881077479	28.25312562125436244	91.38785962363161275	27.37362518982230597	1.00000000000000000	21.00478151414082006	43.85813375890428034	1.00000000000000000	45.30569002150389935	39.05006721341396769
TTC28	26.69035062835688166	1.00000000000000000	1.00000000000000000	1.00000000000000000	1.00000000000000000	1.00000000000000000	1.00000000000000000	1.00000000000000000	1.00000000000000000	1.00000000000000000
TTC9C	1.00000000000000000	1.00000000000000000	1.00000000000000000	22.01956736221218947	1.00000000000000000	23.78566744781582898	33.51994681770069207	1.00000000000000000	1.00000000000000000	1.00000000000000000
TTK	1.00000000000000000	1.00000000000000000	1.00000000000000000	1.00000000000000000	1.00000000000000000	38.24949630524063338	1.00000000000000000	1.00000000000000000	1.00000000000000000	1.00000000000000000
TTL	1.00000000000000000	1.00000000000000000	1.00000000000000000	1.00000000000000000	1.00000000000000000	34.18928044216956152	1.00000000000000000	1.00000000000000000	1.00000000000000000	1.00000000000000000
TTLL7	1.00000000000000000	1.00000000000000000	1.00000000000000000	1.00000000000000000	1.00000000000000000	36.04605906026650075	1.00000000000000000	1.00000000000000000	82.60438192104545863	51.55421744828515074
TUBA4A	1.00000000000000000	1.00000000000000000	1.00000000000000000	1.00000000000000000	100.00219288908583337	1.00000000000000000	1.00000000000000000	1.00000000000000000	1.00000000000000000	1.00000000000000000
TUBG1	1.00000000000000000	1.00000000000000000	1.00000000000000000	1.00000000000000000	1.00000000000000000	105.72239705212182059	1.00000000000000000	1.00000000000000000	1.00000000000000000	1.00000000000000000
TULP4	1.00000000000000000	1.00000000000000000	1.00000000000000000	25.55320694144559823	1.00000000000000000	1.00000000000000000	29.67991427450844455	1.00000000000000000	1.00000000000000000	1.00000000000000000
TWIST2	98.84205695681390580	46.66921493387854269	1.00000000000000000	65.02358261348467749	1.00000000000000000	24.47326216606368376	1.00000000000000000	59.08016459450080760	1.00000000000000000	1.00000000000000000
TXLNG	36.77771790127065543	1.00000000000000000	1.00000000000000000	26.65148590197573597	1.00000000000000000	31.74862693924403345	1.00000000000000000	1.00000000000000000	35.64089156025480776	48.81535407926016745
TXNRD1	42.71712042842211332	29.46194837565256819	1.00000000000000000	30.68912113416746124	1.00000000000000000	33.19941008782283376	1.00000000000000000	1.00000000000000000	1.00000000000000000	61.20379606959571106
TYMS	1.00000000000000000	1.00000000000000000	1.00000000000000000	1.00000000000000000	1.00000000000000000	307.48332272522515041	1.00000000000000000	1.00000000000000000	1.00000000000000000	1.00000000000000000
TYROBP	1.00000000000000000	1.00000000000000000	1.00000000000000000	1.00000000000000000	118.60856200614844624	1.00000000000000000	1.00000000000000000	1.00000000000000000	1.00000000000000000	1.00000000000000000
UBA6	28.19030312640943592	32.95578272921167695	102.41969484320416939	34.85896126797639027	1.00000000000000000	57.39342788197076572	39.88844151564183704	40.57756776430999679	38.48526518041056477	1.00000000000000000
UBA7	1.00000000000000000	1.00000000000000000	1.00000000000000000	35.13007466145742086	1.00000000000000000	1.00000000000000000	36.76335085106170908	1.00000000000000000	1.00000000000000000	1.00000000000000000
UBALD1	1.00000000000000000	1.00000000000000000	1.00000000000000000	1.00000000000000000	1.00000000000000000	1.00000000000000000	31.32291444648480550	1.00000000000000000	1.00000000000000000	1.00000000000000000
UBAP1	28.21673183306307564	1.00000000000000000	1.00000000000000000	26.70626192962887657	1.00000000000000000	48.15877805960781899	1.00000000000000000	1.00000000000000000	1.00000000000000000	1.00000000000000000
UBD	1.00000000000000000	1.00000000000000000	1.00000000000000000	35.62295156151558473	1.00000000000000000	1.00000000000000000	1.00000000000000000	1.00000000000000000	1.00000000000000000	1.00000000000000000
UBE2C	1.00000000000000000	1.00000000000000000	1.00000000000000000	1.00000000000000000	1.00000000000000000	237.76804878558792211	1.00000000000000000	1.00000000000000000	1.00000000000000000	1.00000000000000000
UBE2Q1	1.00000000000000000	31.59645595381279293	1.00000000000000000	27.77253075928670256	1.00000000000000000	25.21944298961948405	1.00000000000000000	35.87934258861086079	1.00000000000000000	1.00000000000000000
UBE2T	1.00000000000000000	1.00000000000000000	1.00000000000000000	1.00000000000000000	1.00000000000000000	113.64765254732839139	1.00000000000000000	1.00000000000000000	1.00000000000000000	1.00000000000000000
UBE2W	1.00000000000000000	1.00000000000000000	1.00000000000000000	1.00000000000000000	1.00000000000000000	1.00000000000000000	37.07664405029210997	1.00000000000000000	35.71827034678538126	1.00000000000000000
UBE4A	1.00000000000000000	27.52885316509819802	1.00000000000000000	23.55573720564654394	1.00000000000000000	21.92719470278165517	1.00000000000000000	1.00000000000000000	1.00000000000000000	1.00000000000000000
UBL4A	1.00000000000000000	1.00000000000000000	1.00000000000000000	1.00000000000000000	1.00000000000000000	48.12380889609268309	1.00000000000000000	1.00000000000000000	1.00000000000000000	1.00000000000000000
UBN2	1.00000000000000000	1.00000000000000000	1.00000000000000000	1.00000000000000000	1.00000000000000000	1.00000000000000000	32.44873008253904345	1.00000000000000000	1.00000000000000000	1.00000000000000000
UBR1	34.00888069156441418	27.97392147323476053	103.66464958336895563	35.42344454797593301	1.00000000000000000	23.83393297548224510	43.25965491799529872	1.00000000000000000	58.64939399929720310	66.53136314945751906
UBR2	25.50700890395358655	26.48741506535380097	91.07854842000149631	23.44317892027164874	1.00000000000000000	18.32087273987592724	33.44021557510045284	1.00000000000000000	37.59348535777553479	34.00581169606319065
UBR4	31.94306930184933790	31.14678475025956672	92.96881296803942973	31.40913238001411756	1.00000000000000000	28.58383373390780591	39.89254628323513430	1.00000000000000000	35.24091893241062934	1.00000000000000000
UBR5	34.15928497996670643	45.28671718010166103	127.96055437913391017	42.11514244726859602	59.10215678183386245	35.72773474069384037	55.22982070573922186	1.00000000000000000	55.26175856907449457	48.87931078546671415
UBR7	1.00000000000000000	1.00000000000000000	1.00000000000000000	1.00000000000000000	1.00000000000000000	38.58815458481304717	1.00000000000000000	1.00000000000000000	1.00000000000000000	1.00000000000000000
UBTD1	1.00000000000000000	33.50862578021403948	1.00000000000000000	24.95852822495737655	1.00000000000000000	19.53024964630215976	1.00000000000000000	1.00000000000000000	1.00000000000000000	1.00000000000000000
UCHL1	1.00000000000000000	38.72029413776984086	1.00000000000000000	37.96068834438825235	1.00000000000000000	66.64929993035022449	1.00000000000000000	88.07247871151214724	1.00000000000000000	1.00000000000000000
UCHL5	1.00000000000000000	1.00000000000000000	1.00000000000000000	1.00000000000000000	1.00000000000000000	35.21216555545972682	1.00000000000000000	1.00000000000000000	1.00000000000000000	1.00000000000000000
UCKL1	1.00000000000000000	1.00000000000000000	1.00000000000000000	1.00000000000000000	1.00000000000000000	51.02089137020504950	1.00000000000000000	1.00000000000000000	1.00000000000000000	1.00000000000000000
UGGT1	1.00000000000000000	1.00000000000000000	1.00000000000000000	1.00000000000000000	1.00000000000000000	27.06761476247653775	1.00000000000000000	1.00000000000000000	1.00000000000000000	1.00000000000000000
UHMK1	1.00000000000000000	1.00000000000000000	1.00000000000000000	25.52486845761454504	1.00000000000000000	34.54875395874473298	1.00000000000000000	1.00000000000000000	1.00000000000000000	1.00000000000000000
UHRF1	1.00000000000000000	1.00000000000000000	1.00000000000000000	1.00000000000000000	1.00000000000000000	38.98239741069087216	1.00000000000000000	1.00000000000000000	1.00000000000000000	1.00000000000000000
UMPS	1.00000000000000000	1.00000000000000000	1.00000000000000000	1.00000000000000000	1.00000000000000000	38.26363548915971791	1.00000000000000000	1.00000000000000000	1.00000000000000000	1.00000000000000000
UNC45A	1.00000000000000000	24.17852341422248230	1.00000000000000000	27.19689239471438924	1.00000000000000000	53.60494421508541762	40.31669045681296382	1.00000000000000000	50.89526651598487206	43.04586155911088241
UNC5B	1.00000000000000000	127.36509108209261854	151.82112698795387473	88.30807301436649936	1.00000000000000000	66.13114104205764932	69.80951807843220536	107.60794865173664903	1.00000000000000000	1.00000000000000000
UNC93B1	1.00000000000000000	1.00000000000000000	1.00000000000000000	29.52944166077628907	1.00000000000000000	1.00000000000000000	1.00000000000000000	1.00000000000000000	1.00000000000000000	1.00000000000000000
UPF3B	1.00000000000000000	1.00000000000000000	1.00000000000000000	1.00000000000000000	1.00000000000000000	36.89900116422623455	1.00000000000000000	1.00000000000000000	1.00000000000000000	1.00000000000000000
UPP1	1.00000000000000000	30.84195409034108692	94.62403409816833744	39.87240740290645391	1.00000000000000000	48.62581200580275720	40.38010541741434167	119.67359803236199411	1.00000000000000000	46.87655646251968022
UROS	37.92952328151199026	51.74465947113495901	1.00000000000000000	47.27673417633652519	1.00000000000000000	51.34129719643253509	34.46073028639600722	46.09146904611029782	1.00000000000000000	1.00000000000000000
USP10	1.00000000000000000	1.00000000000000000	1.00000000000000000	21.01226754917838235	1.00000000000000000	24.66105546950010208	34.53429539967117989	1.00000000000000000	33.18037300274853862	1.00000000000000000
USP12	1.00000000000000000	1.00000000000000000	1.00000000000000000	1.00000000000000000	1.00000000000000000	18.81484918571451814	36.05619163067196808	1.00000000000000000	39.10351906040363446	1.00000000000000000
USP18	1.00000000000000000	1.00000000000000000	1.00000000000000000	71.08710064115501837	1.00000000000000000	1.00000000000000000	1.00000000000000000	1.00000000000000000	1.00000000000000000	1.00000000000000000
USP25	1.00000000000000000	1.00000000000000000	1.00000000000000000	23.02215741529968795	1.00000000000000000	39.44193785843143019	1.00000000000000000	1.00000000000000000	1.00000000000000000	1.00000000000000000
USP3	1.00000000000000000	1.00000000000000000	1.00000000000000000	1.00000000000000000	1.00000000000000000	29.95514239767137710	30.80481161550185476	45.86143269132934108	33.34210836605355865	1.00000000000000000
USP36	47.05294330759380728	43.42621922023562320	202.61412724035429278	38.26730799023432184	1.00000000000000000	28.18319578322319074	1.00000000000000000	1.00000000000000000	1.00000000000000000	1.00000000000000000
USP5	1.00000000000000000	1.00000000000000000	1.00000000000000000	1.00000000000000000	1.00000000000000000	35.83602401356495193	1.00000000000000000	1.00000000000000000	1.00000000000000000	1.00000000000000000
USP53	81.27539113175684804	1.00000000000000000	89.49681144706043767	1.00000000000000000	1.00000000000000000	1.00000000000000000	1.00000000000000000	1.00000000000000000	35.61161722323951295	39.52654198523057971
UTP14A	1.00000000000000000	1.00000000000000000	1.00000000000000000	1.00000000000000000	1.00000000000000000	30.91112543089938924	1.00000000000000000	1.00000000000000000	1.00000000000000000	1.00000000000000000
UTP18	1.00000000000000000	1.00000000000000000	1.00000000000000000	27.21555708684481800	1.00000000000000000	21.90621024631243330	1.00000000000000000	1.00000000000000000	1.00000000000000000	1.00000000000000000
VAMP8	1.00000000000000000	1.00000000000000000	1.00000000000000000	1.00000000000000000	105.08784003930109918	1.00000000000000000	1.00000000000000000	1.00000000000000000	1.00000000000000000	1.00000000000000000
VARS	1.00000000000000000	1.00000000000000000	1.00000000000000000	1.00000000000000000	1.00000000000000000	42.39034098823800178	1.00000000000000000	1.00000000000000000	1.00000000000000000	1.00000000000000000
VAT1	102.08808225125237357	72.53511987865418575	1.00000000000000000	35.55739004677219839	1.00000000000000000	28.13122765768488165	1.00000000000000000	110.35530643104998205	1.00000000000000000	1.00000000000000000
VDR	1.00000000000000000	39.49835090183843533	1.00000000000000000	64.04642596485861361	1.00000000000000000	23.89892700294908323	1.00000000000000000	1.00000000000000000	1.00000000000000000	1.00000000000000000
VEGFA	149.29986035745832851	163.89002049686794749	963.55880545586126118	128.06008460895927215	250.73493181355979686	96.89483580092573334	93.87885256513466459	772.77014393628280686	112.22099531187137700	120.98413183038080376
VEGFC	1.00000000000000000	26.24137062153020494	1.00000000000000000	32.03536571573624769	1.00000000000000000	30.84699592068164620	1.00000000000000000	46.37946302597583070	1.00000000000000000	1.00000000000000000
VEGFD	68.26433645075113077	1.00000000000000000	1.00000000000000000	1.00000000000000000	1.00000000000000000	1.00000000000000000	1.00000000000000000	1.00000000000000000	1.00000000000000000	1.00000000000000000
VGLL3	75.52229989799067766	58.35206423921737695	1.00000000000000000	51.83216703084892885	1.00000000000000000	30.73853584650005644	1.00000000000000000	69.12796810096689626	1.00000000000000000	35.11998964449180960
VIRMA	1.00000000000000000	24.08558265432577983	1.00000000000000000	1.00000000000000000	1.00000000000000000	40.78784610677719513	1.00000000000000000	1.00000000000000000	35.20357789322693520	1.00000000000000000
VIT	31.96314486505327679	1.00000000000000000	1.00000000000000000	1.00000000000000000	1.00000000000000000	1.00000000000000000	1.00000000000000000	1.00000000000000000	1.00000000000000000	1.00000000000000000
VOPP1	27.71285341417344839	60.55768899783649317	1.00000000000000000	41.13101027246565167	52.52129139940551994	33.42120979492972310	39.44315098166470790	55.59984877030434802	1.00000000000000000	1.00000000000000000
VPS13D	1.00000000000000000	1.00000000000000000	1.00000000000000000	1.00000000000000000	1.00000000000000000	1.00000000000000000	1.00000000000000000	1.00000000000000000	63.76449329693929968	1.00000000000000000
VPS26B	1.00000000000000000	27.33438244912361270	1.00000000000000000	26.93357587553257915	1.00000000000000000	18.55318007910175027	1.00000000000000000	1.00000000000000000	1.00000000000000000	1.00000000000000000
VPS41	1.00000000000000000	26.23984331399716652	1.00000000000000000	27.16799217360543395	1.00000000000000000	1.00000000000000000	1.00000000000000000	1.00000000000000000	1.00000000000000000	1.00000000000000000
VSIR	72.08886358370496339	1.00000000000000000	1.00000000000000000	28.33803003537376952	1.00000000000000000	1.00000000000000000	49.03149134447849633	1.00000000000000000	76.19266042317798338	63.45385410439774887
VWA1	1.00000000000000000	36.85782369867398955	1.00000000000000000	37.95981097033685359	1.00000000000000000	1.00000000000000000	36.31720697108502094	57.33412200949086923	44.18196173679096006	39.17770888852641065
WARS	34.65144269379132425	43.66067677761412824	1.00000000000000000	223.11532764704455190	1.00000000000000000	50.37928072833698678	59.89687498791107600	46.82298837421255655	1.00000000000000000	1.00000000000000000
WBP1L	47.30429837108913915	43.79529048391321311	1.00000000000000000	44.42472593260917790	1.00000000000000000	23.80022837190642448	1.00000000000000000	1.00000000000000000	1.00000000000000000	39.69134517090246561
WDFY2	31.07104349929385378	1.00000000000000000	1.00000000000000000	23.65602187801377099	1.00000000000000000	21.60039636513705119	49.29089740204094028	1.00000000000000000	1.00000000000000000	1.00000000000000000
WDFY3	1.00000000000000000	1.00000000000000000	1.00000000000000000	1.00000000000000000	1.00000000000000000	19.89150980528329882	31.90093126715021299	1.00000000000000000	1.00000000000000000	1.00000000000000000
WDR34	1.00000000000000000	24.69042699919276274	1.00000000000000000	1.00000000000000000	1.00000000000000000	131.99368781955752183	1.00000000000000000	1.00000000000000000	1.00000000000000000	1.00000000000000000
WDR41	26.88689521261889581	40.48032103677039117	1.00000000000000000	36.08131984289121874	1.00000000000000000	52.34391203527486880	35.37624522358216694	55.28948432836374849	1.00000000000000000	1.00000000000000000
WDR48	1.00000000000000000	1.00000000000000000	1.00000000000000000	22.54400740528789981	1.00000000000000000	1.00000000000000000	1.00000000000000000	1.00000000000000000	1.00000000000000000	1.00000000000000000
WDR54	1.00000000000000000	1.00000000000000000	1.00000000000000000	1.00000000000000000	1.00000000000000000	28.37461737040346677	1.00000000000000000	76.32674560196232960	1.00000000000000000	1.00000000000000000
WDR6	1.00000000000000000	26.60449988129754928	1.00000000000000000	1.00000000000000000	1.00000000000000000	1.00000000000000000	1.00000000000000000	1.00000000000000000	1.00000000000000000	1.00000000000000000
WDR74	26.39121365768312444	1.00000000000000000	1.00000000000000000	24.10771746775609969	1.00000000000000000	37.14555958577348349	1.00000000000000000	1.00000000000000000	1.00000000000000000	1.00000000000000000
WEE1	33.53896084163569213	28.34614856838849661	1.00000000000000000	1.00000000000000000	1.00000000000000000	52.50096827871309557	1.00000000000000000	1.00000000000000000	1.00000000000000000	1.00000000000000000
WFDC1	1.00000000000000000	1.00000000000000000	1.00000000000000000	1.00000000000000000	1.00000000000000000	1.00000000000000000	87.91664286456460786	1.00000000000000000	272.13091756369686891	1.00000000000000000
WIPI1	56.76901533636278430	48.22830278519602842	1.00000000000000000	44.45472386778271812	1.00000000000000000	41.11450421062625793	33.81159560129997743	1.00000000000000000	1.00000000000000000	1.00000000000000000
WISP1	1.00000000000000000	44.40313480389541212	1.00000000000000000	54.88978427034793128	1.00000000000000000	37.40784979482817363	1.00000000000000000	1.00000000000000000	1.00000000000000000	1.00000000000000000
WISP2	1364.57530198089034457	412.38832126981719739	1.00000000000000000	198.92335240663308582	203.94521803472861166	1.00000000000000000	1.00000000000000000	295.16763114572444238	1.00000000000000000	220.16266650455770559
WLS	42.94046811341939218	34.59165144155690541	1.00000000000000000	34.74059954581453269	1.00000000000000000	38.66907490732623387	36.05376434782059647	1.00000000000000000	1.00000000000000000	45.21247807597676172
WNT11	53.64589884654389351	1.00000000000000000	1.00000000000000000	1.00000000000000000	1.00000000000000000	1.00000000000000000	1.00000000000000000	1.00000000000000000	1.00000000000000000	1.00000000000000000
WNT2	43.51804427590110436	69.96851929688759242	1.00000000000000000	97.57438056538222781	1.00000000000000000	40.98272729979081674	1.00000000000000000	1.00000000000000000	1.00000000000000000	1.00000000000000000
WNT6	1.00000000000000000	1.00000000000000000	1.00000000000000000	1.00000000000000000	1.00000000000000000	1.00000000000000000	43.24735233204233253	1.00000000000000000	1.00000000000000000	53.10619501124456576
WRB	1.00000000000000000	1.00000000000000000	1.00000000000000000	1.00000000000000000	1.00000000000000000	39.11853018236304536	1.00000000000000000	1.00000000000000000	1.00000000000000000	1.00000000000000000
WSB2	1.00000000000000000	30.00780389978248408	1.00000000000000000	26.74277096581983315	1.00000000000000000	36.62964819499308078	1.00000000000000000	1.00000000000000000	1.00000000000000000	1.00000000000000000
WTIP	32.57004627930479046	51.84257240421190005	1.00000000000000000	36.03478564203228274	1.00000000000000000	34.18632944068472312	58.63513820581979274	64.02010183314413894	207.77179735752943657	43.05638589785165493
WWC3	1.00000000000000000	32.54940512910706474	1.00000000000000000	26.37063307644489996	1.00000000000000000	28.55068934526537916	31.40351941703370642	1.00000000000000000	45.35950101035668780	1.00000000000000000
XAB2	1.00000000000000000	1.00000000000000000	1.00000000000000000	1.00000000000000000	1.00000000000000000	1.00000000000000000	31.34775643370421960	1.00000000000000000	1.00000000000000000	33.95074168224573441
XG	47.13587342605343622	25.56612322591393394	1.00000000000000000	1.00000000000000000	1.00000000000000000	1.00000000000000000	1.00000000000000000	1.00000000000000000	1.00000000000000000	1.00000000000000000
XIRP1	1.00000000000000000	1.00000000000000000	1.00000000000000000	77.02642241789503430	1.00000000000000000	1.00000000000000000	1.00000000000000000	1.00000000000000000	1.00000000000000000	1.00000000000000000
XPOT	1.00000000000000000	1.00000000000000000	1.00000000000000000	1.00000000000000000	1.00000000000000000	21.17159452450340851	1.00000000000000000	38.05288273444410407	1.00000000000000000	1.00000000000000000
XRCC1	1.00000000000000000	1.00000000000000000	1.00000000000000000	1.00000000000000000	1.00000000000000000	33.18335864632757648	1.00000000000000000	1.00000000000000000	1.00000000000000000	1.00000000000000000
YARS	1.00000000000000000	30.00070286040139678	1.00000000000000000	18.77337006061192781	1.00000000000000000	26.45932740555929641	32.93092101837957131	52.00475064232409750	1.00000000000000000	1.00000000000000000
YEATS2	1.00000000000000000	1.00000000000000000	1.00000000000000000	1.00000000000000000	1.00000000000000000	1.00000000000000000	1.00000000000000000	49.02137576001433672	1.00000000000000000	1.00000000000000000
YEATS4	1.00000000000000000	1.00000000000000000	1.00000000000000000	1.00000000000000000	1.00000000000000000	34.71286138899274931	1.00000000000000000	1.00000000000000000	1.00000000000000000	1.00000000000000000
YES1	33.78071201312962302	32.08778786423885521	1.00000000000000000	36.60020894114833823	1.00000000000000000	34.79778925055128980	31.51170444427251383	48.01745734213288586	1.00000000000000000	1.00000000000000000
YIF1B	1.00000000000000000	28.55185681184631008	1.00000000000000000	20.16191811542384471	1.00000000000000000	41.72741397887602943	1.00000000000000000	1.00000000000000000	1.00000000000000000	1.00000000000000000
YIPF2	41.46880066166195178	66.04994854099288659	1.00000000000000000	52.33590574594489198	1.00000000000000000	54.18064753150547830	28.03271076038901555	69.35324724461490575	1.00000000000000000	32.20799359765713632
YKT6	1.00000000000000000	27.35017655702652917	1.00000000000000000	1.00000000000000000	1.00000000000000000	47.15830041665772399	1.00000000000000000	1.00000000000000000	1.00000000000000000	1.00000000000000000
YLPM1	1.00000000000000000	1.00000000000000000	1.00000000000000000	1.00000000000000000	1.00000000000000000	36.29348009752733617	1.00000000000000000	1.00000000000000000	1.00000000000000000	1.00000000000000000
ZBED1	30.14727405657830417	51.81926919722274505	1.00000000000000000	42.58266539563800279	1.00000000000000000	28.49778893767777532	30.99643764416229885	42.41646703331083756	1.00000000000000000	1.00000000000000000
ZBED5	1.00000000000000000	1.00000000000000000	1.00000000000000000	25.19783460805799535	1.00000000000000000	1.00000000000000000	1.00000000000000000	1.00000000000000000	1.00000000000000000	1.00000000000000000
ZBTB11	1.00000000000000000	28.77040250809783473	113.14805501928655929	29.51090643860983320	1.00000000000000000	24.35124724144232289	37.31314724614605183	1.00000000000000000	1.00000000000000000	1.00000000000000000
ZBTB16	60.77592000230264802	1.00000000000000000	1.00000000000000000	1.00000000000000000	1.00000000000000000	1.00000000000000000	1.00000000000000000	1.00000000000000000	85.78459024171746705	55.20957839552739443
ZBTB21	43.06390806638069080	53.19369245667692780	130.59186223154151207	55.34508269654423884	1.00000000000000000	51.98108402792492200	53.38758809138646200	1.00000000000000000	45.89011576398085879	51.60977987543778767
ZBTB43	1.00000000000000000	1.00000000000000000	1.00000000000000000	32.22740048144234493	1.00000000000000000	21.61242878801804324	35.98339785408191460	1.00000000000000000	1.00000000000000000	1.00000000000000000
ZBTB44	34.20136320745346836	1.00000000000000000	1.00000000000000000	1.00000000000000000	1.00000000000000000	1.00000000000000000	1.00000000000000000	1.00000000000000000	1.00000000000000000	1.00000000000000000
ZC3H18	1.00000000000000000	1.00000000000000000	1.00000000000000000	23.38726789097524872	1.00000000000000000	39.30463551233162889	36.56631890929939743	1.00000000000000000	1.00000000000000000	1.00000000000000000
ZC3H6	38.48983094237694758	28.94149788671349910	1.00000000000000000	22.60030115588961763	1.00000000000000000	1.00000000000000000	1.00000000000000000	46.67091782296683533	1.00000000000000000	1.00000000000000000
ZCCHC14	1.00000000000000000	28.40846546903015124	1.00000000000000000	1.00000000000000000	1.00000000000000000	1.00000000000000000	1.00000000000000000	1.00000000000000000	1.00000000000000000	34.98634122283722547
ZCCHC2	1.00000000000000000	1.00000000000000000	1.00000000000000000	30.81137992255153080	1.00000000000000000	1.00000000000000000	29.27695429778382064	1.00000000000000000	1.00000000000000000	1.00000000000000000
ZCCHC6	1.00000000000000000	29.14726939527635352	104.39381498679938431	38.11340190285284990	1.00000000000000000	37.22159577475407843	1.00000000000000000	1.00000000000000000	1.00000000000000000	1.00000000000000000
ZCCHC7	31.42851012868990068	34.96461004028483188	1.00000000000000000	31.40152583967651267	1.00000000000000000	21.81678778821947162	1.00000000000000000	39.25564733758230318	1.00000000000000000	1.00000000000000000
ZCCHC8	1.00000000000000000	1.00000000000000000	1.00000000000000000	1.00000000000000000	1.00000000000000000	30.04807075825060991	30.09849020593494373	1.00000000000000000	1.00000000000000000	1.00000000000000000
ZDHHC12	1.00000000000000000	26.40120677981642672	1.00000000000000000	22.30675966083717299	1.00000000000000000	28.67147454641069260	1.00000000000000000	1.00000000000000000	1.00000000000000000	1.00000000000000000
ZDHHC17	1.00000000000000000	1.00000000000000000	1.00000000000000000	21.45904241703292925	1.00000000000000000	1.00000000000000000	1.00000000000000000	1.00000000000000000	1.00000000000000000	1.00000000000000000
ZDHHC20	1.00000000000000000	28.06051759046717464	1.00000000000000000	32.44879525976051582	1.00000000000000000	55.41443495913757289	1.00000000000000000	1.00000000000000000	1.00000000000000000	1.00000000000000000
ZDHHC6	1.00000000000000000	26.75000950665792843	1.00000000000000000	1.00000000000000000	1.00000000000000000	24.75944778897874698	1.00000000000000000	1.00000000000000000	1.00000000000000000	1.00000000000000000
ZDHHC7	28.37975855316004470	1.00000000000000000	1.00000000000000000	1.00000000000000000	1.00000000000000000	1.00000000000000000	1.00000000000000000	1.00000000000000000	1.00000000000000000	1.00000000000000000
ZDHHC9	35.67673326852064974	25.95302852066655319	1.00000000000000000	30.83279093845646202	1.00000000000000000	16.20420059068046825	1.00000000000000000	1.00000000000000000	1.00000000000000000	1.00000000000000000
ZFC3H1	42.01431205978443728	38.96908109996934400	114.18895978532664515	38.97363797520158357	1.00000000000000000	41.21028071343800292	40.94442432844804358	1.00000000000000000	40.88384218328999253	44.93711695639397163
ZFHX4	119.85811050726350402	90.18178175099902205	100.64734610864671538	61.46394851284063066	1.00000000000000000	37.45778381230235254	1.00000000000000000	66.19388121391453694	1.00000000000000000	1.00000000000000000
ZFPL1	1.00000000000000000	35.10095617334733475	1.00000000000000000	26.61716982190197456	1.00000000000000000	37.44445636240760678	1.00000000000000000	1.00000000000000000	1.00000000000000000	1.00000000000000000
ZFPM2	1.00000000000000000	26.04268815835720119	1.00000000000000000	1.00000000000000000	1.00000000000000000	1.00000000000000000	1.00000000000000000	1.00000000000000000	1.00000000000000000	1.00000000000000000
ZMIZ2	1.00000000000000000	1.00000000000000000	1.00000000000000000	20.65260225912464165	1.00000000000000000	1.00000000000000000	1.00000000000000000	1.00000000000000000	1.00000000000000000	1.00000000000000000
ZMPSTE24	33.33454233188226823	32.54586598029454336	1.00000000000000000	32.52856446830661241	1.00000000000000000	25.63893958512336724	1.00000000000000000	1.00000000000000000	1.00000000000000000	1.00000000000000000
ZMYM2	40.00359586394718292	43.18016899275542642	161.91128864787526709	35.02278368416838106	1.00000000000000000	24.06536347786132524	42.56361043142359080	47.70822232623228132	47.03731819608864129	42.60203392786942800
ZMYM5	33.08201460597638288	28.74739122606264274	95.92676062126379577	26.76916411186822131	1.00000000000000000	1.00000000000000000	40.90293857911591857	1.00000000000000000	46.46957328632456807	44.19827494528214373
ZMYND8	1.00000000000000000	1.00000000000000000	1.00000000000000000	23.28196163969213117	1.00000000000000000	24.75580134684673794	1.00000000000000000	1.00000000000000000	1.00000000000000000	1.00000000000000000
ZNF12	1.00000000000000000	1.00000000000000000	1.00000000000000000	1.00000000000000000	1.00000000000000000	23.72247107415532952	29.89348546137272677	1.00000000000000000	1.00000000000000000	1.00000000000000000
ZNF131	40.97517227382467553	34.99381635066788476	97.76767606408944289	34.12368831989598306	1.00000000000000000	34.77786658899148620	51.66708510733413817	1.00000000000000000	57.54143397802962312	47.90203304996011724
ZNF141	1.00000000000000000	1.00000000000000000	1.00000000000000000	1.00000000000000000	1.00000000000000000	1.00000000000000000	1.00000000000000000	1.00000000000000000	54.13674255864989249	1.00000000000000000
ZNF217	1.00000000000000000	1.00000000000000000	1.00000000000000000	1.00000000000000000	1.00000000000000000	19.90098977062422492	38.21092146987226101	1.00000000000000000	1.00000000000000000	1.00000000000000000
ZNF267	1.00000000000000000	34.17313213329789789	1.00000000000000000	55.74891152693893304	1.00000000000000000	36.97244722468397526	38.93689635594971321	1.00000000000000000	1.00000000000000000	49.84019871151592440
ZNF281	1.00000000000000000	46.37007328619346680	1.00000000000000000	50.36137631572802320	1.00000000000000000	56.22089740170515881	34.24487104137274684	46.37270319989908529	1.00000000000000000	1.00000000000000000
ZNF33A	1.00000000000000000	1.00000000000000000	1.00000000000000000	1.00000000000000000	1.00000000000000000	1.00000000000000000	1.00000000000000000	1.00000000000000000	34.05249845547054832	1.00000000000000000
ZNF37A	36.80765628613378482	34.28724554945306124	89.70181786605900243	27.17518821932646489	1.00000000000000000	17.57573015087973189	34.18234135848536681	44.92492021567590399	35.83319216736336443	1.00000000000000000
ZNF385A	29.93839918989869986	1.00000000000000000	1.00000000000000000	1.00000000000000000	1.00000000000000000	1.00000000000000000	30.42695261638491289	1.00000000000000000	1.00000000000000000	43.94246795604826161
ZNF394	1.00000000000000000	1.00000000000000000	1.00000000000000000	1.00000000000000000	1.00000000000000000	19.73342966792147735	36.25239926082682018	1.00000000000000000	35.07112093699207378	1.00000000000000000
ZNF395	1.00000000000000000	1.00000000000000000	1.00000000000000000	1.00000000000000000	1.00000000000000000	1.00000000000000000	1.00000000000000000	68.57658605880331493	1.00000000000000000	1.00000000000000000
ZNF451	33.71586783514469943	37.73346286074630029	94.37656804267736277	35.95020229096186171	1.00000000000000000	33.58308364678660496	45.02172004950915607	1.00000000000000000	42.78092678327418952	37.25397261974584495
ZNF518A	1.00000000000000000	1.00000000000000000	1.00000000000000000	1.00000000000000000	1.00000000000000000	20.11501501216845966	30.29747234814116652	1.00000000000000000	1.00000000000000000	1.00000000000000000
ZNF521	33.97797881922878105	33.55933829323048911	1.00000000000000000	25.45743387095053833	1.00000000000000000	1.00000000000000000	1.00000000000000000	1.00000000000000000	1.00000000000000000	1.00000000000000000
ZNF532	26.93679943960386680	44.26633402381818883	79.78349759779727890	36.69835431917601198	1.00000000000000000	28.83000340797553207	53.89687065309478697	42.42644365792319405	39.12675009485676014	1.00000000000000000
ZNF581	30.28455638684208751	25.40722963228376230	1.00000000000000000	1.00000000000000000	1.00000000000000000	1.00000000000000000	1.00000000000000000	57.56952888076387609	1.00000000000000000	1.00000000000000000
ZNF609	1.00000000000000000	1.00000000000000000	1.00000000000000000	20.68265731760871873	1.00000000000000000	20.44821478724022512	1.00000000000000000	1.00000000000000000	1.00000000000000000	1.00000000000000000
ZNF641	1.00000000000000000	1.00000000000000000	1.00000000000000000	1.00000000000000000	1.00000000000000000	1.00000000000000000	33.22369675679384926	1.00000000000000000	1.00000000000000000	1.00000000000000000
ZNF652	26.45595749255445384	30.50522135717946526	1.00000000000000000	22.91698764675450661	1.00000000000000000	1.00000000000000000	1.00000000000000000	1.00000000000000000	1.00000000000000000	1.00000000000000000
ZNF655	34.54905983700685113	31.30167243197049842	82.33128907132517327	30.11636195414170203	1.00000000000000000	19.90064050696931730	45.16697482180947532	1.00000000000000000	43.73818974029285300	45.04593404763934217
ZNF668	1.00000000000000000	26.80791346463811919	1.00000000000000000	1.00000000000000000	1.00000000000000000	1.00000000000000000	1.00000000000000000	1.00000000000000000	1.00000000000000000	1.00000000000000000
ZNF720	1.00000000000000000	1.00000000000000000	1.00000000000000000	22.35348088135440037	1.00000000000000000	1.00000000000000000	1.00000000000000000	1.00000000000000000	1.00000000000000000	1.00000000000000000
ZNF721	1.00000000000000000	1.00000000000000000	1.00000000000000000	23.03967240795168436	1.00000000000000000	1.00000000000000000	30.16272463531469228	1.00000000000000000	1.00000000000000000	1.00000000000000000
ZNF770	1.00000000000000000	1.00000000000000000	1.00000000000000000	1.00000000000000000	1.00000000000000000	44.70583283592335277	1.00000000000000000	1.00000000000000000	1.00000000000000000	1.00000000000000000
ZNF83	45.26731922378516515	46.31437581350835586	125.95159498671677056	40.57390455063519141	1.00000000000000000	23.56471088519105450	35.76277606909141582	48.81557161724079208	1.00000000000000000	34.69619191221146082
ZNF830	1.00000000000000000	1.00000000000000000	1.00000000000000000	1.00000000000000000	1.00000000000000000	20.42879853786291022	32.34872456687413234	1.00000000000000000	1.00000000000000000	32.10661774617061326
ZNF91	31.22323586663696915	28.21203443488187546	1.00000000000000000	1.00000000000000000	1.00000000000000000	1.00000000000000000	32.13802568681056471	1.00000000000000000	1.00000000000000000	1.00000000000000000
ZNHIT6	1.00000000000000000	24.43657318468725492	1.00000000000000000	1.00000000000000000	1.00000000000000000	15.93580479104955572	1.00000000000000000	1.00000000000000000	1.00000000000000000	1.00000000000000000
ZNRF1	1.00000000000000000	27.02760138736000073	1.00000000000000000	38.86032187142747318	1.00000000000000000	1.00000000000000000	1.00000000000000000	1.00000000000000000	1.00000000000000000	1.00000000000000000
ZNRF2	1.00000000000000000	1.00000000000000000	1.00000000000000000	1.00000000000000000	1.00000000000000000	1.00000000000000000	30.62390080589750596	1.00000000000000000	1.00000000000000000	1.00000000000000000
ZRANB1	1.00000000000000000	24.77463592655265856	1.00000000000000000	1.00000000000000000	1.00000000000000000	1.00000000000000000	43.06935185760067952	1.00000000000000000	43.88803423554987404	37.07146303586462466
ZSWIM6	1.00000000000000000	1.00000000000000000	1.00000000000000000	28.89605647411458733	1.00000000000000000	19.88122028668473362	34.28207126178364206	1.00000000000000000	1.00000000000000000	1.00000000000000000
ZWINT	1.00000000000000000	1.00000000000000000	1.00000000000000000	1.00000000000000000	1.00000000000000000	84.76282826246539059	1.00000000000000000	1.00000000000000000	1.00000000000000000	1.00000000000000000
ZYG11B	1.00000000000000000	1.00000000000000000	1.00000000000000000	1.00000000000000000	1.00000000000000000	44.11480041404529828	1.00000000000000000	1.00000000000000000	1.00000000000000000	1.00000000000000000
