GeneSymbol	iCAF	mCAF	hsp_tpCAF	IDO_CAF	apCAF	dCAF	Pericyte	tpCAF	vCAF	rCAF
AADAC	54.24978347194939943	21.65898854993844225	35.94732285187964749	21.88486142150585678	55.06498851934242822	979.64616539536848450	61.67089160284379545	204.63423561374042947	21.68355992894135298	14.64206152636628566
AAGAB	110.69757302516997299	74.59566046413176821	110.66231006182803753	121.51119076043509892	97.65723390817714744	88.48991270689789701	230.19957787070805466	133.47586245702964902	84.43295013547007954	92.17825672682046445
AARS	246.09560308663705541	265.20358783427752769	204.21737092155910887	192.55678623134636496	315.65429467679354048	92.33095318177718980	175.48189107826968325	437.61957485868015283	237.69146349717433964	235.36703292883029803
AASDHPPT	194.91418005109449041	295.05241030233287347	177.96607770240751734	170.73225479421253681	199.43942148771517964	196.82672950849305948	227.58809212105273900	207.10016381056726686	240.16450948643952756	213.24211005870984081
ABCA1	485.98860571164902922	267.22333880849066645	510.27979376123255406	366.56486878871953650	896.48660244014877208	443.71292556337567703	313.57599030692477982	542.84314954598005443	240.07554552546989157	445.40025918901102386
ABCA10	150.93549359206778604	50.50236542075310808	162.74884347086586445	147.07555395889980332	628.93475525112251034	498.49292148127580049	22.82995426301096842	259.75018779313336381	54.14515974214492644	122.98082874105563178
ABCA6	481.94625233046201629	135.74016358403648042	583.59869280406735470	322.01259680983548606	871.60265664917039885	1337.64113776654039611	185.42503853009179693	395.60619280149961696	118.49747127361490584	237.66834558524783461
ABCA8	469.51298481374493576	196.77939953286974628	590.44973904902701634	391.63753823544476518	853.25063892423531797	2206.82616070646554363	110.33532077230302093	533.63406737000548219	179.45086219077410306	822.30676832122162523
ABCA9	226.89401349451728152	67.36202182450664111	215.65877216864606680	157.99460120038887112	595.04075807748722582	790.52899467497024943	160.12541259287769435	279.59482470923461506	69.47125429762040483	145.38814424666142600
ABCC9	193.55712301610108739	1173.17449476182969192	83.12693986200314100	330.07262620089574057	334.38327011197861793	178.67945142879614195	215.71125370817779299	246.28379371254652597	584.38356290631747925	1534.80356522657757523
ABCD4	270.98431245875281093	249.41703577954788784	241.38588642497543901	206.97524227691306464	426.80424677182492132	128.56957218514276065	176.50775715534842902	270.81597328640378919	211.76890823924546225	202.88094648311675883
ABCF2	199.68590461967872329	231.75407950340641605	157.91669838634291523	176.13285938027601674	146.52317841968442735	119.26899800980596922	295.82261095762862624	165.26235910574553145	221.71684932594467909	156.22430523200733887
ABHD12	211.77129571936717412	211.76099257367278028	165.82866478296202217	224.50579169266714530	127.40915155720615815	179.81154923244216093	262.23425785652534614	211.64210920080245160	221.22443210441548445	210.13716288016533440
ABHD14A	246.02673012728931212	184.92477073513757091	179.13377754423456167	168.38671028964682819	147.39768160056217994	455.11234324926323325	170.08053737825187568	295.34071947561750449	187.78990711227487509	268.09162756067371447
ABHD5	225.23256010389528115	342.02742186694729298	271.74008751866358580	259.14717311888955464	483.59414430252576267	335.22140415286042980	172.50961245767476271	178.98851731420336364	401.33306464493739441	403.51892575204624336
ABI3BP	1222.19820711303191274	300.26594277727082272	3678.76320308591948560	511.47180033574494473	923.19998915936321282	3570.69355808792215612	1147.47280640419353404	899.00437299645545863	477.83733635375006088	891.42170371566248832
ABL2	1292.36529199494361819	1284.22879037447228256	1471.94798026448052042	1178.44302152497766656	3342.34063062153609280	1391.94019707005350028	1442.57090573280652279	1247.05574762085984730	894.91109708708279413	895.43750517930777733
ABLIM1	162.18973441583906947	71.92325464369773158	131.61354839094377667	203.72241896158377017	317.69016287006076027	638.13642661650101218	128.45930029795306382	168.84242175994407376	89.98680861749730298	75.19256741633948593
ABR	131.03112486938590564	164.28011139297498744	104.55308903044993940	231.89124907404209353	276.54934730589712899	123.65232013848519443	117.24619703413610239	172.79411109157464921	260.36822150914997565	78.51691228326374983
ABRACL	561.03635738005925759	328.81300628089923066	690.96822663230534545	549.27200653913473616	266.33606855372164546	187.95958569397717497	591.81969022022519766	411.42866643610017263	216.45879883230060159	174.92434721433139089
ABRAXAS1	158.91003136486784797	198.42178986133674812	165.05394118112641877	188.87977111711623479	124.66155175857564075	177.23296142153452593	88.76835818723948535	179.94232111805732188	220.23606390598678217	324.88155711163898332
ABTB1	229.72731644332594669	486.15215177692238058	167.10483707805695985	290.69606713931210606	277.13113468337729728	211.27506328794311230	135.94053515973612889	240.71387228816132620	701.87541043612191061	520.90731374037227397
AC027290.2	371.12607904541675907	407.42011915008487222	323.63530780701336198	717.25903892148437535	1165.02711639780727637	126.41956774978942235	300.04395718859620956	268.51904746562098580	449.81941355798619497	276.48694298941842362
AC068491.4	141.15043392386979804	304.38674265390255869	113.38537946345586249	115.18070535994152692	304.17048102572738344	103.07960189739732471	166.16430636344026084	123.44187032230891532	163.95473200033083572	68.42839995211731718
AC093155.3	129.68500516311758020	155.41816820264907051	331.43050773177589008	134.34325199512821314	95.87730514411043714	241.88097193301788934	231.52934292896756574	169.51644013147347323	67.42944623652614666	427.04940408885158831
AC093908.1	103.92014945358090472	291.89388243301408465	65.58304892120058582	131.59359320653223335	243.30235558668445606	17.28719930042342412	76.69074012463109113	71.33518580621868921	186.64992190151681939	102.43965058767487619
AC134043.2	75.16365422696497944	302.66037802239236498	80.31384950102369658	123.64021112877973962	84.76410998772033167	104.35054906839103239	84.17801369172877912	84.56907695360003174	256.05367528010617661	177.84243612280903335
ACAA2	642.91112751551668225	439.92900652737955625	601.53974886667299415	469.24709995800071738	329.78398174278515853	593.34675711461534320	781.33413194789523004	741.57637374902174088	378.08587750124632976	359.45773974751961077
ACAN	59.53892398592815738	296.05168318755238488	50.73085213217819955	76.21514970597593219	66.73948068664746813	0.00000000000000000	200.93142749125883029	89.77764661751676556	428.79324362485232314	21.26845170845781752
ACAP3	174.21174248320022571	226.96401875896322053	90.84632937037170564	164.16117394502691695	281.88546939917137024	141.26851200805796793	213.01279630118136765	190.62980373342068674	187.05011857500386441	149.96807233620401689
ACAT2	182.91860254305746025	179.54323593700107153	219.35120734478385884	153.86702316625138565	270.32440793682945923	243.43698630990843412	327.57550277615092682	207.96181691294168559	198.77099011766571834	154.68625880793669580
ACD	128.71837614366813796	151.45444455015683616	127.99293138183446672	158.28548990448484801	105.43913185346067962	92.02377794958309210	221.58962622847306534	173.74279215019581102	166.65626958134410529	143.27864563645212570
ACHE	24.11129371446115499	158.43712715530449486	63.00780962831991161	53.68959033221682375	40.74482949785348751	0.65642442798647482	67.66105287931371493	26.91265253389375545	64.26067715937719527	200.67422513341776380
ACO1	330.67543850342616452	290.33824171263051994	365.42704860678219347	210.26226330198511505	466.69858145467611621	470.84928235470107438	321.65171710070671907	327.16651651550432689	302.03808254196053440	361.30445015726417068
ACOT13	361.38192982979097678	340.15012137273441795	291.31553368520104641	374.29547891877183474	251.49800333060491653	238.97654705598617397	263.87185372736541922	345.69569483393860310	292.99241236097998353	244.97359517486555092
ACOT7	130.29795768212426310	120.94003763342304580	150.09734749036047674	119.01671907910446180	57.30480180423244718	0.00000000000000000	577.79446031858606148	142.46466910792474891	115.81768334833436995	111.66535316232435093
ACP2	241.46915369455140876	194.55128226777173950	264.60989084953109796	189.97669469449257917	117.68660478747725051	142.88383553072031873	192.49575023970265875	243.73574455449306697	126.16771498624100900	171.17954337559720557
ACTG2	258.73484272304733622	319.92903640584319191	174.54637396423461837	493.19736961666046682	116.92934688858375125	0.00000000000000000	289.34286178123176114	232.67851425903566565	2015.59303449085746252	1101.46092667983862157
ACVR1	350.19037664394130616	276.58562134516199649	326.19137748020318668	213.26739096694640807	276.02496086155110788	328.68918024834192693	176.07364324455369342	301.94309896194516796	202.33904761376882675	214.44974613504896865
ACYP1	145.03194450267960747	272.78659518449387633	107.81066387959253916	184.76104868926412905	172.61759928092374139	172.37718452410604186	265.28440744237241233	131.41512839115901556	273.86662668594306069	164.82528258868006787
ADA	156.82020750867164338	228.94296438579783626	202.00646988925740288	213.76911770905806520	164.43517108195405285	121.04447150844482906	115.61277399281243561	102.03991708370531910	111.03068340083684973	380.49776287888846582
ADAM12	2087.14020698351305327	660.47437725077134019	1687.38642176619214297	868.00339779997807454	1356.67008103347188808	841.97998105498936638	1546.69434278691164764	1186.72451735709068998	448.65833015746670753	243.54215842162776084
ADAM15	154.62570955602834033	133.05216942599497543	155.96319278130320640	230.89162420322799107	214.60092219355746579	201.73822882752529040	271.16496163500767125	178.22671553540709510	163.68978295957586511	184.19325886071419518
ADAM17	443.94931681659744527	413.51921271927221824	452.68135135480912368	443.25381395636918569	961.23539486775132445	134.01322453824207059	265.14692295225376029	435.05331703809235933	347.18745517876993745	357.64847796783965350
ADAM33	149.64429566532689364	51.03540229908259107	88.23093897700613297	199.78760641869976666	443.44316674556750968	325.12757889677476442	119.68001760855537441	119.52470242149662738	86.51495829531319259	225.85713147651821942
ADAMTS1	913.49934606835086015	3674.93588130759007981	978.44675348963937722	1675.95721744879961079	2472.63629190744723019	207.14614903314301841	1269.38556031627831544	740.76823733500555136	5691.37026150527526625	3467.90003174815547027
ADAMTS10	127.71236527232558444	226.92615118522644480	134.70449279620899574	132.96746536547448159	254.91233393251280859	84.02764909790282388	79.93638425790136637	83.30753511815866830	409.29368169023490509	401.25333286580769254
ADAMTS12	601.70573774657623289	412.70713768308576164	442.72092989020683262	274.48570810069139725	386.60076620848241191	150.21110586614730664	438.48792944488729972	271.85440755114956346	142.21843905943362074	186.60283196204767364
ADAMTS4	881.48918702702837891	3045.41769989418025943	1391.91856524830859598	1247.12800725943270663	2545.42993775524291777	569.96675894353654712	984.25501609228285815	728.62973860835995765	2602.41259186503020828	3431.65134698909378130
ADAMTS5	407.35757394398876841	167.43287244844918860	347.14105676971422554	232.84030340019702976	339.14265404917085789	991.66542401966592024	332.20533056658234727	234.73307458791956037	244.37404893077822976	245.82293087956387012
ADAMTS6	297.46110604204250194	129.64405719290579100	166.36588460749950968	170.98363754323094099	438.51287623443533903	32.56047329735955742	211.21404148941729773	210.62336906742518750	166.74923731461797161	133.54288740130161273
ADAMTS9	126.55099424379632467	820.65339655034551924	138.27782534271139525	283.00478811274263080	652.71293156139233815	0.00000000000000000	281.07905201275536911	129.84112521287912045	738.92049162029900344	347.48844096851337326
ADAMTSL4	131.30322607018942449	89.15721211636231658	74.76606482604442760	118.02446392931364016	307.74557217770143325	383.76283616373689256	93.35001247474230013	111.51401100007385025	99.72050739763351146	99.11516727377811264
ADAP2	88.87461879695699452	878.68321428545402796	31.07597533851386373	323.36787000919844104	169.80327201154696581	0.00000000000000000	207.41573173358614213	142.44918842486481481	501.25369826106100390	49.34463475266845478
ADARB1	194.85825444218170333	127.98105235792256451	157.64239951053539812	223.09711636243244470	185.64277486022814401	60.04793332277504447	106.60138972295921178	164.34500889006693569	237.02054825957731055	296.78437652234146071
ADCY3	233.20157222346679760	680.28975004086441913	222.99735799715699613	354.03148148822020858	340.40573834053844848	347.07181948353263579	202.49561182798137793	238.41986715794155316	787.31448926603400196	670.06292239987453740
ADCY6	112.49801127216423424	292.89970689442964158	94.84579201627127532	172.15650269639212411	178.61351638626931049	81.60021082315256535	94.41788089215448565	100.92740221781075149	283.88351601656040657	203.43601632688745440
ADD3	1483.05746070204531861	877.20836482867605355	1828.67757414488619361	893.87799183063452801	1491.53862156881405099	2240.05537603844550176	1133.54135497777747332	1186.21535356318349841	472.87787131233000082	429.09367706823957178
ADGRE5	236.29120396931335790	421.66033497349843628	291.17169150833063895	554.98079676114309677	248.25237624385084700	160.69451551462776706	332.36509172279380664	257.05033374335459939	438.08562362122614786	406.73710378536719645
ADGRF5	204.92217255203723880	1093.42014557280458575	103.87725234691096432	367.17489109426151117	373.44112519959918473	47.94213753720588045	264.16837098526610816	212.77823576057539867	498.00247409548705946	1132.21871854265441470
ADGRL2	116.36994452364734798	308.32888317617346274	87.83563031561682521	121.70057833719826590	157.66471691446605519	49.18207609635171451	100.94532660542107294	70.71049996879288813	196.68054299789329775	188.29519192963957153
ADGRL3	23.46990567414457374	34.99621228989344957	20.64162227745044476	28.19373342820716388	49.38087830375370402	0.00000000000000000	23.48379967849789551	11.76797015138620495	154.35551965583451306	410.50022243381931730
ADH1B	606.22646965537160213	243.06966629494135645	525.97975502640770173	488.01263699613207336	713.94437558445235936	5280.11028027707288857	470.34156719195317464	1036.19205796751180060	265.65519068768071520	2552.63379972825168807
ADK	208.09422042741940118	248.76342314884448115	242.72501290649563543	177.26479142933519029	227.82285574835464104	208.54120087534360550	307.99848883918332376	184.61278061253634064	198.34842765869791492	209.13671535031230064
ADM	775.80585879591910725	429.89898988801587620	536.62721482451081556	653.40998753578298874	2010.21955167413079835	2153.31406826318425374	692.00408070296009555	3915.06553520172246863	522.32251917999565194	343.22541436229630563
ADPRHL2	269.72232550073147195	221.82985868747687164	251.68582311183260458	249.94425234390962487	219.12641629702096679	220.85585346839303611	351.97905944495568065	364.61270588184191865	227.76954777502223237	202.83488081050020924
ADRA2A	374.15095742526909817	388.49553792981868128	539.12338686264968146	365.61030907428312275	312.10236186739257391	167.45483152384616687	267.88694377529640178	228.02546052263971887	1119.35326083244513029	781.67070910807524342
AEBP2	206.31250572208188032	291.68636633075544751	183.63923617544512013	192.08531218445705235	333.20896295123765185	101.48186646402470501	165.10300196603080281	247.05762301492526944	378.50586946550356515	356.51850484837825661
AEN	149.84856376726779104	226.60120595909739905	146.41581390482255642	148.20719722940418706	235.39725004519002027	0.00000000000000000	242.67018617840162165	136.70977794743029676	188.27849848936739363	144.96260234961204105
AFAP1L2	121.71998541270893668	446.17373372171329038	141.85250035486376419	181.79387761401292778	147.66732041950180587	104.22507559958339129	150.41118156345001466	146.80912481359092681	274.11241498706829134	61.73645412458527204
AFF1	228.18044883612139984	280.00669018335258897	244.99694061672266798	272.11427466590851054	301.70174622064928371	241.21651621939173538	154.56107903553726146	209.79292313237013445	282.32515249295516924	329.99515009081272865
AFTPH	161.04682621771647177	243.56383042523214044	180.20652201658128888	214.46544588398927544	255.75965477988478369	149.96474104680427786	230.91708793824915347	244.22020285255680960	255.54937858700856168	199.70701480581149667
AGAP1	116.42277557763344475	265.15414033369455638	87.41576173133428540	185.81194062698625658	262.31037491558993224	118.37393561188154933	94.78871895611524678	123.11430983687483831	163.00459095388853825	204.46577248159354667
AGAP3	237.16367471860726823	144.74135496208342033	202.05336005757519047	196.54985905151033876	240.85618480389732099	142.01594066457266763	200.73127004390312322	201.32871853831244380	169.00891258332325151	133.35998467780729015
AGFG1	256.64463054401170439	281.80219391656055450	252.66147973983612474	328.70658330956746340	402.57801843106375372	131.95823247748990070	254.19848424860779801	304.65328689308239518	274.39771424019710366	325.30125832664458585
AGO2	224.88039995929523229	336.73141930117003540	153.05505709981591167	399.78496394733781472	467.46220149220573603	171.23721122344232981	249.93514394739102613	275.15008311234220173	386.10023215091950988	283.30613803200662915
AGO3	326.40103219996575490	333.78902827112347040	297.19978134900628675	381.49057520711505731	679.20842939329759247	142.12094097912100210	260.27953883742299013	237.54208168902115972	325.01736004731327512	367.76610963082271155
AGPAT1	326.33210339263632704	301.55024990273449248	274.28230925507182292	214.04380302465230557	146.02786488826913569	243.86928502035851807	308.45513406677378043	362.28787295533498991	272.70728344998167358	207.06822086065230337
AGR2	65.32817705260757180	90.61856522136777414	38.57603061961717827	799.76639824599612894	255.77340192524425788	0.00000000000000000	200.48990544298081318	149.23442916883465159	101.73448887008829900	65.80117802003022121
AGRN	219.60810696438790046	728.09242300944515591	198.14607484569108919	286.92049643964270444	423.97089065351127601	143.83423200252397578	300.29225609980164791	242.48232047608144057	303.85337710065545025	174.96225164491735882
AGT	48.83737579476310486	174.39991368492781021	45.77809311866766251	97.02780829034152532	39.14566875506719867	0.00000000000000000	30.19346173953452706	33.82954817645460110	142.87541429029823803	585.30716444865765880
AGTR1	93.82393649161066662	114.05920314432259488	70.88089969940449464	122.20154147558010038	123.22472134605170879	272.61591407626798400	37.03486855465211391	124.11733502822404773	132.49929007065338737	148.00720930379080187
AGTRAP	729.73037248167622693	408.56158636073342905	954.59788914484272482	566.22387313806666498	348.75274754839347224	650.59280102698653536	817.40069905848497456	832.66768208043549748	384.29916089955497682	397.02841799747574214
AHCTF1	202.83162067299667797	278.50716111027389843	168.19853548678077004	235.26524663474236831	361.76068693161624878	176.04909496974306649	263.95952180978582646	171.51204329667439197	262.83090978844973051	228.41712972291853134
AHDC1	201.50480862587332354	281.21362712417715102	170.60988847882168784	132.93188739575293766	295.77938610820291387	255.37781886293387856	156.91527786728545379	131.80241152275524996	286.19323648609469046	247.23750734664793072
AHNAK2	451.54290362267011005	95.87266025396125713	210.30929443257562639	307.27484526210491822	872.51855092235007305	445.78598645483435803	133.27054460107751765	945.39014260685814861	124.11995202606298960	145.64768829361145208
AHR	267.29117953843041278	364.43432823056923553	262.94101962313771992	367.95637884089961744	354.19541901986821131	248.51321757153198178	200.76670061748811236	210.20414323756622821	323.85033105785652197	468.66660988486933093
AHSA2	316.08141919175693602	305.88710453731397365	250.37334078913156077	364.67777227714913124	574.38846893724303300	162.28809609432096295	185.33809635632445634	288.15533569580060202	295.47031381371709813	269.16571078863933053
AIFM1	134.45262283951362292	151.94721229309084265	129.67028214373209494	120.04200142148627606	87.88667248518159170	151.09822844546715714	217.95409113206048346	84.36603008813197846	143.26475452979806846	122.47894824029194183
AK4	155.37651952077101214	79.30549895780332292	112.18342784590363692	261.18813360319802541	476.72182867029766840	45.93170728419958238	141.40610906532148761	656.82143891703992722	112.75462058945737454	103.96055328673602958
AKAP1	89.54652821545602137	189.27612338409386439	86.92787789117473096	210.58327346807010372	193.78247037734243463	9.85699956609685302	72.83801471621380585	86.45294128985698023	541.21375896792062576	212.90797056812991173
AKAP11	294.76690867874634705	297.34845542844124111	305.43099158911007862	294.08313349929233027	307.95053832107964809	147.01206922110716846	247.60062734786444594	332.89876246202305765	295.76445177203368075	298.17979468228338646
AKAP6	23.45054513887269110	96.61378230433602710	17.53210481988874037	34.35809234483682673	35.07147765169139575	0.00000000000000000	29.74018918360548724	32.02593174810543530	239.21275985467079295	23.36054935669369570
AKAP8	139.64998135060122308	230.11823150844381303	145.13089288693137746	179.37535748941036218	279.74151561702160507	102.47203572700021823	149.57232722508521761	144.07665156476630841	260.09883639355552987	182.42374718318760074
AKIP1	266.16892432999333096	232.84039584289686786	225.81448273998441323	247.18448578530177429	97.41058203146737071	102.37173233218470614	296.09262178612652860	192.89264808656685091	237.18573428806308812	155.48453109421512863
AKR1B1	496.92475880604308713	289.48642841200017983	504.59541268793725521	461.81974812148877163	332.60027830741069010	429.65717123988554249	496.51339023276563012	437.13315717230557311	332.50324180812049235	316.13718719507932065
AKR1C1	86.23454963811570906	46.64412395852541238	60.92775434580539695	84.12345248949850429	127.59783333984492515	382.10369301055118285	68.70627905974066607	98.08614099524881169	97.69274596256327925	201.21369296898569701
AKR1C3	302.71362970440429763	273.63205860065284014	266.56341125436483708	261.57980245997589464	182.37538703828110442	977.93906230107972988	280.66713621605970275	252.39842642699221642	399.08172391845931770	475.56409967916579262
AKT2	326.11737393731186785	326.17340409289448644	341.57824459354799274	339.63391676049189982	575.11439452594186150	218.36974186041155122	255.93253630740454696	305.09666354558629564	341.69291757439481216	352.63280953618675539
ALAS1	180.12108530252643845	353.89246534536499667	286.14367013179122523	199.21137396147918253	224.29926005337716788	196.57157763278561902	197.00218794660702315	201.16001256268643260	398.39338350010632439	149.47439170017420906
ALCAM	120.41828972125344421	189.12927035146353205	100.93449097636171530	284.74803729852612832	212.60829627622410953	173.23308482327357183	353.41356607837991533	189.14837132604401404	356.06363142959691004	44.96233710023464880
ALDH16A1	136.66318751650436525	215.77406243546536757	200.26933970878619107	182.21659028395700375	134.63344141292168388	166.99754335461261689	309.07849915120027617	108.62988179146304901	181.89441496358844574	244.04810504289326900
ALDH18A1	321.54214059307992102	167.17067633840991903	211.11309118698261500	202.02017645599212869	143.49078411460700977	189.02730956937551809	341.25752151425223246	287.32619194066495538	168.93739310746889259	138.17583085361167150
ALDH1A1	533.69290252278835851	132.66651164989036715	357.70227988077141390	327.32596804512320432	308.58329382372653527	1361.97424255294049544	259.26360294412415897	381.72028359934995478	200.16027558561668798	757.88465314895495339
ALDH1A3	498.94337433588907516	119.12689892008111769	765.28998667738380846	364.74693847293394811	380.94278063356443909	666.34263741520783242	445.36789234206992205	331.59055373461234240	120.41431020461230617	173.80294311923788086
ALDH1B1	391.21525931231559525	121.30428121713768519	289.71369809992035016	200.04656324328806249	89.65032271586541412	93.65471583537684808	300.34791462990784794	311.56935185645409092	220.20538548716032778	129.12423874488706588
ALDH1L2	371.96008049016074892	129.90576936152999110	223.47967711678953151	128.11798741668386015	162.75360185437449445	162.65702523422714876	455.03383478805386630	260.90182347995227019	116.46274474303349677	75.22846893927619760
ALDH3A2	136.73095364417139308	118.56868638049164133	120.23702833518463251	134.76405423295727815	167.78025165187091261	276.56281201149272420	165.08089615627557123	131.12701045357795238	206.89770043883737571	244.75674466786608718
ALDOC	62.71722626911022758	41.40538995183961646	30.97156525074793265	62.65904999494867411	113.23304773357766351	15.24375198068821291	31.29216375117233895	290.39422700026381108	47.21126824179383874	54.72650625958708304
ALG8	139.61402297426408836	112.66317039929704436	124.38018801685143444	159.29860010509952417	100.51587125941890122	150.10862372115030894	225.23636054318546940	113.25957012897090692	90.92893992243456580	89.43065630562011847
ALOX15B	50.64794655693852121	16.06970698822795640	27.16303587825757404	42.67018798309946703	107.62202106277830183	12.04066752488150804	20.63218972707699805	237.21434772100732857	10.74407029761981924	5.36264005967264534
ALPK1	133.00326527586832981	128.04570925479069388	186.79017981899920642	120.31164150392625345	260.11348116926347984	121.19184540422135399	86.02940149878581622	174.60365210393123903	127.71433280777151253	172.22659730284607349
ALPL	232.87863602956457498	83.89675633326928050	389.51955945254303515	290.85363191676805172	123.64509052652688581	938.06847985247804900	562.62332794538986036	217.90746659796019458	86.43532537773694457	85.78965474514636469
AMFR	207.29744394391636320	233.04780249690861638	177.69257093153109395	310.74094357123192367	173.90167797527874427	162.43064805911183157	208.58311668715970200	229.75121669202167141	252.50174572453732935	211.59670128783938026
AMIGO2	184.33606725042011476	92.57234916181327833	83.09466182012532443	125.43616502972592741	53.04501459645099715	19.11956564595123353	75.69675651464091004	127.01623875964513388	398.34245726779471397	88.19914855899266115
AMOTL2	367.78354751970556435	269.21915083530933543	346.75384539727724587	227.53357381577430374	398.22174963498372335	477.76091969541096205	343.05180182909066389	325.56310795704160910	402.60139104370739460	624.42385424735175548
ANAPC10	185.78172373408813201	208.95032042092989855	190.75654475010207989	184.82935776505905778	125.24213464405433172	163.30279241666363532	183.14848001102313901	189.83871539995885769	201.29278727536794236	159.81728716253925882
ANAPC15	278.13993036646542123	253.18066186349005875	194.16131286744143836	311.59959993960768543	84.08889067994343236	53.60342287765496394	400.31896970031016281	276.51128483747993414	289.59821643224591980	130.34717984939302937
ANG	224.22422588200231530	89.60709260410263255	169.56534663723047629	123.07416568051628758	163.00772009750559732	340.57378787268203268	247.22042053479998458	547.29145659682967562	154.49616043365418250	307.22999128034160776
ANGPT1	149.15761060566532592	506.30039735672266943	102.22669490165635864	144.79275478232781893	176.71615767757705839	138.57976956820243686	165.06288568720077592	148.85873782908180374	498.06628337879533319	526.92420758487708099
ANGPT2	423.83870145256395290	1988.16864203156819713	217.74383648118615042	726.91673692988445055	590.52382441588554229	0.00000000000000000	454.92935559513074395	318.84402917020969426	1445.30460135218504547	1523.42621770337632370
ANGPTL1	200.64290019418243105	81.01250960405660351	238.58488974498064294	89.43333441357533786	110.90198741678527483	419.54643146605292259	59.45647737764917196	112.98194201467185849	362.11896621011175057	579.66626806857004794
ANK2	464.01700646178596799	469.74801892946925364	504.20889084137411373	410.66456424642120737	1069.08089578859562607	1137.92781848008780798	454.51913534489727908	412.05153827433611013	425.07266192298840224	712.95031491595307216
ANKH	1250.39241408861289528	296.12527467560346395	1001.34906928346163113	573.29399574750982538	753.36585364809343446	503.76007572535939971	735.97359357323807671	943.39774688595844054	292.76688118616920065	260.23678921985526813
ANKRD13A	177.69856250021720712	148.67594640984208354	160.15047110246916873	201.24435094729653883	154.52645572131518747	93.07471799481137964	268.79505208257387494	179.20984628326243637	155.06668347319194368	204.05786640123571374
ANKRD13D	272.73162635183734892	366.55780138897614506	214.80367185730824531	329.49266041718249198	484.83774113297772601	201.64862714683567901	226.98373289620963078	274.44367301317038255	317.13950566545878473	280.86830660725041753
ANKRD29	73.39091698489748694	231.14821548720721012	62.08050290024113593	115.47197262025731845	149.86249793274154740	26.23535899673870730	66.26090964949601414	83.96109065320466414	392.50868535570549511	628.02247511624273102
ANKRD35	297.99361866489158501	69.27803622863422106	273.68882608964793235	152.93041663235692340	148.67981168295841599	449.16164039346148229	165.57981093524279004	253.44166231086532548	66.61396218308905759	111.57325892406919365
ANKRD36	120.58296097205338526	105.80185040024441889	72.73260348495395533	200.76991298134160502	335.84552913845902822	42.71701930593884811	187.15785182576013312	132.82828745221087274	126.09311697789671314	115.80157969330559808
ANKRD36C	202.00510060996546713	198.42815538360241590	129.96570752826124817	238.42171826596444362	588.80146445164609759	57.33494609812907328	224.16940056241659818	215.91413645183857284	253.48173344836837373	192.44319461743401689
ANKRD50	212.26489307318880151	414.80295055970128715	148.04709092476139176	205.35006537693575979	239.15645566007279399	163.50193020625928852	208.46939850443462205	188.95214018450340632	316.25833895106757154	183.87863871211678202
ANKRD65	282.30352686028760445	64.85724680898532313	250.33952789038980313	206.30830103950674470	112.55113681216231214	184.61488963229797378	144.76869067832365090	266.93042007137728433	61.82717627086377377	52.68989518410455730
ANKRD9	190.74015756510272013	175.56556668867739290	127.98061045199234798	203.42925716238579525	137.15147149372711510	154.42611438737421281	266.70334159482223413	118.69696727353506560	155.82353167553722528	113.42603003066628276
ANKS3	210.85424896904825687	121.38907188694248873	138.08145567404974940	133.81516408169031251	170.53767115366790108	141.87800125365666304	110.01193562737203990	166.47090242018174422	125.02219066176976980	122.26547940220528687
ANLN	26.51771207166651578	25.90837496084350633	10.41036847524580011	44.06562024246333209	0.00000000000000000	0.00000000000000000	622.22626667400243150	54.90112141245855781	20.63080720437223547	0.00000000000000000
ANO1	373.20697346840586306	800.32153725412126732	299.93693556692227276	382.80907320105688996	283.26311880061507509	117.17757660948721821	302.55839906654028937	212.75820512480717639	451.14246959150875682	440.37067452766586939
ANPEP	315.10011949504496442	256.49672759824869672	340.26812110919667020	320.94261203909127289	390.79719998013177928	477.82303919213012477	324.95683391093865566	429.43899618781284744	148.99976355608023937	165.10661859631366610
AOC3	98.81443243216706662	302.48247401627361342	97.03954676946172242	206.10016223242391220	109.01950083689207815	0.00000000000000000	97.63070088920611056	92.92006269572426902	773.54069211080775403	581.23334421501192537
AOX1	158.97719710362866863	31.94559627663034007	110.10934238034559485	140.71387883625999393	98.09392984562973083	562.69399762806631315	113.25812151511003378	128.29299319257995649	47.99757088576382102	252.23978687258190234
AP000892.3	266.45027865805838019	198.80385243760912317	156.36763073335347940	166.20416388740275693	191.81415723303700815	47.59434870380469107	263.63125686108173795	203.27099547822277259	540.89324781789730423	393.52791293296064623
AP1G1	184.41212401276953869	249.79828281223078079	154.73521101263918354	322.12623715755972853	193.23842748889978793	109.91170696102183513	170.55367810805481099	143.72245334870544298	251.83835057341278230	174.30941106699000898
AP1S1	486.92897588890554061	450.45357251602757742	450.52399553252757869	451.81996319125840955	247.02979623046425672	246.33656650427684554	692.74530841244063595	634.26850263059873214	397.73657750049744664	292.35753736165730743
AP1S2	241.96834794734812135	282.85830173633070217	164.82183514138003488	383.11228981106921765	196.91039078825605202	71.84611263958497318	360.50689336750173197	260.40482902423235601	317.63710208710153893	269.02213974020202158
APAF1	90.25841558758834537	94.08140459368745212	58.40603263393585820	91.67908290390516868	115.51189370575079352	48.56894855927232868	200.38147726613365762	75.02135548789583197	77.66277692413173384	46.64415240200546720
APBB1IP	106.56377071135233336	44.95582099736606807	133.04628582467233855	254.90348203252264625	89.24650555708420541	287.29022259101390091	104.77021207853532303	152.85390184591798857	47.11955007940974838	92.13402731181776062
APCDD1	216.67947148739409613	352.04061012987710910	152.22701537901960478	174.03398905007034614	124.57752536759943496	330.84509602349413626	214.72941401045505927	124.52988834292791864	330.98721028104125708	115.57541921048436961
APEH	188.46142856975350810	222.34330944480819880	170.06368370389108691	197.76559670724759599	77.42091157565070603	186.08564268510920670	327.09164530402182436	214.38622019245181605	218.11500850577402844	165.99914779246265084
API5	225.32408216850427607	241.55687175449489246	182.97323347211201394	281.03911136583081998	228.21591573786596996	177.56805540554515233	184.62281130382717720	198.84565273743436364	293.69162232338032936	220.67835061672747088
APIP	168.68548212515349860	226.19524673489601696	141.97900946902993269	210.42822512843079608	124.91465001462523787	158.41598999935212078	279.84929186423124747	144.11542142636824337	263.58125367224346292	190.84132282048105367
APOBEC3G	132.30707374934593190	322.43868921744001454	281.22247511388093244	316.90922065017434761	144.11815992198106073	57.21694795297170799	137.98209192126489597	157.84282486640634602	198.67062663486737506	194.61357034037823155
APOC1	224.01950268907881991	275.72944800501471718	432.89943430958726367	982.17599532659926354	383.55036489309219405	747.15626298048618992	135.77779986550586955	253.49070884683081317	310.27263118090286298	688.14964578103308668
APOD	8727.26526223945620586	2676.46822775292639562	15276.76219761828360788	6059.36459932551315433	6529.98062845350887073	70748.24112297965621110	1864.25978968000595160	16900.65220799712187727	2612.74158013217356711	2083.96432919853850763
APOE	2995.21004414829485540	5223.26273662499443162	7204.45957224830362975	5622.34443840394760628	3334.33250932064629524	6862.24284078904383932	1852.72032968482039905	2428.09854542755601869	5102.67544860121233796	21152.42294926837712410
APOL2	357.20948537818179602	315.21145252550672922	853.44587543637749150	277.03969534094875371	294.86215950148471165	211.57626030797038652	297.18223559778090248	312.36497798150259086	204.96245875166954420	284.70962726746364524
APOL3	237.05310488033069305	350.03722832561891209	558.83070560891246714	270.74580233548692831	200.29111778288151413	351.64443693750939701	175.45985918151279748	248.84750931157466880	268.08996077116768220	472.22919867608698041
APOLD1	160.81871543926047252	1184.35292613830620212	89.96285006322447941	577.30662151545561755	297.46933252051178442	0.00000000000000000	405.83161652202647929	232.08516945242894280	1123.11920013458416179	383.41130933169745276
APPL2	277.69637562675171694	163.53374081883666236	195.33641997771871957	270.66117327472471743	236.76016746086986586	252.44806454748731994	149.09934489738344610	288.71551390236754742	198.67786738689738968	244.57738269576429957
AR	333.70208840342360190	295.58044353557318118	282.15553070398163982	230.58897934223918469	308.09908737833944770	405.02060414855890258	180.20003051853629472	229.95304269837487254	303.56921592102645491	295.33303223992584208
ARAF	156.64944992075751884	223.68049878337913583	121.33160531302503671	193.16660368333609199	135.94310504149507324	161.96967070856376836	237.98086265697955355	196.15420645614673845	190.46903891404085130	187.81692839268845319
ARAP1	373.14605955273674454	170.93865729455649216	347.90237320204380467	251.01516364367103051	249.27289169954730141	328.23098452733461272	345.54458547571130111	300.61927219648856635	173.38962893930039399	218.57524060930350629
ARC	130.94922411631091563	151.69508946943963679	214.38453380154649608	260.53330443089510027	319.48664283701987188	209.44207581336740986	134.21850110011001789	204.79592194394999183	494.29104760918136208	236.07051078957775303
AREG	182.90132723295391770	228.84752462598868306	178.36708898226842734	1387.75379427464645232	634.09794367432982654	0.00000000000000000	316.86327618253966421	242.18273432385393562	216.15128216113626536	115.88915950361317186
ARFGAP1	323.14789340211814306	184.28601986428304826	249.53405707012439052	287.12727552628638250	494.33559965057071395	146.19985281123771870	209.53775905005392133	220.45429787882849837	190.10802452982647992	179.91649418789924653
ARFIP2	281.95049974576414797	253.60035433772929991	254.60520904747733084	419.50044382355980588	152.33849150761037095	55.69439458038560531	212.57530967915059250	269.55523555655946666	231.75941459226274333	250.51182180556901358
ARHGAP10	277.72802024504750307	649.44567841722539470	212.72353134165084043	406.09460619724819708	361.45731524488360265	246.52430842625111040	325.31301860297583062	299.53218921085272086	731.19450327211859531	571.26443825522324005
ARHGAP11A	17.04417640327963213	15.04495669662375690	11.29509749279852038	20.23311724881799378	19.05281310948563345	5.14540137328982006	211.34231221352175112	11.26870241001000750	11.57060801524384885	0.00000000000000000
ARHGAP12	258.05895701118475927	257.77105896709065291	211.84334621595826320	242.30123457651109220	326.18041121217180489	296.27743352706318092	127.81011212894824780	284.84916991084617166	262.37577374239299388	288.13704615827663247
ARHGAP15	55.72193330594877381	389.29140986911528444	41.36414453409098257	202.19702149176461603	73.17803201136501912	18.14799770772789245	121.50570704953186407	65.35696364350850729	179.93013885750445979	606.57171545907942800
ARHGAP17	182.40198094909649740	426.11192827945944828	193.85845794557792487	295.93753708188972951	210.69392040956930146	131.90064124402823609	212.72548022196403394	146.98382797216268614	434.30777431447103254	329.42910776365835090
ARHGAP18	395.54293820717163044	429.13475067296474208	303.62797940094486648	310.59804179097307042	294.35042059749787313	203.45258432643845481	450.53155819333363752	440.64213302076302625	182.70496895483873345	228.29364892957582356
ARHGAP24	295.74312504313462568	469.60887467796004557	259.24196495947558105	268.06192057262944672	520.75264849041093385	324.21807601409915378	218.98447788850995721	272.38895543969840674	365.31451503482554699	244.67327961884845422
ARHGAP26	81.13637811735007688	484.95489957714920592	67.18646697642246579	256.52051326049831914	146.38475215025388820	169.80906860652305568	194.09383243361645555	129.56218149596324452	162.41995934419949776	80.41627026114683474
ARHGAP29	268.17903846856074779	1287.68523298585796510	236.89142392049365071	632.86129142846823470	462.09325384602482245	351.50346143942363142	623.53045719255408130	280.48084124024387620	1078.48907158331871869	918.24937004902790250
ARHGAP42	222.02482399763431431	655.25186001396639313	217.99107983380096698	273.34763012647823643	267.28940890267625718	147.18593991143998778	218.05072813983801439	173.59432867756629548	519.79061288141940622	392.22803733355436862
ARHGAP44	45.63309404899393229	235.05578753063133490	30.62599800789757509	74.92269015532561127	138.23563036538533311	2.07332112982585848	43.19483197415381426	40.17374496825446784	144.33346413628791538	78.24503344970548824
ARHGAP6	82.70221940968791330	321.21961388574521834	83.24947363454779747	188.05145154217422032	177.87902778984567931	118.01709007689156294	110.44484803876599699	84.50597179090271993	323.16567178530567617	247.54638141059530199
ARHGDIB	490.05383187974507564	2327.57804622857383947	435.85512318776204665	1569.27922181924600409	539.87452725155185362	159.14667116570734606	951.96634140021319581	517.60243090455696802	985.22308449166223454	1122.60671446297919829
ARHGEF1	227.42065430139899718	307.20100790400908863	232.60157117766445367	434.83697138704081908	235.94875838842833105	90.52193883901469462	198.52291264677728577	215.08172928681364056	246.85374239060587342	202.96249288090075424
ARHGEF10L	103.83271981822295515	142.76081688212991594	93.54226264896928456	107.38483327305084458	170.69992666868549236	59.35809471065093135	80.77830695269996397	91.50431296788741520	294.93224603678731910	88.76227981263753009
ARHGEF17	260.93143345259233001	963.86809403175993793	187.79911719487122923	422.89141102483131363	456.34891593976112745	120.32340554091571505	294.43317448725849772	288.42913873908202049	738.12174460161475054	458.57976506651510817
ARHGEF2	262.33940655958645038	444.20747696875309884	218.24559581196086810	420.56513512811375222	569.13807611317122337	79.28537732078714839	345.87514392946491171	446.25804795162014216	455.12767276674497907	277.22005309942733220
ARHGEF25	210.09240056097948468	311.36793623524994246	153.94732551747321736	317.36696721583172121	176.42380790501493948	195.01932601993826211	207.96439665834773791	199.11910685123288545	440.74322272344954854	346.39695949083272808
ARHGEF9	178.91938457953986585	227.26087092404526402	102.92272137696036793	144.18617501381535817	176.20581993765753737	125.33033026198664572	112.23335075278212969	90.40771254993221362	220.36753876162265442	159.97892150254745047
ARL14EP	305.57568232881442327	265.42929336801330464	290.76024638307944770	197.70540729656488566	210.78446087750927518	268.54242425718700815	195.70949604670488498	375.31922885159849557	262.05455398555119473	251.79908662384079321
ARL4C	1573.16458754906261674	415.78652905139415452	1029.24274529360741326	1245.17799255090676525	1492.27947574315817292	692.73911679200557501	993.41277905823210403	2536.07941335494842860	441.98787666478534675	412.18492627640262072
ARL4D	202.07641983358166726	150.62496037909752999	182.11264666896968833	177.83865967383695761	198.71903896660791133	405.36906993437833080	107.03511502520018439	205.23221289586035709	326.26096408995999809	234.51734092721108027
ARL6IP6	153.34545719160473709	188.67611420438913683	132.59893723905275920	192.45799652563940185	135.36122714108455511	138.33695697974891914	286.65033005519444487	220.35659389040887390	194.82120234805501013	112.96091297771732798
ARMCX6	332.59670440471489883	372.08840269186919159	271.98485821614031011	319.52157948237459095	211.55771741397862229	221.19208469921071014	383.57026168239872277	404.01630552372955663	279.44629527714471351	262.29898370994197876
ARPIN	155.36366695254437786	157.46759404735948351	116.55722225036267048	165.26080351254395850	125.36405518881525722	78.11790720892366835	247.88837134221313363	155.70076133217148140	146.51993450170036226	180.51020118774039247
ARRDC4	135.18205815352951049	268.09300405044155013	134.08924461025577557	182.46379829682518903	188.02289945000430293	137.44084959438197302	138.26811031387356365	147.21813540300783529	239.10869156478429431	158.59848893441844098
ARSA	352.37813241998816238	259.89810990998017814	390.90405734475109512	303.98405115174915636	224.78525544561176730	263.04896119679563071	218.05472657240355261	230.84795689019443898	178.86392088339610495	150.45210509163698021
ARTN	15.65638687909661186	42.90861552806845935	16.95340923791110299	57.64979428886814361	28.83353501130542185	0.00000000000000000	19.34337090409140103	13.07508064675162451	188.01157584447861382	38.91009432762744069
ASAP2	233.28302247618199772	502.95357645452952511	208.46177459602441218	242.89781932057377389	322.24374406665356219	202.37674956019529304	319.49489162493097183	177.28736004370259138	430.67160927937118231	395.35933562671453956
ASF1B	12.95938170973018799	13.37955293779623034	8.38350209989554074	17.36333300804367852	7.20559382593761732	0.00000000000000000	220.44325193915514660	18.72896982554797773	10.88030715485240130	0.00000000000000000
ASMTL	285.36758389330321961	255.24279009876195801	265.25974109648257127	230.23966724449502408	177.55392655580769201	270.12163823096983606	166.94290228940940324	241.72149183983731291	289.40978465874331960	207.60329508841036272
ASPM	35.16269756176797046	31.83750671363067752	28.81952633719170365	71.91971147855250024	0.00000000000000000	0.00000000000000000	828.77990601495503142	29.09190588847090453	31.46258916873277656	0.00000000000000000
ASPSCR1	212.70757302964659630	210.51023312775521390	196.72423740808358161	284.31234068332332754	198.11771037433675247	117.39005366886581783	200.91149562350932456	166.32289142763900713	164.66746150185417719	140.03143410753349940
ASXL1	363.67274310626152101	574.10371825998583972	362.24796352443456726	418.62107236483535644	693.75006292716579992	268.33374024973755922	441.54090334547606744	331.47558759377955084	599.78158828645837275	610.82986089126927709
ATAD2	92.54329312245587857	118.28487347819515207	85.05694774906064026	129.90467219117252284	129.29617357486685592	24.09033527289315657	603.46875913507426503	113.60892659828543572	125.71603840245363415	77.80369194488784501
ATAD3A	165.85490209351110025	164.29285890501898848	123.43652699847990561	145.41801516368587954	106.22810823175107942	75.98226870457759219	291.28959220573807443	131.51382873992645273	153.98922737813441586	115.12447626084556873
ATAD5	27.30636781840256688	45.47222638280864260	19.94092750935538305	42.10296351437069262	95.48021642229718964	2.00948983104477064	215.16876729721658990	25.10480482499548316	38.89938993513216303	17.97806528486645306
ATF1	255.96281122203063774	300.48035348549831269	217.73838012819794585	221.86075612403183754	193.37657003476934392	224.09920730578713233	198.57722714570456901	285.23680259828307726	280.70635307246408274	393.17406503163613252
ATF5	324.86296045338002614	247.90209807082945304	436.77075518601753856	557.94495957444257783	765.15924121404884772	174.02816180264082391	270.11548665805094060	1359.68594986786024492	217.38173187696358468	192.72653451550456793
ATG13	184.65372818715692915	250.61370224686066877	161.02393718095714803	187.72966309277666141	181.22635708333055504	177.15972363494967112	176.92985390717117866	160.47213049283462283	247.90396597123424272	246.15675668011982680
ATG7	182.20931423539249749	126.35940870366574984	251.99724027439330598	154.03276304712187539	141.85559189936870439	76.36770874156367483	142.79279049647186639	191.70282589084624192	121.40714259532290953	115.44490373840861253
ATM	369.47059153055607794	325.94669546929873150	304.24236867570169807	374.69472880328089559	831.98259282169919970	176.96356782106894912	308.87075508719624395	426.44913543684350543	336.72905757002769178	393.03676627382316155
ATMIN	231.47709671997273517	251.66944107107011064	191.24553186440056152	230.91255920495879650	147.62414007321621057	201.23618475904712000	205.89152071448091874	232.29883971941117693	254.82833791660573297	204.48537686309563810
ATP10D	191.12457833607152224	295.68027650368401282	174.04199249385897019	181.33061629642813273	270.71025428881029029	129.65619724813112157	159.50329275903735038	167.46805811031597955	219.26398049057993944	135.14292022006338811
ATP13A3	598.04067353003279095	485.61149386314929188	641.84038661047100049	438.25070287270472136	1152.97011085720168921	457.58189948638488431	715.52738200475812391	558.66969293049055523	392.89747034844316431	566.17692359273860347
ATP1B1	345.99789330649826979	125.55382807663605149	168.05495329736078247	401.43296177651967582	281.38893223430432045	32.39448902735060898	379.52984774371168442	298.96624962015306437	166.76932742159249301	172.99115909024143889
ATP1B2	36.69681928770636858	305.79487696047408463	14.56068963627927992	110.49585681413482519	80.19351450437018514	0.00000000000000000	48.58892811544068024	49.89276399117996164	283.05824815762559865	182.82931255893706179
ATP6V1A	306.72383907663748914	255.97477663853970853	300.28219715000687984	392.17935157107757504	388.25570620349833462	107.31665402920356200	232.86647617824209533	345.78245285966698930	192.59466725593119918	196.99430149462727968
ATP6V1C1	291.03729132636010490	274.13380174331251737	241.74188372306261385	257.16333237928864719	381.79759066826017033	254.45352083846793789	193.12122546031855563	396.93816706352941992	293.34728941006756031	239.42266654916821267
ATP8B1	109.92899267348123260	312.49454358634318396	94.12425323956156831	180.58533068079890427	171.14912432073654713	31.33839512892901169	88.44299042632184182	122.08910863876545250	361.03071493272227599	65.96636289012127463
ATPAF1	166.10503236738753685	236.16612141865189756	141.56584638217717043	153.98488503070998945	145.60562056156561539	124.35196670199627533	149.31112094173340665	163.27144910816082302	314.68202618073559051	149.47382868245657050
ATXN1	655.83961187329703080	467.34146908892495276	414.69857448312177439	506.17260723413318146	841.69745740371513421	223.39875758687279017	477.81802417094650082	498.83751293271001259	449.53500662731534021	373.88805782559541058
ATXN7	292.41852400612026486	339.15472963519920313	254.63277557231660353	350.24904607423451353	684.48763426202640403	287.16142556100879801	264.59588857167875631	214.28301916661044402	355.07116068840673506	239.23559390092762555
AURKA	22.34294768728196701	38.92615788168684787	11.38708788947600503	36.76303129351033760	8.98495477207170978	24.05703775404268541	265.77088096302884423	18.36079355731459017	42.66693468542723622	18.77061615538215023
AURKB	11.52638104792860396	12.44030546639703161	8.52319338980548302	25.19353469448021698	1.91971715869683579	0.00000000000000000	251.84423192431833627	5.39471921531958909	12.37341710198244371	0.00000000000000000
AUTS2	246.94098936617874074	266.08068391204932368	244.58264198856466010	198.33500183092391467	365.65864175304966466	234.92019142685009570	291.80018683647500666	111.01791802100075301	236.15030848278993858	153.91324935436432497
AVEN	429.83931409435905380	268.81023798753943765	424.61588769919467268	378.93414679492781261	176.89954769921206434	253.78298129411331274	428.01764869628328825	452.46304765726171127	258.70962427083412649	257.45247253824510381
AVPR1A	120.54864607714604574	858.69853327274859112	88.42539402644230506	390.67405683093357993	257.20541123339796741	0.00000000000000000	267.42977857556917343	128.23165167741237269	1226.53847166900277443	565.79694740078502946
AZGP1	89.36687427309196607	74.55631175468785443	67.08043873798578716	643.04044333071965411	189.84724624326648268	0.00000000000000000	53.70376612724567167	117.20553015087349991	91.89500407792385772	12.98965232287652860
AZIN2	336.93785018652022245	102.65771887915141747	436.63620838549923064	120.98739803368114565	245.14440118786214384	88.19630854768510630	109.57575388424095308	185.30472596182968914	74.25817191010982299	60.73320822747873393
B3GALT6	265.50594105421106406	220.46173060356900919	209.76163588390684822	178.76580674609795096	215.80711506551591583	235.92291085220176683	277.03390459131082935	231.95781099780867862	195.31779427064148535	161.67126730396103085
B3GNT2	293.17297989424531579	753.36507769982290483	325.86739439722987299	348.80042515544045045	361.08964483913928234	86.47097485518291649	335.05520190807277459	226.22870792043877941	618.09273952978367106	521.98711799982618231
B3GNT9	225.26643343789226037	134.11979740431763730	142.44265195378488897	93.64193086690707446	127.17576561832531468	227.63700293131589092	177.27989663658885888	101.07377847958333916	107.48114820197638153	127.40360291451507635
B4GALT2	635.88080991830815947	291.40190774722339029	394.68986568017584204	361.30341813212140778	311.49592611848129309	309.25182960490383266	577.18046301137883347	466.56973215319936799	303.79037420006045522	226.01930590977889324
B4GALT3	222.73887064703740180	316.64343249771695810	219.08638742355512363	246.66361825556350595	285.64405706670112295	121.06779093837893413	183.49348024043536043	254.88437345002617462	234.68418639041391316	305.10968036417006033
B4GALT4	390.37928447884547722	238.06528104536434398	282.49931036623183900	312.02666684921183560	372.99913394061962890	244.61295380084331441	230.86334701756325671	298.47424823972716013	326.76789009099576333	294.59883791910624495
B4GALT7	401.43557892794194686	283.50088466523050101	319.21926850216271987	226.91655212959392429	177.05199815227069848	243.94048740688262455	322.22986087140685640	330.96036644073308253	261.39107423744167136	216.00099236775875511
BABAM2	351.04892658346233247	221.97158105054214161	258.33202370626526090	266.05931601315745638	245.47617120257444867	283.91444242651107288	277.66549831405700388	416.14558364947907876	261.07236121659610717	217.54446030393205547
BAG2	457.60513364897940392	311.60828831434713493	323.13691874505366286	288.56896793001487822	353.93315772616432469	295.82775658053560619	524.70954037218541544	430.32505172698648721	404.37593373046394163	300.52503704219526526
BAIAP2	348.71382470901681927	185.34783274372810524	336.42716354058944717	320.45239549951986646	750.96540349544955006	334.55155092079911583	400.62522816941674364	292.46776296403226070	196.93605075467286269	225.08464989149499047
BAMBI	253.10621395509650711	415.33837685409156393	528.47649573928106292	277.17069331615715555	328.20797012508427315	179.46126859077386939	321.67098311769922248	238.87156831634933951	253.79004607906145452	132.96282958639011440
BANP	119.12300004446225898	246.15615776192757380	106.65965788143850546	142.42679416488218180	265.70969225475306530	91.28459482682823989	118.52598835048479486	145.74696716468861268	269.75367358295022768	149.39128922948614786
BARD1	77.03539005948344709	113.15731911771108287	65.37855230018695352	88.17694735070193701	87.45630435547602133	112.57539820161984778	408.07380922792634692	94.29792745103748075	138.73631005019956319	85.92679439617792525
BASP1	3795.20871699914323472	884.72363599569348480	4141.00883072225042270	2171.81290034639960140	2430.59833376979213426	4201.38291549153927917	3298.71081369788043958	4687.23976310071157059	946.61625914403794013	1175.31546737821486204
BATF3	247.18236318997475109	569.79132217053506793	388.43519034567054860	295.66505633515879481	332.69313932273877299	17.85870462453789997	395.26212581011526481	175.26420981557387790	390.09392598454047629	386.18388430444093729
BBS4	177.47750736112584491	151.71969161573306906	210.98211025488839709	137.49463060804836800	229.13673682861264069	194.58192028136883778	145.26789567915341195	142.13019816336549184	154.87365005345790792	174.39682924741975967
BCAM	223.65561456719376565	909.93160981479502425	224.82835793257549994	826.12934424886395846	395.75320006253173233	0.00000000000000000	253.02204235773743335	256.36634647102903273	2822.08965013377292053	265.56992287094828953
BCAS3	77.35244342323781552	231.40487088428909601	60.05358108943757145	92.59765275274212115	96.61797835608918206	57.49805690499267996	82.96813757706921422	72.91291236504612527	181.48688969818445571	114.93800960016476154
BCAT1	338.46769259614598013	129.08665328543310125	187.77513058693162407	225.61083931753509546	630.79967247576507816	115.10794016008952667	481.85048954151204725	684.97002794742672904	136.96934828133663586	67.66170523311224372
BCKDK	327.45452059231843123	306.72671349454606116	278.31726019851487308	370.15274030136373540	307.18792261143619271	218.22601194829957194	518.78339828059961292	613.09083417751196521	302.45795713659799731	264.10151642286052720
BCL2	144.80037525535919940	308.16245673596853294	130.27950074863699115	351.71516401467670221	219.30728524282898206	86.16583007082223844	156.92923531072267451	103.66038050568326412	336.27383327735640250	211.40461247370220121
BCL2L1	202.89709405000698439	349.92931389156950672	180.80216172306899125	190.23637235069188023	212.33952296737990650	120.26293257596024944	214.73968580116815019	183.93369170760018960	300.38982946013533137	223.18409857090543369
BCL2L12	145.27725733043320133	153.90163526873899968	127.21700126735493086	207.06020287604803798	115.75566165052917711	120.10732671897407897	421.67003049563521699	152.02090282871688487	144.69800304121767454	121.91620162026755736
BCL2L13	144.07007556442559348	165.23710326244864177	177.83282870404440246	200.05615886845407658	111.39378819092004846	91.47675559801176348	184.97780857518444009	201.68346989195669039	157.05991258041879632	127.25909530496825539
BCL6	285.88619253187334834	570.64365573421275712	303.28738744833879082	309.79877469935917134	754.83968973636262945	258.72227342777642889	257.81953110677227414	281.65230748437119246	622.73039764270095020	522.61056135141336654
BEND5	92.09232360489124858	48.53151686476176252	53.44372081708160493	90.45061143463776432	165.63741038143450623	135.59863988071231233	61.29312079336365571	437.63948008991991401	52.01748272090259917	83.71998115790557904
BEX4	421.50665536694833690	374.75040508950718277	336.16058682596263907	535.77791696622978179	318.89967677477341113	485.86623193943177057	194.82813111182835542	377.60518806812893899	354.53719088583522989	416.21773382629964999
BHLHE41	821.25858755195554295	188.74600897879702188	1114.20462007625155820	513.58221293936321672	605.53557380745155569	244.02299086418022966	413.41537084901040089	713.62546112775123675	185.63764173026612525	167.23033955702354092
BHMT2	226.22097902955496806	47.59632639079030270	216.33618996724922567	95.81729495471080327	213.69101212673803047	269.06998320573779893	65.12923460152802591	200.51268418503519797	46.80243987008356044	136.14025683140170031
BICC1	1114.01254937447288285	269.55418065886709655	1051.93704963183768086	516.34801506473388599	1193.91296402825832956	1376.01406700416418971	782.23805217438416548	1071.67060244838899052	249.96524216380421990	350.57451494251336044
BICD1	281.74835878276815038	256.43157753573956370	189.88293058902152666	171.67300328959436229	374.28498570269283618	94.66248513816657351	159.67168914105630506	233.52703986711071593	154.61076228456329318	148.61188710345487607
BID	256.63384813473652457	239.26391694720987857	372.08943674675072089	296.49273947307852950	216.67668401474682582	160.00915745277939095	249.88167538966453662	216.32450042482940944	107.94487619017533575	114.49302525658330865
BIN1	262.92756341573903001	340.92195611210331663	304.91191397160122278	412.49691722252896398	245.17844135352891044	784.53181221031854875	182.62792984244893546	260.74634761165015107	240.53385727193790444	273.19976746839398629
BIRC3	410.67433143793635963	260.00093417424722020	1524.05342803869666568	1063.89083778190524754	696.06931447297461091	52.93953954799344785	504.12294868869952325	419.10657500131645747	355.98412887035743779	484.81157459184186109
BIRC5	42.97146131472428010	39.67833532025638021	27.51798584453199581	38.96889328456403234	0.00000000000000000	0.00000000000000000	950.21593077825104956	40.76474318431258581	34.12063507990631450	0.00000000000000000
BIRC6	340.25149605750004866	435.51364903425667308	282.39007543889795215	456.50771140849877838	685.55786575562319740	299.95229021316771423	315.21582351568054037	335.95255979221951748	425.29541011410623241	349.33390539435691835
BLMH	261.93825606856967170	222.73188369558283739	228.51867203350886371	268.05112947998588879	167.39060827770742890	153.59942719592731919	228.20408080196051515	177.77833765267254762	207.06941254485386139	162.68544976070174357
BLOC1S2	458.77597566005977114	327.87538129397540843	470.74061112840411170	413.40350981903964112	351.19848966083583264	354.60639019860360577	511.75930439569623331	447.32417911314792036	277.24788250515587151	281.20900189396814994
BLOC1S4	334.98950594310269935	269.41271143465246496	325.31243842725655213	291.69296016885783729	152.11733909655552566	215.99355708721819269	268.35739893515415133	297.85990788228366455	262.37660767044428667	221.92565813600901947
BMI1	251.48571276577831668	207.87778663069315144	192.72603402030816255	221.27651133929018101	280.24612584013988226	210.89930052749909350	188.75757200921066215	185.79852497375554776	224.64829552876975072	194.71085226535109314
BMP2	153.91684967685395691	315.50924780623495280	178.02787318133030681	228.56028511102022094	222.55482383775424182	87.70743705717333683	168.39966034790626281	103.20745756428732420	352.24276474278195792	349.21735277047974932
BMP4	222.03194786823388540	116.64117903616450178	187.12342352109675403	98.24994509257483344	209.29419950855816523	313.60368361126268155	107.73303294757971571	156.10563846893683149	122.35388603665023766	327.21957793876663345
BNC2	790.55030407631602429	161.65243219119986406	651.72327220077227139	398.91182658782105364	672.46712631011303074	460.44024537370069083	537.50037595606556806	466.50597652059019538	151.17602156939517499	150.70959374681814325
BNIP3	615.66455092574312857	438.00382554588924222	329.89879233638663436	722.55518387342158348	1369.83155153577035890	453.68158645881970870	709.04894202122181923	3808.65428323849073422	419.57607188163120782	307.06649018201727586
BOC	478.87215647738264579	158.12874539741022772	528.44039977485556392	316.24270017427835455	509.85058747392412215	957.88263587225026185	195.06764949992748370	436.70748935066444574	141.81740424232711462	183.14093529150889594
BOK	221.78308225038512091	133.88411899571602248	155.04908546617926390	159.31972911894814615	158.01186071392655208	73.46241294270546973	203.85488774402398349	289.04120656345071438	121.01330406826475894	137.04088240917295138
BOP1	196.10908919106930171	276.85280909325706489	178.06478603815853035	211.00991224319693629	133.96640329848511897	88.50850595686058853	246.96776708788982546	176.13644989995540868	223.35142689926004778	176.33757019401812727
BORCS8	187.49618471905245087	224.11353446534366185	181.53137327940581258	215.56035184261688187	157.60911843631782858	165.61042884828302135	247.65639825528199935	161.66905989770606311	237.69309075653330865	148.87424783585984756
BPGM	326.13878998034238066	224.61745042601515365	364.90757703297668968	287.21752382070815202	150.39224696953320404	208.25410784150287213	314.76491988833777214	241.07255455176459691	212.98269703116440610	172.14076144409762037
BRCA1	38.60709310910214498	48.87908882807340660	30.32998354876107427	60.74090091894166932	33.12993530737222869	30.22735069164031785	255.01533922590837733	65.72560879691754110	36.53105675209177150	31.81407994709293519
BRCA2	58.93992919374817774	70.78200829387709803	66.27383887275213681	124.67162714249332112	105.99650358266782746	2.83066950183330812	337.49364313504429447	73.86902337668918506	73.64260210632924952	38.95565535395523682
BRD8	162.27756778274371641	239.28409769324295553	127.53380025121266783	237.36464888750737146	182.09005605031296682	182.11025183849562836	257.02626524787012841	133.70316640055216340	226.52709874165645942	186.25249641617801899
BROX	248.29529861264987289	284.43914217531846589	217.07105159158200536	339.59720536110683042	260.72877910992917805	93.51086994612313674	190.99838933584703682	330.75836052496066486	278.57377985887870864	268.93718129086300905
BRWD1	294.69529572730482414	373.43984200446828936	255.10086113562411470	342.66040724061048195	489.97505019885312549	207.59574390169430558	199.43021016586683913	324.58783478946742207	380.23487962881665680	321.56757871943307237
BSDC1	287.98982399549180400	367.37394124963037711	270.67006874815712081	293.05247365486042099	449.61097823963609699	195.29370830938421477	197.54878683017034291	327.50948151630751681	321.39865299228483764	260.99883432730530330
BST1	261.11924143167476586	141.78076725708260142	209.05744319746273163	220.60722009149597511	80.90634087851523759	242.21837277592584314	282.05833686504888647	171.96035230259442983	95.97412215838306793	385.16711709474770942
BTBD6	373.60927540389269552	301.95362511227006053	328.38306400658149187	404.09737743463500692	247.20261201861171685	258.74722795347202009	500.21814321671604375	356.87142550596394130	313.15895861679797463	245.82401582322000877
BTBD7	370.05494684212573020	561.69460800767672026	294.59823947014461964	336.75707592039822202	772.34598578677605474	387.18063369071290936	273.42322114411257417	249.25275767905054636	688.86848677503871841	635.22271427838916225
BTN2A1	173.83720318870626897	262.57723276723089612	194.01700984028033758	161.47175819856897760	195.25251875979807892	134.55754855282336280	182.72736958311531907	193.35780693362349325	269.12563835983576155	155.64661053048658346
BTN3A1	214.24378575855263307	264.66205050791319309	258.25890831853894269	188.21014337656842486	186.48588110840935883	137.12620641811875544	165.54378427929219697	164.36340767703006804	147.50232768361379954	107.67104936461547027
BTN3A3	188.93649815907278366	241.38795487283243801	331.55369967789022212	184.45368489861809280	171.09216697102073113	104.77631778807035801	176.29123575703266624	125.94475205941755291	141.73540017293188953	116.32874154101185127
BUB1	7.93900834547396617	7.50822521468069404	6.62162773318389597	8.57809844378147623	3.31859414256253205	0.00000000000000000	158.36167181021181705	8.42997872267277870	6.26399923672124892	0.00000000000000000
BUB1B	7.17497535795454144	6.32192552285183940	0.99127088302059652	5.72917540851872964	0.00000000000000000	0.00000000000000000	161.69648667457525448	3.44730010852365210	5.04114240111852219	0.00000000000000000
C11orf24	429.85909152174565406	230.90184119860066403	333.48670057603021633	257.87689574306000395	219.48539378888426654	236.94186137910980960	654.40595350991043233	291.95214990385358078	260.35255940780649553	179.43881093698007589
C11orf68	321.28833031344515803	258.72974248617936155	259.20891870721675332	296.93747600532111619	250.67257276935663413	227.88438853536314355	258.77323365470709859	410.11174034545445011	242.91936789371646910	201.93573812320221350
C11orf74	231.82589068933484100	230.39690717057686697	207.25195395141187760	160.42374083148510522	75.77472012672127732	178.71825299165908518	163.03180558482276297	270.82315280247013334	199.27701715894019685	200.83657294277492156
C12orf76	220.72483029223474205	174.29325714937752423	192.67346824275239214	206.50803221766298634	152.35427665081630266	141.15462779337786969	130.11037124594633951	270.09182149256452021	173.43571336632442126	172.10386304800485391
C14orf37	266.44235124395697767	116.65841981607087519	173.76252883128609028	166.22350463470274917	122.86010832533476389	161.89102550773682765	323.07621572044973846	164.59192823181805920	122.46958468546883125	110.36503033912092064
C15orf39	94.03924206870529190	224.50012293699199972	77.33886854765943042	157.15807313106634524	90.69340351283109669	72.65155311399900029	104.08985030261264626	82.43232336012498251	184.68045857544447585	100.10141125164345510
C15orf40	213.94438532316871715	230.51177758865429723	162.46414809598888951	274.39594869928845355	275.02394252546514508	169.08074786872288087	335.95662834945301256	207.35228403207395331	201.76859592988930103	216.47821184088354585
C15orf48	153.15529433565160389	140.48665917666806990	168.30318027405144221	618.87744972325879189	336.09604215366795188	26.34140123012864265	237.10976009651753316	623.84748859549210920	146.22180286043075625	210.29542881456305281
C15orf61	436.74112891808755421	288.82533401149305519	328.66016833094369076	356.55874483474212866	277.12536889397773621	495.07564728597594694	240.90477541381793003	473.77534735231199647	317.72006189365725959	223.48080864974556903
C16orf45	231.78076323449317897	231.52484846093801707	189.82429225564192166	221.28250598824251938	167.80540982960775409	261.88342935547871093	207.48329365527328605	305.89604181683381512	399.65752634299587953	226.30394596751381187
C16orf58	250.11347687735943168	196.78865578410369608	186.24341419789905672	199.31143288391820079	172.34029223764648009	164.57400441631043009	196.05432012714157963	237.17525559110285371	177.63631842495766477	172.50600108347907735
C16orf87	250.28495442166598650	179.80630830225430827	192.66635692499335164	199.55029003763684159	173.93162249275670206	123.84293150379410520	263.44457253775823347	241.14869564541200475	194.75387014662356933	165.27479620775645230
C16orf89	75.43115728869440773	15.59090910203741664	99.19965641571495496	25.69217044061062438	48.17146247270802917	381.59767985945592272	72.84750260386242360	78.55117679033864420	23.65053923219822352	19.68206045804524251
C17orf58	154.49700320023376321	170.88235977056149295	202.41824823935252198	134.69168927270814606	225.62627400476824846	454.97052408347047958	212.72905281950662015	246.50314685704253748	157.42930543825283962	120.70584683078988064
C17orf67	145.84138356552978166	188.25364836453152861	222.78740833339756477	189.44851822221929183	278.20483734145443577	106.10417546061844973	91.11854622378785962	148.61381812536794200	166.90610082999486963	138.34788156046883500
C19orf48	280.92325826353851426	199.34409816697902329	210.69300461571245364	202.69816287657553744	227.31573617543736532	117.85853242177790889	470.19289301759653199	294.47101939273437665	200.57177963889014904	214.30685782771362824
C1GALT1	262.56220530955476988	155.82261902817816690	339.39763048155322167	346.30166359664508491	209.20120903441033988	344.31558212519530571	361.77467849836648384	313.55088676180173479	187.97269949469654193	254.24097633961278575
C1orf131	238.05854685630848167	246.98958859939062904	234.51599559405096329	310.76338594618283651	173.72418282174635351	156.70453604454701235	213.26856336142199666	205.26122478201105537	208.15897064904868330	131.02199158658820011
C1orf174	199.99161381514667823	196.30902679608962558	168.12291064807448038	165.13487345724533384	151.70690645697482068	183.41575138975215964	235.30519639684163735	238.02786564922826074	188.65490252077310629	184.11867771921649251
C1orf54	307.05990177910706507	788.98655872301060299	383.33858119572232681	484.01265791851693621	218.48288896099737144	299.82946807805927847	435.68614680498484404	260.48970522754473222	499.55328375492024406	434.52621526341738445
C1orf56	204.63801299141141499	214.25779572959649499	215.05826110318952260	319.32989719755988745	190.90064986887196596	188.33914482385873157	269.83996397950176060	230.42121961364213689	189.63962066815184926	159.59226481568339295
C1QA	94.89294262218072618	127.12346095946868729	139.15162106161787392	744.74620610599060910	209.27315419825666254	0.00000000000000000	73.49002828749864591	136.53170662017467407	122.85991052732157414	85.92388042691214878
C1QTNF1	412.62767154611162823	1126.08944755821607941	416.37606309454781695	621.74353224249250616	418.91931584652638776	69.36812013937542076	395.35965804080785801	346.47464890241121793	1764.17424807780707852	1123.52248048344358722
C1QTNF2	81.99910745677973978	190.39963222756267669	72.62892084509722679	130.66931388102560163	53.32873444606147473	108.21348165210677905	224.90586522445664741	64.88555599583116873	356.22550448584911464	65.91686660334389103
C1QTNF3	1629.47658175202627717	128.19216258219557858	386.01976181099246332	362.28953678151020767	177.05821051998950111	1121.79299536920825631	536.27106927083912069	434.13083864687911273	180.74126475972391859	17.19092221531283116
C1QTNF6	583.24842194333564294	479.85237462787046070	564.49279230712670596	269.09144501972804164	269.46251258344898361	169.07163838741331574	698.48715319976474802	283.87386713167700236	254.23902193003874572	177.71182597106428602
C1RL	293.29099978892878653	179.63506545747179644	338.56848846012110243	198.30350032851052333	374.45431803071863897	392.04380579323037637	140.88441615449019650	307.06743545454656896	221.41976609564204637	396.96859641253013251
C2	516.78727619987819253	729.88349711127727915	842.84702975589175367	390.85728615251332485	313.65915238928340614	878.69103004353439701	284.03949315017490562	396.72724109934353010	386.88435895097774164	357.26947258290732634
C20orf27	284.68897967283589878	1047.01604179368746372	244.52694602395098400	591.44980574713781607	243.46960683580027762	146.75284381277839429	503.82779312345468270	346.28098798428760574	431.11987592752865339	727.66743374009377021
C22orf39	215.52872839661668536	234.36198972978385768	180.50013373114154547	238.10152177082679259	105.82777175097740496	167.44493385962400112	282.08722669270969163	208.55782260158332519	279.71103883787912991	289.44156022660877170
C2orf40	92.89246468447457517	200.79402639202987757	103.02243558942757318	192.24452561742290868	80.18087155221549267	0.00000000000000000	86.30924938832656323	97.13222894471965674	623.38454965704113420	1717.89334903398389542
C3	5255.64250533174435986	1084.81503179073661158	14368.67757968267142132	2823.10492756243502299	2959.96626663171400651	17771.55389853725864668	2792.82915818288756782	4758.19269661986163555	1202.54548791349498060	1936.94172698042370939
C3orf14	216.99854923113042560	159.06608511471424094	224.15833808629221835	244.95884902928625593	113.09549806505108904	95.57591929909615658	466.70680136707113661	259.95664763191268776	173.27524367982894660	150.88187894005980638
C3orf38	185.26465484282311991	225.18383879037185125	243.76752473364624052	229.60839685574680402	181.43414913366913765	147.25637759162916041	203.20742392900734785	175.63708388075136213	227.81580923017318696	204.14008729095414196
C3orf58	218.07099707549804180	281.20493408550510139	171.36937022625809846	248.74917949546352247	442.09305376592823222	197.09847155742127711	146.91440995601337249	339.98372599277962536	336.54436152839161878	429.97411165668762578
C3orf70	35.23063153885404830	185.61703094649172385	27.92817209824091407	84.23137892824851747	30.86573655496713187	0.00000000000000000	47.20287997606603625	30.76064924070811202	232.05545070943989572	71.57744449666195408
C3orf80	310.04217070774592457	197.45578790223385113	416.43013368963579524	153.29917729181204322	106.58471449448765611	0.00000000000000000	220.05981369945681081	105.22539480029695369	85.68117663925792726	34.95727044431570363
C4orf33	76.85977203060095064	204.99908854448781881	93.90475634515733816	108.45458778646506914	120.09502029301312120	83.24382804005820446	110.84965367207237819	85.72560532473173112	141.50571820626063868	90.81741400412032306
C4orf48	1180.72309206212480603	685.51097991673736942	1153.70591620781624442	1049.37212387135377867	473.87462286901211428	422.43515388702257951	678.16632950593793794	958.55132661151526463	390.73088475409247167	390.54753615471236117
C5orf46	346.38970347604157496	81.71391901836281590	257.38994813085110991	227.46399052556620290	172.51583742543928679	5.82190195878708128	339.60242773311858855	468.54114701197465820	96.42496902732447950	28.52700851942394777
C5orf56	229.84101452691569989	345.65942730895227442	411.04396879853953806	241.62189081933249213	331.03199132794111392	214.74446866307116011	223.58126370426668927	231.40991767988367656	243.48564825782054299	304.98570208548704841
C6orf106	173.16117438698532283	193.57049545868372320	174.53623145236403502	221.74663095552674008	238.75577824880161870	172.78929562272924159	226.46951433403881992	162.80417006524535850	217.48237419169061013	162.18340795005022414
C6orf120	220.14425269997911983	183.43505101482006125	195.81773847266410371	130.92905756373747295	109.74197609946811838	208.79075602141722356	319.01408114892058165	226.69606506545460434	174.24708632724565405	208.09172609209679194
C7	374.64851204477156443	144.33187700946308496	786.78031072796511580	262.74689971187234505	639.07135521962140956	1498.15904317222407371	112.57135651822510169	549.64172543959955419	270.19618559696260718	2869.81309622972912621
C7orf49	161.49391247297873520	144.79872596824699826	132.88262812082848541	114.80013443874631207	78.25430052920371793	100.75741864803069348	212.32942405338999947	121.11712909514066894	138.02477604544225187	109.78161946538398297
C8orf82	308.36736788508187601	298.36839679821139271	294.14739783607120671	339.95399515695032733	311.33832079595310915	212.77468415337713736	261.65515138618133051	408.24154322290178243	315.03977306582106621	279.07357782509154731
C9orf40	77.86715866949451481	73.23045267256365776	65.60844029970544966	150.03138488220838553	51.90970268708767321	83.36235194256789782	207.96048477364010409	61.10177764865890282	72.91730328395389904	57.09652523100793076
C9orf47	77.78893103435419221	243.86875086285888869	112.38386073432025114	80.05877126324267579	403.47951574362667770	35.28358289174138918	89.52881530811332311	101.37960839432544446	191.85577798712333220	125.93411636150885613
C9orf85	152.61247898032286230	234.11262715512836508	133.56166294691445273	204.91955034049348683	134.76428142965184520	147.32397496694733263	320.34758219212244512	158.47695196353257074	229.98678422308387326	178.85636059592644642
CA12	403.54407519566046858	190.70965210614653529	346.11014660621287931	376.49465187908646158	1310.84066178248508550	172.28223886021018529	282.48419207195354375	1507.54497432415269031	200.50959780226580165	89.32848628942043945
CA2	43.80572999296115455	208.37980421414070520	23.45657234114062106	127.57115113425716402	56.88424972066345475	9.22948861791594055	49.53883860233386827	73.33819630978163673	78.29179386546240949	46.89051558783728524
CA9	126.91544698843567573	41.72354945106850721	34.59474917530052807	121.50757520837383652	504.98471047481268670	0.00000000000000000	116.92409004954426166	951.50677391056217402	46.81280625610727952	11.45018045891605851
CAB39L	71.83437387714285194	65.56022999792784844	72.16030857408294708	105.06882943175220646	135.89874051455939252	202.96087587484612413	56.49796344201591580	122.17252687161312963	185.50933630359185145	176.43677765002581737
CACNA1A	103.85169521244168322	173.19428929506386794	111.83900182903965970	91.76060982222607265	137.52024851892460333	66.32106609663783559	83.53150680633250147	66.84688068457009535	276.49041484397628210	75.87552328597058704
CACNA1C	163.73772773023807758	363.78062832730745413	120.27650286050968020	121.07984342237972442	344.93487718713129198	85.34865492075792304	138.84601193614869885	110.65904906385596007	325.80597737041324535	166.07624184481701946
CACNA1H	50.34154180958802272	316.13058344517338583	26.57610651792388978	84.75876679267481961	143.93992836352566655	0.00000000000000000	62.47606522150339003	54.15982497525856587	365.48048459195734949	66.99065896329177860
CACNB2	32.45921840988841467	203.75703807464495299	21.31367552932608689	106.76277094982322069	60.99214329674020263	0.00000000000000000	47.64451174352716123	30.68278532503642708	204.11950275507439301	17.64380216328340367
CACUL1	210.82816270134782144	267.92374934064685021	173.21045202029247889	293.48342174023247253	160.61835086437017139	156.88291190424519073	173.33862452272350652	254.11496569913759913	271.16805483637710950	225.14026909507003893
CADM1	485.21758647907097384	506.56035811004301195	125.19184529254151528	214.84707965337398150	342.61632724092106628	92.31972138927432070	282.11831678375665433	435.51594790040792304	177.70661836150503632	170.06225500133686523
CALCRL	56.91672260763183999	155.81236380802980079	53.74762385287460376	219.81434374872398507	86.25809206877040936	82.02872975211802498	36.65777395836359176	30.73485836042648600	210.82885481475278766	282.25391722992270616
CALHM6	91.63746487023217924	102.92000346629453134	379.81211006174009981	172.35771291338733135	71.32932899064456933	2.87314234076619979	179.24554431149073253	165.99987521507404153	48.77573896238241247	107.15309461446109651
CAMK1	171.74594200935487720	383.82124705877311044	143.92244212885512411	320.95653180981724972	159.06091239965473960	194.53584945291410691	269.37491207045485453	303.30470324250745762	404.60147408633952182	217.21829395772437010
CAMK2G	201.79750793087458760	275.41136859447249208	137.11162426380499824	346.77285634720692542	227.05728539219450113	94.09065455887322571	161.75287439381480681	156.06804744880940916	533.24948403689370480	158.90619427278431885
CAMKK2	216.68459577502304114	248.78333742596953471	209.92735941055727267	232.21451824102143746	182.37190923557758993	163.07839775604358579	342.07630035352747200	177.74346917397323864	297.53638775445296005	284.81419989388211889
CAMTA2	206.30263506895911974	120.31339549007728351	147.24280293672001108	284.55113862199976893	212.00846212528267642	74.14022618205463289	109.02355802304921895	317.72137297174850801	130.05600533720956946	85.85919327269762391
CANT1	192.06915705367160285	167.62228484843399201	184.80806229304300814	203.28900365481720769	174.04492806504117652	97.11168301830757343	325.17704820250719422	158.80871587122297228	154.11769732455709914	165.22803741937883615
CAP2	78.22450506712463891	189.46515298818511042	48.28680993454537429	110.24431099384121069	112.18595500995928660	0.00000000000000000	97.43067667755434513	64.17883690984646705	483.12933952240973667	96.91693791381514700
CAPG	710.19185263859606039	231.17211441885876866	559.00580352155941455	793.00824211660233232	487.16195925730767158	693.46419949249047932	781.78912030040430636	981.16566507592187918	374.75084466053328924	232.71114344410864305
CARD16	119.62995746768565652	288.25030569213140552	245.20458083653042536	263.25112970026941639	127.68037255396957619	31.86605543984352096	82.90894060407170230	111.34242628142288822	140.17397523574945239	105.78549215708741826
CARS	253.69189366071449854	259.38723112222010059	199.91143979658909302	197.16320360225324748	213.71079246912373151	126.37580595637174952	187.88375561325028684	341.71623808610598871	258.49221270048741417	167.28755807934086874
CASC3	191.69231012453832363	271.76347244886159160	188.82528320331758209	250.92035103701610410	268.79858331649001002	242.02758325741220347	323.29126110962545226	243.64925944421528925	304.48641258183937452	205.44645253991626532
CASK	342.34191712299440269	226.89233297012174262	251.55328947603692313	270.77567987052304943	387.14017545833053191	246.87700902034916339	613.37824285481735842	381.70128021564380560	226.75702249062550209	104.37187394393264128
CASP1	124.75307350824664354	160.95931960056356047	280.98964813754298575	235.07174458080643831	102.02455983130298023	108.07408086887461707	77.10814485595720669	142.90653450397030610	110.72140783880620063	121.72183328403770020
CASP3	243.89707794521279993	450.29612174469224328	192.47069980200703299	351.75375957639744229	291.39914666450670211	257.66778124050887300	334.05975223924662032	202.56618765314706820	418.46235900180994349	315.08201349439679007
CASP8AP2	204.26551538944832487	231.62537444043709911	204.98378325208062734	245.68104704712922626	221.59972769526854108	120.99409084813346738	445.04718929704807806	209.45937105789187171	248.15070400949335294	243.95195483554363136
CASQ2	50.85602016756682531	326.84829162511954337	40.13599419614472197	168.55358789788650142	78.00730628019738333	0.00000000000000000	58.21140997836602082	49.91356036517872496	748.81346779682360193	4.23953189278588649
CAVIN2	35.87292206977292608	155.14775795393009616	41.66112795782287748	127.93174078779708225	54.05432075110039847	3.02096422132675002	47.51255640341211972	39.93513989297952094	145.08433207138330090	409.38604594342916698
CBFA2T3	30.03559242590412737	209.55593211034593537	23.49306886796988536	60.55340646439164942	43.01101913762465756	27.58407370788638957	33.87061414990893127	33.05700210527992056	174.44281031014401151	134.21910559368609483
CBFB	239.74933175296706622	199.09485178862684052	209.72737059308005314	159.00407569705953392	232.67834730822931988	162.96010270210339854	379.00179623383917260	211.70229998592148490	171.63167449675387388	188.13602901008155754
CBL	124.06670781121820824	262.61296640215476828	105.30362107802940841	156.67933902395310497	209.38352589454754593	94.12903364251495475	177.09792043596115718	70.29357748133625705	248.22300183904150117	165.24959654273214937
CBLB	269.52719481897315745	305.24611366598651330	288.30196440246089651	373.86448845192728641	693.65532118884607371	286.25519796187376187	290.49540372213226647	267.27473389114379643	218.91389677689016935	187.03651444789082348
CBLN4	28.31714893240614472	252.24422432676644235	10.32690432632341704	51.60807865234695413	13.29530745330787589	27.15985651185791738	14.27722798986541797	33.01845028225558565	32.02638621296540578	0.00000000000000000
CBR3	312.22882706122402396	201.48129076832293549	413.28145185003148754	315.82001852024041000	153.64035657735846030	642.55148143217093093	481.70602790415239269	313.02470293796147871	312.36278443772283708	341.27387170309992825
CBX7	96.95517061556257943	143.26931196867454332	80.84916304947570609	134.21411868912798582	231.20906296601941676	105.69939834474018880	77.88367887035551007	165.72207751493434102	234.01932897590484117	207.18755067342786447
CCDC102A	230.32535807826678820	219.70594793451573423	218.07965485070079126	183.40739472147845390	136.70086298149880122	228.97663061692119868	123.92946582999367422	166.92818794300603713	279.91338795197748368	204.13583401269613660
CCDC102B	471.73614165093692918	2485.96892198613340952	326.15587187732302255	841.85050742564317261	884.14416661597942948	7.69894581614648299	573.64188216308127721	444.95895181880797509	1063.77563894800005073	1951.63171728637280467
CCDC117	197.38985842568089879	298.82636006147902208	208.80889558444800969	210.38880636785162892	286.17463418252424390	126.95439709232671532	252.63716395171059048	191.98762975891327187	279.54973837126033231	208.30295843915791920
CCDC14	290.21900808355758272	271.67228624963024686	266.72474041972446912	207.55156304320925642	662.44973279338171324	191.12145786419270621	369.71149004430492369	249.25168122067324816	232.88354514610486490	198.22010881242619007
CCDC167	341.34683983269809460	277.76308427320316241	268.25774561812494312	295.77993860076759347	127.75048424620732135	108.27385516200826032	541.07589587186214430	330.44666947519937139	227.01490531534872730	190.54242621846037764
CCDC18	53.64850368245762979	59.59862879723651474	49.09956781413401217	77.35590820016460611	71.32460892763876359	43.29950104171268777	270.87375592674152358	49.11519686752514247	53.56849951495623685	37.80326841473301158
CCDC186	478.84131034151926087	408.88994928243198501	436.11132098643633981	386.40148682512619871	499.19467977646490908	407.71699219733625341	294.39513051385790732	402.33657217464593714	428.62706350866466209	399.42468492249355450
CCDC28B	309.40304914440065431	330.76724155746421729	404.39912890234637644	309.42570628042238923	178.75368770611328273	197.99351854157782782	208.49043278847420879	221.06298435674514735	211.76581176292302189	241.02072311816814931
CCDC3	252.78882937590935853	545.99481410907844747	200.78659859163639112	359.43356154254882995	133.21346794510091627	29.00048142530726025	272.49914077727135009	183.26815060249688827	1028.13578482036541573	555.36820846951002295
CCDC34	230.13985573692912112	140.36571092517152692	227.79411425844955374	228.18995603897025148	111.02486980686961715	120.80959400569643947	766.18981231000316257	262.39388398974608663	128.41143355177106855	146.36993397948069173
CCDC8	247.86243764965863079	117.47343039412189114	161.95360957012437098	100.66721938103201239	169.76082560411435907	190.61961176289463538	150.28639629942549050	216.67867547247388416	77.56808438036874520	79.88107671801176934
CCL11	801.18600680148506399	97.67004133415927924	2195.81699035548308530	458.22598384092623292	65.98471222735649633	0.00000000000000000	386.64567013693283570	356.46724122521561640	106.05205928392864223	51.56587839184592070
CCL13	14.77683693373349527	32.56251388515960343	35.55238149477459331	20.21856814355786369	8.45694795658547349	11.10941531471533494	28.91591961408874312	20.78918466483859007	18.63307902620654488	833.71891553797593133
CCL19	1304.59389610181256103	1723.89206524378255381	22676.70989884609298315	1607.09916464991579232	372.95113054639955408	0.00000000000000000	4750.60173297909204848	2665.91582624674174440	1397.57349372362568829	53342.33264961755776312
CCL2	4807.47088282186541619	6956.26702298908094235	12356.90173928624426480	5604.99621718544494797	4126.45456916280545556	8772.98765025743523438	6750.12125812763679278	3259.52428116995179153	11730.76095336495563970	33884.93598849233239889
CCL21	147.19563854015703441	143.51671551295467566	502.92091018715757400	243.96736518462219578	84.13355491226162997	0.00000000000000000	594.23775352460893373	293.86594707858881748	160.46941708349982036	11116.22034323919979215
CCL26	348.79650704114050086	457.02611137056584312	374.11959935619029238	148.75322631788208128	128.91571413934090629	337.76955391023250286	130.57287760026932233	273.07830660233923936	262.07713537219143518	622.72392253733801226
CCL3	439.82369380572208684	791.99941703997274089	811.44784809162058536	1979.78876388000708175	745.18509652249576902	0.00000000000000000	567.95041859777938953	546.03408000873901074	520.10265341037279541	383.98323222575737645
CCL3L3	144.30605975837843857	191.54341211098824260	139.95784791460630458	770.16648858778626163	221.41327246157459285	0.00000000000000000	113.09272854335617353	153.85797214415578082	161.73312972025527756	179.38569928435484258
CCL4	407.23805811377633290	572.91816630435243951	450.64505413527933797	2514.18384285880483731	704.02980401203637939	0.00000000000000000	426.87176640131599470	422.54803283241290046	445.12414827673137552	364.44548481652452665
CCL4L2	210.97619433878284667	276.32025317727885749	200.31897097986285416	1128.92948426057796496	404.36310402856503288	0.00000000000000000	213.59059542331598891	252.40101201236782913	222.48033897254217095	214.53684849035502680
CCL5	669.20197587025268149	471.43322869490827998	6055.86995820121865108	1676.51404081234522891	337.87260888278854054	0.00000000000000000	1645.74392942110944205	937.68553906391775854	342.90065255138574685	373.59987957975386053
CCL8	150.40583213382726058	1091.96400640927390668	307.19781392911085049	395.35975073350584807	346.55180697898225617	0.00000000000000000	280.44708315877301175	195.90211009829585009	1392.13222684234347071	1954.17040849382965462
CCNA2	18.22905728719005225	15.87518706502942045	12.15859228054100605	37.75856232633913123	7.68711865421797746	0.00000000000000000	353.61656333621823478	30.61170389482822785	16.81743377115872917	0.00000000000000000
CCNB1	67.77751288329393731	64.05820232949224646	69.63361772930925042	93.77384112543316519	0.00000000000000000	0.00000000000000000	1135.79565787890692263	72.24285579428715209	65.09340774588444845	0.00000000000000000
CCNB1IP1	290.25883048159300870	315.49779117922122396	216.74767596605221343	362.74464142123412103	333.50681432254532410	209.92372580678372174	356.80412742092659073	552.25522382065457805	305.11128787139318774	262.46905739385596235
CCNB2	28.59486669617005461	29.77662934259053529	15.54836406329804355	67.42929387499070515	21.18862599909839517	0.00000000000000000	599.95313126959922556	29.75333292694980258	24.42906272735366358	0.00000000000000000
CCND3	341.52145936277418059	321.30480531415207679	403.57571460396820839	411.97939863052181408	203.58781975797271002	108.41530818533134095	433.16113824674710031	255.28425569447614407	322.31923416959477890	230.98090443356289825
CCNG2	306.75863019687938049	263.55734976358667154	276.31758745581527137	320.88730474649304369	366.16912723435808630	455.94229653537644253	307.69158655666052482	525.61335186297833388	282.07946731319270839	405.76983562477636269
CCNL1	3067.32364141585185280	3455.19496522584449849	3267.01316697491529339	2864.64153995004335229	9031.09825172170894803	3685.14302448688022196	1988.25747261468200122	2729.80041688106894071	3946.62319809372638701	4451.83164749545358063
CCNL2	473.59686845401125765	557.96319972677122223	401.15268288049247758	512.93007874745080699	1337.75589436792529341	292.67511574232730709	277.12990726359146265	481.27337872535605356	524.99251947085690517	525.49279037713222351
CCNT1	207.83645429978591324	293.83270634110107267	220.08101157562393269	216.79269776765562483	529.73941002426272462	196.14987371458019538	167.42558625539786021	174.00191892278706973	302.56928459793846287	253.26612023394352491
CCR10	105.61089156646268350	393.72423993252863283	83.44328905221837545	155.11036146009206504	140.16992304608510267	109.50340072578926254	169.91823345900792219	129.02276907806410122	197.17795386191500029	69.05206662602945755
CD109	316.98858926287527993	181.19074368036626765	181.84709429123898872	267.15346261089791824	383.51146714430910833	365.31539453735507550	380.78294957130549392	299.10488653412437543	189.76454901715661094	189.52108839282388431
CD200	262.61674835797521155	203.94473650034279899	355.06240472917460238	187.03318207367357218	139.11850638892886423	58.93276106099132505	125.20384996119861398	138.92209144193753900	75.95339090709565255	81.18728091156037863
CD302	332.24364895397502551	270.76083802042268189	329.58949761699034298	259.03477061954612282	212.07658937744673722	624.71840613897290950	185.20360121557311572	253.58714432462483046	273.31543849641508359	584.66484844304386570
CD320	278.14026984514214291	197.86332228524406673	281.12231887650170847	308.39130617844210747	235.15388774037089092	252.75200839808377395	547.44602174261001437	431.35582701321436616	256.49402804780015686	299.18790733203888976
CD34	177.86325438550628064	108.37737115554037359	228.09707829076586449	350.33973315399452986	208.80123990412062085	1058.19889861665706121	75.93691372619629476	226.68465577242412223	95.82670830601288969	46.83176371264535476
CD36	135.14670964136769271	1656.94656996404341953	145.59740986810729169	585.76111769128885953	310.24868734022692252	0.00000000000000000	482.82848631753461177	255.14998411658100963	274.92887456587629913	728.23356350288565864
CD37	49.06234925668318425	54.26839439699107714	55.38210144036499827	484.31302520640855391	73.55368776301504852	0.00000000000000000	53.26978449220492706	61.69171716602351552	58.06795952074931222	0.00000000000000000
CD48	42.06453169114923440	50.61813034893870622	56.64880297808328891	316.74390229816179954	22.08632883991650431	0.00000000000000000	36.39572614626148805	32.88713627566409059	38.63851733420222700	31.88791026482374491
CD52	41.09081114954205560	45.68644168736848599	65.82620618014627212	357.78848747421329790	83.43617605472923060	0.00000000000000000	29.50348509808839026	99.91876804820770985	55.76757740240502415	14.98575052006908415
CD53	38.13386189714814378	38.50472776420758692	31.97799699322261802	301.02896883895414248	57.01782426381468838	0.00000000000000000	20.30050026959651532	71.71866303743405524	47.04760755491329149	14.75445875643705307
CD68	409.04683024043794148	243.27873143369887998	638.04121918029420613	542.38232248062456620	430.07845410601180447	508.62755097145486616	263.24945590650349914	789.33217790617584342	192.31915791471388388	419.01885773194163676
CD69	154.69942061607378037	149.71650990032239292	172.43091004536080391	1444.58446467100202426	290.07681097617870591	0.00000000000000000	119.31072545791121797	171.69158506506656181	185.57203530271468139	77.07127327742394129
CD74	1051.01913094129463389	1006.82766992190784094	2646.78494495877885129	5789.22918167669922695	1298.01541523386504196	0.00000000000000000	922.91676800100492528	1267.63574083536036596	953.60927384021579201	675.17125468019742129
CD82	503.16599598251326597	289.64447794510340373	821.09299657952692542	477.32842659482525960	481.90789803897450838	251.65237237279302462	1008.69897474609081200	550.23315588637842666	417.42341741161652635	297.16761372847088296
CD83	922.28729339433039058	657.16106275041568097	1240.53030095938311206	1875.78490229829958480	1012.81573778128108643	416.24111333626569831	600.95814037243496841	594.77892779721310035	622.29545314520782995	642.72346670792410350
CDC14B	156.13446951254709916	277.59842004086516454	137.05814011764368843	183.46341588708784798	216.18212755325913577	153.09709237428970141	84.54629712931669872	169.15968713703747994	270.53493035243423037	176.26019419765535190
CDC16	249.56430625002082024	198.64175499429310889	203.37909232024526318	300.71769562140457310	274.16354061327706404	158.70482305405258217	265.06098568532354420	379.30097729216902280	223.19491523646397013	228.49803090354072310
CDC20	29.10024277592827602	26.56423509287206386	25.25319775641066045	45.13165681818802710	0.00000000000000000	0.00000000000000000	540.94024074650144485	49.99462908933034555	34.71920066908030833	0.00000000000000000
CDC25B	98.97941161618479100	87.08085828768805925	115.44062764022420708	114.58245770676514041	140.36718531819840905	61.32226019420155438	302.24624693083097782	81.17077636813574770	107.08173002858839595	84.22618002146214167
CDC37L1	245.67086276671511769	236.45006173070402156	226.79475664482961861	186.95673177938942899	304.44354549824805645	184.39793779157020026	200.41595514524058785	233.90085068338791530	236.57480833362544104	334.80983070088416298
CDC42EP2	183.22512613976022067	213.54606916938035965	289.37181929034045424	197.89795154765388929	200.57251796161088464	313.92700377248416999	240.28448528657767724	209.98117309794557173	116.90029939939940107	270.97494337159088218
CDC42EP3	395.59508670030453459	122.21982573136739347	282.79767520988667684	402.48503145854482455	480.14133009467735747	84.87841869395809624	321.14901233857068519	502.73613973238229846	256.43854304575268088	312.06673400980878341
CDC42EP4	320.10958931491762769	763.43724482041011470	511.23536992296266135	530.37085749029813542	462.38533748217741959	803.36670806770678155	338.59218807195225054	304.02683107020311581	832.47644519919549566	912.49388784746327019
CDC42SE1	364.24564030999772513	411.78353559305384124	402.57741734272735812	607.05729642213941588	455.38078277547248263	147.10751216528294094	371.20523635991810352	335.22394232898597011	370.70555412842236365	305.31201472259641605
CDC45	8.72388522983578696	9.42391455145414092	6.44315175054172684	31.46223364750671436	16.15706072971225282	0.00000000000000000	153.84207731678159803	11.07015318713852992	4.43586232007535397	0.00000000000000000
CDC6	20.28425379563421416	23.52022632245190792	26.75369349333361413	51.44963899770662152	5.50506038240590279	0.00000000000000000	183.92643763539419410	27.03489521828754860	17.34983507797599600	10.82263330714187965
CDCA2	7.99817241969165860	9.16710730066124491	7.39286536921014115	14.22873201637585794	2.96301626785069327	6.64432660399640795	181.23254500926688593	49.31503832779049645	10.96194888493084285	0.00000000000000000
CDCA3	15.39971610382092315	15.02007653686693800	10.17189324726136945	18.09201416518136796	0.88102497339262675	0.00000000000000000	323.62851465606206602	13.23856023526223069	12.74816507416668365	0.00000000000000000
CDCA4	88.81903986992423938	72.34888784794543426	61.38858224677809261	103.19008430478861271	91.16447075537914202	21.93967994735217530	264.18177758596357307	123.09050163554181268	79.87397338064221231	68.34667934907277242
CDCA5	10.80005051888824141	12.32675094658776160	7.41679082494961328	27.48588658876257895	3.70843999601700425	0.00000000000000000	204.76840464755298399	16.33489251190920299	8.41561114370496632	1.43732714517376192
CDCA8	9.23353859154148005	9.29320589452209767	6.66286384653686881	8.08137419040373572	5.93331955329445915	0.00000000000000000	177.37300699914177926	13.48315819462657927	10.68017114380809751	0.00000000000000000
CDCP1	111.10931052994126844	40.75165307492182620	58.80097480943632604	102.65646850847549842	366.61242484214074011	0.00000000000000000	81.95565615298012574	649.74963710872225420	40.34761523173865072	36.68600387036197930
CDH6	121.21201157443827867	995.78099524134586318	52.03595471256109306	401.97061783475072616	203.96442793579996078	0.00000000000000000	197.77753131278086585	148.57963176623729851	954.32161593470470962	428.87034833868443684
CDK1	31.11510263830831491	33.31968446039465448	20.86955937763029922	76.71180183887037174	0.00000000000000000	0.00000000000000000	681.25481118145398796	28.18339499221474753	32.24162472406967339	0.00000000000000000
CDK11B	175.00927342614832583	245.55446076391510246	155.26278967208926929	207.83787067031795459	196.38927761686525741	192.42956868276726823	187.56628233890774027	187.39624475959863048	239.79675477547880291	195.68038726137515937
CDK12	345.25963637816971641	420.47997792187254618	332.65566519998412787	347.03896969787791704	589.23570090756186346	269.28659871061825015	418.16069913280745141	316.26966838961425310	396.53222295556997778	302.73124476356656487
CDK13	321.09993037814462014	340.64707768139430755	275.26269403919394563	341.82011791436366366	526.81457271841384227	194.22360670402977689	275.45504517026523672	300.65767937298460311	353.14771522357722233	268.95801225831280590
CDK14	370.63429803795480666	223.17991694202444819	237.77317631035299428	168.74579438671324283	271.28302421707655867	222.57830086023361105	248.65863573037856327	250.14634655614858616	143.88716787820163745	185.90320511584639007
CDK18	31.91319556029208115	160.37299539359361233	32.89681969833105057	89.26396254708303957	78.66097096767096275	0.00000000000000000	41.10937721246867937	54.05994409414712720	246.07377367407912061	47.49826077381149503
CDK5RAP2	190.31604210786443332	184.81918562492114688	172.46906484162298057	208.84771717142257330	260.02019055138612202	216.29841725736037006	465.53919042238004522	251.74230838674205302	224.35115113882022797	162.74146812941745566
CDK6	258.51716291274368587	374.05469645508986787	204.96281843323203020	269.93728608479420927	274.25059874187428477	63.70511635808232143	441.98664806682000972	238.35273996524566087	414.04287594108046733	222.02289134817775107
CDK9	210.56512106910585658	244.15575167497144093	171.78221770355889930	251.58981030428051895	223.01551829390240300	185.73366402366659145	143.57613096365815863	183.46359280107000700	291.23436494044381107	193.15038254946307461
CDKL5	273.86229208196067475	414.16209146829010024	177.32306777334605385	168.56213902993300735	224.75525017780975645	93.28420438057003139	188.46887446172993918	156.00764469206083618	231.39033184391647069	114.06308087924634265
CDKN2A	826.65069757940023010	423.34458414413631999	651.75684821183165241	420.69100081323472295	312.78981833047907912	242.64904199014964092	509.81072591845475017	590.44312421103722954	246.58004430716212596	152.27745280150850249
CDKN2AIP	243.67118287171578572	313.96239381026003912	205.10884580303493863	388.54443397570520347	548.54454065072422964	93.13201828751029154	190.44950464233957632	301.51101847239470999	419.35925031882322855	375.08932530728912980
CDKN2AIPNL	148.27900898955212483	171.55215535386071224	136.07247944595201261	191.96855391793741319	122.73677882550080653	97.94011536182212296	290.63847240233161529	177.93602316966644139	171.09443668557986484	157.76136186784094662
CDKN2B	549.09685165359792336	178.59385004009570252	443.17547048083440586	383.84433683002384896	474.55250545973456155	284.79192077504086456	256.73068628365695076	311.03319865427118884	188.00994509392512555	155.07180982879634712
CDKN2C	248.14289935961937772	228.08615149736812100	174.10826950175146521	281.89990366361894303	193.46589515201475251	336.12263760015366643	722.74837375061861167	347.15393342963443502	271.38985127202602143	259.74344102586076133
CDKN2D	144.24008194757055890	207.48645208022031738	116.55478093347470292	173.14029441489896044	123.90498686168744769	70.44583079090691058	691.83934200797739322	196.78707352110450302	243.77552203833664635	159.63489428505454271
CDKN3	82.81941249974394736	79.94583613610920736	91.39212883551590494	110.39411047104117358	2.52086784754372850	0.00000000000000000	1419.61450584630688354	77.66046577735930612	65.47064926238505222	2.55538359110275159
CDO1	195.91383615982431365	47.94811852905684901	186.67525409331349806	87.97402175030417482	82.52089293891896205	392.50830751230870419	59.06805433010932660	151.68594588577505533	49.21473925651658732	128.87359411246427499
CDON	74.56114924387718190	23.94058867429056647	88.32059988836796549	147.42072087901058808	134.24114837845183956	192.10440221727179733	29.35172296354638277	119.39441469803409746	29.49846770150889697	42.07130136285555011
CDR2	274.65538649251789138	185.86133060885515533	193.01570272652455174	276.63990041514125551	159.72311488708783145	218.74592035060001649	232.10726744287237011	200.70101735156973177	207.62205599914022969	165.65765696054845080
CDS2	169.00623940919723509	289.82193853523392590	128.12899237434999122	237.72369968088563041	246.24032886307239210	29.37965374715421518	168.09815389515807738	190.18932691122881806	404.95701261591153752	193.51435759700902395
CDT1	27.32200659350010596	26.28404135927919683	29.75553947724264248	28.48158657122134230	22.53175544433712929	0.00000000000000000	347.23195699515576962	52.52914235810341381	19.26169490398791595	4.17834137218808532
CEBPG	186.04409154135632321	193.48829146410338353	155.53220453970482140	219.71910779171810191	375.20619778078736317	188.23549963705164600	251.71677903778191876	341.57094362963812273	230.31818724547025568	169.85060510691727131
CEBPZOS	266.94950055442348003	271.91200580628787975	186.89069623148091637	290.04590489004738174	277.11106477736620946	301.34931169802882778	293.77983464844550099	397.78186858478551358	286.87543006359015862	220.54670889264545508
CELF2	549.26951622669287190	270.95129807913394870	509.48264169362442999	695.63205616996799563	712.50800907997961531	964.15146650860685895	394.13004335241407716	691.01617016191858056	198.40645318864338265	210.89410363672493531
CENPA	20.93727802326069565	15.06699392766721779	13.61253876516047434	19.89413685098127260	0.00000000000000000	0.00000000000000000	340.42366777166694192	7.02338136198073659	15.01774045134202495	0.00000000000000000
CENPE	54.35892969212465431	59.40382284324935114	54.87343861461836525	83.98547781111200550	26.93856571444043269	0.00000000000000000	873.63409399880413275	61.63787543027469695	53.28549082698565798	0.00000000000000000
CENPF	112.76478869715239739	99.61029755573274258	103.58180727407165023	240.88718012297954374	0.00000000000000000	0.00000000000000000	2043.95855932813446998	95.00999646254639686	88.52468633662635966	0.00000000000000000
CENPH	39.82808529507565254	47.43178854117017096	36.85564643095430881	61.55769748485845838	26.17265154636992364	0.00000000000000000	374.45863666112580859	54.96999063348520309	41.88038707529646842	25.99286111996777038
CENPJ	86.00911858764519025	102.07429484013881904	89.97443281619854361	120.50953143728263228	91.48187249541098254	23.65854110799836008	253.73513363179483804	70.00276447115538758	107.90976356224001620	68.84759061578671435
CENPK	46.92666623087127675	54.52080713836514292	53.33812620475859489	64.59920759079484753	45.93278543884439102	0.00000000000000000	518.94183725447282995	47.80496743758385492	30.48675418291470862	2.23036361925430393
CENPL	57.64731581430178409	73.26244622467227430	61.02253773941537673	89.27987140682562028	88.77321503961627513	42.61967521262234015	205.63405308996127019	29.42099854267332404	65.14161761332015033	36.13375490174890103
CENPM	22.47928616571102367	24.21549420268051378	18.80234713420776771	63.18289842942952106	8.68022303261220252	0.00000000000000000	416.34927906898889205	24.20901623619874243	16.49695976909280404	0.58366037418249783
CENPN	36.64684131577706694	43.86193243273572762	26.17101826449885138	37.26704408426680004	19.73095117599840620	36.46380238639194715	283.93906279490511224	61.50708289807783302	36.76213134491376167	23.44266604432921852
CENPO	17.95301593024040088	18.46008464423785966	22.94424919992787792	13.76186455312374868	0.00000000000000000	0.00000000000000000	180.84750436308368648	11.77818585815811758	12.58417141062154521	4.54080235687458700
CENPT	166.29531094865552632	213.88473109585964949	134.36101514182593064	220.04182729392789497	270.94279110732202298	187.97649631732261355	288.40505977884964750	147.27230249845194976	240.39622147046185319	194.90054268278836958
CENPU	31.02559900512877533	37.30230887058415590	22.27898614735730831	54.37258686481416703	23.73622119788204898	0.00000000000000000	392.69900008113773993	31.07646807297330227	27.74163118324050714	1.92298855368471044
CENPV	101.08320228102817850	64.66228775218381486	53.25512623440044990	69.62097184076476708	40.90558541256495317	30.27197090208055741	254.00161915693669812	115.04442169701584930	98.67793191579093559	85.06565359982620578
CENPW	115.32726398518441613	91.81990440848760215	115.74349651009184470	124.86794275953107558	62.17384004521604624	60.29693329850099559	894.51051920789348060	118.80208497445966032	79.87093680739769752	30.16431811013030284
CEP112	159.15972770688156857	148.28658005717483093	146.81051961068558853	138.98562958949293034	300.45883330065026939	63.33046705464466442	251.27984272487927342	226.05605160751409244	164.46836862210065533	146.46265206501848866
CEP126	180.61502584123391557	148.82207772963374737	141.64651086596617802	117.66687653224774124	298.57540191145051267	243.67957303542866043	105.67928293899267089	142.66045851937107614	200.07085233712544436	325.03595545740017769
CEP135	126.08077067096049007	173.85022973880413133	126.91609798068947157	180.21509940427097263	234.98346929440683084	88.54197159099135206	216.41248330210825657	108.29599578167673712	166.00805326266507222	137.24641878859014810
CEP55	17.24442157322563673	16.69998697030347401	14.63233617228457817	18.55713014017404205	0.00000000000000000	0.00000000000000000	397.92982610181229575	20.52549476483254409	14.94020632509659308	0.00000000000000000
CEP57L1	160.51134239835820949	216.97705090836777231	173.68649925255880362	135.55831367382572239	169.15520961373670161	131.83277424917361031	315.24724726379207596	165.52722312936546700	172.53547732711447793	205.87511000840632391
CEP78	123.57328947035583155	109.85552857252102399	113.24131528404838321	129.50057900935163957	184.23280328811131312	84.57766006538027170	204.88008356707524626	88.29120880420327921	115.73962354416197229	61.53236540818605960
CEP85L	164.14660543344868415	261.30327645566251249	136.82362724508391238	220.05709282993407783	245.16812847964183675	90.64236319871135095	136.94641386533388072	152.64223356203794424	278.87917851594431795	245.18673260443117101
CEP89	182.74141388765431770	171.86416210520289383	147.85738068796561606	127.38468334807701865	188.76872197348416194	158.85593836352688868	309.25923097882156299	215.11427659520677480	184.68309565068068423	180.87411401041893555
CEP97	80.84745902344909041	103.39459631197412648	86.35208262866623841	100.39598630589271977	104.90135370385068825	77.31154186020897612	231.21990066782623785	54.99870064772434120	97.48790470334219549	80.01025137321001068
CERS4	144.12110826901110272	134.19010007742693347	142.24963807063494414	187.86597199244127410	196.30541166548150045	210.98024807642494238	53.27772183741161882	195.09581016423959454	157.14442815617857718	158.36900657947285254
CETN2	459.31793309946931458	387.21366195757252626	434.71904435462028005	362.71126616566874645	244.83852947263386568	279.07704068346714621	516.59605766073343602	595.68229598724064999	437.28029565179281235	282.28893233580646438
CFD	9150.40592481790008605	2664.47589263184545416	7120.41966893463268207	9509.17988205245455902	6807.68831340970882593	129252.64752741930715274	4322.14602822968572582	22787.93555454110901337	4003.04377710777816901	9479.14680256177780393
CGAS	263.95408103198792560	393.09399175040675800	371.14202634663638491	340.75328828232858314	412.20805342427837559	226.87044518883291744	244.47686496527913391	142.97761287935927044	317.37097077515369392	358.32357035090910813
CGREF1	234.45440918772277428	37.52250307266771756	135.69702062550194910	103.08929668075363395	66.33820437336450482	415.60200285914856977	181.48400130496256111	260.21336601394722265	44.10132645941349949	38.49156196455279400
CH25H	347.98232790775648482	383.02610629575104895	614.46693882342958659	382.44531370237319834	490.94164401164260880	989.51003165574331888	213.33765587201344260	195.30462974312891333	1122.30812312149328136	1412.73763924844297435
CHAF1A	36.31050172058654368	50.70680358151332001	32.91994044535364594	41.75288304018089036	50.23355648728805534	32.80795442232092540	241.86567230990783628	66.30795885949675039	41.89176389602242523	24.80038002344177883
CHD1L	142.84727202220636855	165.25224887097743931	124.85567696147205652	213.25167026937762671	125.01625931917078560	174.85999084464603470	210.01014651593757776	283.66072299834212345	138.49878830990195411	107.47502442580882587
CHD2	305.90511449502344021	378.47784732864727175	252.08347594036118267	530.19149089683651255	747.95591629489501884	295.22258550512361808	273.56082210498522045	263.96164398782553917	383.94283118730413662	421.18095014988119829
CHD6	331.99148225418116454	471.27827624432069342	306.12861463797116812	336.46567573247449445	647.66548037465599919	201.71121242711771515	233.12661594934999698	306.18693124495996472	413.49654635607743103	318.06235533617791589
CHEK1	46.77381256212967031	45.78416648735640138	55.41297228216414084	25.63849443182338206	39.51623587048244701	25.16845727725700144	229.26670911377948414	63.89167282446574347	45.60255704325430059	44.83926429733686092
CHI3L1	945.35288404932350659	247.46664916026543324	2358.00932623545986644	688.44753860318269290	581.73992087381498095	3125.83678875123769103	477.06265466464930114	1042.02866491642612345	282.48068124479578955	231.34275689994444747
CHIC2	499.97886772977039982	285.68173761788847287	613.79077803125699120	457.88238177079227853	463.60285273782722015	517.97117340932743446	451.89570209003352375	535.03546896089937945	292.94220572919527967	318.73519719620139767
CHL1	228.33461753085322243	52.81409966929697930	406.45827457687835249	101.66700765721753896	143.31434123135642267	836.27498376749463205	92.25359529608583387	277.32664913435684184	51.14321280914954571	95.23692891196176902
CHMP6	246.57489999275242099	177.63192473036735919	174.89915271274963970	187.88793521471839654	113.54355638235936965	220.22734338961330991	204.67468666744971983	232.08832787056883262	162.74371747713971104	123.69226463982424491
CHN1	513.97565855816174007	1347.48227775493774061	534.15191799279091356	708.48145605812806025	396.79167318498639361	103.85122559481021653	848.56410884692775198	418.77540205731918377	783.10095210627150664	941.84451803423951333
CHPF	1495.94292672243818743	449.95959720733702625	1015.85135117136803728	567.96541125326587007	610.10668289309785450	457.35123242365199303	955.14107260717707959	937.02315924474157782	474.19831188770444896	392.06784604590029630
CHPF2	309.82770739396431736	211.64021184925269381	243.36042083126704938	185.49145061668832568	191.26680083490393258	115.51777553454090253	226.68544020457662214	244.04748501450799836	169.66636286067969763	169.54017875538556837
CHPT1	485.82470396842364835	273.39934841301584356	408.63021906258586569	497.13861221333809226	396.01356282402980469	552.53868552593246477	505.28778092625367435	551.08287898260653037	360.66096526207053330	448.39477242821203617
CHRAC1	210.60131028224716943	321.01885251955081912	175.85311170126402658	220.78222833237808231	209.61315691900443881	208.88495086024633451	298.44827850560324123	221.38700282347861048	361.72001170342701926	225.71523627328664929
CHRD	231.28339557711220209	218.36115495136101572	176.18836119915332006	173.32665432395572225	281.72622959635964435	184.28859434296091990	113.89269505931731885	132.58278396642236885	272.66568745670110729	391.27172330326470728
CHRDL1	328.15211130199747913	100.81663014522607114	396.26324383205746926	363.69390049622762717	253.67846505380990152	1647.26232147695168351	321.80510061638642583	403.31675751720712242	106.17912565415801396	1160.52482399016662384
CHST11	433.33453614095742523	347.76623429369595897	521.32953364838078869	347.60141533931459890	324.34691580804451405	47.15734245342473940	390.66155684785178437	306.74624967279447674	179.80547545394807685	179.62917660817149113
CHST12	384.71966210470247916	276.91336758133149942	400.19166934572137961	344.87449600302454655	237.54935782278872125	339.72386318216825885	272.79711777390724592	286.81694666668323634	284.76667052395094970	348.94670601283570477
CHST15	270.84025281427523169	128.57387602007369765	252.24678920430304174	171.40559290678811522	241.89366467699369423	22.93625936979851687	177.08140903788577702	300.98428236581713691	93.39563239529438476	344.89342269384127349
CHST2	63.29421719669910829	295.06491089751312984	70.54353148103074034	113.76511604475447825	59.85184289828265491	64.82034577028657907	106.19129331377428116	62.84685106850519531	113.86029316677645795	35.92803629367244156
CILP	2673.89699646387271059	257.59763357020909780	2302.32358725113454057	1022.33333773304320857	618.44594489563723982	2222.09682237663946580	940.53388159035000626	793.49665918446794421	317.84303014944617871	134.84845206806380702
CILP2	587.03854987315196468	55.28606035168441935	216.32957665196551034	145.98928817190252971	191.44730732389314198	133.18756667384965908	111.64768697494648109	254.06049226271903763	59.57957728126466179	18.60005394724760208
CINP	303.89730953173477701	295.01363851828887164	271.06803251954187317	341.05284441931866013	203.88934111488066492	201.44478178069024921	317.09847684782096167	481.84714397537686636	241.82017689333542876	242.81473621888304137
CIP2A	33.10227537182679214	30.15810400875846042	24.69502524633245244	43.28505366068261395	25.32180779130491644	6.49234941175266389	221.99285374550785832	39.87628432393666600	37.00266973109835789	16.83593382681782913
CISD2	372.50763597398287175	355.94056235953917167	386.01330353889358094	389.10464263741414470	273.08590486701007194	278.70874434513984852	491.08334022923156681	407.99599709488450117	314.44210693369541332	302.70361307393579864
CIT	11.58929035228518778	9.50500947012992548	7.56374037903733054	8.98599936613715045	6.26687051225029190	0.00000000000000000	145.65209374341847592	11.50029513229596567	6.64713457189128931	0.00000000000000000
CITED4	130.34513866355484879	169.25729972444537452	127.07505838310936497	447.60089126146527860	218.43630195551904194	16.46700477263642881	120.06032110849056949	203.67033960019458050	328.34070567754054082	315.25015322346331459
CIZ1	333.83917161866571632	251.57157032876020253	250.96742262745098628	330.86103531976317527	381.73897354573949769	302.51739934497322793	336.37981159249727625	364.51027551401392657	272.89930133650983635	217.96679610374135905
CKAP2	72.97142252091821035	81.72730679175138846	64.93477063602438193	98.93280573764837982	47.59479782648860891	0.00000000000000000	650.57166520679152200	61.44989272814415671	71.99742844062166114	28.45863922182606132
CKAP2L	13.36760937916828595	10.94716067772028723	6.41777523775454206	15.55169737212607295	0.00000000000000000	0.00000000000000000	263.19046739577578364	10.25640839536538884	8.39195067112853899	0.00000000000000000
CKAP5	177.82768513380821673	166.56306816156941863	131.02288348550814590	169.87544369759734764	179.71642747234920989	158.10836827607047894	388.32760405889695221	144.02873347875740251	164.50468818557826012	124.11691835170341847
CKB	293.60638024645527366	285.02400105690497867	155.79628783184190866	258.28220246438303320	400.20343721835570250	517.86593586234437225	268.98474818398636899	379.36320166482096283	711.06252324088893602	968.88754560007419059
CKS1B	271.86020960899941201	292.17205169619364824	299.76488113859028317	396.11453284275108899	294.29725929683814911	383.25206847103135033	1315.39230373385089479	330.44211445134698124	326.86397750430194264	231.75880349478660492
CLCN3	219.66254468783807852	181.43467016805450953	145.17096251465952150	196.86877893412074059	262.96110290443857593	189.39532698149756129	183.57485471751562045	254.53351695765613272	183.62596138642240362	154.91305612675830616
CLCN7	222.54005074355717397	223.07686952699268090	204.61457061467100971	202.89147413561769895	270.85253800708488825	114.97400071055872672	162.71694773694721903	215.22312484223903084	169.10158267917717012	210.48472086545697834
CLDN11	161.48205333266670891	90.15463613074602733	156.14518118056273011	128.05699785994602280	113.95696009735065957	344.11266494260991067	304.95548076966497320	140.06829893838798284	47.41878743767145465	54.72366807403931688
CLDN4	164.89707140765423787	128.78327914188935210	127.35196057095419064	708.00850916144179337	434.39283252349423492	0.00000000000000000	128.42117124970329201	194.44151294175907196	170.48837151820234226	96.51727712637926970
CLEC3B	24.75605799848995758	86.95387986668933422	19.34259191257808652	57.26310726728911504	51.45273783109595911	629.19816263513973809	23.33335442433151741	61.72791229437559934	66.62071385103550369	85.07597253084713884
CLIC2	213.33336625701716116	122.38990183984074633	503.48193337075861109	262.08357527288575284	189.87147119001272699	271.33452027831037867	64.83372992858961936	175.19338261159347780	91.02150025180154103	213.02007005666663986
CLIC3	240.16701635707445917	54.17037973373635396	210.77777193654802090	216.48865160889616277	220.00745683912234085	54.08273248212950080	52.52387104945579921	493.63471670193115415	46.90595922249129046	56.66397624494574359
CLIP2	148.36746177214303088	250.58246592355047255	145.46376000784255211	143.14201331156942842	177.04058725048165002	40.44747675311977986	181.53003773664403298	126.46339469826467905	160.70830952114405932	121.21728807519173188
CLIP3	184.95273508099415949	123.43820707753565102	221.89850166261044251	133.12852264339093722	103.59231264851923981	161.56009860804013556	68.10509695953842879	188.94600535205677261	129.02646684201320681	252.59908547796618450
CLK3	183.28086673963494491	260.54445032968067153	186.70377683614370312	285.75109312681922802	242.62382252142418793	132.31598967985362947	189.98486313050099739	242.11305768923054416	262.64755982126098388	208.79953253904761823
CLMN	121.12469926819174759	678.53021159415254715	108.71366244094420495	332.11624209648334727	372.75122207519586937	0.00000000000000000	146.72309205436064872	151.57749767418147258	786.18872567527296269	261.72106008033875924
CLMP	1041.12574735188127306	194.82372216799751641	1242.53920095318608219	487.51907292541773131	779.52547580960936102	894.66458107920527709	823.42759043044577538	1121.57264448265868850	204.73017557246720344	191.07041146944538923
CLOCK	247.09292635773732627	360.41644614322160578	211.39360824691229368	259.77764887144729755	358.55540561109563669	129.04565585462705712	303.57358315824365036	166.77582398841983036	365.41431067571130598	373.23589258359123733
CLSPN	38.17894099292398380	64.41011838242667409	26.58680752857058849	55.32090707169275134	68.59105866077703695	12.82380807414879520	419.97792353111759667	54.49203866690581322	49.46359861067968922	17.07366036801741060
CLSTN2	72.26521622520382948	40.03582128187134259	49.70053237156736969	21.36315797524091309	80.33174069551222374	23.98898514018162587	31.67911540218778299	29.94602630936200782	40.99304585916436849	584.16923553313438333
CLSTN3	263.34382173792101867	117.20075330954550452	794.48201195674960218	165.75487261434423658	284.18853295335190978	343.60756962276946069	125.24858679330104394	182.68729549157316683	96.79040769590309878	597.21012436278988389
CMBL	308.29118346655820915	160.12795303388318757	225.04383453775483304	277.05017214984502516	153.27307121553744196	378.17000942312239431	243.46207473508590624	317.17349970591840247	170.26251865762500870	213.97236467150341355
CMIP	272.49571603677441090	224.74465977407152195	166.61432281901400643	343.63335359186578444	337.58525982204980664	128.45625218560886083	187.26986380310120239	484.45994417595181858	245.38653488257315871	92.86595093909198795
CMPK2	165.85467682731115246	222.40271488212448503	536.53690001011409549	168.29301469262796331	110.90021794375269337	75.13754994018768230	118.36057488526853376	102.75399541945503756	114.58415319064786786	110.08029691226477098
CMTM8	308.38406033874616696	85.91657763604057152	165.50220445316017504	291.99059329858647516	157.00463777213556682	101.32696293841428314	96.93140708423229057	256.33462351058022932	67.13633316857560374	102.35781651103275181
CNDP2	322.93746102632928796	421.46368047009360680	448.50489906744138580	562.95903615764200367	271.17311045967261407	131.79993601581713847	315.48169521131751480	289.84594119269377188	255.53170047959261524	309.55783082706670939
CNN1	538.59457562025636435	378.87910290293410753	306.24954197590869853	455.54714499744460454	270.64314209683141144	0.00000000000000000	599.34119878355841138	491.89382794739469773	1888.34989302310259518	816.90108365711137139
CNOT10	106.50918870635162250	141.19841878987895711	88.04638956209682021	128.13227190870307481	126.09248651722359114	81.86280593700298880	238.00007502062459253	97.24608842636527584	126.16120366544228659	130.61810239109729537
CNOT6L	187.20076179220245649	256.54718353581972679	153.10203675666619461	494.49669920398116574	224.40344765632170265	107.60303376798762542	148.11933783473841686	160.70976600312863525	246.06923029023022309	223.71561824416440345
CNTLN	327.65625216224742644	256.27857385845732097	294.35231954122099296	245.30975595960774172	379.35858677677299511	259.05801792534077777	480.38212724344725757	302.20216097146624179	261.45669364852915351	296.45048122684249847
CNTRL	98.76508436694254556	135.79280786617755439	130.55846765589063807	190.37648330628181270	127.91433060430281898	75.26169886965674038	314.21210083754226616	90.86357943848518914	137.42884563166757061	85.16819526200033863
COASY	167.98874061635325461	181.43178733218087473	151.60176739290650971	133.08564011519919745	123.63763010985603330	155.83689848967364355	268.65457173956798442	162.54431512451679964	180.37315524044868198	163.75763209790434871
COBLL1	273.73573722690588284	963.12012084237107956	215.49732139818576115	380.01977500835459978	480.83452634599768771	155.76229127677859765	309.14873271042938541	283.69302468801095074	971.72850143128835043	421.11109171545012941
COL10A1	6194.39256048627066775	598.12026980464281678	2669.23514207185917257	1497.95844755810276183	1472.65536130971509010	617.51169135882366845	2366.54500604066834057	3250.96651640622621926	713.77626606689216260	86.52981046766072382
COL11A1	5465.24281926850744640	639.21324174089738790	1788.48810945431910113	1822.53538883630176315	2307.24017572004504473	98.12912913417501670	3211.76167335067020758	3577.80733552932815655	777.14604510922060854	228.96826499508895836
COL15A1	2199.78900142858901745	796.47740918374370267	2863.45259559351006828	1120.75287767498480207	1192.06206160294823349	1232.30368195899222883	2217.68796479012144118	1384.94389502488206745	774.95583009740005309	463.90325237695930127
COL16A1	1504.87038451612420431	404.00312824659175703	1065.03850121236268933	581.84632415042278808	1029.06006361029403706	1064.64144236818424361	989.62192136242583729	777.24758785464121047	501.02051707954456106	470.02316525265831615
COL27A1	237.44691585227840847	130.92385216951410598	358.33857988226651514	195.80077680921507977	561.95342235599059677	53.54581132802522347	279.10781041208520037	279.19743863887993029	199.68879672867197428	244.05974495113309786
COL5A3	861.22530678895361689	1288.78851178896547935	797.87560236909985178	561.32606017100533791	578.40686692000747371	65.50837576460099854	1459.66410953409240392	567.55980518265914725	678.04552888313185122	398.70833286185273892
COL7A1	190.91392187191186736	85.61790428637381467	139.56576966014606000	131.36478161213111093	633.60064226818985844	0.00000000000000000	174.91655376086939100	391.90637264260436723	127.21280033948384869	46.76194524416503384
COL8A1	5276.58615422439925169	549.47910962216440112	2761.45223022888558262	1483.20397058030130211	1777.57540925924695330	1596.66530668212431010	1973.51946563419210179	3645.72321939553285119	777.77893590808332647	585.30386400293525639
COL8A2	953.94552385056260846	108.39901048406937889	558.99706629277693537	384.02262286158082816	619.12986309355233061	242.97660374654594762	257.41035229736246492	909.88957068977902054	149.90194449996289450	117.48419348020229336
COLEC12	1277.46437061650703981	203.55953791669111297	1247.71549989336062936	548.55190170287983165	698.87054911430413995	2115.18917863657134149	754.69479466734321704	909.76365252423317997	243.20489788462072056	202.65576313505496842
COLGALT1	529.99386774392121424	384.90715778068909003	504.10494358722320385	444.34802330816336280	409.02966363936468497	276.13803574766797055	644.00456843190704603	480.23837074735263286	326.01841703306121190	289.96779592991356367
COMP	6535.10924877602610650	485.26757665057493796	2973.99495161027562062	2158.85469292661446161	1543.02667558754274069	922.45440500219649493	1568.88384155776998341	2854.14975910562907302	683.27893611965612308	380.05572363532684221
COPG1	500.04643505461365294	337.38922187825750143	417.18227265262424908	376.83618822803390458	249.24723843908560639	342.24527938380492742	505.05120945704095448	435.63563740284763526	317.19458821563546280	278.97514457292737688
COQ8A	107.09092992145158973	110.32316333315279167	129.23346934637862660	119.86054393886213632	129.41010856333551260	197.27765674865588608	54.78976696180649952	118.94221791324274307	131.64686909579322105	265.52028068950318129
CORO1A	53.35754588784540431	56.24224664964893350	68.23560638928792343	474.02939475896840804	91.84417808583738463	0.00000000000000000	37.49163260634241368	96.78466843247252882	68.53405842152906757	11.87951090661253950
COX19	170.39065214282587135	200.37690223433961023	168.53907710429842837	203.98854856276540204	204.23204425449949895	159.00846855477789177	285.27805063590659529	150.60907671803306584	197.00427365786430300	173.97370951566480812
COX4I2	218.36218109663485620	2375.75515855917501540	79.55125408649915641	840.94218119587026194	288.63161347969037251	0.00000000000000000	474.97912771253857045	340.25499660586609707	1278.80607815013627260	563.26428668230869334
CP	40.00565706220293549	23.70869038322943467	43.49986103348673083	12.36548762134420976	50.70456876838007076	117.76953380737302268	62.78116064605718094	43.08606746237924057	19.05639406429658322	449.75653379470060145
CPEB4	306.25796573773806131	481.01677905353295728	264.47205245207709368	403.12317260933485841	550.29784929235950131	175.75327598407073992	233.59057714355591884	316.11144717611250599	512.56951352065675565	355.71290765757515828
CPED1	274.62451903700747380	351.61289316877588362	264.20828111431723073	187.46847012991474912	310.92873538909651643	360.28727941206921059	158.01938346724537610	257.99182606265634377	507.19536689571970101	267.44942221701779772
CPM	198.68760316219868400	1193.34428360561810223	160.14795966958746476	488.90025996072517955	424.42844332492484227	0.00000000000000000	232.62666920232226175	228.79496012249552450	1012.93416016634864718	331.12536977086034540
CPNE2	184.93158045556504021	298.58626065369713842	92.99367796453418578	238.40950343202706563	138.52632237114173108	98.78995702622215447	195.75850133877096937	168.14142308370350065	242.72429228190509320	104.45837701932070729
CPNE8	218.01455056204926564	218.79887865038094219	266.50626553617075842	206.31575628943622291	176.39903372954498195	214.31474298260295086	157.68983776675852937	105.00115007410137480	203.30766760302108764	139.11796405308538738
CPSF2	180.07941050117887016	180.01221055237340352	154.50069052020469940	164.10838989299165291	121.12449888098932149	206.05966607155420434	313.38332675034178010	140.17523427814859360	172.88141124875380683	148.40339976925903898
CPSF7	196.32231638931949647	260.29024699019129230	171.61846098811253114	239.46280241596886640	277.89412705559146843	171.53416364166898234	170.97440862773282788	206.18505491334840940	284.64028533513322827	215.47636476463824806
CPT1A	163.97293751487069358	191.99277012394219355	157.52743815619979273	208.21995084362166040	226.16725443751624880	196.34998076073213724	168.06705191309313818	140.21456015296638498	315.04805917458514841	181.46177997580156216
CPVL	118.55755641512071463	42.84535301550800312	88.46105870166708485	153.46430487737910653	150.93254477651848333	240.12675386788734500	30.59665556757184035	92.51224736239151980	45.21592351582074087	40.34731048485465976
CPXM1	859.51510058500991818	434.37546003190323063	1005.70798549869630278	538.71303962589490766	333.96082723632241596	1543.02092093357418889	797.66783108750007614	480.30213135355739951	212.77056564085555124	247.10358497769723840
CPXM2	598.69183544717827772	96.38169997834280878	485.41693400920854629	308.99616705203789024	227.37575552970895387	606.15322651837539070	264.11037660981082809	532.47368684902187397	113.39798544346457732	89.90079633065221287
CRABP2	1384.93742358768827216	313.20393191098116858	779.23661261839504277	1460.34491120450979906	694.99242629446200681	1749.62388716935220145	985.20622606657343567	1500.68350200785062043	449.47401587721606120	243.97925423284340241
CREB3L1	823.90046114704307456	160.02275752639951634	527.13038646375912322	434.30946207869067166	352.27061744148539901	319.71081188757790414	909.24005003829881844	817.38122439439121081	178.79470833576772293	143.76012056779367754
CREB5	337.76136853460525344	587.64921799196929442	317.58707711138112018	344.77182202162850899	507.63897315729201409	470.51338938178099625	410.08398004063695907	250.51429109467784428	446.58467963361670172	256.14483103981859813
CREBL2	191.70027409802776219	136.09073011902279404	154.75985648870795330	235.31054334993893917	181.05453069989661685	175.72667592335309905	187.54294344977304831	188.49958597244332736	140.46674611257995480	156.95783587570213058
CREM	439.34476727232942039	896.57651842003281217	412.87919432608947545	1356.78046968922149063	489.19558139969700505	230.85685791050627813	412.67165892820042927	417.65220398897162113	1155.05576124075309963	490.57395745642429574
CRIM1	344.39498908844461766	465.54466109770214644	263.82914561247332585	504.61019519003536971	521.08706232367285338	86.35168632810116662	326.36902804350876295	300.10545648859147150	1039.89881105837753239	993.64916959071763358
CROCC	269.02329108541016467	135.58740246681142594	176.06143429828824765	105.95586315201580874	251.03089484090318706	162.49048027676312245	89.47989727623333067	210.32456704408650694	122.26247485887701316	115.28443568063765667
CRY2	250.24064937114331997	173.24667446384063396	203.64175725981573351	204.15726140483741347	352.37287428200318118	224.65518394286274884	112.46713345772631953	158.14750092761900646	178.13018168022887266	155.46640472318969728
CRYL1	222.89727567833898547	89.37674043426628145	166.69476173219052839	137.67684762258016917	146.16880301615239546	255.51356841280153276	121.41060802874133628	275.49390482706098737	116.63097757697805434	132.31411763930788084
CRYZL1	199.23286556168315542	252.97656571852721186	171.78596251133930650	344.03258454278261524	295.42453691190121390	108.81982191431123397	157.07087344527047890	287.15675131538085907	301.07448318500627238	159.39104270780970296
CS	136.26374151458477968	189.42903478589511224	132.91995763587459578	140.70356485099759425	130.95768277701134252	93.98466672665254862	235.98095862860913030	120.25299938534551814	220.34426361854610832	172.00374786017346196
CSAD	232.74710253381076086	195.48805426110800454	210.37591714065200676	184.10988633715965079	446.00832797171887023	161.66346082197870260	110.84004168066621787	208.92962226543883730	182.65826488206747058	239.07218296077289210
CSE1L	162.09989272588956055	176.07341111898884378	165.25876116041109753	193.46153004219493710	127.24800206650650125	131.14581844911134567	410.67558240634150479	189.66075189840856297	229.48743066610302321	167.41565473285879762
CSGALNACT1	92.60376954159809770	81.60952012002196909	121.32141911020660530	58.50684902024573120	110.64355533137971577	92.41771988394458504	64.31491361351092451	82.09645026140350410	68.90902734867842128	412.70361675749899177
CSGALNACT2	487.26597251797051058	324.84715381452116389	386.45998332759819505	387.84739497692868326	547.94947021121731723	224.86353934894236772	296.85089471017494134	598.06201271848624401	299.99708368044076678	308.92322354966358944
CSK	142.98462900054624924	262.20351584788062382	116.66248514909393919	290.16108606489819977	146.88671677960519446	151.01387377925601641	168.49843608335521594	163.65113836288821858	224.70205992579664667	117.43374396037322072
CSNK1G3	373.60135267607665810	347.66325077777065644	321.09698081615499632	320.63324158076255799	398.24984957607500746	196.29676436997348787	253.71413070047628935	423.53293756447754959	303.35916599171190455	290.95138878790783110
CSPG4	133.99149058017405878	899.48805345779021536	65.91189640859698784	250.56425325090171441	221.87958790424696076	0.00000000000000000	361.65422673608628656	214.59149753288392048	618.85048045363680558	94.62206407722349866
CSRNP3	52.77449097950436396	248.76289807098871165	30.90156646186665768	91.18045433916384468	116.05250940668013016	56.37715594817442621	53.61942009429816380	32.10594359418762167	161.48963231316517408	173.28128181024067089
CSRP2	890.81541563413986751	2899.18978584718252023	761.11465753181187210	1689.02095897307481209	1245.85355564096767012	0.00000000000000000	924.79342965178830127	755.72735391254968818	4592.55274425546849670	1648.74066432122253900
CST1	4630.83339246974173875	696.75223424009266182	10538.43095308158626722	1975.81959635729435831	422.66993325694647865	0.00000000000000000	2818.60370008591553415	1451.05808230625734723	553.76614326620563133	252.99160711766430154
CST2	264.70065033822004352	46.96863645877388649	392.34578030888638978	123.42551888750537614	34.83157302902813512	0.00000000000000000	55.83792143141259601	60.17238180193290020	25.41191496532006511	0.00000000000000000
CSTF3	143.41345445258377822	155.63805591740856471	150.75154975765750009	178.44855259939885173	100.04820678473943474	91.12587983685422444	255.00630520419480263	120.77958637443327916	127.09799261953719451	122.42089447239700917
CTDSPL2	205.82062620213216064	280.06501450672641340	165.00264360874902536	247.58491889231254390	251.01238106952126827	180.49883913589548001	222.88825312307687909	265.51890330151638864	264.94002024251574312	187.84695378635140628
CTHRC1	20329.42143447204580298	2746.38666850782374240	17400.44964853387136827	7482.17122723329066503	3719.14512689902039710	7638.74400742476791493	12469.14387452834125725	10415.01749294583169103	2958.90786126377270193	1995.74888450564594677
CTNNBIP1	290.71762442887654743	198.62394258516363266	204.33151208093710238	257.51626133225130388	148.27400821706302736	104.27566321765267787	461.09659096704319836	224.15790529894240990	170.13011446077013034	140.81569915555485295
CTSH	953.24513172378647141	335.63286414769936528	2263.45010665407880879	891.42886130681245049	539.60324638732083713	1256.11895865466681244	637.71584480641115533	608.37166767071414597	264.23836357574623435	943.41785855888838341
CTSS	488.32979806296481229	499.49594826057972341	1499.45080716767756712	816.67787602583291573	320.38780046735280393	114.33749743908580854	344.80762682483054959	361.20609518731453136	230.77742039398836482	549.58867124627965950
CUL3	302.22111805360310655	443.58078148769124027	248.64825166994938854	457.08255073735523411	467.31798870406521473	191.82603729515011537	286.81993907888761441	320.10853086971934545	460.16397438974263423	449.08012772570594962
CUL4A	223.60796910841793306	208.08304763454049180	169.63277586558885446	258.94501667038679216	296.77451514643991004	145.21910836940750755	344.76632622745950130	252.85790814189024900	231.07447836736383806	200.53275688846161984
CUTC	162.90179062904621787	192.18054959659707492	187.17145116865248156	234.49703791066153258	134.37862349342159973	297.97645093528171856	117.23286861454387520	205.68141466776228299	182.47126681825770333	153.75317223194892335
CX3CL1	105.44828795283586942	73.06088802234081925	290.32706876846395971	116.10805584656475276	71.82817163550127759	4.90816592960202858	43.68784582400295591	69.31820686091887751	262.84988945901949364	76.04487980568306682
CXCL1	900.96150995707955644	307.81445986252975899	3167.43661729274708705	781.41973724215085895	749.11921675710766522	2850.02752442091741614	1995.11615422111049156	846.69425592220352428	385.73107200542347073	536.97977339214094172
CXCL10	1112.64380732840982091	3605.58676253255498523	17377.58529688293128856	1269.58587515753720254	735.39810539808956946	0.00000000000000000	1327.78677712070202688	996.86406584206281423	675.40907148303767826	1072.92243017614077871
CXCL11	186.73135540777838060	260.54350254366602258	3375.51079100310744252	190.40574480057438223	56.13836452951089484	0.00000000000000000	220.34796695226981456	219.04974446341444150	82.66226976318864672	118.12604166310900666
CXCL14	14813.85948626410208817	2418.17417990030844521	17079.22028533836783026	10739.30688161069338094	4607.45565016055388696	53345.97242223619832657	4852.59216589064999425	14250.55878950385158532	3404.90426411790713246	2585.80066860175384136
CXCL16	167.11082135277021621	126.81942457918756872	257.83631281993541506	254.05364251194436065	117.26380080514213944	132.27842403965669860	212.21638088674961864	167.33057569979433765	117.79435162325999897	177.73426148137048131
CXCL3	1213.45716252568786331	792.32466398279427722	4691.60723147231055918	1130.70834975636103081	652.12585769608779174	1311.11194874902002994	1044.25194104343745494	569.61091617912245511	538.21465502180581097	1364.31843423596706089
CXCL8	579.11329121000358100	724.99928603373621172	804.63565864179975051	1174.71008671712024807	1719.41818109939367787	545.29799352805559920	1251.62225945690897788	1504.79674979900210019	511.63142939819391586	121.22596182384455687
CXCL9	918.96611983919285649	2659.13265340737098086	10562.80590360467613209	1255.11154619025023749	554.05487943302978238	0.00000000000000000	1112.64984419281699957	1013.61481829079639283	571.47711434968800859	988.26324689304988169
CXCR4	276.61393566878899719	313.81272623607134165	266.43689676291535307	2459.59041041374575798	376.92138746697776241	0.00000000000000000	168.53702645588467135	297.04643870673652373	320.61150241773827929	25.30337721158128161
CYB561D2	212.25279102639714779	174.55186548108687816	214.89005124976858951	157.13505681254454771	144.47249926126769992	218.20327218881456588	141.41509913575890778	183.95822307103350113	116.27424968839935104	135.30698900556856756
CYB5B	278.63599077812489213	264.07549290206662818	251.12988108299322221	264.37158284566618249	333.06513488168559434	246.70532606795819675	441.49187436137657414	334.15311261016523758	267.06763414959874581	198.21704245685097590
CYB5R1	253.03960929938651248	217.91740345332812012	201.19214474423336014	264.50468152713898462	278.93216999579971116	199.60113262721077376	243.94889927630646298	308.09229284313448716	269.88137822902922380	287.04709840047644320
CYFIP2	62.36158149636559500	104.45643437363034423	47.76311966436121992	207.38639054555721941	53.69959760762473167	0.00000000000000000	78.39193698080055128	91.00868347804984637	310.18888008501187414	148.26155191433252867
CYP27A1	201.07916352885689548	122.19649691388737267	184.74895261719302653	150.25531701060739920	153.74541583835400615	301.53918746472453449	170.62021220605143412	224.65253257402443410	161.95635154631125374	137.28630350923856440
CYP7B1	362.82620992170728869	434.91928794469043851	882.37433799813334190	252.94170566299087000	293.44673310769150021	356.74224880143805194	301.38950599462049240	229.92278980886254658	388.73075190155287828	622.38194181956157536
CYS1	333.60811206546634367	48.87370924838461406	163.62550422350722101	91.82048168042395275	77.81853155518342646	181.85182142517999182	275.26043008774206555	155.04635269352161231	101.24192824141753988	80.71035524937512662
CYTH3	382.91762988658365430	486.44300948374780091	246.44516343589523899	319.66295267034359995	439.84938399063133829	212.35094167907860196	236.50729747352662002	301.72253629895681115	349.89808743563656890	294.25451868692363178
CYTIP	35.58344654062533152	41.34768419520043636	22.61784156487233588	346.46104907446300558	39.11847724443511964	0.00000000000000000	89.44735581306049710	47.84667288840544330	48.73502803194116950	11.06329364732351905
DAAM2	159.77949508625340513	538.52197360178126928	91.19464842191034393	204.91780540000823407	260.42445861903388504	57.91085343611621283	163.89307436218774683	119.03066678003710877	442.07191279849570265	309.89621848411098881
DAB2IP	121.19901896194292590	279.83041746059012667	116.02689212025509846	150.88681863827895313	129.37654838333835983	34.55489378535344969	118.43652666963832587	113.92772568033008440	251.31309787725413685	195.40088165495714634
DACT1	425.03615400944499925	343.09200897704420186	285.31832800444504983	242.85589677238502304	301.93743539307769197	236.92387380404136366	185.97513667882986965	427.98870760357232257	279.97358566154065329	519.27667496609819864
DACT3	176.43009372071324492	258.28042374828083894	140.01294196030283956	149.06063323254397801	225.29471768165547019	45.01435713137545491	131.86878809728349893	184.82768033007272379	550.94125195429546693	78.51518188420098454
DAG1	240.74820841342486233	344.23336413695989222	183.06011035115443519	200.23224027718941898	222.08222925365438982	105.95294453529650980	347.91200074176094859	223.02668706011752420	352.81576611528697640	232.98278949553704820
DAXX	273.67482021306699380	272.46063996394082096	334.53290285296691309	254.08850936201343984	226.07742071943795281	206.66257888343116633	351.75491849991090021	340.93130792296864229	256.38395133205108323	217.46479489263455775
DBF4	94.36028458944676345	105.11111648306864197	91.21136543716698952	184.91443999936069531	83.80083172982899953	0.00000000000000000	377.31005931659444741	80.37816327657381521	89.52228363226009833	81.47031179527802180
DBP	274.69626762917164342	188.62956456386353921	152.40421727425612630	162.40549273711116030	232.60784817471804331	263.14580876939567133	134.76710286469139533	457.09683385521623222	166.00012504949592085	158.58518768488241335
DCAF10	232.89556482439874685	250.18599084023600199	208.29009369259554774	235.63827992223346541	407.40983807135177130	133.82137453463388965	210.09388519786807592	311.77174115911276431	262.43573218045480644	265.38731059170646631
DCAF6	270.34856874075330779	255.81622074875801331	240.31912886045739697	326.13465080013594388	288.87826680027740167	226.33040337403699027	232.10362793307592710	308.20072380530012879	279.63019252546843063	202.33922899798938033
DCBLD1	247.60151921395657837	218.24021533720838306	246.68559653789685626	155.67278317230196194	263.18690143223898303	83.92941150590297639	176.47857541287885397	176.37051376798257252	126.72038438194431365	111.82418748348490567
DCK	86.77089791459606261	103.06513754010518369	53.00235453087116611	142.71372149955752207	130.71916321572899733	75.01985236462833484	207.54794668562942661	91.53767952638050076	115.21173703045890591	79.02346499232463373
DCLK1	367.04116583727505940	332.71115977912120343	470.19475029800781840	334.22550712041010001	756.61837206268194223	831.33991102658319505	437.95439228003056087	292.37160253637023288	293.64019523968124759	542.44752342652759580
DCP1A	343.25772405296498846	413.79596046201538684	397.32890337833185868	358.70973317145615056	599.01718599351067951	200.49832079953847597	398.95767911169127728	334.15638545212675581	406.49090743415558791	395.16387007114389007
DCPS	153.43883585793557245	171.59502581928970244	139.61426650399587857	117.56220005115359584	78.89306441377947010	159.88775506952106298	259.00215424861903557	183.10771623356859550	183.60339120681351233	129.91575337550415270
DCTN4	215.07294147249012894	215.45480719638109690	174.04952988232801658	247.85551978239789150	312.77521881636857870	164.36982719714615087	150.65412143160202163	243.55555993652973257	205.33349976369888168	144.96939638705185871
DCUN1D1	239.86252804994248322	215.05653121500648695	220.93919469006036138	264.13836416128293649	177.62540969705108296	94.33076830794789203	201.17633180114344782	192.62418014199690219	248.31487608265419453	242.95008976411995150
DCUN1D3	302.33442817274783465	274.08685443345177646	286.23683761897058275	270.15205039861825753	903.57898502299724441	492.29618167522465910	167.41755944153186419	219.37135615853955528	344.94731319605347153	276.19806085738463253
DDAH1	229.46465053327781902	154.30491829405062276	171.74906462285011344	130.59731591969872966	121.12320900510725608	32.44159028675902334	337.72411289612699647	189.86145457070401221	153.52669621565544844	125.72595311976716914
DDB2	265.37218495168809795	239.86388712596030359	170.21359534023315518	266.04225781746151824	386.63516486070585643	171.67059853816280679	273.89220453448206172	471.35702044496702001	189.67861568341768930	180.19976184278777964
DDHD1	172.18699616734329538	272.12870811138384397	157.90931888224289992	185.14276699227229983	341.00244945522297257	105.88920479962969523	247.56273078944499844	141.72236758089709951	197.78063724764214726	185.47834628065780294
DDX10	193.12345611047339844	201.75934708069198109	196.65668537277792893	177.08671718136227469	270.96005849891975004	105.24320697913591971	284.06508790337721848	222.67643756975962788	187.89007277451307232	177.28114773084888611
DDX39A	297.03695384962264825	418.44101807361573719	280.18855662843213850	487.86365642083416105	288.61154709567301779	260.17809243814343745	825.57416463481524715	284.11609847996118106	381.83462894519118436	422.77056155867779808
DDX41	204.97999650105410296	212.14196413761089843	170.61234418529997470	187.38897972869639830	160.72003013640073732	146.29391439410835574	238.57510676329576427	294.93328285474490258	187.32867669874443095	149.10573499508410578
DDX58	460.73806393316914409	779.38946514834469781	1000.38212479810545119	351.77809922728022229	1027.87630080137842015	481.24031833908350109	305.00548988283810559	330.94973363616867346	508.30367772822216921	507.62115794278304293
DDX60	189.96527057599473665	206.63325765625745589	274.70197796896064801	134.01847180369128409	148.71597640034903520	62.27584259334868477	181.60055019314282276	246.64365284483167784	179.75429847487814072	172.30419036905360031
DDX60L	184.69634309208433365	202.23569663527055695	324.25006834077902340	180.84642495855550237	279.71410929402588863	78.31095509942427668	112.09494653180118462	161.81397808994722709	100.44507479853702137	107.45671808508456024
DEAF1	332.31383393472276566	219.41367925623475799	243.20555752460523991	293.13504496754046613	195.66925022793463995	156.96417934469513966	185.68291879914909259	305.29715625669075507	236.83217745951611732	266.95679186147714290
DEDD2	304.84046263970873269	345.64416744361761857	357.81602436857446037	646.89193166667496371	442.50509476976219503	29.95254807861539703	263.82701917948850223	315.65665184846682223	374.05300842746743228	297.75900984108312741
DENND2A	53.15851835188822605	220.71742644523249055	35.58192173715426776	74.60123630888175228	150.48337741798872003	99.91944111152983510	81.17953103489337252	141.40271065196247946	70.43791775716226766	31.48280844148304070
DEPDC1	14.00011098982987434	13.07811253541954599	9.90900743973881859	26.76378757265479891	0.00000000000000000	0.00000000000000000	341.18601131723238495	3.36456636297908540	14.97255360200232666	0.00000000000000000
DEPTOR	242.91669915569661953	58.18091755748352512	324.40954511486859246	155.77534733660112920	232.53436812562978275	461.70476817082266052	90.59790061337045586	186.66843144606340843	58.55241329736768563	271.48765474791025554
DERL3	415.46724917362820406	178.37973007929278424	263.72149580263896951	198.53965610134486042	223.91242481642510143	0.00000000000000000	132.91231260448222429	180.75621269708670980	99.72190782994644564	17.30843059219991531
DGAT1	191.80876579467050647	236.61203690425799095	195.68101507651036286	275.06359164962577779	198.40439691142003653	86.89054862842374405	163.88627702286711951	195.08667121796261767	221.00149409648619780	141.97045596896543884
DGKD	80.19663374003782508	151.87370529019372611	61.10735154707798245	112.17564345342813681	197.25964146701471691	23.01385096470806957	118.14230226026448634	105.53271293089788685	253.63002915246610769	169.59838153069600253
DGKG	18.21815747929403884	89.06358922542861478	25.18164276798126266	26.92284421916114923	65.99174691573527696	0.00000000000000000	19.38685120468473499	23.96830345197934520	215.89227008668953545	81.86551636931798726
DGKH	256.57727939915656634	569.35799414842938404	287.14436502084902259	289.22407280092249948	671.65211388993066066	65.64168871536973882	265.90236300307350348	226.17858825233921038	507.96002398321519422	193.30444323556710629
DGKZ	205.28514219162835275	278.45972114940633446	166.83740533809856288	286.49475096472548330	208.19650192120408860	143.75713335301838924	298.06036338997500934	165.97196297407319321	212.15406066563366494	212.13702482673477334
DGLUCY	125.50286994320099154	215.44984527853458189	168.30346406910263113	195.26228246483279349	137.24540662207337505	125.72089522878556522	115.13189991351207198	137.33848521414611810	133.00623925252773461	110.06839137075991175
DHFR	85.98218269894559285	104.82538030271319940	89.74032017675995121	108.31671223943011739	41.05104425482077346	45.46326406866396042	566.06136499650381211	93.80395447437305734	82.90922089798777961	34.47403433924230853
DHRS3	351.95836853928841492	133.04518472146588692	275.77992208910046656	332.32420502681151220	263.85905738527418407	788.03027973092969205	329.64858797203703489	553.15092452827650504	330.52917585869226968	240.77709906473003798
DHRS7B	253.00432357263784411	260.62455363413533860	247.02692147784284771	275.08376082307893284	137.75710867132997350	214.31269187078530081	250.25929599849371243	261.65662261253811494	229.05402196153701766	287.89323840599206505
DHX38	170.17329683745896318	225.21978466567685473	131.09554252858967516	197.17961627371141731	260.00361630023746784	87.32510317764432273	218.31015694808922945	176.00273888070006478	243.33988648588581327	212.86570785044841614
DIAPH3	30.29990403073163563	22.47043435495118757	13.77801111653707267	21.27358588256788252	0.00000000000000000	0.00000000000000000	392.53234237675673057	22.13234550114676580	16.78819777671267843	0.00000000000000000
DIDO1	207.69371811665030236	237.80660728189104702	144.17320648137837225	222.77252524316568838	258.67144765125061667	156.21555683420018568	189.70209498797029823	216.90729899069478392	265.67344943374035893	277.39962292138773137
DIO2	982.06019122472935123	133.36999849678610985	809.53229463215245687	482.03045690271733292	572.71114121465461722	384.78069292959207814	268.20217624162165748	478.70544973107780606	135.34566458612002293	156.24069119724987331
DIP2A	157.24893795393040818	156.14829294531321580	86.21046970446070645	174.99689618587595419	326.05783767736488699	136.63542825175591133	244.15666200072755032	155.19240840437737461	161.45748403502361157	132.02003116920678849
DIP2C	246.93056314052213907	86.27302607330064177	171.90762179352196881	123.79366153856582855	263.06831568115956088	111.98433041194228110	245.15151927155119438	205.47140402753677790	156.08226134897032011	141.53456503940233802
DIXDC1	293.74341143488675243	236.68703350200070190	342.48938073246608838	264.24658088454521021	273.25781467806450564	240.65767109893837983	261.11516147878239735	267.83050515533727776	447.10549088645842630	393.93401640840693290
DLG1	281.24973717442497900	238.24981341674927648	235.85207588364445996	206.11193447012385604	442.92330694818349457	168.05531166494213835	182.85416950392624358	242.42253935898816053	267.70263095472108716	237.98848760770300714
DLGAP5	17.17424705127886497	17.94784115237842670	17.27788894703755673	14.75808175931021538	0.00000000000000000	0.00000000000000000	490.76216318105372238	24.34498340620883639	14.00202066315108773	0.00000000000000000
DLST	253.77847826795678543	254.11213313386812729	203.40476566634654887	303.17775909863672723	324.53940669850743461	237.99462117718459808	443.09279145393674071	247.41733434005809045	256.85705764682654717	222.29052841641936311
DLX5	96.82058782876313785	498.11682471793466220	25.71394812868163271	189.42120641738839026	125.41332925463566994	26.35895315328950872	65.61505554828521269	79.27075053424206885	229.52072945893488054	308.31125352278058926
DMAP1	239.41765394468680483	241.99018220449823957	185.51387070283996650	229.06337318597857688	257.45399173909549972	186.72902167415881536	249.13307102899926804	342.99480765257493431	235.18073009254055705	157.83578621659466990
DMD	115.10172008606497229	349.37206590554950481	64.53244411050965823	144.51396797904675395	323.27880525413638679	107.98051510757166227	132.15565937542419306	104.26400974883890171	427.09641889992275310	321.84842187272545289
DMPK	117.82476727142181971	236.27793877720915816	78.62871282344404733	142.98029480314502848	167.46583305911880757	37.22503479986328756	84.01692833263416560	121.27624607547343771	396.06068348747953678	148.07918569155748401
DNAJA4	1574.30749720979065387	1781.19614677407003001	1980.39537361096745371	1492.22174638001501989	4131.77997578487702413	890.64680204207456882	1220.98825666360289688	1059.47120100602410275	1608.21083508903097936	1249.45112791419978748
DNAJB2	210.31804009513459164	212.60674438018682508	165.33417969462112751	298.07023787765723455	376.14829175221518653	290.93400817075996656	417.31562615329693244	397.45665991216992552	273.93336049901313345	188.50846560983933387
DNAJC30	178.97820867155343194	165.08485606421191960	183.41221786552424078	154.57844888953366080	180.11599235744162684	134.70498256630068568	230.27339698080706398	132.21879510536990665	156.21344917335818536	104.32598963383441060
DNAJC9	140.00454559212795402	148.68848910453741041	114.74845488272549687	164.75597155628852875	123.47869453473336421	83.89312583972271398	663.74310872065177591	154.23364863678355619	158.26818239701881907	106.99807319009352113
DNM1	558.13582057804592296	129.05944142021238008	557.10584847004224684	258.30687239175603054	594.90738170716417699	681.70126919534607168	392.71692859808132425	418.53619766017840220	119.37495649404283427	147.27216330913458364
DNTTIP1	260.36109886467158958	294.13846364565938529	265.96121743878279631	208.61360337759694517	233.75892722545216884	175.22834103951566931	354.63485780059266972	355.92040703129805479	282.74267017943788005	193.78359688334458610
DOCK10	132.46243481031712008	400.54946266373065100	158.91134679693709586	256.28750823062910058	174.73308254017382524	49.14426755367963295	241.87975997364864611	117.47851392194999676	288.33782613283011642	157.85257312842344390
DOCK6	121.43487681221377272	292.19740085710355970	99.48213725324511358	143.33142407537297913	233.09816360026496795	57.29852892131951592	82.75093686911073121	111.63384012847214422	125.18485666278543533	105.73033685124340764
DOCK7	293.31439886568529118	224.69156441809332136	220.68531001630336164	212.68183406678329561	478.06324056814742107	181.18324496769335497	167.26663259130529582	375.11823745699655319	219.36587115902997880	193.27322399749701276
DPCD	268.94619527160097050	199.08392396495531784	191.05386325112263535	221.82542335013633306	268.76222990246549216	210.69333094613540425	274.64003542420039139	608.30542219023391226	179.65453073343388724	130.50738332025443356
DPP4	207.19458078833159220	38.31473312425804778	103.62770467411796460	97.19801805506706671	305.25714551798949969	489.42755399388084925	78.58751878744932640	425.65483526477208898	50.90993221578266770	18.12950381656435894
DPT	4460.04744659494826919	561.63115261828647817	3333.91589349844252865	1545.23058743893784595	1278.77561972918715583	7175.58026492334374780	2628.52888987712549351	3289.83293693786617951	701.35169716730138134	768.19346390755174525
DPYD	214.69948523712375277	222.10701793900150847	254.24921353945339320	175.93771597261351758	320.62595083637910420	182.03369220954158436	126.96700370493724108	240.71034873102308893	215.62547930797762774	255.66137121639818020
DRAM1	540.31599233852443831	234.31476300634150789	883.13414031904221702	318.92809023992185757	313.01207370180247835	492.70877019256766971	487.31442795603385321	384.31121659984131611	195.13630308458402851	251.84479718317305696
DRG1	273.30852756832513251	259.33565801451686639	228.35236374709145935	286.11846077917806497	191.08565763307353791	217.29974326320478895	332.90317284502583561	357.53522874770538920	287.78565254237287263	210.94816360177182446
DSEL	420.30365658292095077	277.85520538356161069	334.61729932974293433	265.06203789472493781	483.01847464950691347	283.94565286067876286	237.57654376141763919	288.17329760727693611	288.29147139460030758	229.97891486357409008
DSN1	76.99846844771387566	63.91349793070585150	53.23989842813092110	85.69902377752866585	38.63729411785145373	102.19358300137230344	236.59203626128169162	89.55328888333141890	68.66210101337401284	62.49459262056291209
DSTYK	173.46116033876981533	245.78047929814755435	128.42254992838749672	175.73315725953025890	252.31518562379505966	119.76851230252721336	133.50290341560301499	167.54207251507750698	247.22222673547287286	188.67089696813405908
DTD1	472.83245046486575802	314.36891631194981755	394.60119759874976353	391.67001412081441458	279.22293459052366416	392.94463598281538452	433.09020864088023473	580.71079475757369437	313.01300266756777546	333.76353209433216307
DTNBP1	182.77061130779648579	280.94629992839662691	161.74916030652605059	258.22556792722468799	176.73510682551867035	193.05476312171796849	179.63238793933041393	190.40631606839349388	257.77346511793024320	268.48556304303775732
DTX3	194.46153621472393525	262.60315942513295795	113.26163444070942887	191.99159820627519935	280.98706228643533223	126.90782403706944592	125.32506207788073027	194.22502912488630500	263.13897775545081004	234.84408497096077895
DTX3L	273.78922661822213058	409.68336463586604168	380.40780568265398642	310.54627416659377559	239.94481905483962692	180.94535462101003986	200.01236388165781932	245.86190054367921221	262.18418384595582893	285.92807157515431982
DTYMK	300.61271922820259306	292.99382659587740818	254.97637585718121045	313.97405308362579035	169.38997821795118170	163.29863304033136728	1294.78277736288305277	323.50635447385957377	257.74679235556573076	178.89268512277214995
DUSP11	254.18496101682737276	213.73088428727422183	228.10043138710477706	172.23020373200941435	159.75079689136052252	223.65917239214618917	152.23590609544231711	264.57712043937920043	230.63923907590944395	150.18784839651459606
DUSP2	640.54424473219580705	623.38211040636178950	745.88406453968116239	2781.98723281139382379	831.43544019318778737	0.00000000000000000	533.35340364879846220	778.81052873345493026	667.71024145717149167	420.38277592109409397
DUSP22	199.61559461610937660	214.53651920925869945	182.33429838720900307	236.97761215805567758	158.66334579027264340	213.69599693913463057	95.26861303695891081	197.84153702692952947	292.45031086741641957	321.59818480349917991
DUSP23	483.06745686049328015	384.36161801563309837	362.18681983701060290	603.20010010128044087	307.13904481047507034	177.89684927180684326	381.36585667284202827	519.29566462175114339	383.25169732314577686	269.17066185235273679
DUSP3	283.81706839902057027	256.60309234814758383	281.39248089829845867	334.68817280094424405	333.46423735273032207	145.19046783432389702	204.21726818500059153	313.72888308073106600	330.69464534446035486	289.97451816068996777
DUSP4	167.85412311144611408	219.15232118417557672	172.24264201365667759	672.91833163490969127	314.22180610179799487	0.00000000000000000	84.54425610550264025	237.01994310261090959	160.92634552615569987	154.30575993876493612
DUSP6	281.56396925064217385	192.03782810248841884	342.82776934007932823	367.35694224251341211	300.71494080746225563	165.83391797272366830	253.15441896697970492	241.68540242203422963	128.00311510683982874	235.40022692367907098
DUSP8	222.87392573154144770	508.39043277249527364	203.76903106612988381	350.64518690548845825	426.02978995269000961	139.17435847127137549	252.64761870883035044	199.17193026313910309	603.64705795376801234	295.82319203185181777
DYM	232.56098705305785757	190.53861371169398353	194.28115279998553433	166.26546246266147477	221.68230830449968494	159.79304532840615138	361.16760526591900771	298.12085162203072741	207.30522896005564348	200.26529746066935900
DYNC2H1	250.63771456999401721	206.32930791912050950	268.16583130933179291	192.06503335520449127	611.80932688465668434	279.64151941563420678	165.22570017220988348	283.50275628670414108	222.75911919869025724	297.00164609908421198
DYNC2LI1	234.88472519045151898	203.20941025737212726	246.53548031169253818	197.47018642209960149	211.96091936658308441	337.36812759042743437	124.37384071113417860	192.97601637316122947	177.54095595822400355	340.33132021394112599
DYNLL2	233.64993564053597197	312.58548339061917432	183.70350639478499488	228.23480355967501509	320.38541548917828550	207.49257557601464441	204.79824691325930530	253.09398915236963035	362.42856855396985338	372.69525380124690628
DYRK4	323.94016876663482662	209.86980460324292608	326.87187140820657305	326.23716574202870788	111.59354919844967924	103.75713722137255957	217.54027002177971895	350.76497336426837137	249.52852098892248023	215.94091999254521852
DZIP1	216.68498354539360662	177.60781675364694365	215.19180838258560584	195.82419906432187418	224.39246576670205968	218.40580643812725725	185.09790886985160796	148.57097950023796784	153.02839222806969133	202.36530494174638761
E2F1	15.34086654530982585	21.35943013281917402	19.68458323861343118	35.23994516217684492	31.08181154701378546	4.24538254790047276	222.28313902649708211	26.94697544895968022	14.79423550147938826	0.17534896112368065
E2F3	108.02644461232391393	132.41645505412216721	102.47740487165663126	75.10512335424114383	64.37718776548949506	114.82337127885139694	216.67067187275668516	83.98045720633390943	156.45707090037913645	97.44078668201814253
EAF1	116.77251733968341796	141.00406776137097609	128.25756113255411606	124.25066717295617025	245.94798827306701128	48.98115371092160331	117.87606941783018044	123.49999997872053825	131.63700600212709446	279.91652003918193259
EBF2	108.71929692563405467	540.27401877672730279	76.74538436524829876	221.56161375812666847	248.29336595152452105	66.95444296701505493	123.57430105914930607	112.93489033788138443	326.76516954946930582	337.75230158391678970
EBP	152.93603139334666707	102.82474183139159152	109.38380698100452548	217.70788148291822495	123.89424217359120917	209.65590716393143111	291.09239411021201249	206.18541563085233292	115.39253018074084878	118.17330085393379591
ECI2	378.04770478751288465	268.44794408474706415	330.84435152898987553	345.00055496411539480	403.70472604213267687	421.01408800461734927	472.57771248686810850	482.53801464659699150	379.04544860195431966	322.21085673953888318
ECT2	50.26189329967391473	56.38734542067223998	43.72772516119904651	77.22160765799841897	22.47810994472748547	0.00000000000000000	375.14578693370680185	43.38684176261847369	51.39825468103067863	28.08967268831441899
EDIL3	972.46555825922177974	575.49322874513347870	411.74596959001104324	555.51122928970823978	527.45570146682473478	0.00000000000000000	531.70480287056125235	1011.40014541572418239	1114.52293619434499305	958.76399984377133023
EDNRA	513.01079562397990230	1221.70929367661187825	310.42018887030701535	431.24107401141640139	400.83055605582228509	159.38621821971045733	258.00867290040332591	290.92131454802802182	962.30979372259537286	643.42363450151390225
EDNRB	163.99971334741624673	1037.58292655407740313	281.10072724709601744	357.11755119435298411	268.03536455433447827	348.23035171867792315	235.19198742517551182	161.35188338743861891	787.08782075063015782	693.74582793245019730
EEF1AKMT2	181.16476503016215815	146.97674762071179089	167.84654828057753662	175.50153751874640307	110.01363071703612206	179.09685131184579632	347.48398004277032669	205.37199200200311111	135.62749581806471610	125.62058785423980112
EEF1E1	257.73710412119777402	268.60035881167135585	212.28850576477256595	275.38307840273404281	226.00140392543991652	110.36134493344104612	372.11751300803570075	331.93781464908937551	265.15766520069149692	182.32325364735419271
EFCAB11	64.60215341239567977	78.55307026469738219	66.45866777561531080	39.25527267748398685	54.78438584697055092	55.55646600741627594	162.19561000876737467	78.09957946751268310	54.29838562301738136	41.94784560043374455
EFEMP1	2852.74398833690293031	626.43986275031988953	3553.34447424480413247	1602.05089361064847253	958.73539436462976937	9881.61999347920027503	3346.01142475450205893	2627.24768845027892894	730.25225104660205488	2047.03560791484665060
EFHC1	244.87606696265811479	261.32823801981936640	176.44205402741178546	212.06506275726562194	405.65899473756041971	181.82532402981695441	123.32513137710562034	220.39136130227342392	218.41253664528431955	289.54967833122952925
EFHD1	184.33147976060098472	852.60622555310897042	153.67684291274505881	498.25951370726323830	254.42543663274793175	0.00000000000000000	220.71813719531806441	169.32747553685393882	1284.09671115158380417	663.53323112704015330
EFNA1	79.07483811609358781	155.39081516480007394	54.98613063326359196	259.30904668291884718	145.22596234814037075	0.00000000000000000	78.55576612742409282	73.08454814013801126	264.95042620525589427	166.98418402903945434
EFNB1	203.86863179435422921	207.37427171172703311	236.29371257667725104	142.51958129874435599	200.85968840455015538	161.84316541955175239	259.07715795620555355	152.99897278887377183	126.38208973760140452	118.65200835033797944
EFNB2	267.76198880298102267	319.55141218904435618	255.78316388438236118	278.69811367791561452	483.28128733638658332	119.53615919792504485	183.29041320341065102	220.41430713354793625	307.71438127908470506	180.35951279142150838
EFS	161.07761709862563748	103.14095398143655302	117.00153018208142441	105.10178121518963223	173.86383208440500425	253.38792972294260153	247.61736417235226781	132.83833688193635680	118.92487555066605864	112.10425857320760201
EGFL6	468.86914583234801057	1316.97451365175629689	690.74745466500655766	518.57706483805873177	518.33345034111130190	107.84936240674353769	531.43017856399615084	504.27101153682559698	1307.05244308039755197	438.09627812541020830
EGFLAM	189.06085102997269587	712.87538849013901654	316.93709905474389643	286.45475286412448668	186.40626074040090998	269.83773657526569423	225.92187169801232471	161.44824581287520004	561.42482486745984716	445.66118567658537586
EGFR	323.40543559150921737	236.57158630657949061	411.60474247517794311	202.21115810796661094	302.43056184855100810	840.93494905031923281	250.82637022806068217	306.65318168198683679	307.41095723803641704	377.04251614519205305
EGLN1	234.96256374123498745	299.89581909308287777	210.80796794636677305	380.43273817554705829	322.60934642311258358	173.31548849392370926	205.76893577198788421	497.84268409388596410	311.17414100176057445	226.29358801559189374
EGLN3	497.55801889006863803	177.89490997816503182	471.96584654901982958	438.32790243330339308	721.36782101776987020	163.02442195720496443	210.38865963241335066	1812.86477291740243345	244.20418919234217014	239.85125064400997985
EGR2	909.06088899764847611	609.22055255593090806	1208.88107567694623867	664.92566680855588857	1242.25701683450756718	733.17443006859446086	773.41482471726737913	629.31092952634583071	467.05695959915840376	494.89595486013928394
EHBP1	304.34432776894175277	198.19227371795332715	211.17894203619644600	268.79156287133088199	272.41773607222791043	397.39702243360983402	220.96654723717651336	194.16954368906527861	222.90772120140451307	277.29640900536179515
EHBP1L1	227.39775958117132859	339.74219193675509132	193.38709491511104943	302.96793921694813889	293.31541668697087744	177.55589387219833952	243.61147585244972902	235.70571953836824264	487.20527345317725576	329.80014592142327956
EHD4	243.28035550774646367	101.59043529654087479	209.99845195719109370	289.36869916270364911	227.85088755451675979	148.86095621691427482	363.62303714638079555	257.28286366084915926	175.80168182883036820	132.28733505820162009
EIF2AK1	376.98927994323378243	294.26924276837246452	339.76617320580322712	399.33732043885629537	270.47204803950114638	243.59977088368506770	355.43637144250124038	451.89583743676615768	276.04778605760571963	259.05091370968665387
EIF2B2	205.80905357556753188	352.98031698032161785	220.46657983492994504	202.20958551384740076	155.82866576857813357	126.52475552970926742	215.89551477539009738	192.76825499964826349	316.09735495706956954	255.12467629634937794
EIF2B5	197.26148277430505118	237.31470043991703278	174.47349571489402820	216.21823177291832963	203.42977227269460627	117.19083767106712912	187.45293518113234654	168.35200332169671356	254.50547322915866744	173.86317758151773205
EIF4EBP1	520.20395357605980280	366.70656244349424924	330.60735653206171492	476.89670590541231832	345.12072626992323876	332.40822381491670967	914.35432068423585861	1115.28868129859642977	389.31639158631855935	353.29849378738288124
EIF5A2	202.00163903228826712	135.34619063864465716	117.45532901751423083	148.34986797333863251	126.31249879137493508	125.88802094917009811	336.14196115947811450	176.10634507087698353	152.94645816127408011	137.62993662620866075
ELAC2	128.21791758303177744	174.15206765562859914	105.41703570303572235	128.08230770134477439	149.62798633528370829	238.21662110154815650	277.36589143115679690	83.28863965087491295	160.27127959830269788	115.36673076867440102
ELF3	126.26389882386281727	114.84694450142060873	76.84669299262723996	598.32137050709707182	309.10698857281488472	0.00000000000000000	160.20003838926913886	217.22143192572846715	143.26108212092742633	87.10626547679187581
ELK4	214.67194143877793522	292.19011710498017464	206.07150270357459476	256.68478465047263626	379.35625134802990033	145.49033927802662447	149.92756245602495824	208.88015465647228552	231.45143726214232061	215.60501119387484437
ELL	139.19766705936436324	188.12649215509827627	212.17240350509547397	211.54310106231201871	201.05785397609736265	124.61961308794266756	139.10650149858528835	160.48398701852070758	196.67929346066514995	220.89789045284913982
ELL2	666.75180062652884772	748.22091662472553253	599.70404393243882168	870.24313597829188893	2366.07293942238538875	443.25286484319241254	659.10932449520464615	955.34522827811895240	1002.02442652474155693	807.12203442081420235
EMC9	123.65595344265133804	140.88283337920140070	111.57576294282858953	134.24603327542286024	79.38239585574436319	67.09322219845084589	405.18312430499906895	165.91698646543329687	140.79069519648538744	113.91381590003165059
EMG1	292.01053972727373775	317.36018727761762648	302.19107519901433534	297.26124350221459736	217.44421850611038849	111.33073316573619138	427.68102235969837466	381.58515788158803161	292.69915178846321169	255.83072451120267488
EMILIN2	163.30329636432139750	204.03562268386792766	109.58098082770861481	201.57882229795276885	120.29593048369608255	746.66424081157845194	224.05093696730801867	108.29682370773923594	158.58588960011758218	274.84463835250596730
EML1	230.65570515795874940	112.07204073255526566	199.18238883285030738	103.05651667494906576	158.63037269692094355	267.06971671786936895	154.16895501248154687	145.85127396547716216	146.15650007495213458	99.11304077152767888
EMX2	117.80329493347170455	128.08665449208876908	87.85026091154492178	140.35603997758977357	130.02705273667692154	94.25892565424793190	91.58004911909388568	120.49520641698043733	207.81245617150341332	293.17688441313345038
EN1	193.64502875477413113	123.84359900849814551	164.94808344977101910	103.53218096037457485	90.38315792682254823	123.25861789421036008	120.08667739586773848	106.37073430497822812	110.66636867245200904	314.02864566393412815
ENC1	730.98439198409641904	453.47292424652181353	890.68095848460518482	461.24522197391672762	461.74221832640449747	311.23423336606367684	529.91380733081587096	384.30362384863610714	205.92647867364641456	440.31946379175639095
ENDOD1	159.41753984128828847	202.95553713070353297	144.83153082217043561	155.54786327130577206	142.24657241738114521	95.30617238040252914	112.14648041858393412	148.20377636194945126	341.89514698416144256	291.77699605837295849
ENO1	4534.90335988907281717	3034.88486308320352691	3016.97348039023427191	4485.25423462945036590	6030.78438872043443553	2417.33396033988128693	6224.16244158051176782	15303.03846609101856302	2883.43996555756120870	2362.33421732802707993
ENO2	201.84985495749606343	110.42334120039596712	89.61262751219327072	225.42251043856174419	821.25405100749787835	2.44489418596982411	124.80410884560262730	1132.00659062085037476	169.05295063705275993	117.28169043447094566
ENPEP	197.98471003867865647	1286.38644785720134678	122.96809185800329089	416.95072684959359322	406.27888416481749800	34.08465171835677410	428.35192424257087396	325.38162150522157390	775.07197573895768983	255.75608678582679545
ENPP1	617.93154469128819528	199.41955797198184541	302.39664847595230412	264.00613835976548671	571.65711258312842347	78.77603715874998613	811.10656283294304103	710.44880711951691410	190.87772326818091528	220.68344150154919703
ENPP2	267.92767682335966128	98.06610689435240147	330.95499606020433703	256.02727923114872510	238.14213031722636060	680.80662763431428175	242.35978420874695871	228.96647599389706329	107.22686544810666476	110.17301834524215565
ENTPD1	354.44524439949424277	483.58236288448324558	282.30613864435804317	445.79833765786503363	259.53247098507767987	282.84302003870044473	184.08692384774761308	173.08828845366963378	643.78540429966392367	127.75984105715541261
EP300	373.22936393046830972	532.17096251808288798	360.71991803037053614	376.28562795378911687	622.83708072499200625	299.39635265075980897	304.61294055843558226	328.14510361824983420	514.78346286257681186	443.39132697410451556
EP400	189.47958986239223123	218.11097711816447031	179.58856068868038847	237.77995975497475456	297.65982653497263755	123.64659395646302187	178.13259121828500042	143.58078043898095189	183.45475464373322438	169.37771091277045343
EPB41L1	119.46139619902540119	541.17365710274725643	90.71665624420774066	226.37256175537930858	198.20869993248808782	113.28051348736838122	303.50551156797297381	161.94177788701850318	208.24150524671046014	134.83662683608352495
EPB41L3	160.67601668902057099	52.65693101147184052	154.46516212947037161	180.28228577741876393	259.50943635594330772	300.65970974754048939	210.41746129594741888	162.11190010455942456	53.86182693875036875	70.87670746768596075
EPC2	197.11568580148613705	299.80781828872903816	184.04355628531033062	233.28778250505888536	244.19025862487987411	96.34578075268601083	123.95572627314267322	199.26782327561923580	292.53753279297416157	290.07561328848510129
EPDR1	290.14758308146076615	116.69480149119574719	259.47334601792783815	160.70615308717336234	159.75600251538540419	216.30088375628344011	221.86825739340028463	165.38957464066692182	237.08992962748385480	347.17896376478029197
EPHA3	73.72374303499238124	199.98467171225317429	42.93501641385540779	119.50843818109753158	137.35208203016881612	26.41744605934403367	64.19420715917630105	59.27502581455763675	217.27061645903799558	170.90007908952432558
EPM2AIP1	261.96059601533403338	364.10578118261645386	211.30390316093860292	285.43013860881410437	546.10096982861966808	255.69274235079592472	235.28171048768746232	273.58764262915866539	323.30447345402882320	247.70592807914104583
EPN2	263.54022066504541044	309.29410542946413898	242.25937271169885889	184.01168787402033900	311.59812107746887477	331.47407962219489264	304.25067848334640530	270.79331618248414770	437.58606144273721839	489.34911611517088659
ERAL1	123.11479489509163443	126.23922559078657457	111.55412465093084506	178.33232851435636235	75.75154205709762323	150.66097802251991311	255.49042624586678585	110.94821891124543356	125.58865642629186254	132.99950243313563192
ERICH1	347.26466223049806104	328.80266650899932301	290.07155915076140218	317.01000459820676269	558.80389964559276450	246.60629761617144595	185.60112539439907664	386.76649891160633388	351.75051986126982229	273.43738175339228746
ERLIN1	178.84142062413661733	125.26975515715079723	168.75481922780230093	136.51542768561213848	111.18560519178411994	208.84122244535950585	252.33191957853301801	199.15380071276285889	121.88616004114034297	139.07819057008444474
ERN1	363.72786300305523355	296.78646855517121139	406.79897866280549579	413.55845678346577188	563.03453890288687944	202.91282841761537270	262.18657803712318355	294.38655051438064447	227.42549497203035003	308.62252960099243637
ERO1A	391.02975964908858941	351.99792392552785714	272.71369504122816352	417.91412913030859499	927.12780897197683316	166.71821145224978977	557.87372702889456377	1410.57546803127229396	314.25284763167098845	266.81670625524600382
ERO1B	114.20045674114258816	219.92301690157529492	105.89267449522185416	214.40182587103996070	275.69556919005719919	126.74122104166323766	67.76040968046950752	139.10478947225448110	221.77934175746730716	257.17526693126501414
ESAM	132.72447912609655418	888.34478825399685320	84.87348769268248816	441.23206320171846073	188.67350538735388454	0.00000000000000000	325.08155563445529879	156.93493879245158951	984.30507539056156929	511.77007204929088857
ESCO1	226.81165192117035190	231.79958422795226625	173.62792017959259283	220.85678336082477813	337.10481499868450328	177.49924969251929951	166.21420349522625770	325.17880147480070718	221.59790729507233209	218.87739030862448431
ESCO2	10.11861151872023967	8.37721198046032178	8.16835052504888637	10.42993891230916326	0.00000000000000000	0.00000000000000000	181.53718782230788520	14.99070929720831380	8.62796587715487462	0.00000000000000000
ESRRA	170.02812915239371705	307.84647585472401943	157.11530048868024778	251.40808185845560274	206.79275568039074074	135.72704160810152985	194.97123339496482686	196.71704941795795207	314.77770228329876545	193.18403376773497371
ETFRF1	291.19264300800659839	304.86122801154124318	230.17215946407105776	283.84918746917287535	154.95046190036185862	205.08134374855833926	166.65714482129212115	266.41101263375264807	311.43923749138008361	360.92776696561196559
ETNK1	266.88783902459914543	449.40016466426220632	271.60702714671674585	294.70347503861574978	506.91220088181898973	298.64471805818305938	209.92483741101239048	214.52247488545430087	387.46508247774181655	303.78733739271967806
ETV1	409.09097784088640992	214.02268995127033691	300.76770391512576452	193.60258759901202552	344.76937027222305687	130.15869282085904501	195.45088897430159136	259.80005738585731478	111.98359389951802711	85.84081305223772063
ETV7	122.63489175156534827	195.04049748296372968	374.76555915964473797	98.04843910363520365	88.32013371042451411	110.59939204822723013	136.51745109554425994	120.11544688880803733	130.78447838891290189	157.91472889083848941
EVA1A	408.57218555003674965	158.35231328112965343	632.21611422117632628	260.47690956461792666	171.81343700167232669	94.63524173936654904	562.87837088898493221	375.69059614051553808	101.52472889140292978	97.55994595932241964
EXOC1	306.78843279692353008	274.31122025257053565	295.94413612229919863	324.99795469738813836	432.04336790663802503	214.35363903805716745	238.83548214883828109	369.76864644980861385	265.90054636687767697	273.84865286408648899
EXOC3	216.79480113209586989	237.94562102090850431	162.58067003754655389	218.83589578922138230	244.08994299541606665	220.59596311922572909	164.51818492447702624	256.37242044985134726	253.00501057678044958	146.79353908295937003
EXOC4	205.77260267889397483	222.53986822106733712	182.93005575195388701	176.97337130872756461	331.28458429950200070	198.84194624508694460	158.12993223473961280	224.56168730502446351	225.13302924801280369	147.79645070112363214
EXOSC10	155.38865088760707067	217.15078258559412916	149.92135061219403269	200.23666587581382714	185.71402731199421510	96.61170034161800402	261.72082225979750092	195.71402928458385873	179.32716039361164917	187.22486246662640497
EXOSC7	322.62907619036701590	265.29103292971080919	275.97197712433830930	250.42268809685333508	199.99832235715055617	270.91452514587831502	354.38644923852768898	429.01940325211910476	250.69066827870281600	305.61145500512071749
EXT1	352.47795891490574149	259.75630644054194818	350.52679384978102917	271.40670902402439424	262.27464532649366902	385.37929308540230977	277.78598874768852056	336.18909806573952892	232.22019073622939800	314.47292343119676161
EZH1	154.71892831891571518	194.22549313499754930	141.53691316443681103	161.74723948904363624	300.95112170471333002	161.19852768314419222	76.80340466019897860	221.62943148163407159	242.35654632238640716	274.76743021157187741
EZH2	90.26860354938027342	111.60741462747425601	92.50052464648190664	177.28538867396596856	148.74567711711478069	65.64792400874043210	426.14645785555489965	102.25006013953986894	98.00760405574617096	100.18238991017993555
EZR	262.07295949481664366	538.41140967888941304	229.20666033273894868	1111.83570085358519464	461.01569718137574228	75.14153768299081548	659.80840553349401034	312.01269036409456703	500.15818260966227626	401.39980138067187454
F10	257.86707845611130097	136.63615072232482817	396.77127630699823158	177.10140046643434175	204.65841053842001429	924.42317200426055024	110.71453649957933862	308.79549082486147427	305.89981912815170517	751.52685911886010217
F13A1	441.80115878302689225	42.19635668269506112	132.96077933784718539	138.08674662134359323	162.46466517442146937	132.62649088520331020	109.99409589901266315	334.01419847882323211	50.49515821583491970	15.19460397464058232
F2RL2	347.89116724506726541	46.62831372159743637	352.31646194943306227	157.39594905983739181	222.16464377910000394	122.35097008585799472	79.00154589048177911	62.98876262379114621	46.53286241771962750	35.43884390016663133
F3	334.23253342934771126	337.82957599780394276	538.85022081922159032	295.09835442870075894	581.76098107543305105	418.05989393521400643	462.19995361236652798	595.53483620744975724	228.12187551694967169	413.71749601824808451
FABP4	140.57006872834119804	726.24080024706358927	169.38178143922098684	1154.10675865072562374	207.71542412422394364	0.00000000000000000	181.85185292999182138	109.45103233928179520	1089.82552130562476123	1470.61648266638189853
FABP5	645.75894026246908197	1354.74412564948397630	388.98946676016447555	1519.94432380771127100	568.73103621120844764	0.00000000000000000	1056.82149528152331186	449.04884322967564003	951.91773559992793707	1270.60695144513374544
FADD	176.72650445645356854	178.29826857568696141	162.85496048001417080	155.43681362622970710	119.94679756022932793	125.18876119081105003	271.60665369139485392	117.56217860296254685	136.25100940558797902	125.71145176331060611
FADS1	218.31495807545675802	220.49518765004890497	215.44180581777411021	232.58292041666359751	233.68493240483192608	70.21032177806942798	424.27188356496390043	218.17685348732089778	305.15208566054349149	195.60209423051654198
FADS3	314.35667258590461870	760.19095071783158346	276.34457531269868014	484.07115258133785574	734.17053676885200275	177.22808541922728409	382.22802108187943304	353.10727487914618905	1313.63048579777614577	799.57678311580889385
FAF1	195.53066135447593865	255.40035762709166534	166.58482525439885080	272.68240431248665345	193.25461174860095070	149.44566215277549759	274.87171755884241975	201.68689731087945916	253.72155990169918027	201.47448139954468616
FAHD1	182.63642426093221616	182.93307015361781964	149.26229707562032445	206.40731268539457233	132.70499474107950277	165.44216094395991945	322.41587020503169470	218.88611577244174100	195.78914692171878187	200.49754787219495711
FAIM	171.78163610242341974	236.10257185202843289	159.67173724594482564	221.94585675268254477	103.59812719690322069	78.80483750450753178	162.55953010355224819	192.45942096610519911	268.80887014453452366	308.71190987532202143
FAM109B	220.70807003690100601	134.29833183122732976	138.17365499262405137	134.40156543816476642	76.28188435461343886	208.32955763203642618	416.53811717708902052	159.74296111673615428	149.14843148762429337	113.08695625858528899
FAM110B	171.16182646041400517	271.94160383652092605	192.04432319601892232	135.37651090679938193	231.29344015513430577	159.70257885553047572	149.35537353238945002	185.47077512781950759	222.63782541070168008	299.65946309786585289
FAM118A	417.56065328739833831	314.21881346354263087	327.98176786856055287	280.63175883617253703	555.60766624996301744	207.86872592493432421	150.71560664309831168	238.85851874420177410	290.90831012104797537	290.54320635989023458
FAM122A	148.52987894081942954	266.57437607274897573	134.34436938026965436	190.21408487023592215	129.75055085033361024	143.15980423247634690	102.79974982498595182	116.47382179582434958	360.33616795149430345	173.36969800819278476
FAM129A	190.37143835818852722	345.88812925063177772	154.05292085412378356	402.83526007820233872	291.17066246812544250	187.96874356387934313	333.94188361032632884	247.06712875354207881	1003.06843250868973882	243.12688894372450932
FAM129B	372.77407667416150616	343.49629343810335058	279.11148090213458772	501.64769133856742656	659.80389137448071324	50.41263586736180002	453.51832559163966607	863.83368109109960642	304.40922580017706878	349.59689361707580701
FAM13A	234.96538514697121514	356.76811125566155170	243.66022635049108658	218.85624145793451589	709.06705422662093952	246.38039328901763270	207.29733175029875270	347.33322801545642733	349.21116778334271658	257.25657534246806790
FAM13B	169.32585526215456184	218.59947915185739475	122.92372229392155702	195.60194453370596079	268.31407148613175195	182.48740519725444642	261.86538720526294810	143.24699003431621236	207.96314653303690534	195.05645575529354119
FAM13C	124.69414622509960111	632.34045636006931090	67.52145882345433847	220.95795320395146177	186.36796651561306248	89.87672683486862013	152.17781209830880584	113.43669007301419072	408.66032146000367220	869.91500977192310984
FAM160B2	221.00067137885125135	196.98704516445630475	166.03321465427674752	186.77952278979640255	298.00988858762042355	75.95198933936400465	152.29019203221957923	165.53484647256382800	155.21731548206406615	123.94647311070366413
FAM162A	978.32336931769202693	788.20060735354115877	752.97446980750078183	974.23939869216189891	1122.95439131561579416	550.10134109203784192	559.94521628568395499	3065.22380193567778406	675.57790980293952998	658.59598145475524689
FAM162B	68.03045031586627545	637.88066075987694603	34.46047301461080536	248.84842993328012994	95.04465903828143780	29.72334668757322262	130.54946093218953251	119.63326280056277540	253.19847622014498256	315.02903313542128672
FAM168A	317.59133461883527616	249.39288672437922401	206.09042184437748801	175.47930193820508293	268.67478783443937118	171.44231575093371589	156.21754062921704076	240.89759611604955580	235.41789230700558733	190.70391658570468962
FAM168B	209.23685015989727276	225.75488643982882309	135.25973653335779545	221.76669172039029831	290.44652677021952059	137.12749816005981529	200.63405889829093098	237.16871370681653275	253.02847866180607639	189.56515998000611489
FAM172A	203.57218775012592005	208.55951051865872614	167.92169902118811819	243.96886374758099691	424.87955301610469405	181.49731624385256623	133.51576896714178133	248.97095679579058469	223.02800371298260984	247.11247518201369644
FAM174A	222.22631428103898088	254.18748949500403000	187.25967782039845133	236.68503654436190686	169.38985659060782041	154.26668323433594310	153.46766202987100769	228.35399278580567284	257.15793935609138998	177.40236366714364635
FAM198B	921.02579601855461533	200.92695807359345395	813.01184559362695836	654.79005539027900795	375.53881938518583183	323.50496399645061274	412.69368242727517782	401.60203565283620719	296.06722647370594359	184.13519500870376078
FAM207A	317.55368706443556448	295.36800895364035568	321.13145115412061159	280.74117252221685703	274.23264966151384670	147.62914369316396801	404.89618650088334562	453.93433959658716503	317.31785841758426159	745.37238800065722444
FAM20A	362.31795968084702508	125.38420238988581445	595.39306612684924858	209.97793618415576589	306.56659620414274059	468.29927271053605864	315.79114187890155563	240.88865916196695593	102.97336102989774531	96.42549807965795594
FAM210A	172.93139389520604254	191.08303994881228505	177.25295619835910088	196.68234147889504015	240.78969283074417262	159.08841246984596296	210.35439474665201942	412.93809089518907740	184.79553268138266731	103.45241550974186850
FAM212B	25.09244551527872247	170.90420758022449377	16.12704473945687766	52.13262535718991586	62.27479230183159586	0.06113006000751205	40.87721851024274144	25.28906112527343808	84.82987577446122884	101.03596857295788425
FAM213A	206.52624770795739551	863.58550312480531375	217.24536806974825254	480.47056442742729132	218.73837051003789611	183.58658325074540585	234.57694560098786951	214.38863268073168911	355.23878080207168750	521.01014950424337258
FAM229B	433.06466681371779259	226.93103595859983557	338.13807330925010319	304.26790359711662859	171.73423670096264004	355.46515878700103030	414.42434138190759541	426.16225425467780497	220.08426097126300647	256.40639531668318796
FAM241A	287.96969452803097056	1246.53557841220390401	310.50655258995703889	588.89495134674893961	675.92924413223033753	31.82724657086644982	402.92384541242802243	292.88232386761109183	1421.41436637422452804	1474.75787300687215975
FAM35A	232.75196409128054142	197.84223806167392468	187.78999494695665362	208.24071634965292787	257.26659463263297312	167.12627404902093531	201.77625721657540225	151.94615952585598961	185.87476480244572485	149.78629116270317922
FAM3A	344.11372784274891501	280.15959395496747675	281.98540722809440240	257.99213363309928582	262.59143734451913588	247.90197034735587067	362.14491087075384712	407.54363016983165835	305.87041029621065036	280.40079129554140991
FAM43A	214.96959354600184611	369.19705818532958119	221.55104894881242217	278.04736291711111562	405.66127947359700556	349.35858201648687782	184.17461689071956243	152.72588392447244132	300.95149391945165007	488.39249355832367883
FAM45A	300.23234980358120083	215.36056649667037277	272.88494466521211734	262.48161476846797768	188.48559926732357894	326.52358173678504727	282.72544038047726644	305.95850136959154497	195.49791255132151946	195.94356818518164687
FAM53C	299.71157085973419498	436.62716344759752474	239.21326989110923478	357.94404284233854696	807.50199912468633556	185.03790490996274798	206.82371606229230565	292.61360398250451453	424.06009624914571532	377.83069597707600451
FAM76A	132.92586972928219780	191.67975540348885488	123.04808508389351118	158.09563993912132673	174.92722234633779976	170.61945646869327220	317.33420280735651886	156.14824179150036798	219.01914079860543438	190.76324267920378475
FAM76B	141.99563439030742984	218.01940930448793665	141.43579355546810916	200.33027116709831716	194.55134135447363519	113.43146977704876122	182.89254587452077772	174.34606525973015323	215.25168292989840779	207.31592433731970004
FAM89A	161.87111711973719252	145.51002776697310992	192.69471170465311616	135.18007705391926265	118.85179921833071148	95.54180598235284094	105.81961625843990760	147.21770883972448019	99.01491519657223250	304.44982718664323329
FAM96A	183.24077023427031463	181.21558709420298783	189.85415822541489206	267.68618345208881237	144.92737005261892591	178.83061424487908653	194.08586425584135782	250.53319111146470277	180.48707294455857664	210.20193569396022326
FANCI	15.15478246052219191	20.85376702226634649	11.18553579548365562	64.05226704642768709	19.28994086789806772	30.27110935355667465	172.69155363143335080	39.88024758151117766	25.48509247746216388	12.83358551746445286
FAP	3200.88163829950053696	611.98816247166701032	2838.56323795138632704	1335.78947819108338990	1805.33924900694910320	1516.10976360311769895	2180.62728272660388029	2241.59672511216240309	580.88638217835580235	496.17901893888949871
FARSA	202.92997524764274431	236.89910493047628393	205.03624528952914829	269.36099576360675201	111.38612694418551996	170.44393223877611376	176.31150219918927746	232.63762775889938439	228.68312009539533847	170.29960206546340373
FAXDC2	94.67614855151151687	93.26072952269251459	71.89332565933935371	83.91623503389905636	118.18072125440463083	195.64702264861432468	17.12247390691744542	102.39199377856559181	88.34665173565444718	172.66127622303633871
FBLN1	11591.74245200006407686	2308.43047053294912985	10425.61177610108643421	5263.31829693103099999	4762.57163130361823278	22651.70180526902186102	6708.78845407239350607	7847.06201118504941405	2263.75683408802660779	3547.98858508271177925
FBLN2	4003.03916385551792700	1030.58439265193578649	4136.11469086544184393	1743.08726902514536050	1954.12596926973878908	6908.45538279157608486	2358.10102255558285833	2329.57768878864135331	1235.44493537501421088	871.59004300044273350
FBLN5	1111.75354785963327231	186.36239195204282737	1056.25297340085535325	675.25530769330464409	534.85846244500555713	2965.29681390757104964	521.47588405760427577	1013.86092925032335188	251.89210447971373696	466.91621494746141252
FBLN7	263.58098793327701514	209.54884363021588456	169.93914670440128134	137.47187076831957597	147.75619513118073201	313.04033909026912852	159.71081482541413266	213.00111946728583234	206.62377504288525643	343.88734901009047462
FBXO11	345.19401862293443628	362.33322788651247492	341.88025614281872322	349.06324808568729168	541.53968205732724073	213.34819716564462055	238.79265027895834805	335.84041618051116984	321.78378885156683964	300.14331095457009724
FBXO17	355.42699479324693357	246.15288520264653016	238.84740657700342581	189.49814100591964916	315.51940205897756186	454.96361533887233008	365.89281145527678518	349.69921744603874458	277.64687640234296850	289.16135517854183945
FBXO21	212.55376861332766225	251.30226917096692318	151.83774820283937856	250.93503386343448369	287.13240670240867303	175.87414813561250071	174.37508051052327573	251.10586555480747961	289.83439036653533094	252.71344696431978605
FBXO3	189.48460124587120390	265.59633926498850087	167.33640112473122485	247.86598368094797706	239.88399119684311245	135.22197250288201076	227.10106294798569593	219.14318713475051936	289.54078818324461508	280.95714644437993002
FBXO5	68.74489377450291272	80.58556048366915547	74.69030344122643328	77.51559519088756645	32.94467436590120002	66.46899466841043136	253.36322354787301947	48.30776495401310910	78.16194069773449371	84.06258649788330217
FBXO6	127.80843485507689650	86.17117842624915625	260.07938910657810538	119.24673469609561494	82.43509588965009982	64.72272856577647815	91.48727850386384830	161.53365643000049090	74.93946192127370409	71.28338442613065240
FBXW7	218.73012037520831541	305.00664327484389560	193.38886604623471044	333.23726426170230752	337.03310253363798665	210.30422110035857486	184.18571769101561131	253.94866382337988853	291.31108454711892364	203.73195573182329099
FCER1G	199.18222501425327664	143.59332872150258709	213.39708228759795361	656.41393649213512163	211.60533747116451764	0.00000000000000000	244.30147278715750758	104.57444567553251602	126.79450858463343366	90.04905872770126507
FCHO2	209.40372359550079295	217.08391367100156799	189.09991227377886958	217.13106182694102131	275.01991230648724240	188.86390761999189181	135.00035812138108327	292.74380481573672341	268.34505108952180308	238.71380012312363306
FCHSD2	148.75926621686164708	211.33398416739814252	152.43114739611419850	166.11311084276223937	215.81778361122687215	56.46455619023161887	111.93120388359331230	162.64308863305970476	273.68743293412001094	188.91560133989642623
FEM1C	231.04554299222419900	248.75530359845774342	190.67601774901245903	229.02474090461493006	489.68922523920775802	183.10767701831414911	136.19098067352533121	233.45750407452962349	281.45804438070240394	230.59242236770677437
FEN1	58.39937185877291626	73.95124513162220126	59.37032462019577395	73.32938459131295872	38.30159922309925946	15.15195821383537833	302.59036012482329170	48.08215658349641330	62.07701677052749289	39.43606689543926791
FER	187.92701794749982014	239.42480610051507028	175.56336852939992355	214.08125647040290573	317.16762823353911926	177.03610246050345722	141.68382666354551702	275.50585291964154067	259.45642258623871612	176.44075923222192159
FEZ1	303.55033753781845007	402.02885733086765185	199.64527529547575568	274.98783150997132907	136.11513649994870434	271.04094560813621229	352.43317477716311714	233.07780871084366936	422.13027295535499661	463.02689075901622573
FGD4	75.24601348930431755	206.81415009056519239	56.72478280160589748	125.42460874483055022	161.14483316599412888	81.51313250321602766	57.81968631500419775	72.53613842261951561	253.83917818163382663	282.83860894277427178
FGD6	241.00190497377994348	108.80332668157345211	329.81953228824090729	140.90670327230142789	217.02705432380540174	75.99838586885083203	140.17806115156929536	169.65722265142414926	80.92212258940389802	56.98976103204203270
FGF1	265.51502233233918560	222.69319587317090736	150.72754613183764150	161.48792948291853122	113.80959750667844332	0.00000000000000000	277.01993383985177388	300.33664021311767556	179.41413675293921415	51.71482439995069313
FGF18	237.24944270633804422	66.24151274773002740	99.26159003242523227	54.64030887732062780	209.26894409453669255	404.83108767370873693	54.74178603563644430	350.57608255503566852	110.88200611941232410	112.62387785494539116
FGF2	130.37537880861921735	71.00142436484649977	231.96352008276659262	157.96326272974724247	242.60901179850009157	160.09274725886342594	117.42819500969568480	160.49249870658195505	86.59156680223767921	246.73224268946705706
FGF7	1824.26786899991316204	505.65071031925975831	2020.27610879388271314	901.24761500010083637	1266.33510677143067369	3923.14710689212870420	915.33672021864686030	1847.89494814754812069	938.34548293127807028	5541.89043505456447747
FGL2	308.15611276476789726	140.44203877442819817	404.09671602192315731	548.13920644726908904	379.78063365628679549	1010.30488220077188544	182.67359119349535490	273.03098860770438705	133.04187749137915375	129.81792763403794311
FHL2	1345.19870672061301775	607.16019831384551253	964.92811905077496704	848.74702248228084045	684.34412148678484300	717.37674508570501075	907.16660546423304368	1411.23388816264014167	473.45619594661837937	2408.19985901562904473
FHL5	56.13666791082088992	264.00256169092585878	49.08745779732162617	191.60258084151482194	74.04712899135817850	0.00000000000000000	59.14245417158842599	68.16709410061773156	640.76387808696085813	435.26130219698688961
FHOD1	95.33208467032876854	289.47595406326945522	77.75256143683839127	170.94235809123676972	152.02709873990133360	32.70542767921440230	128.04641829584178936	81.77225362577006251	168.83909263629738007	127.26211302999104191
FIBIN	1158.84397744423108634	169.03241429391630390	866.27803342841286849	353.39696972100961148	514.62310299515570478	820.43781272709634322	430.99192316061242991	1068.08061941942423800	272.53806286217019306	133.58869618836070003
FJX1	198.55290902056907498	845.09078432520254864	175.53086725450700101	298.10560867324682022	209.60391974520661051	134.05176211395138353	346.82321387301652749	178.02754247372055829	212.24190637802888659	300.10154027718658654
FKBP14	729.59593599435311262	355.35318728954479184	549.06893860281422803	297.38140815294985941	442.54485735362499099	359.24883227007421738	608.74585686872740098	501.11943269824058689	325.28013888775637952	304.21530771388739822
FKBP5	224.50120932131227391	426.48963942500972735	244.37764487197009089	406.52064866556116840	319.19337618134761669	281.02497084234454405	420.21078482729461712	169.00404748499616403	599.62565722519150313	389.00137531508329403
FLCN	253.75735916170276596	214.83091111189986577	234.46733870887638318	218.69585441113892443	661.55030755382301777	87.22910338639391625	164.53811436916797106	268.12732923725889123	198.33126353043087420	247.87644857862306935
FLNB	473.63221944573456312	137.07663347221554773	408.63728569247660971	498.11206482578796795	507.77227459758125860	69.54654917360944921	558.07023352039584552	704.60176682773908396	160.68370603142983555	245.87176975125652234
FLRT2	247.01209790165512459	52.57249868561890338	240.04784976159359644	177.25529880275976780	239.30447349108547428	375.76996229768985813	193.75715241863898086	180.88203109281951697	65.14734792585140610	207.98746377931828988
FMC1	203.49051884156881442	299.15637637600713106	207.35809848028625879	182.55870840813372524	128.23360665287549409	238.25836113970663632	185.42364782127813783	148.93421369850923952	257.78487627403097804	236.23897581623873521
FMNL2	200.87072028589656725	100.71179899353970200	279.27168443659729746	216.72982885636830019	287.16363937423989228	257.48023425027525946	154.52746662247508880	283.89652116844422380	135.01645484936784669	155.60410669183929144
FMNL3	223.48350860863095591	276.17596055352311168	270.20976182794333909	228.21499705668475144	314.13234986944797811	47.39566690599647103	177.61984700387577618	99.50645699760107732	221.03997966513387041	128.64227674023129566
FMO1	496.68626298758641724	119.29333711431884524	880.73504703842081653	266.95958341516177370	221.69058926136202103	748.66523158051711562	179.99373553559308903	428.25874523590317722	94.64934835993632589	146.53753602721479865
FMO2	675.82537068964620630	215.23716708401013875	1035.31343476356346400	479.96385793871797887	387.06790895459783997	975.02713958739377631	168.08789656329363993	338.93426493412476930	543.14660011814135032	1602.60479995459627389
FMO3	132.67913565273593690	220.40247914874956336	108.45071970772248449	164.36484914895385145	97.35046392823727501	92.59424310491014865	74.59946397654920247	64.08776785025133904	356.93023224387678738	399.48489525360054131
FMOD	862.22769009676051155	293.70725356920621607	844.84339100740612594	422.91118749633488960	532.21354599866538138	558.15565731049503029	704.51423524668575737	787.48178502135181134	316.29693753223824615	732.66400033199920472
FMR1	247.26580196490056096	301.93413764234600194	288.89060751358232437	320.69618110207210293	434.58011849777494717	181.38153032869482217	214.02119654320270570	258.12104754040171883	293.53461003285235620	303.10532008043776386
FN3KRP	160.51308884122198606	186.44645389329815544	153.33506686510096984	161.20818950151274862	148.47963057984583202	128.19946500164584791	270.00052006731158372	191.87759029145220779	233.76872187107119316	169.78689225586956013
FNBP1L	284.06461344411764003	275.20197801866885357	196.97162534551549129	284.63837101277448483	244.15038709599824074	89.00645558389989276	230.59173771095956340	217.62370914190097437	211.67854952046403127	174.30720062984630658
FNDC1	1582.83502018520175625	227.85572674413802474	905.23726007554500939	392.12931362274844105	372.51986000289480216	663.13134176879520965	600.47315198515457269	861.44355193749549926	251.48506218523942835	152.13214046358740461
FNDC4	280.02166858633211177	141.47119166978592375	220.05116917114500552	170.88566472955619702	177.20141949438749407	277.41827432292393496	152.46461702078448752	240.21807578834872743	210.64207675308381340	297.06356655083493479
FNIP2	381.94270164379759080	342.21701582756674043	340.85042261849389433	367.34405427796878030	626.77525753692486887	200.96585042313918734	459.55649892589235606	377.97102170733194271	272.67440638383129681	261.24905197144727254
FOPNL	148.38292128933349545	134.96522465634751597	124.10893637768332098	190.85349386257965421	171.59285440821966517	120.50468609401831088	250.83918116489968497	190.64491490198901147	136.56245172744397109	142.17326443079002729
FOSL1	174.03116785407675593	125.29044365092312319	255.73621838744017509	206.30680352721574877	208.22226152977677316	156.02561800330445863	470.92363646062420912	187.98066237980066262	112.57659379714615966	188.83429266376114697
FOXC1	331.42835599202129515	715.40670383945882804	321.53121708454477812	501.91723370447965635	511.92293473004104953	122.32195577345653703	274.87128485227799501	271.95062045979869936	1165.04093082038662033	667.60775076167305997
FOXC2	223.91917464879256272	902.26565561309496388	164.45103341858609269	322.75227713074184521	368.39843701488968009	1.70567454807324737	272.40677726592946328	270.74289492024297488	780.28053211060398553	481.27141143263634149
FOXK2	140.48971266280565828	171.97240606632163917	126.23826258706564829	206.59517151436412519	159.55833589500710445	191.09219932225772709	237.76027667789026054	104.33286271805808099	196.54813516211902424	127.79774901109738039
FOXM1	16.95811750406373264	15.04706077633526284	12.56646984308444459	30.98881907154771653	0.00000000000000000	0.00000000000000000	275.21459412856887639	19.83690116804825720	15.49344642683683659	0.70316122699549410
FOXO1	566.00936853086943756	230.92368477039445906	648.94001884040915229	403.99572582420870503	484.76968065826713428	457.52225951882030586	395.41906001423706130	323.52270152599794528	316.11724424293885249	382.53008928366932651
FOXS1	270.54782304391403613	959.38942459802115081	235.07000838387094177	418.23692093284836346	190.84343584224316714	0.00000000000000000	233.59212947418293993	194.99912276238680420	800.65908886359989083	593.96578975801458000
FRK	48.28445511144266078	191.51117147197285817	30.67050135215675155	66.05306306919408144	51.13702474350240834	10.21552345716058952	30.29249290952090234	36.91105692929628646	189.97786905334879748	20.00693001554361317
FRMD3	37.81884724305368195	378.02356759916415285	17.17266492052253568	114.62162977369615646	69.52609282232710086	0.00000000000000000	102.74841452681511100	63.88083715984807753	210.36799179774973823	96.40669347460200811
FRMD4A	213.92644616481140929	548.49714804004668167	225.39896447861465845	420.22663466484254968	425.25613867088077313	142.70616335826846921	355.47700982986197005	212.08785019090805690	725.79298968297189276	282.29145392334277176
FRMD6	1369.35411302775878539	441.31818592835190884	1419.54867305613493045	643.63646305010604465	765.40666805057298916	795.68408986205804467	946.74985949236577198	898.61436107344570701	344.34204722030841594	398.78134621931093307
FRS2	222.19468977935571274	195.94743503556659903	155.25596709708352705	236.35525854981307248	221.88645174585758468	79.38297493419122475	224.62345337097946185	182.03007973579147460	182.74313254384955485	199.55720312138581107
FRY	163.33039204041435255	386.32541264183487328	132.44854005704883093	200.05217854311496239	283.47310462305591727	24.16259517883892727	107.10521436470452272	104.08538523323872482	512.15010257293124596	196.50825694929855558
FRYL	210.14373699114210581	281.40652311131742636	176.63350408770560307	317.72122221228056560	356.85941357811896069	24.36583795834749111	186.92811126140981060	162.28327710369569559	310.15351733933403011	180.06552476497793691
FSCN1	1044.42576577792260650	352.64535364003205586	591.52056692540134009	713.69523376271024517	800.67794826489171101	423.40436895664350914	903.10681632730904767	1065.42596350669896310	381.60612126024454938	370.85831216971564572
FST	1523.24332880565657433	184.56245364801833375	793.31823448019792977	557.55952495235067090	933.21090409103908314	778.85364135396832808	390.48621133682070194	1668.16155502706260449	265.03046377336681871	761.90241037902057997
FSTL3	599.91523682532351813	359.82983239203304038	573.12533547557302427	381.73882239005581596	604.46643361147050655	661.60022455054900092	337.12208725674656762	829.17162296685035017	662.64336642759076312	759.75934666594264399
FTO	228.92586955893818867	174.51556868585859661	186.53441143389545687	166.14444396782047875	245.50699489312822266	170.89455817166907536	266.32037455699537531	199.40343853767396354	170.87051312542925530	180.94645756032747386
FTSJ1	289.43778952361799384	175.02527488384541243	196.28229495870115784	209.21451967652643589	186.81059924895834001	104.55440183517139019	219.68531021426545635	279.43526242168701401	163.14237945367005977	148.90692301375162288
FUNDC1	162.43185291777530210	163.21551161651225925	126.73359893314648161	147.73977289086801079	107.74806683200341695	153.23916464809855142	259.68298816941495488	159.94993428605789632	146.23803480860948412	131.77136349498212553
FUOM	305.77533291725893605	157.03597722581747576	363.23676968334518733	194.62062543178157625	157.73628271675386259	290.24025354596619763	180.65613541698692757	367.83817515921106178	155.89319896683730349	178.18304838318192651
FUT8	391.76844036499534241	228.46984265957198090	366.49423050520988454	224.80961561360589940	236.22806900764200577	321.12531463996793946	388.08781572372572555	229.15323061799745119	176.21544463467773767	191.12090630166332517
FYN	555.86603936061476361	433.40028948233594974	533.33592218578564825	566.63720253791518644	585.06489951968967489	621.93500442201548140	698.92235851271323099	418.04019878456540482	271.29165282675427306	328.13762511722580939
FZD1	699.96322567914273804	265.92105626407641239	423.88893879369737760	332.09906235994964163	390.70516683037891426	436.41255005914695175	431.11079175856718848	585.85712531729166130	252.97544233343833753	143.26993794092393841
FZD7	359.34276313793776580	217.37765541428328220	319.75708479440777410	192.25280799506376184	369.00876625366493045	325.64523609739813992	197.28170326718526439	254.75546150190328376	357.16674163780396611	185.14227561529358468
FZR1	116.33362319157204468	132.69655352715500385	108.11090787290071091	145.04949243207965992	103.25138729625531653	78.36140671162951321	242.01669393944439435	121.14827822579324845	122.99185242618048619	83.20130154029773450
G2E3	139.88181776161974312	137.14691229399181793	125.65311607142136552	146.42173391244170944	222.37043420665813187	58.89609555964320720	284.32112041072593911	141.04268193253798813	123.84862730344889314	114.74955526530833083
G6PD	214.53160581673043339	185.05639527498703956	208.85047670700117806	277.59080838712043260	164.35166785955232172	251.75218874268216496	210.68386147273324127	215.65312581528678493	236.01577868446437947	307.95166691397992054
GABBR1	170.58488609154338178	195.80590919587552889	188.07478092402146785	139.32760339759144586	374.40117786288425350	130.97849280829734653	77.38273427085681533	145.92051725717996646	191.70700562255373711	189.82876106380584247
GABPA	211.26969534516197768	269.47770994582464255	203.70242069201165691	239.39803360793050047	207.08470706472652978	164.39882772675633760	120.93211425047942953	160.31517843294301429	226.05555866966611234	258.62797410341778459
GABPB1	414.52570045443712843	455.12038058912423821	430.30719791660402507	397.27718173963626214	788.55464844710604666	320.33936191972287588	460.11110545439299813	446.79600309510072975	399.42627639727123778	352.10801179074462652
GABRD	28.95682515231995424	311.37248486566380734	3.18605950504794011	108.95375807130304224	79.67167913556488656	8.14887441746947516	39.98260107884774328	56.18354887540692744	130.33220068559603533	2.91834882251858119
GADD45G	412.08962529557834387	239.29652413042748549	810.79039395390850586	619.75099187235753107	419.73848518192124857	952.07729062638782125	268.78330398674501112	498.58779457800983437	738.63960717137365464	570.08521632090082676
GAK	219.71393123136979852	207.20621616449597013	238.97220889986834891	260.41386173765783951	376.19729228715266345	67.94059137088621014	212.56927085012171119	250.67317245094625378	221.77357765490356201	209.52986049241073374
GAL	316.83858009881572571	43.83125857202916364	502.95712239564852553	176.35334894617744794	220.98765683550354311	1184.40502900020555899	245.02176946239481481	302.14211115101903715	87.51792124512296311	60.15815328970869302
GALK1	396.09582877176006832	314.55191509849714748	365.27980048513791189	274.66624803676336342	227.08840335548140388	350.94706049926571723	372.83680113569386094	465.97856320437580280	262.25063011749870157	267.02665398512885986
GALK2	197.87452213486940877	204.81915738914534586	207.02250363668488831	230.20650281115689495	203.38525614071349423	38.67048141254545612	136.50904936491340891	230.82457434268647489	185.55186111055476772	185.68559852515281250
GALNT10	461.41429553941122776	128.48295059962904929	280.57719040877350380	313.91406851298637548	420.85813573572971791	164.87438362615606025	277.80010290880085222	344.19013212525584322	140.54043021367294841	119.57031071647158171
GALNT11	446.93967105950855512	356.59478401327288566	315.39308911967867743	301.86806592304549213	318.17283234424405691	504.52513415978052080	235.94386160788596385	416.71626688244168690	311.92406130014916243	314.29857275533237271
GALNT15	295.70874893774583825	38.09889982500721572	123.67796915347646802	194.54355001347963139	153.29556915025577268	784.60900873717912418	56.87879419389234670	382.06825453995207909	52.63783564124639014	84.31535503599293691
GALNT16	77.50501555702837209	101.96675633451715726	83.22770970799376755	123.48799873765005941	80.86581765165412605	219.61267425465072733	142.92113102334056407	117.57692792875209875	221.46353975988037632	212.48478502505767551
GALNT5	308.74023556283560765	38.89115878899499279	167.81438026893141569	99.12645859206801902	156.84191761077664751	83.92401155934689427	191.56996418884122590	218.25692823125422137	44.80100977928128714	10.36942019644937041
GAMT	176.44520995699951982	415.55665525896182544	146.01674934117502858	341.69017858432931689	173.52825882370623845	63.11857197637760208	315.32640805307966048	213.21568842464824911	394.25651823419065067	243.39652472279937001
GAR1	271.19588300927023283	277.77530520826820748	296.08763564104214083	267.92939298869328013	143.49378520043785556	141.07153955956866298	318.49672348560483215	325.78651408162460257	270.88302594891757735	234.22780388195513979
GART	172.73427001928067170	237.64838406838302376	201.91391645856529635	281.21977251145756327	147.96307276505865502	75.72807836490166267	259.52899172141115969	163.55736530299813580	210.25228066280027406	199.52255972453701816
GAS1	2610.07755628849781715	459.52249353647880525	1998.02998923000109244	990.37929999141306325	1308.06798246205244141	2940.38799206376961592	1316.90247559108547648	2260.67910819586541038	543.56798896583620717	590.39073291567683555
GAS2L3	9.99530536250158086	22.64404365544808684	5.88242532841172583	24.94998979425674435	44.64424352405792717	0.00000000000000000	136.13515328269971860	7.55462469571598216	20.86271614382074446	35.12029154499767714
GAS7	813.96621153700925788	123.84856522499558196	876.80644284718516701	454.76430502686764612	729.22853989857492252	875.77062689864305867	290.20579343066430056	538.81128862906734867	150.49234144244201161	197.53233772071092744
GATA3	127.27832522892533973	73.97909274605801500	91.05037528359814303	554.57003556759423191	291.31374412277989450	0.00000000000000000	198.97688277109170940	178.84942851377070383	98.95250796067600163	82.24321400009847594
GATAD2B	213.65433739848705841	272.66655734292322677	207.81524574952533158	314.79840450363309401	348.64321734199063485	119.19831213575689333	181.41276747207456310	177.65568574848566641	286.05310503735699967	215.93333007163207071
GBE1	233.34401606827273667	166.64377254363171232	126.46165052069123647	272.47956150106500672	677.52652520622950760	147.19532283486950064	185.91319494782061383	846.84506845537453046	244.91189224189889728	226.18455766370738047
GBF1	261.62948904409842044	254.44482944573783811	225.48939458228073818	179.28059553856576258	285.15876241826623527	138.63588090293876576	243.44075048822205076	155.09765730230810732	220.25313370138408686	211.68375027593592108
GBGT1	91.40623593572333050	232.69034464640569126	59.28519348936326594	143.90730446225083483	85.75346015499349051	62.24794558191923954	72.88017986541753146	80.52174190225304073	100.56358874115655055	171.31705847691523559
GBP3	380.47943470967584290	505.18360488040190148	705.13834384765493724	376.33299494609224212	253.22985153904053846	174.45062438903022439	323.46763278525537544	342.88859311905906679	235.61853642655336216	238.02752621377749165
GBP4	314.45965262128692075	1059.97974802653561710	1331.98298986334475558	441.69680405149080116	331.70956173125819078	86.57438510927538289	310.11993876659346370	248.01698558979845188	369.94815490597881080	355.80290755227019872
GBP5	81.71835680883204134	100.93275331922620808	457.70307185236151781	153.31833774556869798	108.37034481260346297	0.00000000000000000	83.80456411497200975	109.48030293886546360	45.55422754622880177	37.66917032955092992
GCH1	100.38989991757991049	86.90067980434291428	299.86157448765709432	123.83801043960801280	180.95628124032231199	130.71523767682768380	53.85079561844342777	98.82351843815010284	77.79380832572961424	127.32263568880378557
GCLM	337.34732227622066603	212.71855063899570837	356.01107321162862718	323.34104921691761092	310.16225090003905507	194.93967346334085278	272.12160636374863998	316.60663012089696622	216.81999039833689835	242.75005348187838194
GDF10	150.37831519751787823	26.98885771006971979	89.84276527371804377	46.08685396251014055	86.55521411855401936	732.52479601094682948	34.17872858713666062	249.93994160219088485	36.05530501301326751	49.88754008881005575
GDF11	193.09747766374397315	326.33767293791765951	163.57603681589387179	247.10305005158633662	267.88135326689206295	170.38351964610174605	242.16796567173938115	148.06723023740624967	260.19042507525193741	268.70385291771793845
GFER	249.24530751688172359	237.76731103045995042	234.31471225474103903	245.53884205402823682	214.15933331990245847	210.59683325829431055	230.86149316282816812	282.71977696698627369	205.22500454749385312	146.73148570194501872
GFPT2	851.92858232308708466	317.20889706610256553	1163.33622188822778298	573.78970705483345682	1932.42113824315333659	854.96744601688385501	885.40763224417287347	860.62127332687953185	431.07010108403432014	361.41046007876758495
GFRA1	114.50390200906674920	41.37693328844161300	151.46884228728964672	94.19165212957440758	99.81617038149467191	470.13550946823892218	49.60959044092510339	93.59316665524723078	89.09267543213719875	386.35332804395744688
GGA1	189.68873025518027475	283.26005473961970438	148.48355038884761825	289.10659389965292121	358.42534272063653589	116.44040022896118103	237.92482933522285293	194.87562362129327198	245.21399315484470094	177.31242036206168677
GGCX	250.32962456207204127	231.78752292883882546	208.02792025009901522	283.55617847422433897	188.63378159648596011	204.56266254157705475	295.59731503948768250	228.53111039174214625	222.69563344037385377	199.61483913369434617
GGH	135.45091341026375176	113.67550527724387166	107.12758325558796457	150.50246660528941334	69.37763071389697700	83.23371925209742983	763.44821164851668982	212.38284171267395095	114.23503378367749406	68.35838542388216865
GINS2	32.90117551456741296	35.64800844601318630	24.67718747171465665	56.71713175911315119	18.10377887627917914	11.92663445048414594	366.51291787485666873	53.90657523337731050	28.44865661932924539	5.17036461417389681
GIT1	117.56432001032335677	100.36637770881364418	99.21313127669603205	157.17874588379524425	150.54515666865779622	70.93661625460973141	196.62727619741625062	127.85729395249201445	105.73048990045433015	67.86641339862821098
GJA1	1227.37870617677890550	235.01506269014123518	744.79091226775915402	653.54500813166328044	1356.17432524016976458	639.59276829952045773	788.77106218782955693	1711.42624449867184921	248.76679598510830260	209.45022823397675893
GJA4	262.73017903971998521	2336.80726928125477571	218.10631085456634537	746.06968671316121799	500.68849124389731742	0.00000000000000000	420.41055196184396436	358.31553772860382878	1818.41245090148004238	1977.53026135234586036
GJB2	1679.71052539661945957	201.97544287587928125	786.17712272336598289	584.18446896242960520	616.70741179199740145	249.75267821003026825	793.71832077709723308	1527.73427503479524603	264.68986288605242407	75.52702821236545105
GJC1	145.29729353819141124	1058.66666080724189669	86.53932466955451730	273.23675860279655581	377.64655144479092996	58.99738403314920987	307.18263036090377227	187.57585773666292539	616.37111202517780839	310.22029992735502901
GLB1	380.55107046212117439	263.60295312565392578	313.72113142175845724	218.91002910798238190	245.15817450524002652	398.99105586366584930	275.31558959093013073	271.04371562766698389	238.86307655574324826	216.98713395124858039
GLI3	382.37103914447186526	259.65276702688322530	356.76745677172755222	309.15298352256598946	354.27197114033754133	294.18221054138575710	247.72364720543387762	281.22883810360752932	214.64817412486686976	235.13953860218310865
GLIS3	409.38796502402584565	254.11986557588639357	325.85978792358446299	268.03127090032171509	596.97632281585413239	95.04968498895657092	276.24854895047275249	392.16316760183320866	245.50112568768969368	453.44261380667444428
GLMP	455.86202365819002580	251.35583735179088194	378.78516992273097230	285.73446136141495799	251.84788368844584738	308.29674033544745271	320.18646586780693042	355.14199467251961551	236.69915021435136282	237.65880431345857460
GLYR1	195.03586973470706312	282.09155940862297030	206.34296331961107285	327.12315022394574271	190.87738793836433615	122.94286403390054829	226.49588031761240359	201.76896302626818169	282.40646086164798589	265.93464768621572603
GMFB	273.69149488166107176	237.38300505985512245	206.95293605999248143	284.27307309089087539	244.95501808119345810	137.97201259569857257	271.73301336980955512	290.15276595989462294	222.45206274720428041	209.94818649318892767
GMFG	193.86551494769429382	968.95177816356874700	177.82808442961166406	656.46324364024212628	258.05736293888514865	144.43176454449255175	300.42123421813090545	212.81216259265906388	385.67350174853368117	315.01243837089418776
GMNN	120.73442118144596691	179.35056623749568416	93.98510687381435957	140.28614721273686428	139.07548010913484404	118.42252985875181537	394.48540696893957147	148.51189147842870852	177.03992289794149428	168.11406220664110833
GMPPB	272.10241931917624925	155.35411208896877611	238.11087209332097814	185.48895134557943720	130.69014186315206416	155.21809371224748020	338.53836769853069200	216.08817458428072200	144.39762529279155956	138.09732046573338948
GNA13	167.30181086731414553	215.05327063877530236	147.22338108256838041	285.44155895251282118	286.42856409381124649	149.50261081561077958	145.77916581302659438	240.30158703853217617	194.38542840032459935	184.05902979742958792
GNAI1	176.89995542520438221	402.82331823706869045	139.43372056518614954	224.33277730423893104	143.93948464319333880	132.88804060817560071	129.35908228485013183	175.58130183525722146	346.12395055372155639	351.73881004267809658
GNL2	302.63874218719581677	318.13127573065997922	285.51581879359019922	425.05679188338996255	309.06780642756888255	133.72653316258393374	329.87848987627091901	348.30956350547972988	265.42149616891850883	265.37263827027260277
GNLY	88.88415704297852926	106.64256305710236461	134.32516135754332254	832.38840811525324170	182.78612906382039682	0.00000000000000000	126.70262566261831694	177.89659638921949636	106.16442149861488531	68.24416921442006867
GNPDA1	227.70125194186923068	157.69230022477964326	193.01808903966258413	196.17301800196437966	231.18951708720430815	249.96306469950278029	104.38186353714623067	249.92402725383749384	141.69319250770408303	149.78262757418258388
GNPDA2	230.97342262204458052	170.05826920840681282	201.47085986491205745	244.06042407727494492	105.71912275477899357	254.24973118290529328	156.35006025598235624	200.84988843421442084	204.98530036316392966	160.61261146491813179
GNPNAT1	209.68711959013393198	169.99514549958433918	217.16538210639862427	167.20123556474669613	203.08929354160594016	229.15724003009643184	321.77625192585952618	348.18273373890190214	170.14124487488771820	166.19762696677574354
GNPTAB	572.66740756062722539	262.62171078876002639	461.58478369130568808	352.64968089004219109	525.48404849091809865	355.44964235624956927	389.26154162051409457	364.90393773085639850	270.04692691940283567	202.84445852295195323
GNS	408.11090307277686406	262.65900431789731329	434.75775095618894284	388.09602691847226197	408.68637860045220123	490.65707370839601253	278.23187103648234597	456.39440314557350575	278.27294530396284244	337.56712525396483215
GOLGA8A	157.81197702172607933	123.65790859666864776	105.15071916255466533	242.39225336812279465	652.30602459162139439	0.00000000000000000	104.44109364965581221	245.49763264871461388	169.24309251231261442	109.09593379195452201
GON4L	364.05566027139838070	466.22980921595973314	297.89532962171239205	358.47147823964201052	641.87514372893929249	193.34161096261070156	399.52335233427197636	344.82881748338741090	412.04897953494014473	364.99196088789375381
GON7	132.26543422672963857	142.32570266596161446	126.54370358297967414	211.78603727771059084	56.51015333150959208	120.37863443402299879	254.50870191669821452	146.30722529839513868	117.73431850329421877	130.24226173097397918
GOSR2	307.03078179184194596	225.92043034708581217	218.47988157473841397	323.13442541727772550	271.12518712889846029	175.00255243926355320	276.06911543472443782	273.83887640071981195	243.95444101312736507	209.75915752583179597
GOT1	121.34128759629166439	126.64586285320933712	105.83843292029077077	178.87544537545031176	129.88214724362032371	119.52145792293110560	250.09375677581556374	171.48402581627624386	123.63420313567736741	74.80793742765531817
GPATCH2L	297.03008043510999414	403.63675415835245985	290.44959275483034844	329.53968166194800915	679.95895241739992798	138.29386359883631030	315.13700555450316187	348.02509915235214066	400.28704790365213739	302.18093619106082315
GPC1	638.67988476016591903	388.55307730426835633	428.11281534710423102	310.82197597030778979	370.34584136753977646	227.53112554852074823	749.61988488996007618	482.98951762618060002	385.75027096493943191	318.10049064576298861
GPC3	644.34228031908253342	280.97779503124633038	670.52664111283172588	448.26641032605743931	702.99126549313348278	5641.19306124170907424	384.42563881759542710	1121.60463546817618408	237.90600776249547721	1598.13561648725658415
GPC6	442.63403248188603811	230.27753496331393990	416.22190006962955522	179.03003053405694800	318.19005878378180796	181.37053188296570738	376.87048142158499786	233.41870711526837567	260.00071507994022113	177.13498205950472197
GPM6B	394.21197495765130725	524.76942745606288554	381.94017309568602059	304.97625853863416978	252.36693611810403581	75.09115362726143417	397.01916838059150905	175.40422505017087929	188.24317089811785308	352.91550406756471148
GPR107	237.85319145066100077	186.90318600664568294	191.34143374873778498	143.73932969954327632	238.23407999216027520	150.56080555372091112	232.80844434169009105	229.61810981939828480	142.66334747647226777	134.99595651195988921
GPR137	195.86504286111471629	205.63585183850372573	245.07950462794840973	174.03581706963677789	120.55309574379408843	135.12577328580439939	312.02060630873432956	179.08436470454546452	181.80604692368075348	239.06392374531799305
GPR176	166.12792718619655830	276.95049408274417146	121.18475786561504037	148.32916297521316551	164.05701896733427247	46.78653030707438631	174.46786288573437673	251.54650208131312183	234.27785854109558272	274.14968360189317309
GPR180	184.54140213021622685	141.93878936477224784	170.12835779150248072	129.94203615858700118	67.28947672776652666	121.54715157801946646	218.82767658935338773	105.75633734912941009	118.08518642988838110	125.52400132064568083
GPR183	109.01187418703922560	151.15421705062942692	109.09671866519191497	660.26953706180518111	159.99042131138779155	0.00000000000000000	95.33931826796322184	135.82093255666154619	146.25583826021866685	35.38145779295480509
GPR20	21.86411084624553425	153.25381718300445755	25.17802570119598826	36.35326351903101028	99.76994425208908979	0.00000000000000000	34.77093501134581288	14.69101254790878741	251.46190050373107283	33.97320447539675570
GPR4	40.94794822588264083	381.57732752450988301	33.46672400896551380	187.28196913927754963	110.13256140533495397	0.00000000000000000	81.20044241566927212	49.26036274592176767	378.01941916620262418	132.46122463018744497
GPR68	192.29871348221726635	37.09236156645447835	238.01900344597825665	102.28656813553543259	81.05580890380663561	72.01468718112985812	162.08657891115291250	192.13912291983194791	35.50276924897828223	37.36371768391197179
GPRC5C	96.29845622713271780	736.94288362511838386	71.70961348548314618	275.33557062530553594	150.48176585825564189	0.00000000000000000	187.81677173788474988	138.11761569632449209	860.75503682354633384	77.47706257490722237
GPSM2	121.20075952311530898	84.60521350787254846	72.91442511537502469	108.74756760070863493	111.53668820683463991	149.34114701427225214	287.76738887843259818	84.32410817005415993	79.20713394879764735	53.93358849329144533
GPSM3	86.40412270383640703	286.78656510336406882	102.21830674568970210	349.70553276720869462	99.35530620131146406	0.00000000000000000	75.06344005241618333	112.05917470153491422	145.65042068525752939	67.88337194767885308
GPX3	574.19234508483111767	1122.63931564115250694	409.37798031736576831	832.17654988191929988	627.51255544395974084	3524.62917761315020471	629.27340042075468318	970.78777965572783160	1803.80436858759367169	2577.05718060717026674
GPX7	789.36305540499097333	393.76781704573880916	600.36552885806099766	411.57517859983516928	201.88974104779785534	389.32836259640481558	688.63424297228561954	547.09435104048554876	282.56301168269624213	211.71896563111951650
GRASP	546.35095470959095110	361.67016971152236238	569.40195476123221852	814.04588138523877205	1168.52157730747171627	328.78481481470134895	333.71897339754872291	570.67704962724394591	320.80723535943388924	582.52854062104529476
GREM1	1176.80224946431053468	238.16643615108853282	834.63504960751754425	331.48015724219811773	1371.75255386798016843	479.43605545653787203	651.20646296365214312	2240.71132773713043207	210.66137188789991797	99.47546686978283503
GRK2	201.52083617587487652	357.74761720457695446	155.66815346768683526	415.19988359584874615	306.01372963966014140	153.05586506901104826	293.52695103476105487	198.38023125046856876	330.97012815441865996	275.80614325706443424
GRK5	83.04191027868145625	422.12419168491680921	66.75124210266176306	186.04372115517537623	135.37521496294715462	91.42960798227174735	157.53329442510474223	93.63821673096059328	320.37455214354770305	371.33178856436251181
GRK6	112.71035726296501878	132.20535136218830985	87.98763797090862226	225.47973715856704757	47.56097374855441018	93.12801929205821239	213.37047271737085907	145.58407628113289434	126.23062378488053525	102.42139951022375044
GRP	940.30464388646510088	447.92838193593024698	284.97902720614155214	260.11865280544424195	230.01319848470953389	15.39417873543795068	180.84592946437032879	116.01439593705363507	197.46435997925726724	112.63082195270557406
GRWD1	169.89914330804506903	237.68687362655973061	195.86988040438103553	185.64655394382862141	128.32344961916834336	124.25196216767814406	236.83549384979556862	170.02825946998044060	209.92893971555301391	166.87411935220035275
GSC	181.87733645343348599	195.93433014178481244	231.40161599203236165	237.51770455794746795	189.77021028621371102	269.84519629884687220	107.76478176793413866	170.92866595357526194	168.62795073667172119	158.22326181793701494
GSTM5	121.30123224634706958	46.04922294601242072	117.74469050572356821	81.42979041703664222	92.09363105527739890	282.36569061042052908	42.11880842044914175	122.32065901972801214	43.34819444052295268	168.61012746602926882
GSTZ1	117.24587889617178860	146.21315480504796369	100.88999862022392051	110.50067519474507094	59.86719686053682921	85.51977757043296435	225.19841806695123410	113.52803309264102438	109.42944963403077452	116.90035337095781642
GTF2E2	216.45676341653538088	221.16929900182981328	148.62625300655204796	226.27844431261607383	213.67691393859109894	172.07636961835984835	260.81979644163561716	220.09215759766487963	208.59839840137996703	148.63486664449666819
GTF2F2	285.48483095707052826	326.33984039796928300	232.76661050330113767	226.99234356737514418	265.16921631711448981	206.77009589534006295	253.07144686880025120	377.19833023376685333	298.83588752909400910	228.54247637369940094
GTF2H3	173.40750913040440651	202.73178277678786685	163.91580939781428583	195.05612528102824399	136.37775064533244063	133.55298828687656965	301.23636418002655546	169.41901825594092657	191.23995759156534291	148.09161160388003964
GTF3C1	236.85644978173644404	230.20892590217607676	174.36886680015172146	239.41144406852711768	350.76770477516976143	175.70979912146151491	306.41988496195568814	161.70774738290654682	205.61638749821372585	152.55189794543628068
GTPBP1	147.99019570568691506	196.93037760488056165	170.66644595457754008	199.79834840921287764	221.70314188427107638	93.74688145150579999	142.99133925866217965	119.16843451186841207	167.29428479741110891	98.18321057077577052
GTSE1	17.79456367934545469	19.99483818048012296	17.95965742903144857	23.83139524233606465	5.15309057121054437	0.00000000000000000	409.74381709279475672	19.77042908689311673	20.13325621671069854	0.00000000000000000
GUCD1	186.78479149012127891	230.62184021737979833	177.87780892395585397	221.22679832418373280	201.43188769724429221	140.39138128198459299	246.65758896137651845	182.28679617760343490	258.27275849609878833	224.41685543206889974
GUCY1A2	153.87908019010140492	906.77090232186640151	77.03697995206563576	315.29453467849236858	232.74345126978866460	28.70377736784989864	225.72385149691638162	162.88290660358785544	389.33247029889514579	478.20308442635200663
GUCY1B3	374.12951126781291578	1384.57186961559023075	377.62347895482866988	620.18449988315023802	344.81607027898661499	167.77261295319954115	660.73901130298827411	332.04611779878774769	1013.42547964787115689	628.27069087547226900
GULP1	384.64919498263867581	196.22720210407766217	288.57523728092837700	262.58288954310916097	340.03548625078263967	433.49443900970874211	150.98312751144811727	233.90969712420701399	306.44480942761992992	243.82017771662515315
GXYLT2	1363.88175900004625873	161.62970043719596447	742.47815380511144667	521.13966487664708893	540.77657122665971201	618.19664325911526248	546.28526062898231430	789.77848981310080489	182.17647606346213252	123.01549838809575022
H2AFY2	163.79468153432623012	110.48723286553929768	210.54890174925225210	147.92416669588149603	37.50404920369687289	108.51141718448415929	172.35969808340078657	102.90896525716468091	85.62166748188937504	71.04103158065747436
H6PD	384.03105642674739784	217.09473624260252222	335.31946730883794316	275.96411428251735742	426.06942097584476414	351.13600708645327586	411.31774215751551083	370.13951760309612382	226.62611070653204592	288.28378120540583041
HAAO	98.50270026104786325	221.84754488772981063	94.69339471305600853	143.01987691313991036	73.77023980255724211	52.84394788575562529	143.41698191594511513	93.69702178753422572	169.03594447393388123	109.24735568330667945
HABP4	250.87465372866179791	277.70701242996545943	237.96677046797927346	195.20308572219158805	220.81165229109078041	252.68492868124198480	288.17041008476343222	218.50150643868059319	364.64134611632493943	198.05645862664428591
HACD1	65.84026703971744610	105.18840734469635834	52.63845851715818469	72.64026301910718075	68.13411941074248546	0.00000000000000000	66.61624043639821480	76.76807978487744322	335.25583656647961561	43.11029942063044729
HACD2	173.61081140894756913	145.73749644606937181	114.64872534228781831	212.84773101782525373	86.06777642325421596	106.34351148269996656	243.96624550955777977	110.52639407759298251	162.17604171250638956	146.79830537944368984
HACD4	207.76437705459676408	86.93517379951519786	238.50780905660613485	152.41015018093287381	118.63449286558400786	238.41718718968141388	139.33535957722989451	148.35242667586069842	165.37304605216181130	79.31244153266173669
HADH	183.71357455996806607	213.27948849565277101	129.57077894796140072	153.37703613770025868	122.88504994769249379	188.92310644755031035	385.50891106113135720	182.88261406131584863	315.03475088435590123	195.75399876755378159
HAS1	1190.38628961428526054	625.51003813197974068	2714.48636378204764696	665.53745097275088938	1645.52183106696907089	3310.21170908126896393	929.46910109768464281	513.72077214300338710	479.36291255728121996	415.09954934477968891
HAS2	584.48744317501586920	262.60204518976706822	1220.19004157183940151	353.24133712395831708	701.85743329424099102	453.85682558523171792	842.90523261390262633	485.47070195071825083	158.02789659949161205	456.97479894485866225
HAUS1	207.65270534283374104	197.24931161008140634	237.61002475283595459	221.90053780955560114	139.40417686063597102	154.87657272766801952	321.89846243132922154	172.26455271318627638	164.89756937046152530	184.38971599986120964
HAUS2	137.95516356775368649	129.88896448875047440	151.05119579423794107	132.20464367190487565	275.72215536943775760	62.23758314659467317	258.28330259929072099	147.53444905074530880	125.02888036886182022	84.29798040223261069
HAUS6	94.47050537232121314	101.85318947410749502	84.26469851730686855	95.84394505449714075	114.92307411099325520	96.74657367555008136	206.01251910387060207	125.95406085201960877	101.91648924073909654	54.45496968262015258
HAUS8	36.07501866110111877	57.95862893911984060	54.62253453293708816	69.60192247588364012	53.93869488651985478	55.87816313757216591	221.42875684101261413	44.51564074970711715	58.24532637105482991	24.17550824933478282
HBEGF	184.50845782268905282	339.51079857699096465	177.00762352490085050	402.64572903941530058	266.23573416901092514	85.84825109741669280	285.13777910334817989	194.02876097843153502	275.64992151040121371	199.21396522110447336
HBS1L	184.39448774903729600	222.50304424208528076	152.79761119735914576	248.01343797884413789	288.50074590841427380	120.08191946000776795	257.10908489691848899	202.65459357996419953	272.00258513942122818	200.16885422718564769
HCFC2	223.54572705863139959	228.83675021885593992	190.38885932831709624	168.01100965701991186	168.58930825439799150	186.11294323994138722	152.20800039762298184	221.63997487167529243	253.07008684670964271	214.09820457593394849
HCST	38.47592458626931489	46.47504071134438419	55.98652770280652646	272.34432177957927479	39.40281516537527295	0.00000000000000000	8.96905876422988690	73.26550504096465488	49.53817082594148502	33.93914532468158285
HDAC1	170.22510610316879820	283.77326064011936069	141.45091761898117966	298.73444824067615855	175.38752399660370429	82.84956401854196884	273.15893153171941776	241.40679420771704144	317.18494740958823286	272.75993521949175147
HDAC5	242.52343476828590951	506.32578971661331479	201.46335068852232553	310.93244628991521950	323.36894467769462835	153.81953040360005502	172.41138117337266067	305.31040780341834306	554.69286244249644824	321.80897481802458060
HECA	212.63905688242189740	267.89672012868936690	225.92182299372589682	267.25020798429125080	374.74799743779908567	123.28201439482749890	143.80187684279414384	216.09087466532812982	230.33337243805547701	173.68869414550539432
HELLS	79.90951769788959780	96.61732691430241005	70.28039426811797341	117.20266509590334181	128.20954742578797436	75.41591049019946524	405.32148217761863407	61.12631285123629254	92.75243713755752140	94.85889879080714593
HELZ2	363.73467154167889248	644.72346884101943942	536.49043983121919155	395.54243480514486464	815.13963379106030516	270.11774638714246066	314.31166891759659165	293.17425265383337774	461.74815166469267069	463.42795769274874829
HEPH	269.74682373384490575	208.32444326165182247	187.82279695792868779	163.01791546882864736	185.57993403165863811	146.92462181749266392	231.73250353957664061	244.86587597088299617	175.16777293618915223	136.87717731683181910
HERC1	257.54947034765757508	355.27038447186993153	207.81177574156291143	220.48507505931871719	473.50645290270250598	221.95609089729077823	187.69347468024494674	243.69392450585755228	302.61001791128205696	324.08116749253377975
HERC4	329.88360543128572999	409.20279181319909867	343.76354652196403094	357.08962204612561209	702.25200716129472767	227.85593559700421906	256.24046394184432529	361.69477281056708762	364.95575417766303872	301.89626339177408454
HERC5	146.35647305908113935	273.92389682144380458	438.57600284850593653	188.76526226288822841	229.68755695637617009	30.08165166708998228	243.66711290533686451	137.36850273164307623	197.01852052600031584	176.13701185997481957
HERC6	202.09627138966794746	299.90694255618120678	418.60975894496829142	201.25684424428942521	243.56675129461510210	24.65093570787954391	160.75354132426852516	121.03528949589609454	203.02506954964385955	184.86297168222733944
HERPUD2	182.58638074652157002	250.12257066425181051	171.63774543420055352	291.27611247365706504	217.44937966016135533	67.57512708077182140	148.68526305945883337	177.00011707991396293	227.81215182351982662	167.82898164447419731
HEY1	375.19740249836877410	329.61822040840041836	290.42563083536305157	233.85749479884958646	183.76217554376674457	3.53006176177235975	165.11629054269820926	86.67432694461805909	196.23488425200795859	290.95672588081822596
HEY2	120.33392955319605733	455.92446908125742766	78.69379056367706937	186.95774504719415177	139.03597559673693240	33.49874374101599983	293.62901812466810725	105.48964158622372622	488.29464169809131135	316.49063878660416549
HEYL	229.51599924071766168	681.82589788683651477	196.72300357118191982	307.81904379718986320	315.62712738271056878	123.98897073344480191	272.45391697394063613	135.19420186475699097	520.79550125224625390	273.30804793939745423
HGF	178.56061905934635092	213.60839248834176374	187.20967123296802015	158.11899263467691412	270.32139837847745412	106.43330785915321712	109.30561758425157848	78.67027665292414440	211.21041914929313066	323.56439704550660963
HGS	321.21441907746242350	282.81990041567138405	296.85245195828167653	352.13597793039662065	471.92843529361618948	111.57264909028043576	369.87261285948051182	385.79394852229887647	276.33508819626257491	299.50249575432764004
HIGD1B	220.07252247552071367	2377.19117038258355024	85.54447808958994415	921.95137363895742055	320.76593970051891347	62.20223194711644510	609.89444766928363606	379.98938033797969638	1085.29835494762551207	616.68981939897946631
HILPDA	379.73904849652194571	236.01143428613255537	196.02808572974859658	370.14785794250440176	1101.77437791256465971	241.20708346113124776	380.49216990996887944	1429.55496204580367703	374.91397638288009375	192.63616010306495241
HIP1	255.64180365057416111	705.63274239544921329	213.03819262455732542	339.13406241724112533	368.61096558759101072	136.15667871589803894	322.22283162550326097	228.94086116173576784	718.22571647198844857	342.80669716873643438
HIPK1	284.57616701244756996	442.71925836029424772	221.04926615289829783	299.46501167137785160	307.95055316546563517	156.27984135128852472	333.97612789322033677	245.34995949564103057	399.64195013922073940	237.93696379378974370
HIPK2	157.79229528213295453	423.38513014449551974	165.56518697458452039	259.60714928472231122	316.76069411741298154	133.31354267947540393	285.40674232418996326	173.20353591812119021	449.64186994847955248	263.40784026099208859
HIRIP3	101.41540050859185840	148.76746924731745025	78.87040523065194009	117.56281815828739923	118.41557809384099187	116.57344399419025649	270.23325663303563715	144.04771231590655134	176.38687796079159398	110.37420161721811951
HIST1H1A	28.23512567481778035	25.39502607998766237	20.40134289364052123	33.39023943830181906	25.75148989439252034	0.00000000000000000	436.12389654902358416	35.53331621925038775	21.29045750596071684	0.00000000000000000
HIST1H1B	14.28862877651226881	13.61746719365009106	0.58291972740050491	26.37236303971918616	0.00000000000000000	0.00000000000000000	376.88867914987997665	14.38427779019985309	10.36184866343026201	0.00000000000000000
HIST1H1C	183.52421879946840022	226.25934605554772361	156.86567380047964093	346.19615788637253218	293.97126714702125128	210.84660118572904253	582.98846820426388149	265.12399369708776931	348.63421681865366963	296.03710385244352210
HIST1H1E	110.33172800298439142	168.57882527106474413	91.23275079115647657	157.03953189051034656	151.06826884685372647	81.91607496705678670	492.22862372401255016	134.39722952316876103	162.86190259422946269	135.62034954848175516
HIST1H2AC	280.01599833337036216	367.44071341343129689	360.57712962841640092	415.87545666401007338	744.65678813937381619	220.35388113819803380	340.96088001158585712	409.54432291966998037	366.40588865264402330	350.09510228625038053
HIST2H2AC	143.68430456613165802	222.49719901496732177	129.53344943393358335	207.04126411993388501	154.50379890373832836	161.96917106697023314	393.78852320153083610	143.91910487001140950	193.93407660706452589	157.87152615560333402
HIVEP2	300.23327657023980919	376.77263823798722342	283.38019752752620661	254.67427806972625604	580.48764930552692931	142.33646220391196380	214.26371666896355350	283.15620677355707357	334.73335228114234496	254.25131889318544154
HJURP	8.01580071516746884	8.34434236867593704	8.06760558469229849	8.37869947413501137	0.00000000000000000	0.00000000000000000	161.90444264131483010	7.39552574162807552	4.54792253201911301	0.00000000000000000
HLA.DMA	0.00000000000000000	0.00000000000000000	0.00000000000000000	0.00000000000000000	0.00000000000000000	0.00000000000000000	0.00000000000000000	0.00000000000000000	0.00000000000000000	0.00000000000000000
HLA.DPA1	0.00000000000000000	0.00000000000000000	0.00000000000000000	0.00000000000000000	0.00000000000000000	0.00000000000000000	0.00000000000000000	0.00000000000000000	0.00000000000000000	0.00000000000000000
HLA.DPB1	0.00000000000000000	0.00000000000000000	0.00000000000000000	0.00000000000000000	0.00000000000000000	0.00000000000000000	0.00000000000000000	0.00000000000000000	0.00000000000000000	0.00000000000000000
HLA.DQA1	0.00000000000000000	0.00000000000000000	0.00000000000000000	0.00000000000000000	0.00000000000000000	0.00000000000000000	0.00000000000000000	0.00000000000000000	0.00000000000000000	0.00000000000000000
HLA.DQB1	0.00000000000000000	0.00000000000000000	0.00000000000000000	0.00000000000000000	0.00000000000000000	0.00000000000000000	0.00000000000000000	0.00000000000000000	0.00000000000000000	0.00000000000000000
HLA.DRA	0.00000000000000000	0.00000000000000000	0.00000000000000000	0.00000000000000000	0.00000000000000000	0.00000000000000000	0.00000000000000000	0.00000000000000000	0.00000000000000000	0.00000000000000000
HLA.DRB1	0.00000000000000000	0.00000000000000000	0.00000000000000000	0.00000000000000000	0.00000000000000000	0.00000000000000000	0.00000000000000000	0.00000000000000000	0.00000000000000000	0.00000000000000000
HLTF	230.96021309704428859	314.13281761154183869	210.07626242993666210	234.73507410032556209	267.79313857327207415	183.24308306784539013	443.22127826462843814	378.00757317600715623	269.64271269902917538	243.42175233861826200
HLX	109.38208406392797656	253.52660983159179864	80.27203794199211018	140.31000903148779457	115.43237510451763228	37.66040684763041924	99.21082171772955860	104.67161785358806014	229.62875962913264516	148.45398804783670244
HMCES	134.87154322574727416	243.21367564463449185	125.87096401494267184	202.29336841001989455	156.68114824919621242	168.03379791586030478	251.14745840388243892	169.10149726291646743	243.79496815516492347	150.70842188274937712
HMCN1	634.88311770530458489	100.47440831712371789	378.18190641723640510	211.18899677751736021	435.67587930013257846	614.19049111767617433	280.76984239051876102	296.73466218080960743	107.13391513298412860	50.86971112337055700
HMGA1	145.38251408451253610	83.97021637454436416	169.67409382061379119	335.22774068756558563	164.96210594577368624	6.80797217796354026	343.57490774232849162	275.75701560428922221	101.61894847902721040	141.89035349190442048
HMGB3	132.87807117902673326	97.38320204902588273	96.54215513900633994	179.05156198178568161	74.44284916890285331	22.29806780680186407	845.78312106688269978	93.21581717284338708	83.41943107094313348	36.29542913083625422
HMGCL	240.86985999224867783	189.42106823548564876	203.64600960592696310	201.34640232195252452	209.75766336830531600	186.05358320815889783	166.34523265479640486	393.45232984864713899	208.98134306943489946	173.25352669320957943
HMGCS1	253.62581634914846518	308.80332548913537494	277.18763659666336707	194.61737927653038582	379.51896386104851899	110.50865139443297380	261.63885440932375559	207.53737007175229223	262.52133375704431728	357.29501161186249192
HMGXB3	336.07357465396137286	264.76900162607864786	302.84756541342380842	270.96863309318598567	381.67060025998046058	149.13416851635327021	235.76374067739098450	317.70882331407244692	260.66348489023937418	252.57869361858712409
HMMR	21.54457087353999967	22.45356924993383529	19.13689480887902050	30.93651585458916031	0.00000000000000000	0.00000000000000000	530.21697512922639817	23.48599746207142402	16.13738874891570774	0.00000000000000000
HNRNPL	340.19221053354561946	481.63643438502026584	340.17847413815144364	415.52509038583156098	569.80660590261356901	363.50373249085987482	405.03349613025460485	332.12463841143051013	513.24554800106170660	477.60016435670314650
HOMER3	644.76850281929728226	374.37453056822965891	430.88661042934853640	431.03754194886664663	449.97915886146984121	473.91515008860955049	625.78659444463687578	690.64651462369204182	284.18303956560851020	243.02578572849571970
HOOK2	225.74284778828007347	265.06882031650599174	162.28814910363649915	242.40663332275292419	487.39952200148712791	32.62725448772970793	189.42484404237106332	228.55932747949364625	233.87127372162498773	213.00095818331979558
HOPX	971.26089348082314245	987.84196918884936167	756.67283137337824428	752.84743266895145553	322.10432048442180530	0.00000000000000000	317.41741039384362466	368.53271738248793099	606.53048895901179094	1007.11541365691971350
HOXC8	363.34384746882864192	171.08845582583975897	347.17634333581167994	191.03319371935134541	211.70354949601542671	327.18550229412630870	287.49550965626940524	270.46471656948074269	158.61604302698421520	317.15295766974907110
HPS1	199.57172391693180202	209.24800278771266449	169.01086084503805296	151.24099627561045622	231.98401495547420836	216.77488450928555608	210.60806864111026471	208.50068355578432033	219.15203780178114812	186.12806378990927669
HRAS	425.61507831469106122	445.75335863510440504	320.70570125715431686	459.36399915099747204	347.69366270710634126	172.22680470163629707	578.26979214589027833	570.13185697054655066	508.51692858459597346	292.53930613126777871
HRC	19.30801372853504105	180.20785488965643140	9.09603866512601300	92.46726644060559863	26.21496883376499554	0.00000000000000000	30.46962377922657339	18.08504661788350276	165.95363398408591138	50.82356624896185338
HRH1	239.44938466525826470	81.40763187339324247	205.71709237833229622	119.68096384606946003	271.83108573423777443	261.28210953992191889	312.85528427762426418	266.90268511057001888	116.48164200356340814	47.73085213582663755
HRH2	81.80682386062218825	188.25873709768669073	97.79364540071748024	166.26496964983743965	165.34372327670010350	0.00000000000000000	96.05264160621143787	137.37372070906468480	695.37856706828767983	418.23015417862501408
HSBP1L1	220.08047873228582603	138.62838618160765236	186.06066308610201077	207.55479608196745289	201.97421740254574729	170.04297043635429532	103.20973026305044584	276.08344607620421129	93.21139830145872907	193.61050661373317894
HSCB	189.11033885321029402	246.98075073566428728	208.77429474170338608	207.62745063347307450	191.65020797230513949	141.48507013626763751	223.74785329355012209	259.85595338277988731	218.73693645101670313	239.01848423787845377
HSD11B1	179.63938108529143278	184.60834633041076813	886.01575800459283982	122.68019070306412743	160.61673720240850116	319.34426839082021843	310.80291803577443943	219.64828486350535286	64.93426860867825212	85.25373585754715577
HSD11B2	31.91531371326055933	222.25428638878670995	6.30868555815963461	63.99194711609073494	40.19749369535995243	53.68568960591915129	43.12610440663450362	41.12866998202832036	48.35241337021196273	11.09938794772515180
HSD17B6	423.21661371441820165	43.41425577504644195	169.41786696213037544	198.60565066316800653	102.01148076612342663	0.00000000000000000	241.52942863740543089	219.37794950851611020	67.02993216117435793	34.56404359349720323
HSD3B7	398.33785173682417735	152.50583358400214706	325.72165392433981879	295.94042883602725169	279.92978697459790283	574.14955813701419629	313.87791998990894626	574.22884986200608637	171.93874538709081889	210.36842822603583159
HSDL2	171.90756502468008193	403.91935645897893892	154.51419897438043449	291.45634094747009613	199.07306403522895266	106.08436644297665907	287.57930535672863925	161.98497011746582075	627.56287639034565018	298.30100064174519048
HSPA13	287.02435657278670078	301.92846932241786817	220.66976780564857563	233.70899397119686114	325.26814903601604101	155.25875840198244759	394.46461469376419018	397.33418437480617058	289.46439888943484675	245.10681241049078949
HSPA2	125.35476555119731756	397.32862546632929934	112.16383167561045298	299.50200215658395564	230.77862253277726268	0.00000000000000000	241.53715584252640269	150.63207055089071673	644.72541153857889640	641.24820146583806491
HSPB2	116.33287861364620142	237.63876345526102796	95.07522269022688022	123.54194755671160522	79.01419759278230970	128.77226375241545497	162.50911293022721793	146.70937329254479664	358.60643685860560481	318.68009959058286995
HSPB6	229.02331993956846645	254.42522310196494573	206.29563926367814020	236.04293502790230264	193.36012948307856618	695.17017827609492997	333.47049324202527032	248.19854791235073321	666.64649024836717217	627.06508182868981294
HSPB8	241.63858727448942432	504.48909094308896783	493.96900360351310155	370.66778972020983929	322.59597378946671142	238.09670917762443310	219.64450545263576942	174.84479091088797986	833.89279071467149151	206.37469401825836712
HTR1F	27.98422895252004494	248.64260749522514971	6.33515488463519016	53.60920590947674924	72.27128624085393938	0.00000000000000000	48.33929071987090254	34.97164520872733817	139.93509193324217676	80.10412790908178238
HTRA3	3495.33275943651597117	514.37479973066774619	3571.82671745345442105	1145.62630004399079553	1252.92503510467918204	3389.46639480490739516	1244.65944251723294656	1334.13956037885327532	467.42734249201532748	366.34209881973401934
HYOU1	163.04055034043602745	191.85474586894636673	181.13839120089002677	261.98126050096527706	190.31543697795746084	132.66617861721374538	198.45255491845250617	135.45535445421546683	159.27600194002357625	109.78188014997701316
IARS	347.71313555507026649	320.73285126231928643	222.89106489399978273	363.74211615211737580	544.04724977904777461	179.80296017947483733	394.53485798784447525	498.56328902722680141	288.69618738631504584	346.75513768350356258
ICAM4	217.51419378320287024	163.57773802006289543	447.00981217337027829	246.42685241506919169	494.93072044764710427	345.58917226399557876	195.53191574136783970	130.21565708231756275	112.84578647871980195	503.92510064277905713
ICK	237.25352445272093860	206.17891120326225973	160.96037833424242081	194.41927339128775998	178.61417086143092092	208.48536545822585708	205.16104446229746827	145.31639289542366100	243.11191754547206756	199.20539348002446900
ID4	1265.09637294635831495	2511.50026645396519598	1037.69941370755350363	1278.42456621683300000	1707.80904159672763853	673.10596359191333704	898.42421663241179886	704.62704087779559359	3697.12792056541229613	5682.37790343738652155
IDH2	511.81681392358535732	453.32853868439752887	322.44152195260306826	562.02052008078590006	245.50011857903794521	244.83433289756297313	1050.37742481752638923	474.77454228892850097	404.15112879182055394	262.76111891693261668
IDI1	345.40713667109235985	516.50335060333054571	347.84238521570148350	741.02932495090260545	440.20240002100928223	164.13356619888020305	396.79403881028400747	321.80365265579945344	568.71749996903474766	380.82309644825761552
IDO1	101.70088955771467454	102.25069311236758551	1811.01708496184141950	162.37229202527777261	34.09872663435698570	0.00000000000000000	55.83625306444365322	86.74221673635331342	47.73529302158526377	37.83961521606696721
IDUA	203.14726490916433477	142.00728557569951249	203.49185135761325682	101.27069268064640539	138.63344962126197402	213.63761250132284886	134.21074645423382776	83.16012183212028219	104.14001767007816568	94.66764270720381091
IFFO1	260.27332147231169301	219.13228037365695400	194.85814794940714023	234.59765561860231742	332.86324983299869018	113.10282744063187010	212.32691597128425087	522.27565948140477303	200.33383017131853876	171.42107857041213492
IFI27L1	192.12563373739897088	203.38889574782413661	202.37418164935868958	166.96416107702174259	131.76413070850077247	134.44617091720567714	296.56412417334547627	149.79220797045806535	171.56980719927784662	123.66419329943275329
IFI44	511.84186978791473166	794.60826040004656079	831.00698053626661022	522.97465807161370321	658.94942861944366541	167.77651545155029567	588.38778750213850799	400.27696275002489301	409.56381814601127189	326.41984457166620359
IFIH1	288.78097530241228696	484.51449293864408219	1009.62082874502596042	313.48584680433020822	366.47861513249142718	151.49900164641906031	238.48456927796846117	247.04937803140873598	251.80506084968240543	258.66756760866724107
IFIT2	578.61648572490321385	2138.29191735456788592	3292.68643189217982581	869.28705025285955799	684.00263035278146617	539.14778741466489009	522.61691627782579417	554.30290847344485883	678.09474675804835897	1008.19953020322145676
IFIT5	205.02104717411816637	335.62358770786852347	366.42139865981545199	215.22384090104958432	144.14384402061682522	103.06221209571955910	142.50277200270301137	171.67015262652915908	202.21473987581688903	235.71174662054235682
IFNAR2	174.01421244776659591	199.23530386488550903	208.65278244095961213	180.77538672232319072	103.51505418023361926	116.13444718564301184	219.76333153767512840	155.26876459137946540	167.97630137755322721	171.78406524567049019
IFT22	353.93130631204331848	271.88346762220629671	309.34361042605382863	327.76939340163653469	169.06809844573476198	267.97000597217578388	595.91462100237754385	384.74396853669458096	288.91249630970310136	249.42556123213825003
IGF1	2835.73014594549158573	416.95519139329616110	2894.63515559631832730	1540.70100841124462931	1441.42491260412430165	8294.44290989594810526	893.17794767650684662	1724.55214451528081554	544.45402562940205371	473.13914150937563363
IGF1R	350.18539908069226385	239.75876468834553634	213.22134523607547862	271.15688487305232002	568.37159022269440811	198.37733932861934250	271.96842382155438145	344.53419694711510601	371.07960548199304185	327.56510205900838173
IGF2	1597.68265164346621532	462.54709355714913954	607.89959586322436280	1299.65576620059982815	873.85814182869751221	4292.35793591815217951	549.75846605239996734	1796.37473916477665625	397.05541963477037370	444.07044528355299917
IGFBP3	2359.33146552415428232	458.97052669769402655	1316.17753055360731196	1076.22160815118832033	2185.17683828331882978	960.95462842076619836	1016.77574127102161583	6355.51852653978312446	516.47857297893483519	423.68201444445759307
IGFBP5	9402.26829134627587337	4149.23057384130333958	7728.99371024529591523	4948.17029038919554296	7405.08530653099751362	5286.81929002444849175	3384.43415767093210889	13768.57471530887960398	11036.32775325337388495	30091.62553075831965543
IGFBP6	3784.19424882448129210	1094.17249396226361569	3714.58809634647559506	2179.79567515572080083	1477.74952545221754008	16572.01293269129382679	4300.12623186447399348	4681.07013783916590910	1143.14719248703931953	1311.47857715972804726
IGHA1	364.37744126850134307	218.91634506915701763	518.83994184736934585	8820.13549459747628134	816.12756634211962137	0.00000000000000000	423.54307743827001786	826.66360266374772436	283.96303488803050641	0.00000000000000000
IGKC	1983.78602699604607551	1478.81351491316786451	1359.66601441296256780	19045.20654559012473328	3554.06327433401656890	9689.87801393985682807	1501.94647172103782395	2522.40058594332185748	1643.28447720926214970	416.55817112775139321
IGLC2	1476.79393285717605977	742.94053925461582821	924.59337094230670573	14053.81252790800135699	880.08338248136089987	0.00000000000000000	307.26235953598114747	1230.39097858172158340	675.57719080012680024	0.00000000000000000
IGLC3	44.63825891926266820	167.61698663059496539	231.54468487721797487	4168.40217568044499785	188.30544009745273115	0.00000000000000000	106.13325307279366427	362.10978182843092554	283.64828798263448562	0.00000000000000000
IGSF10	94.60521852580947666	30.73831925960364231	79.77143725203478652	29.76857082395570231	139.48739616126988494	302.24889182877620897	13.99455978364599495	109.13464111156990555	20.58228428072175475	50.19162537248599421
IGSF8	211.06148281778473574	222.12522708808174343	185.70627342663917148	256.79045900302548944	209.98390888723551484	146.35988279303563786	154.91524806828783767	213.23651406122806407	235.64197172683481085	161.37672087283738165
IKBKG	162.29099309246592497	164.04791551781033832	202.21678697919506362	230.61094150835288019	137.80391526577491845	52.33706974104578080	256.21775985155665012	121.60463518136650407	182.30018098025431073	149.06192258125875583
IL10RB	446.88505177217717801	381.93385689580611597	432.54004988638428131	365.53861978212586337	279.42990325870459856	411.03779611724343113	378.00567391662912087	445.58974738856267095	337.05534865303968672	311.99064503004046855
IL11RA	254.27809104667736051	84.74641361041726384	426.67379446099795359	169.21728326667388842	93.55843301072890483	525.56806275337169154	364.49260759723773617	245.54017910112554546	104.07616895326765416	137.67682126607599002
IL15RA	276.31667221921475175	248.44715377150689051	731.48135605362313072	196.73766349017330413	178.10480020933985656	438.97336178981208832	205.87900830290146814	213.72884146542671147	183.31630275737671809	186.13032023472359811
IL17RC	174.77931875361232983	211.12982782064923981	165.81975164686608082	198.70752203565072591	160.56702020326048341	86.17069942589685638	309.17951656275278083	187.92948367530922837	193.77049616409891541	184.04994922554749337
IL18BP	89.50597890113242272	117.34667059583522075	380.89223729298208809	147.38787922473076719	51.22473349169136725	24.90481448480093718	88.38192027844502263	67.09756921075120317	84.47188984924569866	161.73981397620525513
IL1B	160.46383181554767816	182.83201879447253191	209.58913286491335271	962.26518946986084302	279.61533656173264717	0.00000000000000000	179.24693678837215316	230.33597402256748410	166.42860499459206380	103.55578330008518151
IL33	102.27280743123164086	39.12402995528005079	277.02494463628011090	86.32308174178571392	74.71965007051456098	261.66702739757010931	84.46359130706677831	110.98798647882435375	47.78228033232613114	344.19819751049578826
IL34	202.84730990585538279	294.22250193393722384	368.13461907972333620	197.36180506584088334	127.21518086646989332	145.67364944540790361	146.70619900832861049	138.16219689171890650	98.03473488916172585	385.95180428292786701
IL4I1	117.15039053090832510	69.73718771647556025	453.02284844508687911	139.87401881078454835	84.84189774786842975	48.86521789387345649	162.24899814957029776	125.89994038459052206	41.55361654366123503	60.77878404192176731
IL4R	277.93503783724429468	342.56332877377246859	324.47412009282618328	374.98031475289474201	530.79531071915346274	171.46191378234016156	242.84370781100571435	247.59373309177530587	404.37327959571257452	271.47178767027935464
IL6	1013.52660587502350609	1416.46244331909679204	1601.34106118447471090	1458.57566256427526241	1340.33371080750612236	3147.07716366603972347	1496.78551345670189221	932.20659270201144864	3122.66408792479069234	3463.62699421301113034
IL7R	299.40115900888844180	136.06812848826945128	252.30043228492542084	1240.04330298035642954	224.81634625750723444	0.00000000000000000	500.13174848553791207	271.65124689428978400	151.10390102349813901	50.41238506899964733
ILKAP	201.64154474495856562	222.07453259248663358	182.29833682311044640	236.02087260691641291	248.73021560742924407	143.64259916782282289	357.90498673879847047	222.89258150908810308	241.80186882618477284	216.14209474018929313
ILVBL	275.48318246258071440	223.59746164082133646	189.74068777890821025	211.05897297807911173	230.07292705210312533	202.23004959907723332	367.09901842397817973	429.33367871029918206	230.82007226880173789	162.27357791823155253
IMMP1L	140.14287705101969550	131.94470959421516909	102.30856736214988700	201.70340293974979318	97.41189429130724875	97.21673107927814783	213.11060081946874334	135.12052192869339251	125.68449187081829166	74.39534231710679535
IMMP2L	134.02593991414909169	150.10806084684708139	127.02866903167189605	146.02287965076192222	218.51641124900362456	98.35558796686460425	70.65893656118075228	187.42183129938015895	186.12451068579011348	330.39985048412722790
IMPA2	108.87255539943495819	224.97272320855341832	74.54126742634794311	129.81012501011309723	52.39159711491619476	143.55635469897600842	318.61493652536108812	105.60742420320758583	166.85402290141948356	313.82700635868673089
IMPDH1	276.69995260720941133	217.11450696292638440	183.71968294368437569	340.64954445299684949	224.67893064219896360	137.56157403249144977	313.11695422096227048	333.79963444643925641	206.57232168242117609	178.98924062670573676
INF2	234.82041997455280580	435.45683310475243388	200.41194995148029534	380.86206659831776733	288.36842609669218973	97.47696231261117816	303.13751414087209923	273.26611004530661830	492.90563853374038672	237.24130875141165120
ING2	201.42363097798988747	251.76736483976603154	176.39626148980656239	259.66618107684450933	183.43180743001849464	172.59947533275351361	307.98130774849687441	215.82054342269017866	236.73874467677273969	184.33423415495101949
ING3	165.01442328659140912	280.76383615856269671	139.76927528755581420	210.69612069096351092	261.73739270847897842	188.04639517353859901	179.73173651947993790	129.28988326455842639	269.93589046687753807	230.40660339046681315
INMT	116.01349702912422401	74.23110131124845168	127.87471038821824720	171.35349859278761642	91.26065795791328128	236.35573248054640771	46.96727467883544449	102.95709272047406557	178.28717577287099516	495.15657771588644209
INO80	189.24458988274733429	223.92531530100117720	174.60496033361414447	170.14720300779833906	225.75732393152728150	226.92163077524375581	217.86273812016347051	201.49898680319947175	266.50594642725519634	254.92848873787440311
INO80D	204.01698186687173120	274.09386980741527395	199.46736440176522365	219.76926752538633991	464.41048552717813891	164.87462113941739972	140.83446568457418380	196.30677288465284391	285.33224210418205757	281.66907794175426716
INO80E	228.08179733262380751	236.43707521628638801	172.92301334188690021	268.92449190823049321	191.42445202041182029	152.76238976138810699	268.64441550158488781	239.57665818356670684	246.03350866004700492	197.56268157632732141
INPP4B	173.02161175755944100	917.65495409563004614	94.15217423453414369	417.55986722742045458	294.77975553257704178	0.00000000000000000	181.28883459644220011	188.49590668772148661	768.95830846338571973	554.04280337291822889
INPP5A	94.74321995710944577	199.74055210940929328	57.50154717329669296	121.61506645199803245	87.03261107751779946	56.11957130318189968	113.69397380499526662	82.47474601236443448	317.94387486816737010	88.06244528699649265
INPPL1	216.64151957568984130	269.96733320770857745	132.31362091155384064	236.96630094905074770	308.67933585183214973	190.93221035628539539	238.47320210501604265	214.88674850767935709	220.73552431670498208	153.09824361401379633
INSIG1	422.12727664033360497	274.75224463478940606	488.42203606458713239	630.23552480116154584	812.73828857286321181	457.83484943138864764	255.56556941146274653	411.81622667990887976	309.27821196203848331	275.96674329042008367
INSIG2	268.50483103683922081	232.18881919016902771	206.60695764273759778	223.56706136817430774	502.39588858276522387	221.33336773632439076	175.42989188856768124	962.90679498068641351	239.74433294825198004	298.81262380228264419
INTS14	134.42043958651487401	129.87299806400679358	105.34885739043251363	118.64594879749101608	137.13798513711270743	106.28444819516747089	244.80178099555837434	82.81170886071019765	109.33739472902270506	88.96835724967306192
IP6K1	164.95346520968195136	243.99797567822707833	161.79632554207228168	216.71358688711271157	240.44946630346311167	125.81218771066329509	183.29307907875076467	141.45707086740728187	226.18820101215783325	267.58138506621310171
IPO9	219.26316328977077319	214.94837261939898099	202.95650223826336855	208.43298428299161174	343.55825229189724723	142.80493594835073168	366.46087172551659705	238.53340314023847668	234.26779537697083811	193.23792955513007996
IQSEC1	223.87550519523824732	400.31795451042768264	177.37355823367005314	285.79719681902361117	297.23434016603744112	59.81899361782196678	153.69996218400211774	298.17619972982595300	349.58378532993708632	234.99005384145033304
IRF8	116.88735924019046308	164.18141436949420608	323.17007412083620466	380.33034221925476004	139.24996686600630369	11.51500211575850408	107.18650593912076374	128.54411376738283934	128.05558329393394956	358.62712692683709292
IRF9	393.03529768744749617	533.41368138242648911	459.23356691999447321	265.98611715729657590	786.47473285621049399	250.40879134675992645	271.99610317467931964	282.65676712339313781	448.32148107173139806	508.87148271113460396
IRS2	560.24283366949418905	314.40254317107388715	420.75410117982738711	515.33866532726278820	846.71705445270129076	421.01030870969100306	237.11756862090126674	566.59892570845795490	404.42700711530756053	312.98965694355496225
IRX3	208.58140944502630987	174.39157903753158507	109.94506094045156885	168.90853905919709632	138.39646816506638061	64.46091540044106694	178.22032655532925105	362.15975996365415313	110.91419308376566732	68.87020744486514445
ISG20	223.20337599539286089	411.52128081533072645	990.56621113612641238	660.75334910463789129	187.20511503302540746	0.00000000000000000	253.33337904956985653	269.97098789374865646	248.90731002984583142	188.38545858626878271
ISM1	250.90020644310970965	31.76494462379376671	125.34059158331234585	89.73140661044983801	127.32608505126779619	428.56402646997332795	51.81941095826528709	171.13127445615384659	60.42332070586108728	14.94927315610846996
ISYNA1	243.71533531018468466	856.89830009557567791	176.65601275255698965	432.74373695607789614	324.85905144958849178	46.85281666262004308	405.31079386527318320	264.93912570917490257	1121.58907587464318567	1046.61851901839054335
ITCH	202.10868196889612136	204.54752664932038897	188.00275170032216465	153.47622135014651690	285.95767886125565838	182.20256618265111115	147.53527217201261124	210.30631362708405163	218.81613840887723654	178.33042173255435614
ITGA11	1152.52873632140131122	183.39130167492027113	520.20040896110492668	422.95648552730739311	830.38824122600988176	192.69370038893183050	571.66152101323848456	935.93003171322607159	208.76567853126567798	347.96465972018825141
ITGA3	67.75552633045734297	293.77918041931934567	58.88511199086472914	181.61291438164843726	152.10522747445298819	0.00000000000000000	83.94811412597442768	100.15239781110156514	425.66417321931089646	116.91660282871647780
ITGA4	106.08577628897086242	329.74733100977408640	74.76286975962533177	168.50682810553939817	98.41128031968968060	20.93422131583674783	214.08623447220995217	96.38411217183723068	143.90195791263062119	51.61909265969651273
ITGA5	884.56511775502917772	460.96402641295657077	796.51725724920947869	606.53741855510418191	1517.20140197960540718	346.29578595915285177	1247.76152342835689524	1600.75634284800003115	523.16592553354803385	348.89564654145289069
ITGA7	81.08621283223406806	503.40992514930962898	68.47262616732518836	193.49825702716302089	216.60391888230302015	0.00000000000000000	136.48991245764736391	94.44327490859703289	654.37974695241121026	561.60039857630943061
ITGA8	65.43002586748221461	27.88623344928242886	62.82356229596709341	49.32071878252335040	46.38758338445499874	37.94294495440908577	14.23390320409123433	42.21333799302065870	284.58285394050051309	96.75605824832246071
ITGB3BP	159.57839792909132370	189.43335294753902076	156.25323590553335862	220.29667246884469023	205.82673388983442919	219.15211965463362276	458.12067047810160147	205.05422865386012177	170.63179340048156973	156.91304234408457319
ITGBL1	3551.66742331429077240	420.18641614573277820	2068.89977440990469404	1161.14243637506569939	1386.20594112808316822	1415.32319815197320167	1679.64770864190700195	2450.30904868340758185	550.30181819040626578	748.55344505852394832
ITIH3	22.29450172965068333	24.89842734988565809	27.26353876587381819	28.74741927221755944	17.24598726336744647	0.00000000000000000	11.15792598130233060	27.46685226245238809	233.16239444535699477	107.02367122599775939
ITIH5	256.40331253774832021	514.73575596805858368	272.04717495426996265	388.45226217191492424	464.70005645241394632	945.43228236659547292	248.36042877161926867	349.40375153427419264	779.31292008103139324	295.05520969170902390
ITM2A	710.77203410399124550	175.09659235922720200	1119.33723454303913059	838.41096601312756320	521.20659809895335002	2399.36321578467141080	302.77332759170820964	583.96125285867026378	215.53970596740003884	222.74026100705921749
ITPK1	90.18305097699935402	125.37391183790714422	88.10169821132427614	117.05353669829487728	110.27608208212500074	27.93180116806788860	91.85877805563592347	100.59835832768294495	282.79402870807399495	100.17313560071646350
ITPKC	403.49752098586219518	282.21288598481868348	757.40383900477070256	394.57079506051832141	799.39762508299236288	396.65142317701565844	328.69328174633506023	276.51317604613819867	270.58140152456667238	244.78652900484641464
ITPR1	112.15242510280181421	302.03490446551836612	121.97562552144536596	205.55393817143823298	204.71018552748131469	55.94442251097346031	107.25481872632408908	172.27549134317106905	304.72729190251226328	159.28944160212154202
ITPRIP	573.40598745344368581	379.81805545928574475	551.28493593913492532	304.72162312137561457	788.77554275458226130	210.45722484639151162	335.90004657372639940	390.11320097623723768	356.33551599364056983	251.91819061923251866
ITSN1	450.66866044567808558	390.64833147720230500	266.16908149661020389	298.71172625372093989	382.38669103742216748	396.55762401821823460	275.28856921976330341	298.87807787023587025	351.66243241919443108	470.32091825831264487
IVNS1ABP	290.93281611416989563	363.42888200063379145	266.50731231711358760	538.18168298396039972	620.03570699066881389	174.94296173041286124	342.84786505706193793	352.87139225255310748	311.58174152278888869	289.31540094236623872
JADE1	160.91735667616808314	235.78210620120518115	123.73958165443333712	245.61970817999289807	375.66540379702047403	219.84868348715292541	428.10649485094268130	238.16763484921801819	337.27783574407584410	299.71094740569725445
JAK2	128.71522473624756344	180.66689946200892791	310.75186727004165732	115.29897908309561672	222.19026025704837934	105.16385967145667735	143.99905900344128895	95.86989915767486536	201.33371797263032477	143.74956546529298862
JAM2	297.95886145823396873	64.54189852105258751	341.27771131825539896	226.38043919535658688	227.12716936458483019	193.26294278671213078	223.30016134248415938	428.19226679441641181	76.75957645358614911	73.98667626075238957
JARID2	85.96309035198883919	249.98329580206640799	84.61842526206012849	244.91340431999134353	190.23183239295588010	47.91907319043593105	100.81200701099756145	170.63253996871202389	188.06646544219211137	92.53443506411636577
JAZF1	249.23663640001933572	272.78660218283755512	181.68331408699211238	204.10695164203619356	154.20156522538823651	221.73251399492332325	150.55360446461702395	278.39651807820888507	241.53110529754857794	205.35900556677259488
JCAD	386.59343436461131205	95.22824230563321635	291.24046022552016666	277.19206370148970109	194.53452049270771340	107.11177330358739823	345.11372562548882570	306.43887029376099917	77.62704806643533573	122.60956894582091081
JCHAIN	170.81486885508343221	59.10788101164281727	243.69520780634417179	2272.01374144551573409	288.38636701200465495	0.00000000000000000	83.91738676197998359	124.28605790194336578	73.27870886647133375	0.00000000000000000
JMY	187.27941057455237228	244.24155372871138070	134.17388822982999841	298.18194442457576088	253.78058997445197065	164.77308037035305688	78.06577664287117102	172.22013128742941035	254.12353640557401491	194.71168680660167638
JOSD1	442.00612520683921502	445.74750766888553244	399.93960650202637908	571.53682336580300216	778.04262382273702769	205.33586398029888187	385.15625913091002985	401.44848482330047545	482.41715713300271773	284.85552428458680652
JPT2	94.29525017376357710	94.63938510229762358	78.11147291070176379	215.45185301506208475	110.88563741008877628	53.74693841946422168	186.72869626780394015	151.28849724173770142	117.32601497102413646	71.22416875068495301
KAT6A	291.64063385810464979	410.60874086231081037	223.13630299351325448	382.77400522367400981	438.50656387395326874	231.72034612486626770	301.95699863147694941	295.40155403065307382	409.10912819576833499	336.00861496868611766
KAT6B	330.84068631571471997	453.06977355982513700	267.34913628146210840	422.41929358777264270	635.25107804839660730	325.08587628592908914	339.71094974380730491	403.97169890273278270	442.68502964401073996	395.36947580650547707
KAT7	143.72063557018734059	244.34784806265892598	143.96550383785046279	139.30720189340840420	218.33232693972806260	151.90245362003628316	249.94469768995978143	165.41669759466057599	267.21046488517498574	171.03310115949091141
KAT8	202.85524338896024688	228.36344108289682708	154.56514101215248047	231.11615396719321325	208.33134016372176234	215.68551776044478174	97.38693589285473706	209.02650007583187630	243.06760068516908291	225.48981863900482381
KAZN	172.82021329682589794	253.25463256496271924	133.32875168575137081	180.60452411042166432	174.60232567426723449	259.92867609875935386	134.59242977147411580	116.55773427388749042	365.02636219993058830	168.00219659372245928
KBTBD2	210.51413769369108309	323.73189731999730157	219.22722576098496461	295.49434250563336946	236.11433404433299188	207.99170803100807348	292.86399672937977812	193.48416614943550940	265.34776685219640058	280.47894238480006379
KCNA5	22.65397524280875530	141.52732855836785575	22.68036802284786901	58.38483766375075135	24.80706687158367529	0.00000000000000000	37.14800675405254538	26.52049380304169901	300.71338319535311712	13.58715806736621268
KCNAB1	53.89827711944728605	212.57736598331075584	56.14513929641994849	164.22974621017624486	112.55668082544042363	0.00000000000000000	45.86625145987204633	32.14657180321661656	567.14328403207559859	88.07846138346171472
KCNJ8	201.06705837382827440	1328.17659895292808869	108.34411852178362778	476.72464906969793219	261.12912687923227395	110.18552945040755731	377.53529428454822892	274.75169109955811564	483.37999365027297927	1213.67474149023132668
KCNMB1	103.24314986224496238	292.68209253268389602	143.38520895739796401	263.69564978333420413	93.37041548990237061	0.00000000000000000	138.38832223264822119	96.43650426027144817	596.94494783157540496	92.08538352751877198
KCNS3	187.41900142971198306	445.56282396343164010	100.29702775562761019	245.91548380047385081	147.77877554056240683	137.53559831005554770	129.44233768856346956	182.24652388856770813	313.46548492528262386	115.47721197823537409
KCTD10	264.78218846687792620	242.39942388921284078	214.17490227923997281	163.38468295847255263	183.25026170667678116	174.25562816080500284	188.00013138576815663	244.35166626103651311	310.02932015114606656	157.30110471196735489
KCTD11	277.25687060217256885	163.73531874683183673	444.15300966979856412	126.12713353805042971	388.19658924886022078	137.85748509837983988	177.99299298143182568	600.47548160633482439	178.87898238774266702	243.26367922457899340
KCTD12	666.91110734574317576	336.57348045884191379	728.26194688489044893	511.67378799474539619	582.79636864833605614	425.11539359374842206	490.60425377163147687	509.83955666776546423	226.03935084221504326	497.85727091574875658
KCTD17	166.07262414455604471	143.86978425938133341	147.67818700585391412	162.83325366276770296	111.42308208739012798	133.50155955967713339	327.56065931793375512	156.60030678825737027	151.78050550982359823	130.16957140944674620
KCTD3	237.22372061872408722	237.65581230162888460	191.10270803822587027	302.07017143056793884	229.88800861521309571	160.64592272635385939	351.26433655315952365	261.32482396923950319	253.28183393820853553	281.33572814539763840
KCTD9	189.16996591672000250	202.86103296455456757	173.25039516341948342	305.70641592244112417	181.58903227296096361	128.69373703515196894	249.85444981886115556	206.14681617662810709	272.34445719071368330	186.72792166330989971
KDELR3	1453.69543537468553041	447.84828139291340676	969.30469722800842192	607.33954210478088953	224.81017371457522813	692.69340858828468299	1445.30767204365747602	1035.65155273338950792	307.60434088065250080	288.06439216507669698
KDM1A	296.48106904870678591	269.81424597246211761	281.69038365563955040	270.92494999127757183	378.01632408249332684	115.34035640485032559	445.50600806606200877	313.88229874058760061	232.80856510889577748	236.65826373302752472
KDM4B	219.80965836846061734	188.85377618953634737	149.43243202295010974	197.75368928624581599	387.05354357991421921	89.13944988278139192	134.37566066052031033	244.18759726356981332	165.21747451445293109	119.14476101486219761
KDM5B	523.70707509500789456	416.56909219367082642	389.08944336612319148	384.47623074066029858	615.03630486629731422	302.16678219427109298	377.93182308209577513	490.52482885448284833	343.92397144276742438	387.02870904505556382
KDM5C	212.65032998352009486	239.79488573438365506	174.00538095022758966	296.19622426941498361	277.58357832416561450	24.28682362095243263	236.38910301290607663	222.03094706261961733	221.32181471120398442	176.70952081507348908
KDM6B	1932.41384577462076777	2027.55476163986486426	2731.67132603978052430	2001.23636764299408242	5140.36857758754376846	1259.52777329504624504	1439.90112570724318175	1444.01061028735171021	1868.51382924491690574	2367.09480853351487895
KDM7A	185.43042748792851171	135.41110126937599034	205.28672734411648548	225.12720442094698114	442.68035147096037463	96.99236188614015930	70.01772326654601386	265.16060060300367240	147.51575441456421345	184.25266868443640078
KHDC4	195.22475440166988392	247.06419669191456023	156.13552486825193455	214.22477512462847926	391.71501426936004009	98.19270776045330251	153.27162075523617091	151.03925637338593901	235.69144282356646158	261.51019925024240820
KIAA0040	240.46168750102549438	1018.33496221468817566	236.86963217110653090	446.27201965496857383	321.85455034926371809	80.53990987080405262	222.58557463378360808	211.06223849827671302	1109.82841399653352710	403.84874970310664821
KIAA0232	230.55121506348490357	287.19597881654931371	162.40357552382636186	286.60582323855726372	391.67382297567473870	159.54827194114326971	179.58824788838580844	184.85667706572201041	304.88025852035866592	259.74825338877519698
KIAA0355	287.93769471895205925	234.08867364797944788	190.44479187484287763	227.56133517271914002	340.04833307623795235	158.01854798140368530	113.06057275733721212	258.53108513038023375	223.64969575188342787	171.50454952289780408
KIAA0368	224.71490642509760960	250.73598162054551608	209.86950277826466049	230.13544401996679767	327.11162288849624247	179.55290421208619023	168.57416103061021317	238.40675185543233283	263.24102013063719596	241.43484092576852618
KIAA0586	109.79077203355988956	144.01891745240101272	119.50699123247937905	92.99292140368604009	141.03405370817029052	167.32163850369673241	272.08731505218906932	116.46813865411628797	149.25979095387540951	105.84816376516326386
KIAA0930	652.57458561363011995	237.23157836074341276	664.99823555824309551	416.70477480899853617	649.66824402660517990	608.43238041519020953	514.96004208867736907	428.87526597176128007	262.18200258865903152	242.28008196100421401
KIAA1191	219.23329672978491089	241.68295671628885657	178.58568293947055849	213.10612182189544228	365.17606060739677787	125.06373581710830933	229.24753575372514547	347.01093498909040136	282.16130524934709456	231.33229435226294868
KIAA1217	1160.30569280327040360	493.87039776924672196	916.23804965395856925	482.75813287636105997	832.37973548959496384	293.62365625803909097	489.29755244714561968	694.82062565395392539	564.63936388523029564	223.71219516253319171
KIAA1551	251.43827479560999905	372.89396216178539589	227.29397043945408541	507.00857335409369853	391.01793480747278409	63.24576004303302312	275.78178844480976295	249.23469495579038835	363.00124467305124654	424.00979555613071170
KIAA1755	185.19210676011144301	60.64887057917380275	255.45140831398032333	97.17165326644018819	176.53142455575232361	119.34837344824551053	39.16562952515411666	65.99541842191962360	53.60647068845801755	130.30270143226431401
KIAA2026	320.34000867690730274	378.54527317678508780	274.44981319382458196	350.59356396475135398	591.56640104333803265	292.86685991235725623	301.17024563567065343	311.18206597936062963	394.62756921026391410	383.34965125168201894
KIF11	14.73678564428757909	15.52969464998149007	9.23490359988712761	29.69426427321119988	8.58439962377829779	7.62004969051323844	258.28682877471351276	12.23045464964528506	14.49031881354331475	0.00000000000000000
KIF13A	295.12690489145842321	272.93791669971869851	240.54252053524641042	246.85252717116267718	349.96377180986297617	198.89860082553403231	167.49111335435429737	268.48529284369192283	366.31157031410560876	217.72245119761092269
KIF14	11.39730119097535699	12.32226926923238786	4.90652531450726759	19.85327533423417634	0.00000000000000000	0.00000000000000000	228.75146843662952278	24.22747078599202197	10.70161735544052206	0.00000000000000000
KIF15	9.28795090908696430	10.02283167968847089	11.58910255233212894	7.58552640902364228	2.88425551586003071	0.00000000000000000	187.23081147552500170	16.74796867984906967	6.44044979913857940	0.00000000000000000
KIF1B	350.51042395818990371	387.67232871388551985	278.03642571031082298	330.31543417159230103	620.34569594555614458	280.77937413362400321	300.76665945026581994	346.26945913765922569	440.08783211227489574	372.48540609087245912
KIF1C	225.67202012227781438	194.73417979767211250	132.78845953207502362	244.11985363165501894	154.40052792536693005	200.91308545065169255	199.67676948270971593	276.82001888821122293	373.39252767667562694	210.14892466525904524
KIF20A	7.76328533460819248	6.95506687930382839	4.64421120539846122	8.38926394751532456	0.23330862134712288	0.00000000000000000	186.22312273953167505	11.09628013423337656	7.62890572170458281	0.00000000000000000
KIF20B	82.09859235540494637	101.44079646493284486	77.23628678061888309	133.55821743766671261	74.31417444151581719	64.09338533025071172	835.55570352001029732	108.45833979555111171	117.52463754668468709	45.88475836026073296
KIF22	140.11671863408355421	172.48799871569528364	111.92462455105071228	262.97350555267200889	94.50547911114844624	156.60978650181704097	608.04756597797609174	189.42641681033748569	183.14574841353760348	200.43941957220854988
KIF23	33.81819232806975606	30.99404991995385217	33.02210185900686668	21.82654713121967305	14.03572956759388646	0.00000000000000000	525.86775242814167086	23.57328141579077041	47.36107327830105618	0.00000000000000000
KIF26B	470.81468798417768085	111.12623853396695495	271.14508202590207020	170.65479011981685176	354.39561338839706650	53.93967381536202055	319.18192353735565803	413.71310072234149402	87.24470502360976809	25.40657738691853851
KIF2C	14.36423081355259335	11.53910192525774825	11.38395986648591851	15.54552670903907519	17.09929523139113172	0.00000000000000000	224.29921873509570673	16.44970420363132035	15.41250983998002511	0.00000000000000000
KIF3B	233.76207638173534065	229.40858783650935493	184.24430493576844015	169.53383292656292269	238.40130030745376644	162.36530139914989945	305.98127300680926055	275.33917376667000099	220.93915066298785632	161.76479920948764857
KIF4A	12.69143770537796456	36.58986133259151785	16.15050820673210197	17.66655662444327035	18.51074349102757566	0.00000000000000000	230.70922361966117364	13.10537757643229995	22.54165431379924556	0.00000000000000000
KIFC1	12.74147065391241362	14.49733414062832182	10.47318447091332061	24.41545164971489967	32.07164390719888303	0.00000000000000000	227.68550584215097388	28.38118110149857642	15.76749957468398122	0.00000000000000000
KIFC3	286.55296398532601643	259.75407457352702068	195.32748170501653817	185.08787201420139468	269.66838129639404542	87.78393596140958266	207.01065675479756578	398.38928708384389665	219.75570960889643857	121.05504057498707482
KITLG	194.90562515938864863	505.00558740006181324	187.25887148955996508	255.99329801775573401	202.39968350161126409	255.63834952000448197	243.73660651043917369	145.04254690890238066	249.87995885855431766	139.62230239271400478
KIZ	170.23176095938291041	168.15418113285105051	129.95499498208931755	133.57160963424760780	283.26078428417196164	144.00297053933721259	142.32397580992426356	245.65716308263776568	204.68392030452000085	194.75666142872549358
KLC1	388.94111078533819637	483.03385705269317896	308.19576721309493905	392.06039192879558186	594.15597832414994173	221.41092907078837015	317.77805596471392846	373.07207588202106763	528.14307804611530628	323.96780468421928845
KLF11	176.98017144719861449	439.32512366346941235	154.37201779080200481	327.88200449945622950	209.78828389022140755	213.53615667240521248	169.69413971146440190	178.86390172960150835	594.57173787449232805	436.07209792226848322
KLHDC8B	194.16161435068457308	444.69491022082803511	126.16220985810841171	300.16760521969700903	141.93567274529004862	183.19949848414086091	205.84499939277804970	146.82696103522968656	383.01772600694442872	185.41785370833255797
KLHL20	217.38300912903827111	212.03143944705951185	197.18768700767893165	178.30143837412632024	198.66009790796456969	156.52692199457882793	127.36751678889304173	160.72384693132238453	192.53204848534733173	161.77722466395601941
KLHL23	109.73931114063185532	738.50170725445809694	76.92804906927840136	305.05264860073054933	191.59427878131708667	13.43145317744518863	227.15443227216849209	147.23903276003039764	791.19449935186844414	215.65870564436147561
KLHL24	323.07309120744656639	377.79409847557315061	231.25284310495172235	323.52769672998852002	519.74118273917622446	277.93355760753814820	194.42937330031622878	326.02368994428070437	359.22122256440491128	341.84807920973594264
KLHL36	182.11700841478759116	254.77213912918929850	153.30097173488627504	209.28783064406101744	352.08176723843553191	137.04615274843132511	100.60708997985626922	180.30197374944853550	259.90445100762866559	236.82454595644350093
KLHL5	180.37394546402461515	181.15417077979830651	221.52289546583367041	282.69801205753708473	219.89843475417677610	33.00956256244484877	188.69348885655483627	192.08240232737023234	124.16619739823595125	218.97939824904784700
KMT2B	199.31621273516921633	290.27928335343392519	180.04119816875450510	245.23325141218680301	294.74036374995267806	147.10106573688426579	163.95161692063794590	199.20521488360014928	284.99210487061407093	255.35279681291888210
KMT5A	224.05374592418294810	243.75954668344135712	207.46933961715350847	209.66982920598718465	231.35378065201436470	148.05644426520808565	438.89471976722353475	222.60279474823195756	265.73222311359143077	211.88382947031678327
KNL1	17.88995335826835031	23.39802165973330972	12.27195954857221416	33.01768732257281869	0.00000000000000000	0.00000000000000000	438.65420450825075704	11.81200825896458539	15.56004583008609998	0.00000000000000000
KNSTRN	38.47956248176331684	50.55079640499585025	31.10411127508078977	46.84754226441114611	50.24170209260370967	0.00000000000000000	289.81112250548119391	32.80667531155943095	45.66635997559752269	21.52496891702372395
KPNA2	251.61723808193147534	472.39461719205229429	276.40591755529510465	382.94853939092803330	189.94021936086036817	152.40400243968852578	1311.13688383149360561	271.99266122004752333	433.89895548194516550	348.83690117289216914
KREMEN1	185.44851349506026850	67.29745634965314594	172.40484835990420720	140.26873683809841964	151.59818774249004036	303.11390118725961429	116.67994548854383652	182.93603342047470051	88.25408679705984127	141.66719806716068319
KRT17	211.37681650303073866	157.08419838851634154	133.34815815437193010	815.95806543850858361	334.57718685389693292	5.49204319205261271	267.91209701655901654	220.73202392079781475	267.57667549585505640	41.67076965780950815
KRT18	247.50615980710779240	493.52102310224762505	128.57656848118054427	1742.13867264426926340	539.75951768411209741	0.00000000000000000	462.78870579758461190	313.60604536044388624	671.41086511064747810	929.26209035452654916
KRT19	274.49022932817928222	215.92467117283644029	170.68750690856262509	1545.86745655851564152	588.92372083413556538	0.00000000000000000	419.44047737468576997	532.23750015431301108	283.42078138256761122	133.36551073856281846
KRT8	194.36496458440220181	236.04031118671218792	157.89482717272872492	924.29257403186591091	447.91975506182978961	0.00000000000000000	163.85300932203543312	237.00946777410476329	272.41646785724128677	394.33441244026187178
LAGE3	416.00290323974036255	295.69712614666053696	378.38044811596080308	499.37025829363614093	247.93826866681629895	296.77047513906228460	308.06610121271552316	484.24832675170961238	304.49917841086784165	275.97865698683659730
LAMA2	792.36474295689561131	165.71298399636401655	820.69133558314183574	394.49047738264454210	761.00061503327992796	1473.44600844094679815	336.46603884801953654	451.81150545264500806	147.36595916804935769	241.75817008111388873
LAMA3	23.17637646100146753	116.34404775690133249	30.70305650224641880	57.99461560292594697	87.03329206425802056	0.00000000000000000	57.91312739290317779	15.69340525822350330	183.06490700967262342	145.78620815544167044
LAMA5	80.48437560243972655	396.41208280163272093	56.93999396815905101	154.22606526321854403	258.08149355597652175	19.12562609970695249	105.67393588229833767	107.54637419542002874	510.55629008407055380	188.60672523425114377
LAMP5	797.92684088724138292	104.35093515684503984	419.10103980213108343	294.98836008066410841	72.09664999839748134	28.45501030941473175	273.66933267043833666	182.41791387222593812	198.65454873533860791	70.44366988308787825
LAPTM4B	443.98333011329418696	741.41106852248640280	425.63452974122395744	419.44432834632578988	320.51751060852660657	473.32113139653216649	506.76711654873224688	343.25989492572477957	454.40477065656278910	936.88783429568638894
LAPTM5	105.60750511280576802	117.13814903307761028	129.80059442446923867	714.08001823281153975	159.14266692966253913	0.00000000000000000	88.79362170362996665	126.86591571991301919	120.98727666105055789	66.61868030423269715
LARP6	462.77085613928716157	300.69987253370061353	443.28907827078239734	398.49714523129063082	385.88257843784532497	601.33664479671847403	643.73031177877146547	750.86194293935193400	303.83439577517242469	397.54527315773935925
LAS1L	123.48013084314165155	146.38652834592897989	106.15805510886947616	117.42355548552572486	166.13608218207016876	119.71159654585596854	245.27144972000627376	190.54538831519445807	172.81150158928633687	123.82643839200477487
LAYN	410.11595823744875133	184.39973922045444965	290.07359056198441749	258.97822846336100611	299.85986559732731394	123.41271362250539312	252.77917609934456777	599.01483221856324235	191.31634517463308498	171.96918656387430246
LBR	199.09694852727662351	308.44659757254316901	194.31648554827759767	171.59354731227534785	198.24235712053720704	143.95365616473034720	468.62877938625041452	167.39817574229329011	332.77106816686040247	333.58886509428464251
LCA5	193.40468797694487080	259.79103996149564182	150.10579702135521529	168.92008096859305510	160.05260295047091290	153.16063006693522652	101.32704657213778887	142.24042259285738510	199.35141961515063258	178.69407679795099853
LCMT1	313.24383230771786657	274.58279694440983576	335.45751641128521214	349.83433237717099473	240.85057779144463552	213.51855682369449596	303.89465324198619101	397.70134557576147927	258.62171061643698522	218.59790579507725283
LCOR	242.14145245420732522	306.09082267862424942	212.35412762347996818	263.12869515618587002	523.63680363462719924	169.09230992363890778	256.90511173453722904	256.51186804466573221	300.00769691157944408	172.57280606904646447
LCP1	48.02602705285990936	55.06727691784718814	58.12739642548127961	347.66962415948921716	113.90747383383748570	0.00000000000000000	34.16424897062259447	68.45321180772941716	54.24724273916154971	31.64527784128081578
LDB3	27.29660323263500743	178.91302666214838268	15.53372523626801538	110.86153242437907807	83.56160333930903050	0.00000000000000000	38.43741835551412578	34.70809574629423366	292.08489641508373325	51.05118345908213939
LEF1	232.90154680951459909	196.27075375709628702	240.51624836336100088	149.59140070223779162	174.15418947827902230	9.93893010873454585	193.08879546141983496	141.92123201427492063	109.05061870971522353	66.25553913783669202
LENG1	193.79525370581811217	297.77844373466587058	203.19428208757364018	237.20712472954249961	135.54182523307400743	152.89957035487515213	144.69114091833574776	197.52158520153486165	288.45057562800582218	269.00305774416221993
LENG8	441.22599629864419057	502.39293365390761892	353.84026946428883775	374.98954199161022416	857.58866702098248425	209.82694952816140699	373.88778815700459290	354.74266779134501348	465.45820625799910886	325.81354430185552928
LEPR	281.30079666221564594	78.10378041636101898	161.66310160716969335	163.12882567063306283	271.79478022628268263	803.44510933227991245	83.53925978121968399	316.27866869799430560	117.37633669234537592	118.14058213883602377
LGALS8	248.02236628110799188	265.36148081831368017	281.14497658525715451	283.44932787815412212	328.14416171136616640	222.04488585074676621	133.57935580541195009	296.56750397487030568	267.84526269939777876	245.08636203817857790
LGALS9	293.86470830059539594	260.88790181775129895	744.58621899840170499	300.04565172601360246	280.19038742036622125	84.52984888104963090	138.21739265707489608	153.20700073685625853	97.87276439501489733	121.69194500682421278
LGALSL	123.33378414403983925	513.02117130599378925	86.21164362844362472	319.15199451535033859	161.16663556261607937	78.19767786438326596	133.38688378394746792	108.59386329044986041	653.01640434719922723	218.11117829059526230
LGI2	88.63466948415837976	22.87911283342936386	269.18765019438427544	33.93606622586428756	25.11416423964848121	39.13534705060109786	223.95203602067411452	84.61255936846546888	36.18949894752636709	93.99708739527568468
LGI4	98.23059906590566470	638.22412406004059449	67.10798336621326143	257.61802866005859869	191.13390832137656616	0.00000000000000000	131.85166106698304134	107.81494306324768218	743.48981603604829616	474.71371882716414348
LHFPL2	417.36951856768973812	264.70165133845154060	385.04717948822087692	266.62572430310945037	421.39777073020269427	393.51494451184345280	328.30989608412625103	316.68580777768892176	178.85896879060530296	168.76154533238613453
LIG1	43.43406185882783888	65.06894884179074268	67.43651606205020244	57.71275439022359421	41.86927422440065527	9.14552750098734357	306.78820711953636646	66.94461015554638550	69.47716827392224559	30.70831778052209060
LIMCH1	295.08116299980338226	72.44289235440164987	180.73407513918067480	201.21990492942131823	245.81495111054880454	245.63988966341835862	167.42259579129648728	220.75923359124399781	132.79581962404731144	71.86114730583933863
LIMD2	314.67571661372375047	557.64683324499696937	421.23671971236336731	656.12513545664035064	268.85437081607193477	79.43997756043442848	393.38065257982884759	249.97086236883893662	233.43538203211039672	169.58320566342936786
LIMK1	241.54625365652887581	78.67367891629098153	198.52836612585218745	146.42735745175275497	135.08103651436354653	147.85939005191835349	217.94115683369500402	240.43475734116600506	74.73186452864554497	68.04177972498165161
LIMK2	199.54137504339450970	136.21722094865938857	340.30523543008706611	171.95039180322532957	129.27008843042190733	43.49977469563210519	172.63469465038636486	151.36162235764163597	101.64893868406673505	82.13476401497113955
LIMS2	262.00355837942777271	139.53225341946506433	106.47764334341194115	261.47124679515178514	113.69568451402759024	154.41136749009839946	145.56464559917020551	278.11857084547693830	437.51940643082650695	158.72046870051681822
LIN7A	49.24736780953988813	213.90017923380841580	68.39917588950355309	115.60321626562961228	89.23853124832994865	6.24155873764672542	63.11191389220948622	50.03736664409370860	158.95431728269329597	158.48626858813949525
LIN7C	181.98994510969509975	250.25836362278457159	169.25198504466752070	238.11151056770859213	150.93407191025298175	140.00357709526525696	209.35982321898342207	227.70476804123606485	243.17658460377347751	191.18683102468912693
LINGO1	114.00628245841460284	718.45325953304939048	75.55379264785896964	289.76608579222801154	154.63331813972041573	0.00000000000000000	215.34556640390158577	112.66042403874543254	749.79685547505448540	146.82066468471489884
LIPA	228.07233335826617804	258.79034831024728192	173.30369086014724189	290.30742539977433125	124.22118727043164199	292.60128870479377383	134.69851172191332012	184.43056479979873075	241.19942056896550753	267.85941588243713340
LMBR1L	189.80256825845768276	291.36041235929911863	185.11886326962880389	231.71301189735419257	442.14668120216055058	131.04081262787303785	93.07356164475167759	198.83678880735908479	278.63653111738227608	232.10472630760824586
LMBRD1	264.28608718069619954	297.50367288708400793	241.79378369581712604	262.85379529041017577	355.00274770719499884	324.36713570967276610	133.21790764568490317	356.93397214503471560	280.83894423729611844	286.98632637582073812
LMNB1	29.28414287959154549	50.82432718059893517	37.65286728147586359	84.42794934320015443	42.62355508364090184	10.38160993559032974	381.03999328363062205	34.79005942512964111	43.00477486723575282	27.93977395447349821
LMNB2	121.96543237819010130	134.07392495046963177	105.75878124180795226	114.43889634752342488	77.97140791871147769	80.44725487432830846	499.79251158429883617	101.82951126311418477	129.82607888481871328	111.33962921015957193
LMO7	856.40129001319360214	265.42881965397373278	580.17454821361548056	392.09427338738538538	533.91989183727866930	350.71036311129023488	1133.30444844002772697	561.69972529636766012	244.21876144687786336	65.80030965895208794
LMOD1	406.87894364455877394	697.82759203307773532	287.69559737977834857	583.46664156200824891	371.79670817210438827	61.00039250925622270	467.05430274056857343	362.51536478927386042	1883.20931117177497072	1341.27187462152892294
LNPK	276.58411763321373655	284.52232498605548017	218.92169395802380905	202.95237665829230878	311.95997082762886521	295.54210534399027210	426.72084947310753478	407.73569704217641174	338.73324633141265849	204.54884934088849491
LONP1	202.33269871749993740	214.42062126124420729	153.55572854218286238	192.96116299327565002	377.30933199422963753	155.22866110673689377	177.14651944811535600	475.27001401897484811	225.62820918372364076	185.17536499816839068
LOX	1882.20952740992311192	389.98815083937768122	799.50339281938249769	889.09505029950446442	1380.31202486380902883	1402.20305732190900017	2242.79115681432858764	3586.16642300918556430	421.68376375449986426	235.35650732564127452
LPAR1	363.24991322547003847	59.53568741420514243	507.97205494806729575	187.59788007638249496	204.80399865925829772	523.87602968160558703	180.99140606003965104	363.46877497603350093	74.47985587616106784	142.65326698540002326
LPAR6	182.91045601865855019	194.34206289391534028	199.56926492918029226	238.22761717768128165	187.95977076476057732	179.86006255294915945	110.04138943881621060	134.41860073815331589	85.54252724638459426	136.86263915193734420
LPCAT1	121.04310465787654039	122.17820550594488793	107.96322423036286864	144.72149677731292172	155.07930040840480501	129.95639817978079122	249.99551980859158107	123.54361361429167232	120.86552808589023300	71.06015041986390202
LPCAT3	166.07177690103071654	162.64198461015146790	204.27115831387862954	219.49056965690988363	236.49933159909423352	120.21157602310823620	108.29029042708860686	166.77752051521085264	157.16093091709987561	227.17577831970081093
LPIN1	166.91447677944108818	230.33492629231625415	172.76074285329761437	182.15112968730014131	369.51792993534019161	171.42951436391723519	113.91104829573603752	166.29989034968369310	167.37879215655544840	247.33329526032650847
LPL	109.48498435095658010	444.88030731344167634	58.09666901035249964	153.99492180800686469	74.73631050870174874	44.69100957199088953	130.16531395694542539	97.83493878678980593	67.90735836495518640	94.75926496664074250
LRCH1	214.01909367854841548	179.46262448186004690	221.42837882297811802	153.51091387574953728	253.68812941276024731	42.45852807897052372	177.03668303825000407	124.71988102127470199	215.58046181187063439	114.20351752017943170
LRCH3	215.65656528265100178	245.30347560875731006	226.49998664918328473	231.56237276476139186	454.60096438669268082	106.39244238914781704	135.74244024183559532	186.81900402382547099	239.09607908533413934	229.30483176878993845
LRIF1	159.01661426206661076	202.84080923583792355	164.49760620298113167	282.70261849195406967	310.46955267242367427	115.66015607342427529	206.82500302803919112	230.66322939965189676	220.82401199434789874	166.94461267227006829
LRIG1	271.22034124620392959	247.04106036826561876	210.81702557743349757	250.62550146488368341	309.01885268482698166	40.08410630264292962	169.40771097736663364	264.87394418723960143	238.78646475771353153	176.20700885977780104
LRIG3	233.53442654286726565	143.32449181477650768	193.95399960619280932	151.51140861601706433	154.50684170845840981	296.73250347648576053	80.85769286743523310	188.69729192095144299	215.61933007087361602	131.51650177723749380
LRP11	201.58412705277225996	143.35090528782708930	160.43810541113583668	173.87089777369996568	156.11316829426860409	223.15902785696317778	201.83283241143053033	170.43362905853342681	228.17277035968496079	141.52316171408631362
LRP12	241.90248673346968644	201.76943692759257942	181.60467452230375329	110.51049460027385862	304.96925417689328697	168.27907184428744358	154.83092787057657347	215.90639436186580724	213.58093343663466612	160.69415318658636238
LRP3	323.88145645101104719	230.84758396761654353	330.26184760444914446	296.72836427971111561	187.40469872043871646	472.51422969881241443	251.05657895140419100	293.06816255276152106	175.73369103855279150	219.42050157546194100
LRP6	181.72187953506903568	155.36416926289479079	167.85962972003125060	195.61622213848866636	304.01080693911364961	174.74286028092285505	111.47455855392303192	157.88467473169831123	148.32277778450526284	115.08195187474106547
LRR1	52.50130117694307330	54.70995227255836113	55.28309585368550216	54.50387902286833963	0.08726468713496285	0.00000000000000000	366.00501964658957377	76.34744755221164780	54.34020578224706099	2.77245282956406047
LRRC10B	26.86185754124845460	163.16345185003268625	32.72777355213707295	86.79498069360919033	43.39916644114084932	0.00000000000000000	55.26239809334419562	46.59372867229964754	393.57971983709126107	20.55493267452612116
LRRC15	1348.66110911402279271	188.28239527520779006	1261.38375824390254820	467.58946931065361241	669.19757754870977351	183.39794432401311042	826.08052401747534077	636.91659021681573449	198.83046108728379409	144.73028291275426227
LRRC17	881.39576392791786930	540.62033876926079756	370.81137111994547695	400.17720148254659307	298.83881614444209163	562.44300453137304885	461.69471416029853117	376.68646423953254043	238.30880256552592300	323.91937984382451532
LRRC42	215.00542889743343267	175.33886937290918695	223.72124183897514627	193.34011146913385915	110.68998765943766216	153.11508474232797994	169.99677324670093981	257.34684566474049916	183.53788816416616214	105.29203567348972115
LRRC47	175.02745881081654034	192.32399928017477464	138.61215172636730131	269.85869886120661931	181.72033086053758666	149.11560839972383974	261.67443266147171244	255.00437662805231298	243.63714228190212907	289.14784975836795411
LRRC8A	440.69107476508241916	455.82348071113602828	461.10906038431420484	469.82728346100230965	821.04660952232472937	295.58826456660227677	337.81426168749783301	338.46001693457890269	596.22689873873991928	563.30182949044399265
LRRCC1	163.01952962421842130	166.23493712830281765	146.57220843337444194	137.76089442467204549	71.65779924939849366	148.94185529580389016	294.52463174390493350	139.90706656817198450	205.53140748992095155	157.80138225706468802
LRRN4CL	280.15985443994986781	50.33172861374178098	178.25043976257813938	112.55612985902270395	288.01244992557371916	1397.11457827882031779	45.14198001276209027	325.58151081044650255	54.25236544026003571	86.22541227069676495
LSAMP	197.37028920168879154	29.36758488488589691	298.61330428377692670	57.42223158144552997	57.57626054592230247	326.65637768225872151	120.91416510390729400	77.87390464896505193	32.41571978699053602	34.30486792107474514
LSP1	1272.85725087619516671	476.99571265987356128	1108.15035427750035524	1130.57307223821703701	830.50319395082249230	2429.39203021277216976	717.80811366188356715	964.48985443164986009	378.95725395204601682	402.10307291895696835
LTA4H	185.45240803124514173	207.72387890133336441	137.13211262271769897	256.13567220343242070	235.82903407676118945	133.55701559272040413	113.69711353363469186	287.49606815225337186	270.68914077858141809	224.40308834840413965
LTBP2	2143.70840165144545608	385.35860833521485347	1902.08440604790939688	874.80198234262377355	1102.90183700928059807	1859.36709071340442279	1155.00679690529887012	1480.35841004400276688	556.16980184872431892	629.50440695103804956
LTBP4	652.15011063779434153	441.28456220584433822	450.48695950242404251	587.37485473788444779	730.52628015818686436	990.95585974805419482	332.28200323173319930	692.15982133977911417	431.99448846051092232	1019.96015886880627477
LURAP1L	196.95255081480075887	502.76662331304055442	171.70325421649329201	367.01861611474282654	161.33919812186653076	47.51508277937338676	155.55133702252649641	162.73731938465769531	429.98142915236718409	502.99535633698138781
LXN	1082.80329279317152213	229.45515798553500986	1721.02309199734895628	581.93296951126058048	368.65133896466687702	1141.12495184752788191	761.56408974525584199	859.64598608241681177	236.78475276337223931	207.59143798045511176
LYAR	196.48631232505371713	258.03397488030049090	203.99983410759446656	309.14466894294446320	162.85722430444121755	191.14599874989275463	286.33263375658435734	267.54569047360246259	218.77146649264145140	205.13437244400387272
LYPD1	46.82362175049065911	413.53767362826835097	23.90871377592200986	139.81922802155227714	50.74726133792299265	0.00000000000000000	124.27640411553416300	70.68129792434285719	168.83735333970946613	112.83703486833634599
LYPLA1	324.68274295590083511	406.04151060559053121	332.86332662192143061	532.46205010142102765	268.75942506602365256	100.64904482430712562	492.53194758739834924	335.36145643764825763	386.23718910657265724	324.89472698522644123
LYPLA2	214.64022585044213542	206.88713803894077614	173.32155184761614919	189.36864182466334228	210.70366015897647571	148.39792034934149001	144.00240197830041211	194.43507015321844733	219.74355975588451884	166.02379452861057985
LYPLAL1	206.60893964685047308	183.15354207797528829	235.60144506562153310	282.81836295379434887	171.07746081938688576	227.96189657107555604	116.68234283098102821	238.59930846837409035	182.82042101474547735	164.07482062905938847
LYRM1	202.34320918688871416	175.71713706654190901	199.03169158066222622	266.98237374128609645	197.66641280836446981	258.58989965907352371	197.08745259601420230	252.02550222083212361	233.22071697472534879	287.59329117100861595
LYSMD2	121.21703317595272154	380.73130040384251060	107.54511935726780791	275.58168525927317205	108.41537897447761907	141.06970920195496433	164.88568944153135476	115.85842654348164160	351.41444592971396332	210.97134083004522154
LYST	213.05762868597716420	289.16546054296622970	171.34726094701181864	324.15916216893845103	384.40469238143066377	136.57489124726214413	123.17654327964820027	182.33131028840932686	254.09941863665230244	257.72228413164202721
LYZ	171.54177991001864712	199.56039018098408633	171.62908860743129935	1714.67257888113658737	304.72376306649056232	0.00000000000000000	108.62469331548254559	215.52694159267929308	212.83125636338016307	90.94847668075894376
LZTS1	167.04696962657521908	560.08951739097028621	126.26018852607570864	195.52488059219436423	194.67388061466323279	3.49821039619945129	202.08839541689772545	116.41808628193514608	245.50251540935477124	188.36223703542086128
MAD2L1	49.88643740992778675	60.91644808171290748	59.37301713098638345	72.38026190999983100	34.69693866686699835	15.94525533461377442	748.12279848428943296	55.79952325495610665	59.72100626901030296	0.00000000000000000
MAD2L2	271.69210302923426070	254.59111069712037079	323.69132930636646961	257.81843160177709251	220.88120189657414016	239.14726041957402458	843.32516910909350827	387.06177349223059991	250.22660571571336163	227.36380015520339271
MAFK	229.13380464498746392	372.98857811748104041	145.08842268085555816	280.29447466581058279	432.89873900867485190	279.98904210155609462	211.05865924005343004	202.67701365607260300	514.78204546341316927	257.47637351527765759
MAGED1	1024.33968085782908020	499.88501951140665369	786.81279956228127048	523.84065820125863411	288.43053248444596193	487.16657562269051596	1109.80891061231022832	704.34567157230424073	431.31737633903509277	393.19531495637005492
MAGI1	66.17574247177127233	200.71936763693159378	58.52098517570733804	106.04248439603877330	203.46161578725187269	47.82032883131357437	104.29311056500849020	73.93977444790550635	172.98011808368281095	112.23633756794214378
MALT1	196.40518637895820575	202.35300347878836646	196.58942752265843978	280.48883023092400890	258.49035368906498888	19.30880850576705399	221.34777717661887664	235.97617386333755007	177.33413265230862521	149.57443918992390763
MAN1C1	195.16472889200437635	64.71170665935969168	195.56007348261630341	109.07980150341654735	142.52791236924608143	375.88347539849439727	185.83056465189733331	125.54009394813910205	52.85347298532978755	234.54444061838276525
MAN2B2	219.23555669805344337	179.83762220532534570	216.36269531365206831	189.15715714831810601	167.03025980092718328	156.85407426176541890	160.95666267064640920	196.87979649567608931	144.01572653344774722	123.51183340823459389
MAN2C1	222.65462142218080999	228.78023654837608092	171.26768350125817619	300.60300911304028659	433.71388151115218079	191.72452659111866069	141.93400635627338602	162.74249357782565539	202.29275815885296197	178.59463969881130652
MAOA	20.30121812773752410	20.32471585694640837	26.50584731626770107	48.40566035289496938	28.75697297382197348	16.50204693259219724	46.98095264516336300	20.91480260905219879	102.46994068382315390	188.72995883333337019
MAP2	63.67355939545786470	280.59648086383469945	40.44253697113587265	82.17883826961110572	101.31611803316494047	28.79436246452596393	66.86985147109371042	53.73224149424070362	232.11930985698845120	73.74601837337873178
MAP2K1	194.55772724867424017	415.53469094258127825	179.68773050217416198	281.33746105885063571	250.07992657592075147	118.62943693010026891	302.30882438900863463	290.12690383469919198	319.64148644923744769	243.79423466460502823
MAP3K4	241.72235211583506498	194.50905563574210078	178.74690287511089082	169.82954024283785088	362.17746647532453608	118.77871561043546933	129.58293681038878731	134.61154143118642423	213.48590298847710756	161.61091302201774056
MAP3K5	148.89318116883157472	209.69752795538528289	185.82148041531814897	192.66366565555904344	169.57541818596681082	18.66635279632568967	121.41446772237330265	130.17038855040954104	217.49130579929237683	162.97900247278550978
MAP3K7CL	220.04498476023701414	1162.44184230480232145	166.75762536017799675	612.87691986153583912	245.77958304125218092	0.00000000000000000	372.48318115578302923	307.06349045630076944	1554.07287276832198586	126.15251675151318977
MAP4K3	178.31183786119862589	215.53101869878491925	167.28744337501285600	146.31435971875436053	286.09726775520397268	158.59545859202944484	168.65339773911662746	150.01329399129721764	218.49537018631556862	182.66289513417402190
MAP7D3	276.70060065236998526	425.17235330716533781	235.96154852017369308	304.32190666876130081	290.47368949735925980	291.14757760967751210	287.17756471881472180	275.07727235487288908	803.94621263075578099	620.69640859412857026
MAPK10	58.97790646346329169	156.52639240956747813	57.33741664247886405	83.16529491073063696	140.82858004868057833	53.00328815319446107	47.71592393993738312	76.62487493244081804	156.64244407663511538	221.56379028809152487
MAPK14	235.90595180836854183	182.23786971959196990	196.67790244358744189	245.02739123230196583	225.76482889681085453	253.70968494454243114	162.93068206192316438	225.40233320876609469	219.84748202549923235	172.09229473550476541
MAPK9	182.56559782991655538	148.74701284145507429	128.40276012093920599	166.80514066769444526	142.03908469284505145	139.01489533006412103	238.18743763935964353	178.65390028627086849	180.21740211358988404	133.55073804520844760
MAPRE2	268.67458674837916988	656.71205339145728885	235.22832084796692698	484.52514163212748599	385.26989953641970033	167.38679239624622141	268.07054616769283939	316.10088705839069689	937.31463949771489297	256.55194823640874802
MARK2	162.35907274801147082	232.99431413258449197	162.71012819399854266	253.11697384218115303	267.75687881984828209	48.56373217668689080	151.27229895804038051	172.97717351139746711	232.73607418713342554	191.27040595209942353
MARS	169.06379216192735271	197.14145950172530775	135.71155847306701503	239.80569371521278299	234.42577586647155385	121.72830878765707041	299.73831052985326551	141.63241385519066284	180.87922900221676059	113.70985070397118477
MAST4	194.08242935109589666	292.17256352697273769	156.86815274628315819	171.36328444082167266	230.99619042584780004	167.75699470260826729	362.46053802042285952	163.27755529085126796	256.45047005770027226	263.05725868869041051
MASTL	53.24642239719796777	71.84119457665246955	76.25449138914508751	99.62706367841030897	76.04433309653141748	19.52957228293118064	258.31898392807619302	57.59363628816908687	52.37775338324184560	25.21270538194336552
MAT2B	190.09060788171609602	235.22205161039255472	191.86321179709469220	243.04184675057533127	154.18085925146996829	87.07606574033115976	267.18330190032293103	170.66899527908617529	229.35946643155770630	187.32129378098966299
MATN3	769.74501896635331377	141.57578417952754535	329.62748291334509076	302.14936438524682671	123.48736896608043878	90.55601953293877671	193.92931687055127554	276.07961523867902542	213.78410119407146794	67.14238976083733235
MBD3	329.36550543924096246	345.16891654118353472	267.54959274576964390	355.81379789950449322	396.56497536993720132	181.98552324665826063	352.97228135338963284	380.34385438748137176	319.08331417462972013	256.82078975849555036
MBD5	168.32547613164919653	226.66118423623171907	168.90595043708955814	140.64310592694309321	332.20611829527950931	162.87973238680805821	118.97191936830962788	205.49656426152270683	205.30180324844766915	165.00150005293625100
MBOAT2	269.49572828415784898	109.04571651000381394	227.98972837916747380	165.31951513104473861	206.98725579391694396	81.54219231509740951	218.00420578173779518	178.94370771338074633	95.07468433553810883	131.38367532372240021
MBOAT7	258.84732421958580062	245.28496472483274715	243.64217406245600728	292.45162401719142053	351.54186981415966784	157.75244087225652834	244.00346950782721933	301.85501217458465817	216.22867978784600496	162.94701048275555877
MBP	257.43253111010977818	71.90919931277990429	162.32806609871499859	369.68310466682464721	337.87878903890714355	363.00067789310884336	158.73920989380928859	248.27908684055677213	89.40105327796054269	206.28924261066683243
MCAM	902.31765138695595851	6604.46801755027991021	626.40860405834655467	2175.76638163952657123	1573.80523078274632098	0.00000000000000000	1986.62949972480305405	1167.28291512472037539	7316.65651629134754330	1560.45777720220257834
MCC	208.83849751643552395	111.37625078650174260	281.58599360427928104	161.09249388002533010	323.48056115285191936	148.89915938188408973	171.51611263043963618	107.52851122509747483	97.73147870306844709	166.18262259311188700
MCEE	224.86508032578859684	178.34524760856902503	205.32345368001114139	133.68393840692957042	159.09484819525692956	211.41274281928980372	144.96610047856066217	149.43369115574833472	166.04832286866525237	183.72888666407212099
MCM3	146.53834962910531203	222.66810453675913095	134.68980989726301800	142.75961171533137417	164.40608541827486988	146.18662669579271096	525.56659095873249044	168.39261039351680438	236.08352053099142154	150.02774578451030152
MCM4	64.16484896433874496	85.09240775223956632	54.44345948721424122	88.88095830327090141	47.74470305708084084	53.98552823272777346	359.58602239615464669	68.75340272535251529	75.91225446650209108	52.46648161837942581
MCM5	89.67648026048958343	114.53347105097020631	73.53900938348888872	153.94772786434006662	96.19562716644222178	101.23838908573453921	324.84445430885773476	84.37083292912006982	142.42982532044834443	76.44163497161430598
MCM6	143.90415730805312933	106.07251571452628980	160.73261977874625472	133.99271368840476271	83.12658655585767065	82.69417958694772608	341.62421015133662650	116.42912952141240623	112.93039204436617240	111.41086102010270054
MCM7	134.67532965056767580	201.37088575350747988	114.75662875191763135	195.70745332499001279	209.60689745785941795	158.93404751966113508	618.22343757433520750	206.05241726794272950	212.34689868374468347	193.52166462664604296
MCUB	546.03352565533782581	205.19346809151534217	539.49196740637432868	421.59057187800203792	329.96780130744656390	719.16257871640004851	530.04506435521989260	593.52007936913526009	195.61183592423080313	337.29443600282695570
MDFI	303.53750433424693256	127.71795970779770357	229.12048860881495216	169.34009198229898630	143.88539292809514336	94.41492923509133561	234.27998192759065432	204.73919957062844333	73.95811503335404780	97.33720421634956210
MDFIC	645.41558455597339616	504.86032066657577388	738.71132194023755346	515.88602623560097982	528.10461671148675578	488.01928919038556387	525.63973831976738893	555.37377372057505909	299.04051984088317795	316.82356994647665260
MDM2	463.78420424972563296	447.27596394498425525	453.48455905638240893	450.05723735814916608	812.29293859788356258	130.28266863324427050	388.69910746816003666	574.72834262474350453	375.62384228208128434	269.61933738217982182
MED11	235.43812181316229726	232.43923721425571216	226.28286579539161494	205.02910023413474505	144.17844375041210014	190.14279351197751566	292.65524783269262343	282.57250627573586144	221.36335216022962413	251.06675060077833450
MED16	223.08951661916051989	227.73402032555773644	174.66108500809926340	189.03897358991827105	183.41860170766020133	167.28686411214033569	149.50879600792112001	281.84634607025736841	204.73771789939817722	193.96179530499560428
MED27	182.51228209533607583	198.78373434535120623	199.44565231297232799	163.97567519735309816	127.11204121983514881	150.11272308163506750	196.26056557176519846	151.57502239170972302	164.43302807574247026	170.19739961389402083
MED30	201.82446422860650159	238.76797005882397684	203.41469669405614695	264.02385055279535209	184.95251545757864164	239.17211702420158304	273.77544737710292111	229.26578850415768329	268.62011502874526059	234.63202734831429552
MED31	251.40513521604441394	257.81192104830705603	253.00960689116072899	255.97533736543579153	188.94986386563621750	173.03377664318779239	191.45857006054316685	290.18559400261483461	214.67030594505888530	229.08262472597095893
MED6	251.11333843690400158	272.22141841153529640	219.03902953289821198	295.43336701228975016	478.56194434878881339	194.67432175498606739	192.96293359459849626	293.27939875043290385	264.96677081617661997	219.40470514349431141
MEDAG	420.19497420331742887	212.54570299009341738	510.69648561620067539	293.63628456401505673	460.23147943437197682	1138.90856813343498288	337.14210323786551271	346.42976984008572572	362.83534169057764984	674.57908588631880775
MEF2C	432.39451121217979335	2731.26545331610122957	286.47739502620720486	1313.33024112921793858	775.79811600382709003	32.42735650679506421	684.71755979211116028	589.70959157665868133	2368.69115319911634288	733.92617948972304021
MEIS1	178.41164181640354514	113.83287380599728067	186.14269294973357205	137.16094465333483754	290.86399981683547367	177.00888285507235764	130.21131668981499274	110.83112549108378175	113.13486505326034148	82.26969391721171121
MEIS2	553.82362591460230306	528.34865334612345578	428.16562873574804371	425.71055990291966964	1049.50980981429233907	489.40297473807527240	337.63846146770094947	545.64876227354318416	546.85657991637685882	422.98855834982509805
MELK	17.40757424472802484	16.16720613288243413	13.75786683542193423	23.36516143182527827	0.00000000000000000	0.00000000000000000	276.99213627156632356	13.57529568672042863	9.62645795801274673	0.00000000000000000
MEOX2	141.67375929142886548	223.50182973201657433	147.63859944825151160	111.53585315439362091	108.39343590632523728	182.50617125411176289	82.23890749932350275	83.21217400383061147	297.26757182708308846	342.41854911383410354
MEPCE	137.52167054125007439	219.04678530263902303	118.63477096046959502	246.34400206050995052	235.04265922937452160	115.42924050985337203	152.81214023726852247	131.26881139346659211	259.60005036364339048	216.61810649994643541
MEST	301.36107901301392076	332.33716533115688208	379.33631554392809448	217.25444700717372370	183.19436564561877390	505.56761651207636987	336.60758282758155246	220.24822505940471729	103.84930190645465586	289.80175902834270119
METTL7A	302.02824533207785862	256.78647994617995209	339.27389503593877862	308.82125026246637844	275.91746312215661874	847.25425630944323530	192.57679394893943936	339.29921687197713709	334.84276757886505038	743.10487613476345814
MFAP2	2022.37266532132844077	313.48422827124710466	1529.50409171645151218	627.11643849928827876	684.46928750112590478	840.76476456458829034	990.96543049478600551	983.26704621491376201	282.55851643324592715	173.22128240538833666
MFAP5	6211.48392726019847032	858.97227146879902193	4427.97271560766421317	2926.26206407307608970	942.58798661673301922	13327.36413049769544159	5178.50237585358263459	4345.54534819531727408	953.00660090394421786	692.20886627144693648
MFHAS1	163.02720533814871828	130.24245255305740443	193.29482815379645899	155.12074623232328463	162.23937863439547868	95.32362743192688015	169.11777829683060759	117.73671110399649820	276.65725851921507683	220.61584206749196824
MFSD1	324.81935212694503434	240.58873109509181631	354.68487133860907079	345.24702518198574808	219.91882095483720150	344.73343899559455394	377.27634314617444034	329.08038357927046036	220.15001818461834660	210.93342196884631790
MFSD11	311.59376777293721261	206.22616939595326357	242.57531220542480810	177.33938719199042566	209.29070159442176191	124.26131268929401585	205.02077908899983072	191.40929729675499971	188.60001222882399929	203.82991972640314771
MFSD7	272.06004350583651785	95.43757995416015660	312.97071274922387829	210.61323661168222543	158.76811878854408633	224.53965459400711779	118.28486308422341722	258.52022873167669559	67.54391893270371838	92.51908846351818738
MGA	226.63213125227002820	240.20722085943990010	170.08343725886311404	242.54282245627754833	333.16623630514760634	145.88265757443863890	147.43813241820740245	198.41994516406430193	225.11684109828991041	200.23742629619835043
MGAT5	89.84087429937152081	219.43145144033124438	77.16655446657016171	176.15682291316585406	92.75748864538938676	19.95872436339221423	90.66230869312560969	99.08625564328185931	207.80983860416142761	131.15134012828590926
MGLL	232.21509429940442715	1097.45032139638306035	173.89035378773124307	577.37358230052268482	352.70460563202544790	324.52868470258829348	407.83404579810655832	364.61434617401937430	1279.96762275886271709	910.35543109782872762
MGME1	120.40626000382111727	134.61343187340372651	104.77780321875823688	90.19144539238666880	122.82420543015275882	85.31008954948023870	268.88939602551300823	92.68079841437841537	112.43248686154896632	78.20038976289856691
MGST1	586.44113977461734066	331.65856070807160449	851.94783065122749122	1063.88370293818479695	667.29337091494596734	3765.86470554665265809	819.92312027671630403	1115.10621666789234041	359.79864960619147496	347.86414013949587343
MGST2	221.94643773171981138	285.78021684678856218	190.85277733396881672	332.64120987703915944	123.90375736752260138	155.01257472594630826	192.34121888995093741	221.76517332776390390	386.21256153553832746	149.15993492816025423
MIB1	364.03488355651961683	288.41066726062302905	277.48316566780977155	263.12413120228012531	466.86441371089381391	157.69501436689418483	309.40892040458868451	239.94743364473998781	309.16159677539587847	192.47835919168267083
MIB2	230.48754449913744224	265.11449490010966201	204.01056876318659761	376.85582466535225876	306.88503956976143172	102.50403017283237261	199.71479828069809059	309.51646052214579186	236.04611653836568053	242.59771420706070444
MICA	240.25711654904222314	175.21418876414429633	211.47605768843908436	258.49733530593437081	206.94228285271276491	115.75851212582358585	160.63650499786999148	270.79110115515430834	213.89610682384889628	210.06210315921580900
MICAL1	106.38674798310391623	254.13484664950016167	94.17698284177683377	175.63437319108260226	157.10743907732410207	77.27712519587629458	155.42236017239937951	77.36398573547549518	410.14098310962140204	166.21868041537447880
MICAL2	777.76836944215540370	399.02870306033059933	426.02579232831857325	485.84484361398432384	460.43470513718227721	225.56200488670114623	812.09005950505320470	701.85245245433475247	629.83323983862385376	223.89084109005054302
MICALL2	321.06743113951040414	305.05200246308083933	619.89060853081696223	264.84662768445258507	440.52920967120877549	193.29177965069030165	277.69181895296264884	199.40823075755022842	287.94035971155341258	597.56884764382687081
MICU1	629.66197578563708248	373.17889386727188139	457.04780031140808205	392.12764424181978029	460.81150791941666967	273.68552608565221362	474.38171228674764279	527.85801575604386926	355.54818079844113754	360.48349618019938134
MICU3	168.55145523122394025	269.59135726656222687	159.07554730998413106	133.50154578188141841	230.78470600475600349	172.22206523627136221	150.02652230256001076	187.53315623826568981	320.82337550994657249	294.37221047670067264
MID1IP1	262.88925702724850453	384.59852341199371040	288.48710885378363855	263.30385183480882461	269.77896451467330508	409.06439999033261756	317.13440690295232116	277.43172027665599444	535.99008567388750635	431.04324968667486928
MIF4GD	122.09638890431490665	208.19423614569066672	87.79443849029432556	266.15894173993342520	79.89900328040010891	40.33765584174327756	115.24401716854760025	104.56461218407144997	254.35842535007938636	186.59400062616830951
MIGA1	195.04885858860606618	231.28512425010134734	156.15809475511863980	149.60488973183120720	295.52532378421642534	231.62749204042671636	213.41023953094938292	254.71188710024867419	244.99324706127535478	233.99065724860017212
MIIP	257.67224574504859902	223.61200447495139088	370.02195495621526788	292.07369026418200519	200.60905420676769495	191.08068616245134308	252.27809493092121329	177.62520729714219669	204.55655520485188958	220.92542559552049397
MINPP1	159.48082092407787513	143.53257255197439690	201.34036238209864678	141.40268726064508087	129.61858179739044772	134.04479281256132595	206.56827721416246391	142.01324254656458379	109.44608551586857459	83.59181958610984964
MIS18A	71.93177680231457316	93.62133041248597465	63.19811087138275241	101.02028079323432053	72.35684494225618835	95.25966377719578304	217.24607568302954519	93.94337217467214884	74.33866602245826982	61.92997210268572417
MITF	509.05029739510342779	193.35616827283968178	396.49722471743962160	237.18509527969163742	311.58496001788591911	655.62092859473216322	167.31854151244405671	455.96895069755828445	250.88121889044566615	446.16023542574907879
MKI67	62.37496683321808888	59.96816457265398981	45.73598030223890731	102.42627931070046543	0.00000000000000000	0.00000000000000000	1631.45757900645662630	61.34277941801597223	52.64397475470572374	0.00000000000000000
MKL2	110.14993940400776751	288.07501938427463983	108.84539895436910228	185.75890106093885379	204.28111047886446272	67.94170631511406100	134.69716176165511001	115.62077908245085212	332.44702995471254781	344.99177622860815973
MLH1	155.03134108509470934	161.23228262395156207	136.02136758192386878	192.28276932797143672	130.70129873235276818	142.63914732718458822	333.87532249866643497	151.23342488365062763	157.59086988312316180	110.02481387958327730
MLH3	191.61313849226721118	237.10993251781536628	165.81551458816178979	167.38668619006713811	380.47930805227565543	264.41896387975998550	127.24041618409836474	242.04451343027631083	257.47263025365691647	229.83479115602744969
MLKL	97.99633107234664919	112.89346637306233845	228.71048432350877988	135.29397786637363765	119.78415544193600795	59.44714547313080288	137.95638578578936517	81.50759702866946554	86.40015757240365701	89.45767623266648627
MLLT11	165.31083000093491364	89.69950920727028176	155.60722418030852054	88.31939663039399591	117.40928280626737035	100.31345826288806222	234.25434578493960203	220.34585612897825513	73.91480568425494369	66.94177274570158431
MLST8	197.08545008266315790	179.69864075220843347	170.28081469983720808	181.64229551754547742	103.76562004740060274	152.59322287533453277	234.15334612006216730	209.00596027408789723	158.44933661774624056	153.63876825020480510
MLXIP	510.90806766742707623	460.04324920629306916	420.11809037184229965	394.75082346357061169	900.17072341112361755	354.92262974650401475	375.71190514072162614	405.68202174981757935	420.71741828375542127	594.10334913516430788
MME	410.99718781528690670	148.63037414325827967	259.64586255323848718	333.89766600925258899	1171.25525185540277562	112.18407838443594926	388.11366965095049864	1639.35019887997214028	174.37924488347979946	100.22719702407603393
MMP1	1885.00936581049859342	187.98387521406303335	4079.32469694846849961	460.57554510876536824	626.29786861699790279	80.34375886319514848	1074.06121490674081542	387.62390350796289340	322.64681484117556920	137.01185159205391528
MMP11	13950.93055251747318835	3366.03951355963999958	8615.17883604848975665	3236.69864665308159601	4069.19382430507948811	0.00000000000000000	1870.28906455102469408	2786.33879979678795280	1976.18615387639465553	359.32998347972988995
MMP13	597.40679753996573709	79.35147628292608601	1400.72920896956793513	297.07080875417909738	213.61509796633586689	0.00000000000000000	347.47445242081346350	146.92556752035162049	78.79490262887782137	59.16477307678612618
MMP19	756.47178207134447803	307.82598132445519923	998.15605964039434639	471.88862192144063101	1098.58833569552734843	460.56633256468933268	357.12449196052472189	410.64730151914784528	296.32808520068823555	366.70169959034529938
MMP2	11961.24207602350543311	1838.68592399317390118	9039.80808585393970134	4745.55879166610793618	7458.90541177915474691	13060.78476944063368137	4608.95432351992894837	12294.40262592183171364	2031.89202538260337860	2021.89417529004572316
MMP23B	870.08097541419556364	123.56925908804142011	558.76809698758870582	510.21362308374187933	256.23534196972218524	1107.68331044077399383	474.35370500732193477	556.57228366303138500	154.17158946135597830	272.80872333207241809
MMP7	563.89627577124554136	65.53396615091264721	1466.63297482518487413	349.64289138145488778	83.21581167310840499	84.32097597691823410	240.26418412436979111	83.67823028246681361	74.98328511294893417	75.93044381760863359
MMP9	1094.97280722444884304	3342.36200514863548960	1515.03823264792708869	1094.75500592265757405	1062.96357638150720959	0.00000000000000000	1237.95730762406765280	2145.40867051659961362	369.46880417283853149	224.09003984814319210
MND1	21.05348246580897964	25.83983119830304886	17.29095859054215367	38.85004379110342398	1.85315840951959587	0.00000000000000000	254.63229664028648358	28.12392570123422075	29.13536323941411155	1.75979758755798854
MNS1	84.41872735645620196	46.55493105582547742	72.95167656238149334	104.59172310840607167	98.03838951160254567	43.28686829095058641	318.92472519710906909	85.51921643423757757	42.32860301293744243	100.05245545832019616
MOB3B	150.76963042648000624	205.97614033512522269	112.65240039003124650	135.12118391965191222	191.92515015521809119	193.01606980009381687	64.29137219206705822	75.35416339674679875	258.04885467351545003	277.17028007290468850
MOCS1	69.74625972623941550	294.52658538491721174	56.57797453135952281	135.43665615437024030	88.95188654149545471	40.78739756880219147	83.35033759711016899	77.22131427282228344	250.19025384404812939	329.72193695217401910
MON2	249.01883501934969445	237.68720238986102800	188.87308844167682764	247.75587549959118405	540.21280109975759842	180.57187838102674959	186.12591145270877746	263.70207921091201797	268.06008532561753555	209.66922090891569042
MORC4	289.07476157109510950	154.08727132696199646	224.61036920905726788	209.89569485529378312	174.92469021506468607	286.39529035209051244	333.49272601304181762	215.59380652717572957	157.10810166065266458	277.07384480155025130
MORN2	341.86465700324527006	264.02966719858829947	282.83267633913084182	276.20496803686035037	176.95422040096784144	331.15791869934088254	309.73809229985158709	329.02403786627610316	251.22813497196105459	234.54358148633627934
MOV10	115.57795480332617899	144.08377035022385826	175.07171992950080153	128.63807999710584795	145.85184406595385553	89.57338100884211940	124.12601980366665089	60.04080994393947179	89.69178620194246321	142.57559465284245448
MOXD1	397.65520905544286734	67.74348624405132568	499.75449954081739179	117.45918703375555481	84.78821936588232688	179.28064819343134673	349.93223344922830620	128.90107867998642632	63.05731940868238894	157.29872977492789232
MPST	435.89642977435568127	202.46037083597039441	423.19917988007938447	350.69258554132392192	194.37061391267721433	447.33808572901762091	375.45988794373840847	464.43166109827626542	277.37998440250396470	236.63412368264735619
MR1	174.88136186696294772	179.46197266233514256	201.29647753318855052	191.25995404225074026	191.55666053893375533	126.72673297313107810	106.84100698277639196	160.21620146431425269	167.38088733438397071	160.93461827968170041
MRAS	325.50920989676535555	121.33882999626764843	323.34385717338915356	199.71623448848797011	179.84257866276215054	129.33454461686798709	291.43537601274346116	256.31784444829395397	144.01331194524570378	149.23940855311974474
MRC2	2029.00339188918815125	712.23698986770182273	1488.52741279000679242	945.20230024180750661	1538.68165857120584405	1165.95245489965850538	1433.87441149183541711	1356.48204252904338318	540.31867164348523147	374.78644514242364494
MRFAP1L1	214.21810278155126639	180.21875537010146218	166.00294331914861345	199.67173995479208770	202.11382896532808218	182.95645665732675411	152.24095793296768875	205.09470401641897297	188.43268849258734576	171.42046709765097035
MRGPRF	252.46286358151533591	319.13406092860822127	215.77419546282945362	321.32233566826761262	216.53587678663805605	103.36378612964961121	241.49319042075740072	332.34591585428728422	1018.09499367745536347	970.55783488126121483
MRPL1	248.57967047664334359	285.55526770086106580	222.60781593482374774	324.95645037284094769	222.80935628883142385	250.93009314012735445	239.90122492176706714	322.82224286362185239	277.12258440109616231	180.13021250172926102
MRPL17	543.99720511405496381	359.28777459090167667	531.80510969104727792	528.82384178193615298	286.89576028680721720	402.60155347600624509	684.03412383264742402	724.88588310505974732	321.33964337392927746	232.81075605777388660
MRPL23	222.44115027424257391	258.05798199624581457	157.30091182215676326	264.19633620882711966	165.90345153933961342	72.75326740016758720	317.41880256103166857	342.76949362598787729	313.93885032900828946	221.91205383782116201
MRPL37	331.00597749826926020	288.24093429181806414	307.17471170076584031	462.27543335116968137	203.55145720107469742	93.77148495638056147	612.53056517638947298	422.91876832415221088	278.34306857339328189	208.24602032052675327
MRPL44	191.32299766242223882	201.14026982423939671	233.57082505781801274	212.16655751347568071	141.49117085571575103	90.14281968134723400	246.07166511112987450	189.50470334967471331	160.28673049668302042	182.85405220084450661
MRPL45	204.97584578632643115	238.44709554507855387	201.72334067283870240	263.25807448781864650	136.98040927874819772	178.45825133166738397	141.59685188774892595	318.75065296603156639	269.42461719372556672	256.69966244878577299
MRPL46	159.06626817429932430	200.77765968384397866	163.14648307690569595	161.37522246551762350	104.22823883293520453	138.36816850474755825	264.64316646343075945	175.01927209019135034	203.94463941722798950	172.57804754369433908
MRPL49	182.97346027212898889	187.15001641399877030	209.13597303256938176	263.31402560803348933	175.57872538979853516	216.69184585179382907	169.73541760196710015	218.65267243753615389	221.94677549206517142	175.39512299096369929
MRPL58	182.65395811517831248	233.49151881773363471	204.73123360233159929	242.02113377505054359	176.26866775518345776	107.06088036316818091	235.79885345560904852	199.61905221966480894	230.63201040217731475	215.34308633906701402
MRPS2	296.67456285284487194	341.47875665372362164	209.81233307758225237	280.73465624850689437	247.20135393746093655	237.05041378514087569	294.75322282917460370	385.19527209331693030	279.57043946337859097	215.91844290301392562
MRPS30	203.83311057539862077	201.64426845366887164	177.52769149854333364	335.29477561554443810	202.44178441933081558	158.71033028352366046	163.94334480777675367	341.01457462789971942	232.37776888548805232	204.07295507241141763
MRPS9	185.07018816399536831	255.13033135325935064	196.61925738810398911	207.27566379107426542	167.23312219009460478	216.76929250264234383	154.90894623796913265	216.42189682195677847	263.36987549984326051	215.33654450952829507
MRTO4	313.50944576331568214	332.95666780714344668	310.98004899380737243	361.62945055827475471	266.44908934547771651	292.06921345573988447	492.20256773680932838	306.89405519546380674	292.08369823878234683	360.81139582185886638
MRVI1	324.24424509763787228	830.91336822820733232	208.98372195602283341	419.22430396920736939	379.43723364710132273	10.48925883270803538	263.94853008728512123	252.74121870249959443	1039.68263277322535032	517.89638454495047881
MSANTD3	385.20945054136296903	282.76030296390689500	367.22854563642317771	399.80995613620990525	382.20545394714321219	268.07541398624090334	493.74385548051731121	782.94529018500270467	286.14846987168539272	234.92933988564445258
MSC	423.17128062086527507	365.86039550487691940	784.08620729153028606	306.61060882697580610	281.41842145072854464	253.19484627642188457	455.41728532210544245	396.84319761104421787	267.09609407012493421	585.12167702689237103
MSH6	207.54874908754021590	266.29061220096320994	158.56500901896811229	180.90420167011245667	250.63251317539348406	116.16127929631589666	264.98608993316224769	205.57940240337674709	293.01116653902482767	263.14903063506881153
MSI2	231.53454583766460928	213.38676070703147047	211.36272557433790098	325.97409840283603444	355.81745191163520303	123.87126573724083300	219.72562578570062897	171.27718687481507231	181.52049448485581706	90.72487893936082060
MSMO1	274.62286057859944322	200.24513410898200050	288.73731922872087807	231.48909660953955836	171.40738546395203912	97.20210011174646070	226.17597878134688472	410.09903648948488808	172.31908787150692319	144.77345946006840904
MSRA	124.35632875526287933	190.30954831584642761	106.19826210909867825	129.18154854813960242	78.21649687243670712	65.15260737775714972	224.55325429019111994	132.58032175074202996	168.74808904120399689	140.62303151271623847
MT1A	408.44998526304152620	1375.00078528849508075	697.64628861875655730	902.79067617808539126	618.41823987028374177	862.56611067236474355	326.28565857440565878	370.10365212620888542	2212.77280134732973238	1752.29173980856057824
MT1F	130.51965333360581667	114.62990282311065471	138.80813718793487510	136.09801255940487863	122.03858741993870751	94.28084944502749920	121.80619079056189946	170.29813741276066708	224.36461857103333273	608.09482914177351631
MT1M	672.94605638879238541	1307.31353177909022634	837.16104197921686136	1143.31949652455750766	425.92168190111220838	1446.05910622990722914	677.60086561103867098	553.05899205115770201	3138.69348736582469428	2862.06570097777512274
MT3	10.71794797085627415	6.18105260672629342	4.40386544485079945	10.30149961409696324	80.62177155057734979	0.00000000000000000	8.64607335339286109	201.84257647306503713	9.83062527402346120	0.00000000000000000
MTA3	197.83855706542831854	187.40540089821820402	160.25646821600267344	251.08533974281795054	221.26562139716492084	203.37450599705610443	245.88508169483344545	293.61447150221556512	166.98723470034849470	138.60186242572072501
MTFR1	119.64240013883051006	119.19243585928599316	79.57340249786321351	97.94238677142099903	86.27007830287485035	107.82657387317476605	260.84886185658518798	115.65269299947317450	129.72564968712148925	105.40031404473455723
MTFR1L	266.52011062673182096	247.67692031239172934	238.61822029537046319	280.50211191506144814	231.44710277824131595	245.74214628556509865	191.37256714020224990	335.88289867232379038	280.19430880910942960	261.83596440726142873
MTHFD1	145.89842495286097801	149.60530991900097320	151.65578489709776022	127.56710553900265381	108.86990204385416803	111.14164187788482252	325.99984455673984485	186.64001536708124718	156.81394189513409287	108.46951163970018683
MTHFD1L	250.09223113106563119	170.81066329777874557	222.54641562970505220	235.41489542857004835	169.92250823619784228	183.58268972887043446	308.99301726139015045	272.97540376421767405	178.77499014959752799	221.86038798068545930
MTHFD2	299.74462370597382233	681.33493893169645617	266.15996003490442945	520.14565760651157689	335.13956849165236918	145.13950656824917473	648.78802006161561167	456.64429578301849233	1049.54552314621719233	794.07408105676654486
MTMR6	178.72102569647731229	211.33395806735003930	166.90654472927994334	182.23110750391066404	204.92288654948978888	114.83140055375055510	206.20571409785245010	208.34628187864595361	228.56764141984990601	149.89057711496883485
MTRF1L	238.26462604335577566	355.74672472473815787	232.55152838295103379	177.60596585155442995	365.21110910468331667	195.40652704616380220	385.64565477874026556	287.21124917200251048	410.39439798099544987	242.33706198242825280
MTURN	198.08299665494922692	262.31475224946467506	168.01435578666857396	199.89002084438470774	469.72737228257489051	275.14689362621601276	211.03492168110440730	190.07460760434369718	338.14862789278407718	362.32899343631061129
MUC1	120.03692203005196859	64.53288443947364783	61.11605636887539816	319.30315514070190375	239.71126467272119953	17.19536710265118629	119.70661121426907414	274.72024718705955593	98.53301886111671593	54.75477391085436096
MUM1	436.11436994827448643	498.72077096899050730	299.35018938511387887	352.03330660947085562	483.28031590146906638	387.34929227307452493	299.14531393628851674	289.10274623698614960	439.30553117647627914	363.61777376624326052
MUS81	144.10311934938468426	201.03141642893766061	110.92885835605925138	122.52097517616363120	168.84274259931305551	86.54498285249917444	259.52844502091875256	145.70538175918832735	207.18532729132348891	113.72611765239703630
MUT	191.39972589805455527	225.28311221186268654	172.85718547937602807	211.12047815345832191	155.66889440120453969	217.11768298626549267	251.18378540328257031	195.41663060428300014	228.19055815084035999	178.98498561235379611
MVD	174.69288025555090371	166.53750740762998817	136.37355270643269023	143.22279778427511587	129.05396153130200787	120.61384787722947465	261.27063253748110583	197.85941893273954406	150.78844674279204696	129.57257719490644376
MXD1	219.23574675455290617	253.71938012686115371	219.51618881315025078	404.01727180450944843	504.74925429022482604	121.45226076058327180	161.75576595992907869	221.54658401911132160	269.23818952460874243	215.35660782065113494
MXD3	28.84718232678028826	25.15954810199737324	31.10628484444507791	43.06351803840900772	23.35574627147454407	0.00000000000000000	351.40530366617736036	38.36132260386614234	21.49660885343051575	13.25227897761703311
MXI1	321.47796233837584623	575.00776764845545586	191.96454514540616287	484.75665103889656393	647.13721146223645064	123.12073973439129304	204.87810917087821849	929.50965177789737481	673.30921045613638398	550.78156180711562229
MYBL1	14.73475884188400542	13.67542966547275896	2.04711254770932483	24.96879221845085794	34.47963155725872753	12.37389475191333510	150.30466491316263955	18.79794963863292878	20.63288266601365706	13.15839005499880798
MYBL2	14.26925707945631316	13.14103140954757265	12.02156814302432686	8.95306176047899527	0.00000000000000000	0.00000000000000000	287.71301519596312346	23.29252067708652874	9.89822398371010337	0.00000000000000000
MYD88	130.89761433802650004	170.74071461696232177	202.71665437851174829	153.63749261603285845	62.60660547708865664	137.15536315177004667	132.22738143120491827	121.01103812595013665	140.76425695741122013	124.92889749192326576
MYH10	728.69928675640676374	252.09215814817883938	427.29279259547598713	349.96772103567337808	457.62131684933513043	363.28375038542219500	878.69393428899252285	609.26710012695821206	261.86619936105756778	252.82613756336792221
MYH11	499.26322666030137043	1319.19550135305439653	654.60038126219092192	1438.01712958179950874	579.30284800201752660	0.00000000000000000	434.50285689820776724	547.06292977127816357	7232.22710694302713819	1191.68630263403815661
MYLIP	408.20395112366162493	856.86823291637506372	321.79842383141760820	678.69628213787802906	673.02769414302247242	130.25382728543303301	221.64138392259087595	388.49410731154216592	984.22800382330535740	660.84123935112165782
MYO10	152.08797887601218690	109.20589758638118383	122.53451722329069185	152.06331110100751403	184.88868100705747111	81.61173248983290307	310.15649127508027050	218.97795882958584457	81.09270279114609536	181.05433429856429939
MYO9A	272.70752279688252884	331.43615965299363779	207.63966717073384416	270.26393007433722460	578.09157272411857775	248.48127962051054851	208.35888912759179448	352.91370719113598398	397.47440705302489050	306.58377263417958147
MYOCD	21.76532276500300966	80.94126648179447159	22.80056816545220144	112.30479540206010824	53.98355964073661539	0.00000000000000000	21.91813619878529096	23.86785302248084761	279.87650833808521611	59.83593818349058324
MYOM1	26.76299465686673784	153.49952747939406095	17.43225358711914197	86.78642435532550792	56.10594331680053415	0.00000000000000000	41.57211297036088382	33.90697392272644350	261.50421216235122301	62.32492322655719619
MZT1	217.65453846642606095	234.00396521388796600	189.59757812203986305	343.37266002136323095	182.97286286160388613	78.81037379610401672	715.64266134336628511	291.22379740549001781	236.47932040374493567	150.99183690474762898
N4BP1	361.46607476181321772	320.21565179449788729	478.79040019315237942	441.97848039488445693	435.86252556894714871	141.09022502166189383	243.04539450751181562	387.83774967781113219	290.63961757456382884	228.13526721103875161
N4BP2L1	162.39403194753626281	293.34612230598651195	224.00133869772830053	266.12742642525216752	321.15140450635607294	68.53898479889940631	112.19143893026189573	172.65197025469302616	335.85096860459947266	310.00050887356769636
NAAA	305.55216401269552762	234.14571710784224479	192.18452959082117104	204.87233824170129992	158.13121920905049933	194.49629307953938451	236.31204395811201380	184.49175544738974963	216.64114091552443142	243.35127334768188234
NABP1	331.98237897572937527	684.08711908170596416	409.49228956612387265	715.14308878976532924	1536.67001030423989505	297.52170317864153049	250.13932571676605221	350.61502207042514101	567.66335006288454679	1793.34571950990743971
NADK	161.64835488467218738	204.26599164787592144	223.13336435053690820	167.33043150953523082	180.80965192787203932	162.58074458029008724	176.73329020754388807	119.34757506835086360	236.63979403150636927	198.94361997870694836
NAGLU	421.92336730149855839	289.09248226331646947	310.05495793647418168	198.79780602381009658	265.36514792227166026	398.06643077331824543	383.33214068274759256	328.03424860109430483	317.76523392861088269	277.40984222404546244
NAPRT	194.74590239593675278	265.66423886757542050	138.48305950456597202	222.29167734870125628	165.91264982701898134	259.05972878137686166	205.50650446636876723	197.24329671668073161	285.79226321564590307	207.34269396317793621
NAT14	253.20133760806183432	192.72475445190397636	213.78330748186476740	191.27262767161079182	164.47096584445236545	157.41655860677573742	190.97153260314411227	258.20167983486135199	207.58524000609182281	204.49037700865670786
NAT9	225.00111712555664667	186.07012768173774475	165.31474346602007586	145.91640096795251225	287.37215595562139470	137.73150135277580830	202.94268832968205629	220.26320726840233988	151.92839753032700401	162.91472701544452661
NAV1	604.70789360754065456	452.67065705310250223	582.46808356822839414	429.74084966136842922	856.99112897271754719	667.97339286615954279	536.00122430482633717	812.05748025220225372	279.19106805061028354	317.90371039425377830
NBAS	229.36945743927381614	203.23672170785783919	197.34104258025087120	176.60519936117589168	218.99992027811194362	99.32719619400890565	227.62758229367392460	243.95670483390080108	211.51897038749777380	193.52246129800178664
NCAPD2	55.35059277177858661	64.31758507992472573	53.58310773145285566	53.35862446692365779	42.43352240537493714	0.00000000000000000	381.08677774368760538	51.58363515884335015	53.70646090906382142	29.55700325150559493
NCAPD3	47.79057616747532933	65.85162065402802511	42.28888508479026598	56.84822313926852644	82.90617953748871116	39.41541314370871874	212.91249775159263891	48.87660713057957196	59.73437242576687822	50.16548177126922781
NCAPG	13.77481813471758620	14.17310387383387393	7.51395453317042605	11.08892273786565674	2.85878244679980753	0.00000000000000000	300.07166560170821867	15.04794685420172762	14.55582293541648653	0.00000000000000000
NCAPG2	25.12803429698099578	32.65028345957662737	15.41692837475281230	34.42385680248035840	30.27428420578776525	0.00000000000000000	218.67392502311869862	26.59549642211044684	27.40150316957165444	10.33236103342668599
NCAPH	7.25736786506242471	15.28780883142774627	4.89377370312448878	17.48758210362222343	14.24477786033583904	8.62704102349030144	161.19376325284278550	5.63628465720215566	21.17133340169238309	0.58420442294817287
NCAPH2	139.49492380822456994	149.36145741868935488	112.37434601805188095	208.44543038717017680	177.06071199774100933	153.24624134207081738	304.85106542990246226	151.44582131561807614	168.59107759473764077	99.02463579350573752
NCKAP5	35.37316476129118570	205.36166137918675645	22.83085656375687122	102.12366212158589462	122.63516465647667530	0.00000000000000000	115.72915046597354660	39.00304235719397639	181.38471615473500265	276.92989073176420334
NCKAP5L	354.77986612262947119	495.10221478311370902	357.97217708112646051	255.35177767074262078	738.27117259399290106	325.40151000259055536	201.28168451126495597	291.34305972262501427	443.40899504248966423	385.73318712762289806
NCOA2	177.39543186604649350	204.73225406963030082	217.49767988827551335	237.16674887323057419	283.00414847490958437	103.02802149597017944	112.35605270312936455	174.69198475176654028	193.01933861568417683	186.98660738118493896
NCS1	259.81668785362398921	191.11758933150355233	230.38501968611402049	158.75823312090037120	138.75983924922178403	120.61754175818396106	549.37915188487727391	337.86590911749453880	335.16682473283179888	163.39089609896893762
NDC80	55.88812983625669517	162.37331172084873288	67.71869736911101256	83.44241342690409624	51.92174075657599275	24.86538236946634939	401.84997831139850177	42.22075357223599923	74.86349898066673347	51.11377702907750376
NDE1	125.26394036111445018	134.12644014755647959	137.87278605060657810	137.87132562829614812	110.93375487826369863	138.13026778354728208	239.47610592434909904	101.43181704500446472	127.04216318193061852	123.19966076395219545
NDEL1	321.49286854935962765	307.20303216367506138	243.13274879323043365	338.92537149858742396	608.47994757335152372	143.31523463925108786	386.45418527538527087	298.93526548753777661	339.33527670960467049	241.32152677765765247
NDFIP2	228.45363100058401074	189.58768581828502420	208.86552482294584365	272.12676592556459809	161.65747644575867525	136.10487457667383637	143.03170454006408363	181.13136745114925930	164.64041058764092895	206.29068221021188378
NDRG1	1166.68530516993791935	729.98139340357283800	969.50305640377621330	1540.55884202247239045	4861.65013841497511748	525.19172297171849095	998.13598766125880957	5805.54590910866500053	978.87745123538081771	891.88526290818913367
NDRG2	265.99045097850421371	919.61632812970970008	342.10204787014708927	472.91374858425882621	370.83437421029930192	233.24049147328918252	199.78140889245796075	209.13948047066435265	797.05150328932893444	1032.34060027328769138
NDUFA4L2	1355.52852267564708200	11983.70958577085548313	655.61086095306325205	5150.87795739569901343	1931.10074599028416742	0.00000000000000000	3922.26890364897099062	2119.35889035584432349	7860.46591613959935785	2277.35563080684187298
NDUFAF1	174.25857176939064175	162.22047818664862007	184.19915387745422208	126.73986857067517064	101.71971522323953252	159.25107518040894661	142.06455422597178995	134.00371334704354354	141.19885269022711327	118.94307931918383758
NDUFAF4	185.29911383860167007	311.48921705567192930	186.09714866641601816	258.72456863540662653	148.89014647889888465	141.32521960945803130	212.36269000852968247	180.95574261149994300	286.26572765942216847	192.24363576531430908
NECTIN1	56.61475816353067358	186.15918452218144807	51.85107999576725035	81.26862720192720246	94.77983439154898804	64.01261267029147461	119.59911027080229928	58.00129643123165124	119.68723020257996836	38.82892795097003358
NECTIN3	207.07281794886435478	270.88578131307593821	200.29808810193580371	166.27235152363073212	280.17552583927101750	90.81232168136094174	192.99489996214910548	158.16616302699546281	230.83875590642989550	252.56644817645118906
NEDD1	162.96608714454004030	144.14670461618624131	195.42581404520350929	169.52659257520204505	125.68144677178577240	66.84794005380295800	265.09469968327442757	150.27406465088716914	143.44269129432854015	106.58993476227975350
NEDD4	233.55974839419985756	202.52438089195129578	215.92756773313723784	149.24608628887463624	226.08322165936587567	125.60115151155932267	222.42769769607883745	260.16966107733264835	160.36518150704708319	178.99702003906375580
NEDD9	586.77841636234450107	456.68568305990498857	533.77248498555013612	702.57759118550006860	765.19713071259650405	131.12013863385607237	442.36766313631306957	430.79990284512712151	463.95788203578501907	248.18872965387436125
NEGR1	464.09424627424891696	87.39334103745177629	377.16831189724899787	209.54595785821683762	306.19727343561396538	653.02662369263953224	218.34692995224065726	379.37320822663247100	99.18243552005623087	176.16573196379471256
NEK1	207.13773638850855718	220.12084938714457394	200.79887759281518811	236.95065282960226227	214.06842760837704986	225.82548390021483442	177.85614645969471326	167.66305280422986357	178.08863518429879491	129.86734312861673857
NES	488.40829673637153974	1196.88132433476107508	607.07625637731359802	577.67398973876618129	423.55928783369552093	196.34746468820355858	723.40669494539451989	436.96442621550954755	735.66712550666659354	482.51843907733513106
NET1	482.47103352417366295	820.77558959269765637	442.68356078456622527	663.96510030095919319	386.64734337990086033	49.21538221887072950	366.61387163221888841	342.49880722939235511	1948.06642368361099216	194.03525820644330224
NEURL1B	93.28126462350908810	539.74890083875914115	80.03598197623399813	286.61508612944282959	150.81132647342224118	0.00000000000000000	219.57993937029482368	118.53381695457534306	434.24712479737820559	357.85996679901012385
NFASC	61.36771380652009356	379.91897420157636134	42.87862183988659126	144.93369536822464738	302.17135793451336667	0.00000000000000000	91.63142922380444588	73.16313372378895963	496.08465060728252638	235.51057173273397893
NFATC1	426.90885176353543784	604.56756992108864779	481.02079970482674298	434.80250973233665945	818.79092792045753413	532.69017178445369609	299.49292645623955877	258.49610672291959190	531.09748468366342422	509.54513391294864277
NFATC2	194.32311082900818633	404.02318511869202666	199.29192108522406102	209.89984476240110212	404.04146095401910088	164.80420740538733071	207.71583131107973941	83.74794353038731742	264.51669125895341494	240.79860552747837232
NFATC4	312.84196453067255561	472.94989643860481010	279.64201709613013236	342.67916659379420707	513.82233558483505931	198.95728142504265179	288.23792469621719192	281.90744541251763167	367.53034175214497736	406.71592295759546687
NFE2L3	180.57851980416373294	71.95316209009301645	465.16494038390510468	124.59940595213370784	80.55793731749611197	21.34677516385986706	263.95049693203975494	87.87081236424870667	46.78429443618090744	105.97770682632882711
NFKBIB	254.48371470272113015	314.62399212300931595	350.39668824577341866	311.81828476226087332	269.60709727769045685	155.01773565518314513	250.61417672924540057	217.64584479385044347	302.26915365243633005	323.21203824885378708
NFKBIL1	285.07302300449384802	306.23777959296251083	217.76833876520458944	234.57725097077789655	347.93924359494610599	251.40979248132242674	222.92546153149936572	535.10227235324521189	284.24787184680792507	262.53148574863507747
NGDN	172.92564098697619102	276.71716749704290805	163.68233622027315732	290.26363859036223403	205.15867109326825357	123.20443854610189760	208.63163994166163207	217.84179474846331459	289.64196074397045777	271.11774804121802163
NGF	47.50660143681072611	303.96569743344298331	10.70022971246356747	147.39218878770293486	63.44466191464974258	0.00000000000000000	89.21304460378360091	39.61227144869216943	303.18532679843428923	185.00028590058784062
NGFR	196.71165140721353737	198.72229897558909784	488.81210031084719958	221.22062970643247581	269.68460657610228282	467.99692534873383920	96.87977526507236803	193.72188465781437117	150.49192958910191464	1046.30943979334733740
NGLY1	176.34196622855611736	165.75989401967461845	147.98400175504644949	279.11336197868894260	271.55940073998561957	88.75918722661181448	286.54965431619143601	301.46198345510606487	185.99118639210774973	123.33490932092091441
NHS	198.60765524576640928	186.08473529584097150	202.19195797337528120	130.04282122085271567	293.26868819701638813	102.10142685150434261	106.71203221659676785	138.69610478913330098	200.98200520796788737	219.50257256422983687
NHSL2	228.55146718780400761	260.44970765267805746	181.97061593024000103	168.81362160127844163	196.41238182894198872	145.07895844999433166	144.23397872266141917	115.51324600915717156	121.65035727691713419	191.38964925226520108
NID2	782.80431658798681838	794.67551906232756664	619.55690379985776417	451.14007704461738513	394.30435054450640564	541.96052944073198887	663.67775927828620297	390.63886404710359557	342.42144323485825907	332.47345081083727791
NINJ2	499.96407805957403525	71.60365290232475388	311.87013266338726680	192.50563483678226362	81.12947667533069307	321.01499785653862773	136.47441947282680985	258.26839319500214742	71.37442598248264858	23.15094337685351888
NIPSNAP2	387.05211301735971574	469.52729717835865131	317.02707878407591124	550.33330882780762749	352.76321884612389113	363.98980467493873903	342.39194083738482277	627.35524562339628574	523.06080029388965613	272.76050896302024285
NIPSNAP3A	195.57412627779336844	272.93645517122962474	183.62260930306752016	227.51750982236069376	109.78683488120438483	142.96164869511423490	201.31857912408702305	154.71187604632572743	253.94178948162414144	196.31136542167487846
NKAPD1	228.64940814838357142	255.23735135692524523	208.94966789134608121	275.87181422185818747	213.03478785652484362	193.04341006063003761	207.28022566032714735	237.24025952760123914	270.55183747143843220	296.49323012851886006
NKD2	370.65201647113565286	63.18692862994553394	285.09602316976304337	99.76698216537195663	269.32819273295666562	67.27913347891937690	114.26898485732348831	150.34007248964516634	53.42955306768590873	55.04922037137151136
NKG7	51.12057819582854279	65.04931971388329259	57.20369829356465630	434.97316912986536863	67.41678329253473123	0.00000000000000000	34.21511265888013753	54.67573292493737114	54.90011079092303703	3.61503662397244740
NLGN2	187.59427512838018970	135.04078271724162619	210.72570073324521900	137.55938113956264601	297.87336807946815043	192.32562402331808471	175.80534366660418755	157.86394475983971120	131.22877647575381843	320.01580399823808420
NMB	244.14128843961481152	178.53196181667718179	203.94372356168028659	173.63629497315085359	484.96069449281867492	271.20851373289684716	167.57972007974811390	978.01140590019178944	262.20228541957476409	245.33876829218652915
NMI	454.79031701797578080	503.62654921433073696	756.54370239306501844	464.56427765833660715	294.91403139157847590	122.74884991041808746	317.50119522136361638	389.65767742699824794	343.19373843383976919	298.82991850778574872
NOA1	235.34352449839170163	256.39210219304487737	177.20988734041063140	169.82249352212929239	176.92172574501410054	210.94576342299643557	197.89660839520814761	256.89080898827728561	250.75807215028734731	360.46250768180004798
NOL10	171.86761192125644016	189.26601008260809067	138.33713035098361388	190.14950816601913175	128.83580050743913148	114.40457654278816335	236.37899584977137124	196.35651112412321595	207.12101898995399551	192.42584034687376970
NOL11	193.06777914645024907	240.57293021801817190	216.94648233075685084	165.40000110918785481	198.52869899783914320	234.71689615712716659	194.40930503213655811	204.46217316881123338	253.91690779259619148	194.63045552569656138
NOL3	169.19525122389222815	223.00272251603195173	109.43564127241594974	246.11002083319348799	359.16089126834441458	104.93100865586590942	112.95726117421166634	572.06633935572847349	386.83930101617693254	176.77458979751017409
NOL8	311.70523603326631701	285.98818045487075779	332.91031782479961976	266.74265849264156714	389.80172832885023126	253.27750925888153688	263.57527081042667305	311.84507037632351967	300.18124687364252168	383.68784135132824531
NOTCH1	157.16450118891950183	351.47664038932492758	153.62494029568972564	154.76808055327941815	220.76317504989785334	101.05009498621922148	323.86798973796800283	97.15087663933583428	219.32550074016236863	111.13472192901980407
NOTCH2	582.99631482104905444	322.51674134683958073	518.10913498295576574	467.34282225948112455	746.63632201313885162	337.44953890683325426	395.62555844688012030	647.67997339456724148	384.94571896148391943	347.71222016975900715
NOVA1	250.66686858005900262	136.15024116391523989	267.07790395529485750	148.22891845063227834	657.45335683725511444	1451.10411034797266439	276.12898571498283218	308.70006113384590662	177.53896859843723632	170.22092780141005619
NOX4	440.69692217722285932	71.76314479593104068	369.17506923690393705	234.76210768429783116	303.00860159071476119	262.72153196744159231	182.82916399797775853	362.72114708648365422	78.95108418659056326	83.26474951507768196
NPAT	129.63545833200808488	157.53649722919328724	170.89545091999269744	161.40808516544569784	142.19691751806067259	53.50832145182774013	186.15670687226153746	134.01322344988150803	128.55862480725159003	131.43132705170597774
NPHP3	208.14759292712977867	269.15519184128572761	164.65744788397117304	217.55353265554541053	451.40188464003676927	168.73653991550321507	186.11950005729875102	193.19256945791468638	274.30527452239061859	240.30269227873762361
NPLOC4	263.01172621120139183	222.17724411609864887	267.41413508795409371	232.26717733288350587	298.58569500072326264	174.43905615842598422	229.02130858361965693	216.20687590761377805	211.88384930203440604	226.00841300743303464
NPM3	187.58636647091464056	129.61999230693032814	192.55831774241573839	125.87353008763211903	79.57418797441117420	148.25360760021899864	335.06393428939429668	163.19568895289975785	93.68127502344707125	118.51076542281536774
NPNT	75.26954497330439153	177.20313433014371185	53.27601542848634608	113.33259260670540414	118.12237656821362464	0.00000000000000000	67.14121865441886428	51.85048001603496459	347.07217141124510817	263.12263354165804685
NPRL3	206.08902838202405405	188.82160407097256893	171.45937547734905593	162.83880818103185106	193.22443308433960851	212.92360231228639122	218.22558497493866980	219.71374295440034530	192.86205281509757015	132.89541934041398008
NPY1R	37.67794719981469598	81.00676218740798618	41.67566955481095192	76.93390254889972368	47.08149520929011089	0.00000000000000000	25.56271838878666003	51.98621682755622686	317.60714928670267909	438.97830892901754396
NR1D2	387.52192398181546196	482.99594456285137767	258.91586108799145904	362.03263601117805592	521.27132251146633735	312.64314474787863674	295.80001596961471932	351.65714374979449985	553.33958913791423129	349.92363917570946796
NR1H3	112.09305821999912212	128.27635700877010549	195.82789451808599779	122.66755141907934501	126.07921633702933661	140.77585386883126262	64.29128485473790988	102.64920499931947973	71.96946404441550271	155.67776410645197416
NR2C2AP	112.19345013629332186	94.80552025381925318	94.88461602240430182	123.83081504667093498	115.75322552444929158	93.05778206174700529	198.63167179532268847	132.77457269399806705	116.73709593044995358	97.06550852798783069
NR2F1	799.75613117132672869	404.62756115478885022	780.86881956059494314	523.39470085197626759	739.94728173042949493	861.19502145761623524	523.07243560054450882	474.41203619616624110	267.64605929268202544	833.39075539645182289
NR4A3	700.38363748113545171	1159.99530255309127824	636.00221884372308523	1215.95790561080821135	1791.86077461540071454	551.03324574325256435	517.93017134230842657	542.14639403612784463	1242.75074748062797880	1274.92111813894780425
NRARP	246.71854575081408711	1333.34334529838451999	200.67790574617825428	653.90814294856363631	418.62630956398902526	0.00000000000000000	336.43066713528622813	248.44114373199809620	1432.44633504257831191	331.27463465962586042
NRAS	200.01374201097812033	198.94243486735126680	227.81103980839878886	254.47428061663805465	175.18024350108959197	27.91481613357247582	206.52616402569935872	220.84792671401817188	164.16387307983740129	145.84256449504562170
NRGN	56.86516550378735957	290.96264635467292692	49.27108422550176670	185.94747099105336474	95.50325357219256261	0.00000000000000000	209.15119049803982421	89.65540342545664032	514.37201119839858166	91.85104637029292007
NRIP2	29.17771999622320322	176.29925819739912640	33.09503516031150383	74.37522017143098196	57.37944542509722368	0.00000000000000000	40.70797046583412282	22.36595028530626905	290.93066653788014264	43.64662909799902479
NRM	114.62377513008192409	133.93474478439782160	101.19568222809890301	133.76283790112171346	102.76953706465046423	29.08261957109197127	315.93332345980843456	199.32821092460980594	137.28611449366158581	111.41684075160058853
NRN1	508.17663674212815295	387.08545864658151459	326.07488641438538934	566.24465014127258655	880.43803823712732992	132.78387900408807809	264.82552936737306482	2657.15756763969420717	388.01171882266322655	245.67392541401574135
NRP2	1071.57762845128490881	290.65230535774190912	897.57776855315512421	512.23855398893283564	643.48731734309842523	249.85964593213836338	1231.20371980364529918	597.94546494706889916	285.70173802126231521	250.39832665018869307
NSD1	331.05107711838314799	418.97828175387792271	279.99999521432965821	374.39422298176492632	556.74134158714582554	229.43990477077329615	371.69265245049848545	285.66118297641099844	366.92427866072279130	314.82391305775894352
NSD2	83.16937069928316362	83.53073331915727806	62.04884818625173182	97.55838767695333047	70.34335910899710598	67.04564629963729772	334.89018654626210036	76.51240798562292866	95.64273668444189980	50.12434855591754967
NT5DC1	149.46631100518942503	271.86822250061965178	139.39102811480614719	200.70279330768715909	248.39934530304213922	105.24002921436374436	161.81410993170428014	169.90238035666746441	336.94089085440231202	355.42912438960200916
NT5DC2	434.71004448106282325	715.62818551319878679	227.56658404367107096	597.71979227643828381	221.14233593905680664	327.78110931800534900	1081.49488104392389687	534.33516802901965548	690.12006229553685444	408.87403901925364380
NT5E	634.77788999945914838	169.71362814498377247	625.08912910910476057	327.81882979365570918	236.80698380779520562	1003.60563645766694663	872.75647153248621635	824.80047530175056636	205.77633354986085124	239.44534459689987216
NTHL1	208.98268934002226160	288.02055627606779353	199.31898684653194209	209.52453495136592210	142.72401701473563662	155.17894735066133194	339.63991483849616770	193.48348730746070601	265.98971246004163049	295.42370769058771884
NTM	1285.60085230359482011	303.42294623094602457	905.95548880845080930	417.05474573968183449	703.63590030960392596	296.41516566478259165	997.70703558781883658	874.42378755828667636	224.44425835198401842	140.94838563577138757
NTN4	132.75014967885303463	211.48197877383870491	130.97538577150501737	254.76695307472112972	155.57986428451135907	150.43512004356784928	110.64840511368741716	127.60615934985173681	595.71988421130163260	367.44802348512047274
NTPCR	290.25631083366874918	265.67255768214494083	211.75118939035985477	264.85161813821707710	160.77535496973104046	363.33594719382767835	225.92070649913165425	309.35863272415548408	265.98077368001008836	235.67106906748034589
NTRK2	411.07056351024448304	1153.90685157965913277	507.96334031423543820	725.35597351015849199	588.67257111496417110	402.89484358945043141	351.57853516521157644	478.10695789412693557	2470.64468573787098649	1318.52343191245518028
NUAK1	825.51235733240810077	266.20918665733591979	257.82662249617271755	442.81937057813661340	626.14615801565514630	171.10515447694601221	620.40139690678734041	856.76741367221654855	406.40395544699970287	393.63552885758781485
NUDCD3	229.55762826015853761	245.70680426501718330	185.60008231135410028	294.13774692764530982	296.29740235532580073	164.99919562634843828	163.06631890426564269	199.65073587532617694	230.61727873802539079	212.79946323052681123
NUDT15	134.62156448030836486	165.22964632188629253	107.55215792408252184	162.87253604547498753	70.71317104222774219	67.69787284939602046	366.34088337919229161	147.80073174124800062	172.20215964990072166	140.91656312649607230
NUDT16L1	265.26843003213303973	229.77933167103117285	219.22585417950313058	300.31277587837206511	208.33585457239411198	120.50126595255117934	304.05230474602217328	303.78500461715890424	222.41912636672176973	197.50991487164060345
NUDT2	270.91240263201177640	322.05862972417736501	269.38066215174507079	277.10410707635628569	209.78338554482161271	299.22613159168645325	357.87715708028787276	433.68451636547860062	281.68500070193067586	260.35290309884817361
NUDT3	222.02595614951215452	236.85444072224186129	159.43704365681415425	231.20067374001652638	226.35355295038590384	150.80115644326144775	160.72540251524938526	196.11030109202079075	252.47417531813161418	196.94022929083715212
NUDT8	123.18534338533598316	109.66388166339389443	91.59329283357772056	130.34916814231306148	65.45939730437019932	91.63600259703564177	263.84072046265976041	134.59752719231346418	110.49218451333760527	85.14070863353173024
NUF2	17.91932712592768340	20.57630182765667470	9.73947637131360366	53.24860657776184070	6.02593301708869777	0.00000000000000000	357.94526147926677595	18.76010503176786770	14.82792381649066193	0.00000000000000000
NUMB	386.18896613152446662	360.12708093336811999	440.26460870009890414	336.77454936614151393	607.19904937309820525	243.44165310251213441	426.66547074685865937	360.48900857456055746	319.63601311600308463	297.43051671100931799
NUMBL	251.79097471125172092	103.61017843306198927	251.33662295608272075	179.82380454743423570	242.24430550653349314	260.39002279975215970	153.51475422913148350	226.26696980916639745	126.09619875921104892	148.49342262887648758
NUP107	136.47013171779454410	149.67710245795262836	135.86615166150957634	124.88266458205853837	192.04937476297396870	157.82680035162496779	283.49394484501681291	100.14614514866585182	150.68501100107579305	122.46882016232574131
NUP153	186.38971426321256786	242.13657535732687620	175.23924824697829195	265.42077210952936639	341.72185922690749749	102.90612037624114805	244.79362160837482065	173.28721341606416217	249.98531146169463568	208.58363015243548944
NUP214	157.97681578191063068	167.51321080982202716	137.25055312395207352	208.61196607886972743	240.95045376092167544	57.75687023498500139	252.62898250376335341	155.43106245443840407	154.05751772743352035	149.18631397455055776
NUP50	180.05979956992976554	183.30091402524439559	150.00307273767600691	306.16223861090441005	144.48300372279859971	115.44182211779582303	368.17211023612594545	160.13394951758445472	171.68839126384148130	157.29209317191882178
NUP58	247.83739840570461865	291.62704275986311586	221.02500231013976872	297.03315102728549846	520.00941142150372798	142.19201701088351797	397.40902050857931727	393.15477438122331932	298.75619318324015694	209.88485002877771990
NUP62	264.22057760050057595	251.06131242064316211	432.65484496348807397	269.02244512004517674	344.79036720606910649	170.86028039638821951	472.39649719044041376	231.08323789905634271	261.32621522613874276	263.16350291609541046
NUP93	107.04728100939330204	116.38644206720172747	118.79496695817802276	114.39362528444011957	81.77432883180324552	94.12980667491237341	255.16078321494404690	66.23853939355402076	117.03781452264514940	63.89615609180496847
NUP98	202.09924970225290508	281.68185438282654331	184.78993285149249459	262.71099204878879618	289.67913330692005047	170.67483750868390757	249.85563324598791723	172.69294186959848503	275.77732162717001074	270.77957469645116362
NUS1	230.41813489583671526	226.32302114870500986	169.82914990490462515	307.45846131255200362	192.26786854606390875	113.42151965238194578	202.63062919312179133	214.76056556675618481	231.20758923883491320	138.14335758836998025
NUSAP1	53.95170659911501332	52.08416819787474594	36.79755440492366603	88.64704316743598156	0.00000000000000000	0.00000000000000000	1107.99978033901038543	63.27891441293014196	45.22725676074656320	0.00000000000000000
NXF1	178.75782788160842074	247.17067542970332283	168.99011118578172841	247.32076401832577517	468.91930787192336538	114.52538787506566109	169.78647737236369153	143.39491742110527639	287.03715548636176891	337.79742384083863271
NXN	790.98542375631950563	305.39225590900946372	712.02289981331659874	428.87734741468665334	645.52788901721817183	284.54449023711771360	671.72059502118020191	1020.89552860395701828	304.66638311172948761	240.50321659303980937
OARD1	167.41981580957883580	167.82131287228745009	172.84871823400413859	188.09438335518109398	232.85656670082184405	166.96714924604219732	226.44122226283695909	277.69203927229830242	190.14298991343892453	194.79649652999813725
OAS2	288.32273799674709380	457.83350243259894796	648.29006388480331680	325.49029575053953067	228.47210941284595265	100.56806283580057482	280.87660203575217110	220.54281195867628185	225.55204441380504932	158.85675802886510155
OAS3	289.87022114309513654	497.66150610692278633	663.54419169390530442	316.03591173294972805	337.56605591009872569	82.54799894299664231	361.20003961169214790	234.04818854658677196	226.27304082747485836	144.18826873351108020
OASL	267.61644306230715529	874.00003123216720269	1240.56803434968628608	335.28587749081890479	408.02599585590479592	88.43635500858337650	346.17462598323169232	216.63460567342482932	499.72627247817717944	354.50371955989834305
OBSL1	208.89019905665145416	223.77604002383466764	185.89327412673554818	249.27947587381612493	258.07504496341670119	164.51763883205811112	137.70176227322971840	214.06573901908458879	296.94920337910122043	245.71032568979379107
OCEL1	220.18502131546625833	306.03206288345188568	162.19000861025799054	292.46093034876639649	177.77918104158439405	102.62392703070332800	121.18730017392445575	312.47612852451413801	259.64928774332264538	254.79650643010845101
ODF2	118.67945612704842517	129.22057815493684529	95.54334462686028928	127.82970714031260684	160.71667576155996926	88.84419128480800509	243.91260697677748226	113.44892604377221801	140.56056292903812732	93.96276405273169985
OFD1	270.81032823013021016	274.44304523045320821	228.01678416027471030	385.01968284590697067	542.48222344758255531	212.47260572151969882	197.28571354621567480	265.34483756702508117	336.19886206094167846	277.44232213360260175
OGDH	177.71979586252481909	206.28727505152048138	137.38699037843309725	167.04929312857044010	153.95466411641990589	190.43021179042864333	282.92924545579774076	146.54755670797740663	240.90838549280056213	177.03528591124282343
OGFOD3	344.37076024605335078	286.63523583402320583	358.49796391664676776	236.05394075322797676	213.35141840041305272	373.96157162834623477	418.21676419345016029	359.92559641739012477	305.93060572141837383	273.22286811533547279
OGFRL1	164.46853113059066231	168.00533262784693989	194.37816577431976839	270.10721861611932582	190.36177051609749356	309.80947761018234132	209.48689609290292424	213.98629185403402175	180.43357835828840052	230.48505461193869337
OGN	1825.88764988054731475	190.41396443472669375	607.94359673203587136	834.76643232346850709	364.07618813624281984	3944.32697255739412867	214.91845551859307761	1218.16788923408785195	290.13821180330216976	171.45392171882068055
OGT	295.71960577615999455	265.43773677543049416	222.62837214734071267	460.61262401983395876	703.40842252987897609	71.17590040542326335	165.84935019761795161	339.60753936279468235	279.97110282024891603	238.56936224229573895
OLFM1	78.27618725552041212	70.71041613585276764	83.71011583190404792	94.65876167023876064	60.86284867930411480	115.14833574373145098	191.13422347275479751	91.95576040480952429	118.31242183755290398	98.46662506590054420
OLFM2	482.61197653138015085	311.10553897994634553	427.42501559781004516	205.65475130416174920	167.41554760369842825	322.76649228501969446	167.59388866682726871	225.04638735580314801	237.89987892852101936	309.53714194572245333
OLFML1	386.40228278301390219	432.45600771022503750	494.23713216193687003	257.36020585629518109	229.53181164997647556	471.15160358914874905	252.73304045837343779	289.83820406644491641	279.59315639331794046	298.33310393398699034
OLFML2A	249.11058891905474866	1561.01580446269804270	123.83473588853355807	509.24333030014520318	359.54883433473838750	152.17909956153835083	404.24626510917300948	350.92625005561319540	819.02145042191705215	120.05857863672638075
OMD	1297.67876654782708101	121.89904024662655502	746.26802344359020935	538.23427768411136185	223.87014067743828605	1349.17700927124315058	353.75444022598276206	590.90857083722232801	161.28437118067597567	74.57107467388824773
OPA1	168.44130812049698420	229.59462306286462763	169.75598281602165684	232.13881201592596426	222.44788609426234416	103.45181621272038797	229.23069144040962897	221.11500712059478246	218.33663328066805320	165.89008090758170511
OPA3	125.68882181067939996	372.64709708241946373	111.02151202927534257	188.22002452892286328	177.61561297060256948	154.41948301415456513	195.61649733360417258	128.79545563641451622	418.86889886467321276	176.28226313818652216
OR51E1	48.89859581694140189	384.29519308315855142	36.34158650880227981	173.78240843144104133	66.89472688958481683	0.00000000000000000	162.71501482155565554	92.62996019386012847	484.27653434326765591	37.33619380836748292
ORAI3	230.71273892411156226	278.68044443975918512	192.32501654338230423	218.29880187415130877	233.13699526812433760	288.33325322775328914	169.63220637772650434	361.68654096757859406	200.54029884182537558	169.18570644865371833
ORC6	27.35050757779826114	34.72213369218361123	29.77588260100272066	37.47275301169300832	12.29876128508687394	2.81737353893789022	245.78928515622513373	34.47514170558288527	35.22112815534340058	27.28051103021272894
ORMDL2	275.06113462778262146	259.83881654496093461	271.69711832328425771	221.89987561637371982	175.71241496921547309	225.32228288261191551	287.71731881698309508	386.55842806035434478	264.74640792246714227	197.58637979400950258
OSBPL1A	332.53874946174727256	759.28636459339213616	301.57173651552562887	395.27490970615002652	326.56213785552967011	456.78286441008077645	325.58134051695151356	363.90080845033651258	856.10218150408081783	630.54941358509120164
OSBPL5	213.00705008494216486	210.10995467043485974	182.71088924251898788	147.61635068872990928	184.52385988677463047	130.03778540655031293	309.07321163902099670	270.86445932700263484	208.60201200809072475	182.96559853929625206
OSGEP	234.46347606095227434	219.54440543823238841	191.10137034920103360	224.91912708550043476	246.00576747086489604	136.17046311407111148	375.29690937116879468	236.21899824105528864	236.98643396997314881	198.97274706233130814
OSR1	86.46456400841979928	28.45184038878079846	99.34317206297014025	79.33744052838999039	93.23329163354058835	251.89261138081158720	186.00150483749015962	112.33550245073080021	31.59215198447033401	58.76037313868316403
OSR2	483.63586729091929328	419.01487526533890104	346.14437021921924043	271.97617724518210025	446.66399684155135219	743.21397677120455683	225.96646762695192479	372.89259791819932843	363.93083816776425010	442.92818743829042205
OSTF1	443.30558795960416774	709.70282743689995186	392.68092976153349127	616.66362191554401306	293.28494201565007415	218.50133358979957166	531.35654369951498666	340.46737963633768231	447.61710288768222199	357.15666497893926135
OTUD1	297.80137153483951806	303.51821732410496679	272.49850380952176465	376.84296820211108070	436.93557672982188933	338.13985450107315955	143.05767514049290412	368.87002427040147268	339.09120572768313195	410.80759872441581138
OTUD4	190.99360767574268039	204.09364372859531045	239.01134631852789880	237.75675530187504592	296.64403756444153260	101.38663789847234398	203.34477248616212819	137.08299615184023423	203.53275083077619456	185.67439500004076081
OTULIN	192.63164297387527313	224.60522631534524862	245.16342398782492751	245.85928164939005569	365.28779630253058031	87.45979218541931743	229.49498460416629086	131.81703264936678011	221.09855370018621556	155.16473513772623960
OXCT1	170.43049738743127364	159.13660400839620479	120.94055400163595948	122.65982882765291606	117.49900252746300566	84.83361055255952010	465.03724839062016372	140.27245025735803097	161.30875824983226607	130.93072813516738506
OXLD1	235.41490329924022262	208.15536555836771981	220.87934960736276935	201.50112649755283201	112.47052508623389144	158.02058100437807298	282.80673937422704967	187.65488430245173390	181.00954149466775789	202.85640653374838394
P2RX4	152.12939192822429391	262.24520393983141275	109.14729414277117314	182.67117379630528262	167.74415372861952278	132.49455809951197693	139.87105723555478676	175.45484804676456747	180.60654218909130009	153.56041496275901181
P2RY14	39.04815979598073028	302.08419456472154252	18.00195889439383024	116.89401048910146130	29.75579669505407665	19.29691633510152826	90.78820871507041090	39.34424252486325457	101.25998688705459472	63.69325768109480634
P3H1	827.52247252165136615	464.02034556109373398	673.19605033264053873	318.13989863946693504	411.08907458603596297	342.08895594248497218	786.22661125230229118	568.32741111234270193	328.33211707918064803	249.54487438771715802
P3H3	817.58005156009130587	259.71476851089374804	518.39028492545003246	397.77783146381193546	473.22606286538689346	355.55646413316657117	538.25636917106885448	574.37884871858534552	263.56426318306841949	270.72887775730544035
P3H4	783.80617988467486157	340.75076174776722837	502.96311648956509543	382.57668226766901398	297.41146472908468468	342.97278208977667191	755.40369242204246802	483.75246738691134851	294.95360379000646844	202.95500975051277237
P4HA2	1266.96930271072733376	543.36136117759235731	783.16326395081978262	693.90201229509989389	1064.83378084190871959	571.98746860255891988	1395.68038902586545191	2246.12218191093916175	548.38739755838321344	366.69847001568683709
P4HA3	392.79777428856056076	74.26232773345131477	227.47257570352309131	151.52932117695019087	125.41495000096685430	190.88515468351005211	297.31935418884859246	283.66421736814288579	77.95147969605801563	68.31392993431111904
PACS2	231.61224573173092267	216.67257141029347167	134.46545529467067581	247.19628002639009878	157.02505656443850057	121.35728849461636969	161.76491193477673391	270.15925679309822272	230.62056239553592718	196.39874756356576313
PACSIN2	165.63662415099207692	392.13411663480002289	143.39530857115553886	248.37091305390518414	237.23324130377670826	104.57702713230364111	255.50461876900246239	181.69485865558525006	390.45551732507556153	282.84421118010692453
PAFAH1B3	119.64001333009606753	133.19801955038349206	86.01593846835820045	207.87885173145184581	128.53381912870781889	32.04736266638906983	271.70443628013140369	151.49832866161489164	104.74621380711610641	97.57808910784171985
PAG1	145.42561747431022923	356.00759389681752509	106.11830470190004405	234.77429002753510190	238.50852906955813637	66.55406092769683823	157.12318389419266396	145.17628331793781626	188.59522594374993787	156.33362391741516717
PAICS	251.65877834975725591	259.81812761155265434	206.76038205134759096	349.04855280393223893	235.15876502755253341	161.77816250308598001	552.74755529776757612	484.20105408847308581	263.80498548823891269	228.21164553660230467
PAK1	133.15345085167257366	251.33258161540382503	94.09109240059417800	173.74907716765312671	150.79334786187507689	72.39479719146451941	222.67189629207601342	120.18396704067096437	165.68957357737630787	96.25938082220940828
PALM	383.09879038786021965	294.00254589685062001	247.75391546773846585	293.58836396583012629	283.30990019434415217	718.15956944521201422	286.19701230722205310	398.99896400262264251	267.85074469841680411	299.46640444560313199
PALMD	74.48898959058544733	95.70676581509765413	58.04718639331593266	188.81717937657685980	69.11374706683777447	0.00000000000000000	35.62598419814175088	60.07849182752231343	154.45749229541226555	270.66656654102598623
PAMR1	76.14473529242819438	267.45099980600053868	71.28240327803489151	120.19159756174097708	69.77019254769513168	312.15403631012895858	209.70792561078658878	105.67782110877499235	59.13729725468162712	43.78161347575198903
PANK3	183.87570748298668377	230.55030249037267254	146.43570938181264296	257.59900180904173794	218.39756934197458804	162.71905226427429625	259.95613998177230997	206.07520707792974690	224.93451390741000750	238.50443443841416524
PANX1	219.67297460445001889	174.30060659724631478	367.35129482088291297	138.85396183022868399	298.68187059919728199	191.01351296766765131	198.48126277725251043	237.59161400843632350	164.94952940194832536	234.08616717262660245
PAPD4	176.08835255238952300	183.02332777592846469	197.44252926197702891	180.08952186882171986	307.74467653043961946	156.04246624664233423	143.89269036101956090	223.71149351295699148	173.12223077673365879	179.92996712082697286
PAPD5	204.82845640829197009	317.58395323762766793	218.84059434923173626	351.22361754206883688	262.44892563369859317	128.43450204513473523	222.48395663065795702	165.71888319269584144	316.90218812085032596	270.24750479997663888
PAPLN	165.50014745061858434	45.79809204038517834	457.72153002586082948	92.89592225878298848	189.32424660405655459	199.51869425423709004	134.90108724287577502	79.90688754795958459	44.16304312712075131	138.48233825777126071
PAPSS1	499.39619418543168194	372.29498827585291565	535.93392091509656439	452.56629163842973185	294.61521327818076088	305.19019073307521239	504.03765160678125312	375.83730754832021148	333.67303261512489598	295.15656814590556678
PARD3	196.70863031512078578	357.44002722640351521	163.05165173115423727	200.26898122171849081	269.68181350958570874	119.75949975749598764	146.15789275010433812	185.90403845055396914	237.37175963068690976	248.59808280593830432
PARD6G	116.54000969715589520	348.22840521923086499	87.76280901848920735	177.91299093885211846	119.33986384492007460	73.13247184567744341	102.19933341099678614	85.96252944839793031	234.69216642098612624	136.71358181024481837
PARM1	110.45668594108583704	509.82809237176434181	101.41760350511553668	250.27001593361330833	203.02901978076755540	0.00000000000000000	171.89321764797458059	114.30282159110498696	720.76322079407623278	563.27350259852596537
PARN	232.31748366152132235	166.05765118098065614	216.40978930775773392	215.59028255439034183	216.94622291197595132	131.07472694218148490	194.38562532741474342	260.11047435831727626	161.28898542938375726	129.43011499347025506
PARP10	272.74554316069594506	369.90197375570761551	400.70790067414060331	332.68967146701908177	315.61327822483150385	222.76691369981651292	170.02459044016291045	244.23911645894824574	280.73607739736212352	243.20907496732382924
PARP12	137.00757148134169938	194.31977814266642213	263.06261721227542694	137.88869268097590748	303.43087412234081057	91.09971772953005598	163.18314667871231904	101.40756728879469506	144.56127248080335335	153.78516658880849377
PARPBP	38.68138163316540101	21.20276940891933748	37.00015036663985768	40.49025850765778500	24.55211030583783227	5.85695891539713998	204.56847604300935473	23.09545697347340010	22.91296584022829563	13.74829561738134309
PARVB	233.49925579772886408	219.53575950694948915	199.95825240949281465	250.22891477682480854	217.87783813577891578	175.24725327875091807	281.98835027764795313	317.13451058965875973	145.14006545739849230	165.36207020255750422
PAXBP1	233.08573639783691078	261.02739338510821199	208.44992724325726385	225.51873415503129650	569.82297912091667058	177.60021103938393594	244.28229974393107682	213.40644775454663318	268.05457251627399273	262.95744576088134181
PBK	20.65818778724779037	18.22308712334429615	5.23645372636429229	24.16159030089981030	0.00000000000000000	0.00000000000000000	489.06969478409683916	18.24042422517518602	14.93305357698531743	0.00000000000000000
PBX2	182.34723316789214209	297.46742060219747827	199.27334520085690883	220.96487481215925186	228.72677452443272728	90.50656185904794881	176.71496601558703787	227.62176205095167347	284.92074852065763935	258.84048690001600335
PBX3	220.68138317628384470	210.02332430712115752	139.42730134732551051	266.52991530914817986	211.98998651864150133	135.61573662055081968	269.43061901825672066	233.55151183817272909	218.82618425333353684	127.32331678961648436
PCDH1	44.83974655287595823	283.70243323329577834	36.01100415884729955	83.17397154945230398	86.21199788585981594	0.00000000000000000	81.18641450770115853	45.39270511138891351	370.01746769676026361	170.98664320428500218
PCDH7	1018.73690315106773596	155.33348120501426592	706.40196359393394232	390.64338750711840476	558.05001023112527037	295.03535501424426002	519.14458113259854599	537.19759801084433093	151.18381879942592150	112.02101134944335570
PCDH9	92.66761945375441201	76.71294378698728167	83.37825065776866040	34.84764048958923155	331.36555629550093727	179.83777522642603230	69.03551639296306064	63.93803580633060335	111.04899561126305230	441.90941868891576405
PCED1A	178.55059739132710206	336.18797793699786780	235.97566333052634491	203.43272647158073596	311.05927967386281807	117.51446163159330638	165.21837332933552034	171.68851655859259608	187.86257731686296779	284.10745628503127591
PCF11	394.78517191983701196	694.03313698868498705	359.87299646054896129	476.40952484021079272	951.35675582301519171	396.26608369600455717	327.15742487379060321	352.11297503998025604	817.11125118141433177	795.05329618983398632
PCGF2	328.32047786730413463	315.55742656085590170	271.40002573572036226	298.05921318836254841	255.82526340164537260	290.23730449045046953	235.92191874995020839	360.91354356839531192	280.07873979143255383	243.73526111188854770
PCGF5	230.72404979912860767	297.25074016842620495	279.65081665019721413	269.10123457001168390	316.20686722085275733	109.61433255132595832	199.99157895142045049	213.50570981167126661	470.87673941689922685	301.88611303181977519
PCLAF	75.17465475161790778	90.51216943294862460	81.48454749938134967	141.65871453581328865	4.81893530913492540	0.00000000000000000	1453.53846897258381432	106.41449050739640825	59.71015594556097028	0.00000000000000000
PCMTD2	210.29825151779132852	207.19086627759264729	180.97764637878762528	188.23936262834962463	353.30184388146375341	241.86889334124776951	111.11655683016095963	145.84176294720180067	215.39267163690504958	234.37174143319327868
PCNT	102.95830649720593897	156.59734693638861813	102.44298166624672319	126.14224853620056876	146.82258485051860930	153.48663890212304750	369.91655815360587667	84.11306971226872520	153.91663778190414291	71.65606353120193717
PCNX4	396.52592468448790441	551.40465580358420539	330.97477807242199788	538.61062056472371751	854.07869938980195457	319.02619979011706164	338.09302239665669276	370.16841704441299044	545.88722766617183879	275.40861785784511540
PCOLCE2	130.31583608820122322	73.99670422209618437	118.17800149070575344	92.77874089759852438	96.61382305119413161	2957.13759179241606034	331.38247665732302494	200.74120336768248762	82.55560312898302300	52.23889948530614902
PCSK5	356.22621269954748868	106.91853615443778835	188.96446067504763278	218.95075254527205288	369.80235553782790703	902.59768553144112957	402.59048759361638758	285.61496869944727450	142.06423387597919827	512.45494658281131706
PCYT1A	236.23985041117242645	245.09780599505288023	254.65533121819888152	181.46592920190207110	197.01998647270227139	119.73896347601811385	200.05490814489769491	232.04226625129246031	224.54946805260198062	150.42761580419966094
PDE1A	157.40113726638401204	541.04885579518418126	132.11208130317146470	298.42578386287101466	226.90654657805507100	44.03875403159282342	118.72926405060660215	143.76436284065204063	482.54401425539020920	548.69948462852653392
PDE3A	116.99548246941573382	437.66615006367629803	83.45015821222276031	214.04047267814891597	186.84959983661812544	0.00000000000000000	134.94766429995803492	99.73467408759024977	569.80670344899931479	313.99656340472574811
PDE4B	84.53189287115459649	68.42544058087005965	121.76988802822349101	386.45016063375112481	114.53050662502316470	4.24176349103739447	90.61245457126936742	78.92554179960222882	93.77395719349219405	123.23124951850302011
PDE4DIP	627.67066072000136501	320.15087539409228157	612.58198816313915813	701.37184960670344935	879.43552619656736624	595.05024346276672986	545.44568597523550579	714.63377280271447489	489.22519980961010333	354.52053140800717301
PDE5A	200.42613286211513923	650.12715129052605789	184.21571620213646270	323.38615641319870520	311.87560161267748526	84.83310868012014794	212.69607789683294641	145.54665285060207225	873.06306106223985353	686.85047557074540236
PDE7A	230.94390588309923373	138.29878274404589433	199.35772103997447857	243.81407036444696246	426.84733231184372926	7.39690002673696245	96.67429086576808572	201.30718671293797684	148.24076223717955259	191.63740031395280994
PDE8A	114.18600297769029339	220.60290033662215592	120.20362971549424458	149.41239469626756886	291.31103235025159393	127.74550914704194327	141.95691908895113897	158.62398914120959148	170.32366691279369775	194.77055481144330429
PDGFA	598.16254599708031492	3236.59166038082139494	434.86679029223989801	1458.45822866039270593	1036.05762284302522858	19.37213668669806665	1168.97832319837107207	593.85172656879126407	3108.43639438205218539	1518.26793955508810541
PDGFC	550.52151818162928976	126.35626773605116568	280.28434251587447079	228.32404775397435515	388.78218234366414663	134.58363589732971377	251.99563813430626169	656.63022883376277150	268.81161924960252918	125.69234824819672269
PDGFD	435.40634791956745175	81.21358064996293535	249.81560593028470407	228.69339827042060165	241.81471390649377895	545.31454683627634950	55.13541288683970976	180.59861940559082427	68.06549585552978954	93.15070271071506625
PDGFRA	1627.69620130274984149	338.76862116359808397	2036.44201105238062155	682.20192002131250320	1826.26569341829826953	2657.05467842824964464	1313.54410104151702399	1476.60471029834070578	376.16591818869693498	379.74323914418152981
PDGFRL	2771.03499974540045514	452.72285789381663790	1670.57429783752490948	1103.41503951030222197	862.94247644856500301	4608.65019969710010628	1018.15168540925549223	1535.21489223162461712	521.34290917066221027	532.98065355143364741
PDIA5	328.86042131801445976	198.27617453269152747	246.50927860334337538	203.84658976755230242	105.37858710646614213	170.90833301422637192	372.02474055503051886	289.16410659056589338	229.42998216264922462	156.62873376128277414
PDK1	64.31166930204011578	61.25321684936803734	41.52228287374128257	106.15830696745618411	326.71223310962892583	46.98330736407088892	75.81206700622550443	256.36636306268678709	95.72580976433035005	44.13658783090415483
PDK2	177.51303998151948349	205.25287199319586762	181.41261675521923280	187.94664133286471497	164.52287030308184512	199.60401357273937606	163.87151339229916402	153.91270134213985443	287.36710938503898660	227.40936274295418684
PDK4	591.84792644490937619	1072.52576760752185692	606.44636947471292387	1069.56085457267317906	1051.63486349481627258	1429.25020813359765270	426.03984050974560205	610.50077683576080290	2774.72933819278296141	1886.53268446748825227
PDLIM4	1248.06711879399631471	308.04967364020097875	1136.66783315589782433	659.13250144911933148	772.04842964914053027	650.51016025734952564	1037.67500454959008493	2024.28150546528831910	325.14290058990053467	428.37906049216883275
PDPN	1386.58113858239244109	246.85402835407023758	2042.50320266357698529	543.67139893593173383	790.89628526596379743	1004.26228442503270344	972.31623533009690163	1695.83372939960599979	261.62687325340232292	220.40559269174585211
PDZD8	226.20668495434165379	242.25950063038169446	167.46503993827786871	197.66641327779959170	276.26580344952913038	224.45403017546101410	175.84552251647465937	194.74121677342324688	278.28018163553582554	308.24568932183825609
PDZRN3	326.48954998416024864	92.41090341225873317	290.61226056683364050	168.92203390255139084	272.66806647782908612	219.67616943892900849	200.61482957844296493	221.60825693987774798	203.79870010903766797	197.35411688214193759
PEAK1	459.20146925113931502	987.53435383716748674	399.53304378414480880	351.94673720671141837	802.53381490196750292	310.68006521449785851	402.01497892283259716	370.91297009155971409	586.78621830799033887	664.38732710520980618
PEAR1	67.94124328345269248	264.21859668923860909	86.05843188366311836	130.59495752549204894	150.73557696935893091	46.04565417822032458	77.47216899062334505	67.72566935176841696	208.70486310573281230	206.26069282747729972
PELI1	315.95258101637625714	776.29114753895737522	334.86706073210353907	571.10362729416294769	515.10956366841537601	77.09709186819472393	304.27909090358127742	239.91996906880760321	632.59198610679675312	399.35695664997348331
PELO	329.20959846526858428	639.55603912989965920	308.10305500056364281	365.30582966456825034	241.65678043949031917	137.05568401391369093	443.59674733457541151	319.28691295219340418	465.23639676164521006	431.04871601128138536
PELP1	134.30750663315822635	153.44000525752545627	105.83286961964442696	210.38812383569205622	153.95067646568671194	85.59668327350443917	221.91425183909163366	107.42426099577221521	164.13439050132947727	146.99826861637833986
PEMT	186.73753982164745935	200.13966889563820928	144.48872654763482615	152.89381754445324191	168.19119285007533904	229.91942610828709803	207.97420447361258766	182.38846850022116541	165.92323940272066807	120.60675361238271819
PER2	267.10748828370464025	331.98123247831620120	254.23423031748654921	201.73223295937683019	517.26369651401353167	311.34816881837321034	195.55092451258249753	290.72904009923325930	366.92971085026260880	325.48404442460116570
PER3	277.25381624313291695	244.95555005256898085	164.01938816707038882	266.48726504119599667	352.17301117382675102	259.83803890061250286	209.00996215230910025	293.95144119003515470	269.99211705454075627	203.72322699822890968
PERP	767.19194586822345627	200.17450389913167896	392.74306519923271708	675.33484007408912930	635.68586732246808424	328.79650975944809943	539.44411340737087812	1171.69756360951942042	328.51236778212256695	271.61233096254943575
PEX16	235.27499259939835952	231.24128533384202910	182.96956399924292214	328.91286591389814475	188.30207615056204418	121.24279119113241165	177.51987938835404179	229.37194521462939178	255.89099953209466776	163.97979717333356575
PFKP	292.67150579906285657	282.58067574058355831	207.63930099364685589	282.87775563612120777	501.58768351013549136	233.93182790645261093	419.64870045781759700	1070.20670237258013913	332.03010932866999383	312.95093979761486480
PFN2	478.39236645516007229	277.27912051028152973	314.12414696534193581	345.52586344984325706	288.51396330685400926	303.15665290154220202	465.55231392743189645	675.69464939040415175	310.12368294764860366	281.06133097084313022
PGAP1	85.28265282396991154	265.46649326193471552	86.65734086353961629	136.33420106355754342	200.93859597187056920	40.82100123560753957	104.61645514289917003	51.10041944213084264	207.14627913051600672	109.21953065404865413
PGD	213.33506267247213373	155.53652752818032923	283.54748580924291446	191.43495694387036110	141.14529150103030020	176.02896360289744848	279.61620789814782029	171.96801772660228380	123.91444386537870059	139.89045893425998202
PGF	352.58111570963365011	2451.66942405546569717	401.35432205753357948	1017.25674296533145480	595.05543228898170582	127.69614571094950861	678.82243106936721233	422.87803848616516689	1998.37565596850981819	575.57415697037049540
PGK1	2261.49083682146374485	1693.17286281383644564	1466.14325472558493857	2628.68998774919145944	3088.07464267052500873	945.08066833072280133	2662.57731475669606880	7334.13057377433779038	1685.05940239440110417	1222.99258624794674688
PGM1	486.10164423348754781	200.94353922783878375	321.17934865218131790	247.33996996069123497	360.35700632844003621	303.49071230841934721	419.80204020726762337	743.34881307267733064	238.49110019490032641	241.85441099274390808
PGM2	138.61038128358177346	205.24927911477058728	102.21854813879326684	141.81982503633821580	96.18077901015649900	68.00777695834830183	297.11572461682465018	141.97692404905680519	254.63821882860329993	112.49150687981163799
PGM2L1	331.44823466797140554	252.64240089238666087	289.34130486633938517	282.73286615278800582	388.73720497712434963	48.63018525905702205	185.24620415669124895	309.46955910881990803	265.04978682564205883	219.75085956042752855
PGM3	641.40792423808136391	303.13536322143943380	557.32064565918096832	467.27063004280017822	515.05038304276138206	320.92120172653301324	711.81129335842399541	625.74174163481313826	312.40188782563780023	270.66155180579033868
PHC3	188.97242662470773666	215.13427872353057069	184.36938336383289538	283.14962484393515751	388.39748573517692876	17.02151461116130093	130.59820093917485906	177.13133172396496207	241.23222703798566613	207.10605334739318550
PHF10	216.25701474934518842	191.86008669825329775	168.50488829815654412	223.96387111352217403	362.44721199472377293	108.76014790957628975	211.09157894156618340	289.89936636647024670	240.32685649880767187	230.68658256894724445
PHF19	131.63170906836907648	165.35651098787769797	116.04688922508793780	153.84286264647585085	119.67316807509862997	103.45357703590096321	811.47106415805637880	134.45836083134688010	179.42631119202761170	103.78286024113128860
PHGDH	208.77686998279651220	227.18098146612953769	111.49214049958786177	256.19652313417350342	192.49670840155775409	148.40843971478321350	758.48785732168778395	508.15138464487017700	184.10371261758680816	186.84669155271672025
PHKB	242.82792615692065397	332.36542008270589577	163.49360436270441710	274.59920015877867172	279.33689628403209326	91.26957902784674559	134.93778844744215917	235.39315398882905583	311.62140067151113954	223.71516600591141355
PHLDB2	425.22750964003603258	749.37430728856236328	290.21878939665640473	453.77665293318716522	618.73790598382345252	186.08304713714187528	370.33058654493356698	374.94855046962516099	1156.21515593695949065	724.90054787689200566
PHTF2	289.62842925886610601	194.15167734492683849	250.70624686215495558	204.27159236395200992	210.32506803053780686	69.66931973540742717	538.84893015958914475	220.86113539843961462	164.50118159826106989	143.76727286984029774
PHYHD1	186.95362360887776276	159.83742667943440097	156.33300327921426742	229.76114912924865052	87.83998996748904631	228.60777628502191305	258.86582727027956707	182.79363121126820602	169.71014547394398164	256.98989970246032044
PI15	30.46271411723171596	188.55890090424080086	30.86377756983826615	104.43900242607227824	121.36404606010822249	0.00000000000000000	45.62720585199563317	0.00000000000000000	232.44305160003005994	266.92024946917518946
PI16	1608.33131192513837959	323.33795559713371404	1030.39766373044199099	882.74521997127760642	622.34456588843806912	16883.25064081856544362	1511.43647202319311873	1695.87102945513242958	418.08010787581298473	304.13946224930731432
PID1	173.62298575202925122	69.70234285749802439	170.82635073600516762	122.86133276159273464	96.23542468081768675	456.55487772891223131	79.34165078970171692	209.68384318830163693	35.22479239591562816	60.77266064105771903
PIEZO1	210.49774814160997494	184.38411455230917113	222.43004241386128683	193.09802678221893757	356.28755951540983915	94.77363258246954558	247.74414935244416824	166.89033502787350471	155.02627851445640772	154.70547924472018053
PIGP	335.26685472168355773	255.40083492645447905	293.28685892869458485	360.78659758887954467	252.46209219252634171	332.14614445944067711	322.26928664829807758	488.05177880458887785	324.20975060432465398	289.31397976940451144
PIK3C2A	264.20256169199734586	317.68968230724448176	233.42550473777635034	366.96872413340224739	430.97493316430217192	130.11720549887002107	185.76649746167680632	232.13829134921687114	401.52310706494660053	368.19990125659182922
PIK3CA	226.19034744187399610	295.60184822113387781	197.27537785407579918	192.37590044003036382	312.16138555195885829	175.00877209434500514	218.66845655153636585	252.99117310487176269	274.08223775245011211	253.63222709982724723
PIK3IP1	270.52792912404663639	206.16005834482632508	247.28882743153195634	392.44992843863394683	206.94024963273179196	236.00792441158202450	103.75339538539276418	165.08165350485245426	259.89786163363567084	361.31778144353177140
PIK3R3	111.28391373250202889	153.23751467882615884	358.27175527243264241	157.95332923565047167	255.52048258128687053	0.00000000000000000	126.43513152841207159	87.76579027405263389	116.94478497527886418	84.39950577558417422
PIMREG	11.46059140805556353	8.15882442021291610	8.30820831791979231	5.90688816772168934	0.00000000000000000	0.00000000000000000	236.37779173620180018	12.78518958265747685	9.60248368869631896	0.00000000000000000
PIP4K2A	190.84430922502357930	307.43186260540312560	202.81916193708440233	260.64219339562197320	201.64441615334510516	156.37921514837987047	232.20259068811691350	168.92786423027700948	399.18871728522634612	283.06427489495058580
PIP4P1	215.04683552671457392	214.99170937202993059	168.73026184363223479	209.14705565114962837	270.09784254632575085	190.45024220063584153	127.58270705832568126	239.45337336494313263	254.95852311280123104	310.96687222895889136
PIP4P2	299.58366196317518870	287.71220540825959233	272.05141072157096005	187.93331773630299608	212.37650521443276830	415.70273061570350137	176.22961632567916013	449.13961360835321557	334.25449935636896726	281.44696986016589335
PITPNC1	153.01393561650453989	256.97493914940758941	128.70486056497929894	184.45156017425483697	162.33822072957036653	128.02690798809319972	111.33184740013975045	145.20345124711010953	214.44027170984620057	156.52734068138795465
PKD1	297.72549130904269532	274.05178200290964696	175.54635187430983478	306.38133055581641884	618.63358487491836968	207.87059547176593810	349.43776904397151384	280.97224322237912020	289.16096207211273850	265.10530994643067970
PKDCC	380.16234935373785220	188.00447920828702308	600.08885242759663470	197.43408528014029457	363.65274011427544565	901.68047390446872669	272.58320750489286866	289.85479437696454852	244.48614054878598267	567.08890562109820621
PKNOX1	305.97191429958587605	397.17135389566414005	339.77728645999695800	309.50932312322174766	583.91456432800021048	143.57935163784679844	268.75938344643020628	259.35262854610908789	319.39462546055648318	399.39338352014340217
PLA2G16	643.10811173310435152	469.03010078247791625	540.29589605178739475	474.19191385512669967	440.97839101917941207	529.74595728057147426	187.11940636716553854	970.40478583281708325	480.80843937909014585	522.64946831445399766
PLA2G2A	1576.42760689819124309	610.86729113000080815	2250.64573978103862828	1192.90980881803307057	1402.44149062629162472	37852.57379898586805211	957.49247414258229583	3925.89118753330149048	1045.53667538344029708	1710.50402931682901908
PLA2G4C	113.36120385000556610	313.96317686215178355	169.41035623560370027	85.98930075270520490	296.09108624451397418	89.61172980825821810	77.52293518787045912	86.78091315748137902	200.67828944478083031	337.12371668035467565
PLA2R1	274.56800702148962046	111.67185188748587166	221.04066887255521578	138.96315375909563272	433.34362524854134335	169.04858962402315115	73.29038627034657338	193.88770294942460737	131.17049957062820909	154.70193888136716964
PLAGL1	773.05427471035477538	639.63087431057454069	634.37718306023907644	642.87818952769634961	1801.62469835472211344	858.77090297526945051	543.21863208020613456	776.08648748238920234	563.59927051500881134	450.58561831624632532
PLAT	1411.32604510456030766	1275.31202606416059098	1189.45986307744874466	800.91632519700885950	1608.74776216107011351	877.34568756338410367	1063.14362785316438931	938.49643046377889277	644.18997044275408825	458.97870381827266328
PLBD1	481.66351394063116231	367.94030184120703098	653.44869035446981798	407.55151915255419226	222.70476427333127845	936.64953363095878558	307.28498528841481630	347.56428362948196309	275.72933859269448931	245.71057409925057868
PLBD2	313.30580063343995789	181.99637707802847331	304.15852296719276637	236.57150993596772537	184.64223728704718042	355.83421046826026668	177.50308753777196102	252.35470025586323572	195.21570328604201450	137.81218789982986550
PLCE1	103.83845349685962844	588.31672212895705343	80.07230821206148619	208.86925136158762939	177.82180692831752822	78.97797884285266434	176.15761010068260362	134.05430098623099866	411.92887708908244804	210.93659744237339737
PLCG2	333.74353521159417824	402.25325719620599330	287.48323917797006288	493.16949944560224139	834.01668390281975007	186.81714443020638328	224.32633961313194959	353.57792246040708051	438.67236226517553632	488.04677574911698912
PLCL1	66.86567862352691805	350.72371162166854219	39.24370377290291145	105.24656166052093909	170.56892727023847556	49.78800054550187326	68.73018888052175157	61.34096883948337364	250.45089184860447062	108.78116761754108666
PLCXD3	15.24269927344981923	10.03863135128720607	27.51373546049467222	3.00988093859698713	47.51181448330763857	24.59052112376699029	3.02928216082434387	15.76570896811808886	45.56635426686301571	290.56418071796781533
PLEKHA1	346.44420870069131979	257.66373302188299022	261.54099293190546405	330.09116699488174618	524.31158415529500871	68.49337178667937565	242.90388564752240086	382.95271346667050238	331.82824947136214178	302.09932209585355167
PLEKHA2	102.11532428793427130	232.65685038610027391	84.40736298720057107	215.57984035766992292	179.94099461802528594	84.00313577347345984	156.42874899751811313	142.52145321031392200	201.09706345514675263	215.21990780562816781
PLEKHF1	223.26461622632882609	134.10756630135452383	215.05652051609834530	135.18916157165836012	210.72683231569760665	241.15566048686272893	123.49264265596978873	314.20183669967656215	133.48587450123662279	134.54566024602544871
PLEKHG1	155.33104517964841307	113.65611217125992027	244.64739050221206185	97.36206603560347617	163.67101489768438682	105.39995799005073707	53.95334097175994970	105.66625726165837307	63.08864734552066267	63.33671773702324970
PLEKHG2	172.40760876711405558	420.26792538746673245	148.50662578942544201	238.53352691300213451	340.35107297507408930	158.24571604349367249	208.65756520529762952	149.75261266712260522	335.86371823270616233	225.21926457829067658
PLEKHG3	37.88517030450485379	118.81120444582110451	36.33729578477388600	86.70382389801288525	88.14803599761334851	0.00000000000000000	65.62579303412070431	30.04068205844984618	207.30958327375907402	69.23493981260479302
PLEKHH2	350.01632699955712269	258.89706784534917006	383.13224034809996965	286.54544071613406686	838.54183977815910112	408.29527592948375059	158.86989016656630724	325.94926060889588371	255.61348597758995993	527.63017899524334098
PLK1	13.96212159829168975	15.23510038192193150	5.35443812678519127	25.29692070352589894	12.95462030230418371	0.00000000000000000	295.15951579833392771	12.79872012782986346	13.02677196808921600	0.00000000000000000
PLN	296.53203928448067472	796.71448873720214578	238.92122741735587965	533.53270797018728899	207.01539939840088778	0.00000000000000000	259.82913791478290477	270.01241114240355046	1971.81851345910354212	438.47350432324492431
PLOD1	835.95976218156886262	570.27608078133835079	552.52035670603345352	451.65542730217219969	762.86292024225519981	407.11857527563762460	882.38979603014763597	1257.36799238076696383	356.18160484672284838	266.63896127297573457
PLOD2	1508.32311055463719640	534.91447322302803968	1061.33885277131730618	1149.32968787408776734	2252.06043231017793005	113.93516871007363989	1382.04666741832761545	2804.77004309807898608	636.79174417338799685	600.21573173724357275
PLPP4	723.58730448671065005	73.32026916730559662	402.22176484972266053	245.77971679621234102	177.04040719580129348	43.13737185095843785	236.07552905814341671	436.48679842333882561	74.31368792087410213	38.99839504832883108
PLPP5	434.86662208374718830	239.46661966127774690	428.77304138646223919	388.54426836562430481	363.59515250024645638	287.26031468151307990	355.27696852915238424	412.28138049227908368	251.62303472007963023	242.80552887910826598
PLPPR2	257.83905694440579737	205.81733039617955683	163.97267805944176189	208.22093586849047142	134.97125443198262928	244.44435688540826845	241.46018651786303622	262.19624847015307978	206.49325758238691719	181.90025299750399768
PLXDC2	2215.52777364990424758	298.93123189994400946	1347.72016366431626011	875.97015768230335198	1202.69148558397841953	1499.69853158475325472	891.45759729823350881	1064.34989416052349043	358.28674349605284988	321.36147991664182655
PLXNA1	271.53590052593671089	196.85983846590593771	264.77248583829936024	184.42273515265924289	336.14064543871870683	153.19112035553263240	293.32457536562799305	281.71059298386626324	144.65408867870573317	164.36080471265154301
PLXNC1	518.18710465981030211	80.99695706997074751	429.31599869274231196	284.60232505318094809	276.15055884076173243	177.49385513352726207	263.63000943486980532	227.39021625394826742	87.49320729206449698	53.51877577813704079
PLXND1	243.88308029884427697	582.33993953891979345	208.28789656844048750	407.07120935542093321	388.30277583120943063	267.26353688669047415	312.01627868624399298	273.07775622085137002	422.36475821001607756	388.50031715893044293
PMAIP1	671.07911347599667806	1148.18200840366603188	1427.47065933635303736	1087.91768981004997841	821.37874777545061988	115.03027395666150312	1193.46873573080688402	497.29288199840209472	682.82358087557349791	288.23882465863016478
PMPCA	240.82471238951012538	245.40001793207756009	197.15235091400109013	227.81517953041830538	221.06134127703845138	122.46228832940120412	291.45699227133559361	247.66551792185055092	210.12892958919269404	230.40053527166369918
PNP	122.80582904299600955	135.76530471543458134	133.12186253777863953	248.52319406955800218	176.46454604891656004	97.70865377774497063	299.50245730252078147	121.57203930131802849	301.40838088009587636	283.54966670587361932
PNPT1	173.89344077790980236	270.39504678868235032	275.53886980566721832	220.34759308826889423	285.59475811237291509	91.59543167601819391	237.72252652385068927	125.99458720757732522	223.57225458455505418	204.30583766313077376
POC1A	16.22339309738070412	21.28195698929731350	20.99224035874177474	29.63139067775743030	0.00000000000000000	0.00000000000000000	247.09771953793287480	27.73737922140324841	14.53754899165724979	8.38497285349538046
PODNL1	711.15826545892150534	98.90371821351210713	476.76068983349671271	200.60525945687498961	308.98721345717899567	184.07684887712477462	285.08507440728078564	548.77717175968166430	110.60034050824592100	102.83525563516965917
POFUT2	241.41071307687820990	149.26229047792031679	188.36467745923465600	190.55858390922281842	303.02560904548602139	67.26590584855910038	229.39943719487757789	247.27992699691233724	163.64889695717451445	106.06363520164484271
POGLUT1	195.59990112181429822	221.67877651668234762	298.59503460656907237	195.80800513908891958	140.41088644897121185	133.67463242158228809	217.03090412348214500	120.49290438627234323	172.91696642317600663	133.04949692463532074
POLG2	158.02389522679749234	196.76220496808841176	146.68790187623767451	223.30257479282306576	610.31799596153234688	136.08567278559308988	105.90448251791262635	191.99809781850672152	207.93783996257423041	205.62884225393642623
POLR1E	173.67982615880495700	159.32055356029280802	139.48680403228200930	155.66058386338772834	170.56111841944496632	178.71099422013764979	308.27291039103249659	246.74744396026582649	207.03705054293925514	173.15590467646381967
POLR2B	202.57888292638753569	268.22067714183936005	173.01175993059351299	182.42529168992319910	359.07425954100091303	199.47211555883194478	275.73130698899467461	264.50052361341181495	297.72225724368519195	297.21327880571027436
POLR3D	391.68126197843798764	336.72502059047076273	335.95782654714014370	260.74178453206246786	257.33312971993979090	209.02829028001988831	317.24886172187643751	284.05563312181936908	257.89020481361859538	212.46715097314404375
POLR3H	246.16326460209444349	166.59795367687732437	184.97361222528161306	235.71164330321727221	136.47357882770529613	106.32587536368551184	292.37838192145761695	209.81064768933165965	183.95428938270416097	153.98366021991813568
POLR3K	144.62202550440213145	192.50944780534607048	138.57722327075342150	235.26625558373879699	115.61792167389306485	88.16702020416769869	206.18499647405781161	169.88754105855269927	170.88040033841372178	180.00441083334391124
POMGNT1	194.10656216864333601	206.12602948435289818	179.89715049923270840	172.12558184334017142	88.84036736631713893	147.36301086984076392	191.74232947760188495	149.19554123134886936	194.48413834552286517	111.50647045255044532
POPDC2	129.87590925384205320	453.99018189819730651	263.45468058966628178	162.34793629594935283	115.75724261797958548	41.63568766417756706	225.84778787669665689	98.41650556338395006	371.00886630934951427	85.60617455189800751
PPA2	230.40344314946256077	336.91344474978399148	202.92329269951503079	311.34844727642814632	204.39494723574637192	143.84278002635761595	279.11582887314909840	200.23143219748817501	380.42391289216851646	220.52098402790548448
PPARG	61.48573454801773153	273.47880793789329346	58.60344069346002982	118.40070956969390181	119.78166239787937286	113.20309080340069841	76.13370795842415362	77.69603285494120826	216.50342940041537076	209.72380797797467267
PPIH	238.20265780302571557	234.93576583417558368	255.76729349256166302	255.88513099125444228	137.36093853292663880	220.79474245568007973	508.29929993254154397	264.79810712855027077	211.74890995065737798	195.48372163239702104
PPIL1	132.69938148613900353	141.38350231401537371	133.13299975443635503	198.04748747863709468	37.98834111706468519	71.37996301509629404	238.38488482279183245	101.54492042547046537	120.26343970582239251	138.26988245486711548
PPIP5K2	308.63350123381849244	257.87492807325043032	234.23825666132617584	272.03085719201902748	378.22234833222847783	303.38521681470029989	263.24253945910453467	274.61540552544727234	268.14675408687077152	175.24988627796236074
PPL	113.38506139987963195	34.20427377427380833	48.20607549758289423	161.66300297909140227	244.10090224441293572	383.91600252870642862	43.64220280733136548	237.66435718821679757	33.71959831840140254	40.18309472249480763
PPM1K	325.28881812470751811	592.58391778443785824	427.39385015928394296	377.62873319462033805	493.07807188805179521	170.45082066507757190	285.66852823840736164	231.38750308056916083	412.42382674907838691	278.79404977366147023
PPM1L	41.30004887256626489	263.73659400318268808	28.58372040520686497	119.85151647893549409	127.42290422905317371	0.00000000000000000	52.42080960382600097	43.29085923394084290	330.84544832502177769	77.69034975997337256
PPME1	209.74313825825805679	228.45197922044107486	171.45569425793004825	213.08241249894223301	308.08789381792655604	33.55827094897005480	187.36028361047468138	365.62516645703959739	188.08901427088065361	144.69418221369122080
PPP1R12B	300.38889589419278536	954.39064429546419888	225.33943248038195861	489.45425251899092700	591.89592203283791605	73.77745998970893027	305.34462352288892362	310.70082866217171613	1532.30397396221428608	695.12404635501127359
PPP1R12C	210.03229323183970223	394.00895960723630651	162.52095046897346720	260.27366227946566823	395.27457182471800934	127.63491035565175480	236.12167628893473648	263.57252537061725661	472.30202082604637326	314.44612546706770217
PPP1R13L	298.64508696445278702	92.36143849208740164	137.31464831623677014	207.80766142653951079	581.16390617851607203	71.70735047295670483	104.95750503273448828	558.23355442431989104	135.19996810774549090	114.79744455025415562
PPP1R14A	451.16722418569412412	2169.89382398050520351	343.79133884755702866	1272.16596172898584882	400.87837962354683441	0.00000000000000000	974.86391308032659708	577.79665706156458782	3374.93928944483195664	1655.93450156725816669
PPP1R15B	610.55404129454063877	892.03609219177587875	798.20978743173384373	681.32382914278741737	1341.56209262133165794	686.36790492820762211	500.06450861338464620	375.19275864086262118	864.16268610654753957	1033.37055103026364122
PPP2R2D	202.15891658222008687	260.78098271982844381	161.60415480418470224	215.87642018901988195	339.21286768711973991	96.02313528778221041	256.95228119899491048	233.00753273659793763	250.64730839713496380	220.32031944592711170
PPP2R3B	69.89412309490198538	74.11741208792946622	56.89277898058734451	76.07275642231242330	114.14762642364620149	119.00154289653478656	266.40455836030332648	80.64132238748247516	62.77490431346483746	30.46077199277620196
PPP2R5A	165.78594748171320816	261.78274669534471286	142.07773437758694968	301.23143213798624629	213.84901443944275456	77.64055446998962395	126.71334249162460139	190.83284063994031499	412.67427573037696220	173.37460593465266356
PPP3CA	606.35341408257511375	352.54651025432036704	525.71130783827993582	443.99239209841914544	476.31434741440023117	369.13873820531745196	510.93900326940155310	572.50591487979022531	312.24829772997276223	488.95247597867108880
PPP3CC	174.68077004896952076	210.26405566589727414	199.48733894753712548	266.29856931324707148	251.00444930811102040	46.55781963754163399	159.49710845457948949	195.09670281363091249	229.59653820095226706	172.15483863242832285
PPP3R1	208.99448652620523603	244.48845435208971821	170.08051746390304970	224.01330639342148743	219.82524667885920167	234.88244524360914056	251.23184634689332029	230.80342090647030773	248.65586031945468903	231.62225618320053400
PPP5C	169.42757943614671490	193.33004571453074050	147.24211849236775151	179.44839193974792124	130.81302308651041244	88.83383994278574392	253.84101532064843809	200.39354610877606433	209.12266331379296957	173.62589659290702571
PRADC1	241.57537919184863995	244.27584110413948792	188.97100924532415434	205.51618535007258970	113.73603201468412749	126.93303653793243768	566.21936830082381675	187.81527522234875960	208.30571987248521282	172.06441548331321201
PRC1	52.07604831712647098	65.66335435732457881	49.07534908759569703	92.86591406225711864	31.28978359507169671	0.00000000000000000	961.33219286806843229	70.52237920959561279	82.03783357475607829	5.37644486716768011
PRCP	543.96989301290250296	378.74918873124073571	467.64097303528234306	539.01220313779492699	355.78879006240873650	565.68354566062771482	412.38778763599242438	468.55766568170815844	355.00656899194405014	346.13310344924332185
PRDM1	367.54472642403754890	463.25544151520381320	558.74243513414080553	613.60958684075876590	475.28622187068367566	48.74440487645044584	292.33340987456443827	312.90618881312877875	383.11400120936781377	209.58733121238032027
PREB	291.89655671927954472	202.11801870457446739	243.92607654800502814	231.80713525047028156	191.40930883850600708	365.97564512577997675	199.60790884733020789	244.79636456505599540	181.86318972991136889	194.92951357284411529
PRELP	1396.13480759638423478	313.91626384210138667	813.14534638820884993	672.72672201980208229	596.78840130371872874	1645.33562359181814827	358.13703058000311330	899.79250782387180152	816.01221392551735789	1201.83136805603953690
PREPL	182.26880337691656564	207.76262211859312856	136.53285366312789506	197.77027610886781872	242.19842197740439360	123.15724635017451760	110.91541538699095781	221.59534611892041767	240.67958881407773220	265.20103161405506853
PRG4	709.43930136768835837	144.78475117342307499	861.07581748353754847	261.55715958270883448	359.70061381370891240	13480.75857198454104946	262.13484775542895022	1090.66552182174882546	240.60936721381258963	122.24799146657362314
PRICKLE1	880.62034179885699814	144.44565219953753399	614.87987782012851312	346.70248733533486529	462.86108386100818279	600.44821008233077464	303.43808153487822210	479.21553067291159778	157.16873772427382505	182.71876633673809920
PRICKLE2	217.14585048721554017	187.34001232951194993	202.75024290146942008	144.66164863847254196	340.16479473697847880	167.60299223558612880	194.93303455415903613	240.45904447386874381	173.50084498336977390	141.07875883503666614
PRIM1	44.80697888134533002	43.72001310661200790	32.31679113865452280	57.34825844123500360	56.50026385335134904	5.83643692586583107	241.78437436550879625	49.49057084971989440	40.63606192282240670	23.27555136249617007
PRKAB2	203.97237964279815969	166.76739054752852098	97.30493829598439959	178.52722984730968392	235.32326002838303225	97.63698568865063976	228.53342128976473191	242.72526668853862475	237.14026528194943921	148.38898405512972545
PRKAG2	136.14776999329038176	180.93660337608085342	117.37294037980979056	178.08282947900730164	236.11469357077803011	175.88262624982255034	138.81301624879995416	140.23802592043722370	270.37641081232874285	199.71249649599209874
PRKAR2B	59.35325427828968259	64.02091584404556102	125.81156328695942648	74.37690938228659832	39.22138359347650294	78.48826890777090171	69.81423449459519759	62.52167933450017046	91.84395104175928282	406.90592067109798791
PRKCA	202.25566999932681256	224.78169582072720800	162.00598686692848105	207.65057635120734858	372.36879673145347169	156.84965643543498004	240.90920599282495118	191.58478226525366495	232.54818413309965308	224.12609764778309795
PRKCI	229.02291188781947540	153.17775782634319626	194.10251063369994995	265.62672463526638467	258.94581802215742528	105.59231756126568769	149.41077832597994757	216.35182973796685246	179.51582961348367462	223.47810829553631606
PRKG1	408.36712842654924316	757.06540885134597829	282.70432070620267950	287.79896767138529867	428.44355110881730297	88.91390360299364204	229.67911274944586353	271.55880922073072270	659.90275204920089891	347.03980012219744822
PRMT5	168.71429051843247748	189.34419246714449514	175.91017860894422142	107.01573804720405292	116.49258438899722989	231.95827205014848005	315.07786007686377161	173.96089442266054448	172.86024478721265041	165.57332540009414856
PRMT9	149.32046535025301637	270.15255009709875367	89.09109744727268776	226.02912118707925515	416.63830536448631392	94.80348409764722817	102.04614132197906429	123.45472837655249521	351.61345822169414532	120.33222919379980453
PROCR	398.73781591498811849	432.85190865195505694	442.97613253018340629	332.95998323861340396	275.82225446218973275	1598.94199872156514175	437.26946801368836759	301.93397174609134481	410.66493408483518124	1445.40842473038287608
PROS1	363.65610933518155434	382.82334551386969679	376.04902804042421849	220.68905313003173774	350.33818852195560112	685.41602485152554891	375.97670523333789561	309.85699841164040436	400.89657314408657385	939.27925374794278923
PRPS2	178.91698652786237744	223.08740102483497481	188.59202778312939586	288.58166214348352696	162.50227384363313377	114.19627849950333598	328.21217654790501683	214.46086293122164079	196.25845289613999967	198.52819243841190655
PRR11	15.63034082470251995	12.96356119960003106	9.61883113102109455	24.97956786072730750	0.00000000000000000	0.00000000000000000	248.19541530523815709	11.29013039636540405	14.30380587642948953	0.00000000000000000
PRR16	139.96947068514438683	385.21163387772611486	161.85983392858111074	153.97396512210067954	202.44588271707036142	30.15740843566207019	117.69293575802237228	186.09505205963750996	250.29268678688484329	133.38818959847750989
PRR5	405.47311604008649510	149.17515312273596351	337.11073158571144859	209.97992852666723707	323.08436479069484903	308.55208455181059435	227.81922254752092272	256.58448678410957200	99.08328658633030273	34.73173923012704734
PRRC1	451.52682317829084013	293.42045230388225718	382.13790513432900298	315.05705593871726933	276.35397417062443992	174.72158367838812865	592.04515384604201245	359.67771439133349531	239.71575956080621950	211.27026567502974785
PSD3	233.93085120964838097	153.55084657179887131	160.07511553769055013	245.10590895138307133	266.70031072057065558	87.65039917091708332	150.08958081807290341	141.20740087970474974	96.63293249731987089	84.24734358520505850
PSMB10	184.13445054355389630	291.15569500118311907	275.90025540271449245	159.68293062296322660	82.95366383096606455	158.26839270440976293	168.45941494577422759	180.27184909891110465	177.08054886470529254	186.40937599336328390
PSMC3IP	39.88011378468443979	43.27808424927061282	36.27412896573255807	53.50107723884923416	27.97251469336546137	0.00000000000000000	318.65651727578307373	70.01676162821983951	59.02557925414159001	22.10514592669598954
PSMD9	196.56534489297604296	196.28448647088612233	171.22161447606097795	173.46610124036624256	158.31660759483625611	181.43919250007908772	327.51622199641832367	135.07239652818003606	194.75351484733121765	154.67636595503947206
PSME3	191.55625507479200564	225.57020545894454244	182.87763377028207401	262.43367927769634207	127.60400902001919121	52.08372757172244860	207.34404005162738827	156.51118642299482531	207.71793800994461776	151.49291494327556507
PSME4	193.55846549508171961	249.52758450481488239	216.70790054934920477	227.43833851007818225	438.80209776125235521	10.90106963448898370	172.24655109230229755	130.11805980362257174	218.85236729762252139	234.04265482614195548
PSRC1	20.82734930809703044	50.91184372503025202	14.56020186178965758	66.16692660540311977	14.40582229249045376	0.14720579088037700	221.70627429503221606	40.87319979633110734	31.89161044297551229	13.41231830484809073
PTDSS1	136.36691277667608801	117.98534081254005912	135.16994108039455114	149.88300154910538708	167.43280631323369789	90.61575880892389989	247.68545138922260662	89.85912554330835178	117.70012337728380203	80.95422151141751499
PTGDS	1338.23240644723000514	318.27507408479539208	4434.31666214699271222	783.15870240127242141	723.89041499366214794	5213.94179043986059696	795.67792287386919270	1435.63606173830794432	298.23895245601192983	607.33290023895210652
PTGER3	324.24969079445111220	303.61361339552388472	262.72615827370435682	183.20648372197578624	220.11746279541907256	273.95815587306509542	148.38740705995664371	148.94100629532542257	139.91267868522763251	267.48935954493271083
PTGER4	175.16634237145979114	131.55287835903547489	207.25917945353046434	421.20908027679132601	215.98979200554157387	329.08769154576822302	107.08492572512435004	136.39888298599709060	206.67343931136659307	313.87070171902342963
PTGES	429.08810809227350092	167.60403407532706410	540.21482673458888257	383.53387421797890511	1034.58374562201106528	484.53486542609130083	204.44179056691154983	1806.39572786934104442	138.39133995196604587	240.29068193744279824
PTGFR	167.36351026720072355	42.64589578429549732	163.99857818651395291	174.78528295389779146	163.70217595713748437	458.33016070606299763	97.01454581957509049	170.67515197756227963	45.07212330602210670	78.07243196396592566
PTGFRN	668.80279909172895714	295.21464758731423217	502.79182225649861948	277.12642041842582330	371.14220884767740927	397.29385141846745455	425.64349304581912747	361.59682263820894832	168.12952032399857671	187.99713893185693792
PTGIR	254.86653135963970840	557.84444836632349052	321.65587671413379667	294.15997913036898126	332.80097861773469958	190.25865134809799883	175.89367144205218096	246.97395038850652327	612.97044786107005621	282.24678398479852603
PTGIS	662.50208844824294374	135.30404245348398717	511.87704738816802319	408.48863607253508690	421.58314333158500631	2223.79841227274573612	898.22437705929951335	930.36309764500992969	164.44362252019328707	211.47696138659520670
PTGS2	733.24729426091130335	274.06675088257605921	732.21023266003282970	644.03227664492158056	1841.67857469461978326	990.00277728132061839	188.77442244042893549	878.54547285285059388	297.13663328480913606	367.28059965575118895
PTK7	1141.28080079760684384	406.23267535223362756	733.44030637441494491	467.10011073594984055	880.26892443245060349	403.79866445772796624	492.07942672002053541	1181.58291567499441044	377.15828575080109886	194.71700982476838249
PTP4A3	249.29506548021319645	1712.01794106736201684	139.81377608007849744	906.28463891630144644	619.52448390713084336	0.00000000000000000	363.10412132947004693	292.94159723025717312	2126.95172214261401678	567.37635383753308815
PTPN13	212.77694014157086144	261.53303557504625587	189.05285541717003639	220.36324352714430574	242.35329260527251449	208.50995303364825872	119.71895464478537008	185.28221165630000655	184.96390768826532280	195.66281967631599059
PTPN14	286.79880172715547815	208.02258951473510251	150.12432837322626256	242.87417046453236935	336.70652556973141145	4.74104845680576847	284.29271330999858947	302.67843170332650971	229.83979228152196583	101.35305516775245849
PTPRC	76.87069983878591017	73.88444625844843472	71.51245244680069391	633.68813889099635617	104.67714962152845715	0.00000000000000000	38.88760812544150980	73.05085764045209373	90.59496572995391261	21.27129445409523356
PTPRD	243.07890499103402249	56.50897126986481567	121.67650226174507111	94.27942004465886328	267.83616371086128538	98.47190422024065981	150.47493477056062261	240.28958684620752706	57.80623780191503869	51.01609867221013417
PTPRE	320.58510677920435228	522.30376340669624824	379.67393210901639122	442.65269103594067701	336.98049232678795306	119.28883794285351883	325.66089874233819046	265.41259704176150080	229.73388482083450413	155.62110105758904410
PTPRF	164.29082216259237725	64.22831649235752138	84.27194320450013265	208.43825380605730402	308.17503040693787852	60.01184118155633485	128.03042079162946720	267.70371538940594291	149.43691180167741095	103.42160716071097681
PTPRK	225.10181091353084071	522.42874898562718045	193.29152875831061920	256.34778657737609819	265.63425225416648345	216.02642391798187305	145.53214123065916397	164.66470352090559004	397.79785368822803093	244.57056771617803292
PTPRN	59.55072923609674973	14.47926781673658958	23.90396121499234638	32.11759885619230204	161.93293404204192143	0.07693958167305456	116.87911105666611888	267.55295992799108262	19.36325177314330048	6.34694105535353348
PTRH2	166.90280392332167025	212.25777003400665421	204.30509852123338987	133.49782476356145366	154.24865502773951675	177.65117603654437062	188.81191344448549785	188.80324024870256494	159.43862071269307989	151.65938876115669132
PTTG1	149.05749965749174635	158.52710629342752213	137.19566445911240749	245.28388109402794726	34.18547940531045271	0.00000000000000000	2196.36819811804070923	219.20358859775416249	184.25197968813552052	15.55636804587454058
PTX3	512.47206943549542757	165.51101989025403327	625.10908247768793444	469.43922114582727545	717.03485036638858219	2510.36068739939946681	691.46364792849067271	1526.11217590721730630	192.60063433205692718	241.86827095601455540
PURB	267.02700018564439688	377.85122766050329801	207.94138883268936979	279.55731825090401799	436.60506736791887761	234.51238330327922199	368.13545370152877467	284.24401247789592162	420.21819662760822212	303.15307605811108260
PUS7L	265.54699530576243660	188.51741559833050133	205.04975225371373426	260.93391696314932915	318.89621942153121381	183.81842322185445937	209.94371625567416118	312.76327621724823302	173.15544154190928339	177.70933662480658199
PXK	299.68308377804095244	207.60942269154176643	283.21881643374388204	204.65759822775001453	206.15416464320344403	413.71015119716582831	192.46336696383613685	343.38512827650811232	202.31339533145307996	291.26847710783800949
PXMP2	119.89208191317405294	107.34092947895551617	123.66541250642683281	118.80922328242795061	62.53387416707118263	39.08631915551166003	222.31924647453993771	142.23299781399552444	120.75776141817108567	130.73999789185253917
PXN	182.19482185730501556	145.87102955286704287	121.93459920331829949	162.62502062995957886	553.59880014438135731	250.52508910285084198	152.99466881465608026	277.51312079619373208	117.58185386277541795	101.39458796118201178
PYCARD	427.80711139275280175	375.00095870473768400	655.53684274278225530	640.22899840970353580	300.07361875081039670	335.50832011805442789	476.57969998294151992	403.53722662656593911	323.86792420521760505	262.16705103206339800
PYCR1	806.70676098262993037	163.66088737525353736	417.30846808006475612	545.27398473512926103	158.08891254488028721	229.82073568119542983	727.21098343036715050	565.67998246575871235	143.58480725405024714	122.16004782315756927
PYCR2	221.14939132482174955	219.17757502283109261	155.23569731554607642	305.89670616173378903	151.20118651454959036	266.88122588318236694	499.29575654602251689	203.48223005451143308	253.42804981509297590	221.58436171109170232
PYGB	147.43042157209885090	160.18762030539963348	135.70634528811532959	119.47992272775232436	180.40487358432815768	42.75750720959968731	212.93614832554894178	139.17154510270987089	193.94791023703012911	124.84238219187520258
PYGL	348.84812531205375308	162.88018447860071092	200.17399670518815924	248.56955298034841917	471.74301004699492523	243.37551710805402649	385.99376402800066899	519.71840296441052942	220.19254357321253224	316.10898687062780255
QPRT	144.95825731508611511	254.19542402113185631	135.47768239144221525	204.84588636683102436	121.98724955054002805	165.97398146224878701	118.71536379928306815	100.65515269995302106	62.99801150178404185	121.32427338846169107
QSER1	211.87159923823739405	213.59372787855187426	209.07429431980642676	223.04665738505505601	374.13573656423233160	197.49692637178566201	286.46622878371101706	244.91023622424359019	194.07744738469128265	139.90532119793803645
QSOX1	539.76896691567060316	304.23107084587411464	419.76562945122515202	450.37564921188533162	584.28314158438490722	401.11160848648108868	401.09730329196776211	678.53301624157347760	351.10842790735415520	281.72211446862337425
R3HCC1	370.75803515804375365	382.35133655149729748	273.07822096520777677	389.68965493204120776	390.28005776807293614	240.88436689412631608	393.19330024775462107	681.39974794509805633	441.35879963801437498	291.13414085907004392
R3HDM1	134.42095965762507603	205.50590484966093641	108.40558289491582400	156.44725458091755854	112.68867781894192603	130.55306144091613874	232.63635560150623860	98.84489355060163973	187.88669965728635702	130.00739307382485777
RAB11FIP2	218.65968596787772071	243.11479351586245912	155.37444719775524504	189.30284236724088487	183.39386661462330608	214.14284231543535952	248.43783851957738307	199.87043709665039160	304.28732350261100237	225.93352620785620388
RAB20	50.81152392718450272	164.31774902586099074	83.02221617517872687	162.07002008076523225	85.64098855095318186	26.48795655920458714	138.09301510877480723	122.88489159056811673	250.91983005485261060	98.24053128575920368
RAB23	325.51319247387669975	217.38227169626000546	217.21248037368130213	283.00744338367996988	125.84547560147164802	259.13703610753276507	249.22959206323059789	186.65764111431184347	267.97708533169537759	293.38559340279016396
RAB27A	324.70564884741190781	248.16181285841199156	397.72412044645096785	316.75551188077906772	270.26649787069118247	248.43412342482102417	438.49325543732066990	310.96920567780540523	311.45421544676207759	160.87168877033684566
RAB28	244.93871399290759427	208.65314847739512061	209.44765028761327130	217.54623057863059898	159.26543309963346928	146.27319760279257821	152.52144169545309182	214.47030828132477609	201.92707321135711140	166.66238930545137009
RAB3IL1	423.95516945081806170	301.10788539090265203	327.66128954491387049	328.80126023342216968	354.49315468693862385	377.46956146087194384	216.47136183792829911	388.47689423728877500	220.81073952553552431	368.67711458513650769
RABGAP1L	330.15805481997716697	220.20735759307757462	271.66597748949493507	385.84341358822052825	312.24712919777147135	75.89994099244650272	121.44098791662733561	204.17133775163770792	236.76993756281049741	180.15264510885106120
RACGAP1	32.13338375013306347	33.39687262560062209	24.80775338997094082	46.52999855938769969	35.75559331495198023	0.00000000000000000	355.58988576258747116	37.10416709019033732	33.87016293427557656	9.73244217044720905
RAD1	186.31140522982425978	158.07991927053546988	161.68087809910954888	146.57889435664938560	169.53358078709101164	169.26100406818275701	271.33603375813947878	180.08123805751833402	188.60337554493983703	149.38694953647711827
RAD51AP1	22.66814956272250825	22.80374097588030935	21.27832524240280776	32.24953033366209354	11.31499569280016182	0.00000000000000000	282.60421587560006174	27.06057132116983865	23.25118379358524123	0.00000000000000000
RAF1	284.40287673599999607	411.43343197562444402	217.52604111893015215	303.65285972777400048	519.34924374274578440	313.45585384844753207	286.96165481531619434	299.28450848065648415	435.82967425182499710	360.06721375088113746
RAI14	1073.14993658867638260	429.37153130612091445	1045.84540452796704812	693.62597847666199868	992.87043565625742758	295.24955049838399646	1365.09857867043160695	1086.64855537285438913	377.02751056051090472	249.08199945903879780
RAI2	197.72696373130023062	49.17310295533226849	210.58741615986912166	132.95433078647803882	76.62034633330483757	240.80657004818471023	124.17382067986804373	164.70334066651057014	92.86530843457929052	105.39789639030354351
RALGAPA1	273.76879420716272762	425.04515692247923653	269.33218184488293900	458.58169301316343081	628.67761392764828088	173.50174756231248807	202.34251041784037284	278.83657412663490049	468.70960409706879091	297.07225620014730794
RALGDS	226.54509970012196618	199.04921031363053885	345.37460655753085348	348.91237948268974378	316.22157864389777160	256.71578509607610386	190.06887800992592474	292.83929132324487910	168.64352960392827185	257.16272612755039972
RAMP1	804.49047348159024295	196.81030135245038082	1134.65792553010351185	374.54903259366301427	260.30140047274898052	93.90408904974250959	284.79773939366509694	435.75145604839542557	617.90658106838986896	238.29313229641593352
RAMP2	192.35947545193641872	137.83050662479280390	180.28203904485374665	700.52760138878659291	172.93885310671035427	680.41400989670137278	83.61542208777402152	193.28644193804990437	116.05750382784184183	85.97480768478561686
RANGAP1	128.42826145377625835	141.26306309692262175	135.58429647522538630	258.94685297957710191	103.00815804621998950	49.43932656851738017	334.79100769998649412	100.02261255120428984	146.72346040722516136	120.28826019907687339
RANGRF	176.18179486424418201	180.43177776513530830	138.64513405258747980	186.38964876237741919	108.70545341371260406	148.51265884320753230	353.36149757871004340	159.85072306701525235	171.65292277866470272	177.57823824008465863
RAP2A	212.02758714870671497	537.68109057997560285	181.49604232841159046	369.37623923100136381	229.53466538047970857	122.24613282072904497	222.07175866564867306	210.08176670911501560	613.83691043371391061	593.45193623774093794
RAPGEF2	145.29341228624952009	381.67760372909742728	113.59391749670814420	221.31267578256174033	251.96007915387858134	57.95437163988071916	151.70394664467843882	156.33460067762021595	281.32987940583075215	187.78526201252063288
RAPH1	186.63597500204633661	384.90382354849617741	146.19601727840910144	303.33478143612535405	328.57003457279910208	163.30327248406786111	175.94018410077853787	117.43140103961601994	254.34447479938754100	271.38264549949968796
RARA	292.05599127081126198	395.48519797469651849	267.09057884628168722	363.43761739093758933	359.14374587175092302	276.59726144799395797	196.68708888690355252	267.05158986620165251	355.36561034709251317	416.01204195558278798
RARB	89.37358668912101223	202.04607988999623558	218.61546759907105297	100.15085830122627897	101.81720445356684479	25.68290290279172794	112.53724723918810469	55.85918787646770056	136.72655483612376770	210.96562257258474915
RARG	226.02069404570207212	199.89708453542692723	191.77058944418664055	153.28014830156354265	130.72019377540905793	324.77396319048062878	114.56259828231509346	211.71476110763768474	175.40095413439541971	216.16681465347269864
RARRES1	2253.10420301314388780	466.80056869425658306	6383.93343177803490107	1180.36702996266490118	627.29769833472732898	4291.92655260715400800	2483.66972876521867875	1291.10715336756061333	518.22630250696101939	660.88920077452428359
RARS2	395.55985703007667098	265.45689930781151133	286.14784300711141896	330.14266301644119039	310.79669406497208684	236.24285560939779316	265.08870653857297839	474.51046372924838579	312.71492021689323337	275.77001925011762751
RASA2	209.21372190461161722	179.76078981456163319	180.04197263335927914	203.04985315407202506	439.19803261328064536	153.51020512477725788	180.30849445888711102	174.08658639010130287	177.92740702909665629	140.08087736593722639
RASAL2	529.32170111265043033	787.59050296296504712	469.39494331739592781	401.68865829837562842	722.45119139183441348	289.90879433342820448	451.80968991380285615	379.34931586530552750	790.04891808397417208	412.35907960396991712
RASGEF1B	214.98326161252671795	431.02691652419201773	402.08143345718929140	409.78982087692889991	306.71722182077724028	0.00000000000000000	219.15774035859965352	161.03609894525865798	361.18240786850549284	277.25000320962840306
RASGRP2	89.02452593743417708	253.16222662338037708	90.11424752180992925	181.59794899671248913	105.39285321456070221	51.82554231697073277	103.27351355312103465	83.07302598803242688	359.93572779081762292	175.66306263547545541
RASL11A	111.11900422107051156	429.76657857504972071	120.20203046072171560	265.40442644656656057	230.76850772351932051	49.48710635724201268	90.34388731328326116	87.65718952881253756	681.22219989251800598	643.50676911209632181
RASL12	183.65230686287748085	743.26336739637781648	203.32182902184155182	365.96012192983351952	180.77874643110982333	18.62910068605397740	276.71825740054583775	183.93462408538781006	852.31516833853345361	340.54099473829802491
RB1	169.45822771167439669	294.14939005102536385	165.71448609569924315	264.01473255400117068	321.47546501581672374	138.75941158615921722	282.82221797846233358	213.81455205964718402	284.93896973868504574	191.75765539337695031
RBBP8	122.91188087349648583	140.81054880191334178	124.36617718186322179	145.82656487970413650	127.76255329877770350	64.11502387145540638	375.10314159248923715	143.01643739894254281	115.97955301559532870	124.22752998400578406
RBM12	182.24255366321307292	251.59009483497661108	181.12639919607386219	215.14910658980144831	209.44948363071358699	134.36727106931908793	293.32865948569343573	154.09508704169704174	263.01683203640214970	186.29573379271099043
RBM18	174.75020527525458647	215.16228478464367413	173.54483304766128526	141.55503918915286476	188.50381985154191966	156.22528903892060725	124.93938234852329572	194.47046319041376705	239.71259841219270470	237.01406854878754871
RBM24	19.05984882655874557	57.39076517182884629	20.21334271980062880	56.72618834544204702	12.49864151266462109	0.00000000000000000	24.03521272800435682	26.03776864550013670	186.32930765309421872	40.29491214627194751
RBM26	340.49301259317741142	432.42948935050833370	340.73132880261294986	410.58833741668928496	576.92063909028070157	256.49676089655764599	264.19360941592373138	273.35780336588157979	416.19104347683645528	424.67941960386792744
RBM33	227.65572556807398996	302.13095477247946974	169.91301958233870550	282.51843037533353709	496.86816788560815894	192.11388855214676141	171.53043326527159707	192.81733762079866779	277.93131573438489568	214.91029955948212660
RBM4	137.62395220914561378	224.53982935058891712	138.47643483198024228	146.97173760326020897	280.04082343826433998	94.50696909841001059	121.21302671588892963	147.81406509895160184	201.27093088716554803	230.49493797828807828
RBM43	247.23696969363740550	214.63028080262526487	245.09488868659090599	186.12459425291623916	258.84062178565261547	222.08131014600516551	94.96028412199849811	285.89712988712926744	177.47847337504231291	216.75717566388777868
RBMS2	228.30733347910279463	249.03938487574671967	230.23479254240024261	242.59018030925878406	178.92825845318105848	98.33812739554204541	107.29478467279984955	197.17227943882721775	185.34803841657927137	213.49378023198414667
RBMXL1	132.73393777500101010	234.08778199936773490	151.68448905369314161	167.98163933407002446	194.75877063435311243	67.73013284023832625	116.95076443166180979	142.88422565552087917	203.33635187460430416	171.17504335489689993
RBP5	153.61766185503699944	88.69468446664969008	1102.19348080452982686	101.67648844513216488	90.70601628599386856	340.63672797059740560	244.00340862492640781	145.27885385958487063	69.90288949734781454	615.22360313805620535
RBPMS2	53.75432822871800198	233.09038761388910643	39.67981705855400065	146.64936299320379476	63.49665916591684578	0.00000000000000000	80.60363694680512481	48.24587018164982055	330.47000719529268054	63.18704241562814161
RCAN1	457.52218048287062402	384.51369820912049136	317.40472617498767249	547.39657760465433967	724.14038050102158195	547.20788659326069592	756.98847766985591079	587.74401818665830888	466.02008088369291272	345.15244839454601333
RCAN2	227.89956173477156653	748.25774168251700758	244.51337900942226611	413.18617041033854775	178.11097146574650196	0.00000000000000000	209.14092681391110773	152.96207090131605355	1356.76638577744074610	432.46564065064274018
RCC1L	369.05160635150775761	251.97729292955821734	299.42698730666211304	320.10810353064096034	218.10562718734965415	232.79907510815391447	298.75100741959045081	388.25830325080630701	283.81978530098507463	296.98161354931943379
RCL1	132.61964742265135442	130.14900312436932950	216.98939093393445887	138.75481219677268996	120.67603855467706353	202.15593364667222431	103.20714346236022152	108.50728604600652716	156.21029033607538850	152.77976429505574174
RCOR1	174.80230063338359514	259.59740976539507074	175.78630045445004271	252.49865069345190705	239.61159048442385711	203.81806210173860450	242.02486622184181897	168.41273991509518737	222.82537769491628410	186.32881924284501451
RCSD1	60.98955341968583355	413.05818545451427326	39.00387758100309554	241.04110222812238362	87.70617817312560760	0.00000000000000000	113.63369897299421041	72.96877177081914567	359.50320744383952842	161.66193222607461166
RDH10	271.78544917015665305	179.02747818597177343	421.26583933862229969	185.42812197717049116	554.01222755282526578	475.07137644440854274	195.75603292300573344	123.08251710833104653	284.43273794172120006	223.54534057136905290
RECK	505.47237572361370894	215.09584165458599614	270.75215173266548163	395.84511519284552605	318.26361051476862940	533.19989571318478738	298.56173508772110381	446.92453021633588151	214.23828587493349573	191.66277038339157457
REEP4	69.50074785264447996	62.07501264484329795	51.60186520392819176	87.62186684104652556	25.31058987899470480	20.44266657704508816	246.84477412157411891	65.49498169829588790	59.62869668797990386	35.72899289346117513
REM1	92.37613822636645011	293.07978048481845690	70.71101560958190646	158.93528747292188541	90.04589762507399087	39.21566015997567689	77.00337842435702385	55.19116745217116460	250.56590952178021325	354.55239560766483464
REPIN1	209.22690710440235762	254.33068100588141647	148.69850215796819271	243.12911727714566723	195.46056822549797971	218.44772266800308103	238.23365027945905581	268.15441938047217718	279.53080278194266839	232.25986287387155471
RERG	185.08201853306232465	557.04947089169752417	148.30081394993055710	312.62712700154776257	257.29463503161076687	119.52215915292876502	123.38694865314785432	134.44831257165546390	612.43325755889043194	954.98848444559541804
RERGL	180.76922187432433020	453.47177068105293074	296.27358066981753382	765.94839513069632631	106.65426572400386362	0.00000000000000000	102.96765360504979014	160.96519223805069032	3501.55890027873419967	0.00000000000000000
RETREG1	209.39444802739569695	62.56875494449948860	228.51211486216791968	161.31384055511810516	194.45036796730286710	389.85175944069317211	260.00148328939047815	308.23399906170180884	72.13502946729711596	184.77488279494093604
RETREG2	321.21130847561283872	340.13123795384331061	257.89466195733547238	285.57782054026330343	466.60543844467912322	224.06920307681735949	262.06386583599356754	626.74935547390202828	367.76815115727612238	384.71106214373946841
RETREG3	204.55064252164839900	234.71535292388935545	180.67030438041746265	223.86992158973512801	241.35750556275678491	163.70375802561241585	119.76928887472222129	157.58863810113385284	239.90778469131277006	224.88801718583067668
RFC2	150.06059769968382511	191.05979983972537184	174.79350318666115527	216.80602677268933576	186.51136183891304654	46.00840538233058652	334.65201012915906631	214.00590377508635243	211.36562372397486342	141.84371442305058508
RFC3	28.92998964361101244	30.82203652566260743	26.58990403527883117	64.89289479975697361	32.99992683722945941	23.72272109391265360	191.48563259192121677	24.40657631892747403	40.58692580032254682	31.77090719753983450
RFC4	80.59530151742991677	84.35511768313773473	60.72934416830075577	99.68684697810643058	35.28405632142531800	99.49213535546945764	245.47474039735729434	116.57659532107030032	97.06964228512400439	52.52532435683602330
RFK	291.80938860639804489	247.30902074890377662	271.84725755137532133	343.40372452822839477	270.54497961786125870	315.02575790186716631	174.65643687512454107	249.02530392709289231	265.54250938214971711	269.91662527433379637
RFLNA	290.21344375541667659	41.66286110621014416	284.54917788366788045	121.57968898433830418	35.26981017247586436	110.22078019253380887	242.59357662251528609	188.93079376173375294	45.11293542628234121	24.17468470158739891
RFLNB	494.17484103250609451	232.66004224560248304	174.44563337337942244	469.66623204643371992	1078.50172755758217136	204.23499501801379097	557.45143450436546573	2041.97789404901391208	232.12187450902644059	140.51113445607961694
RFTN1	336.12515880776879840	737.56410158097651220	382.04742964691212137	314.11223016815199571	292.43968003897947483	225.49511372696338185	342.76682622403563983	258.25767326151878933	255.20071065929943188	494.97316907257652474
RGCC	2670.64388290073202370	628.87309829861465005	1752.97634632140579924	2283.52853859890456079	1529.63620004342283210	637.86541564437550278	1316.22551482142489476	2077.82014901797356288	734.67757970155923886	562.88986911041138228
RGL1	160.74260462039376307	180.72955116213799442	195.03689464540633480	155.35672954942674551	176.94022070370397159	238.81014023065537799	88.68903594825422942	115.83155715911694017	144.49125799339947207	139.04068310319541979
RGL2	222.61227831887600814	300.80245361192339715	170.20639266426948666	339.35616280846141990	252.65308564514444356	159.12957132319496623	165.98947970233049887	244.48519117687780522	273.78064760825913027	224.37507023736984024
RGL3	27.13330178918966240	189.71873342557316278	18.88594498174704128	77.61592688404920182	103.96734024559167153	0.00000000000000000	33.25783172883921424	46.87672688131323184	190.85365260880237770	95.39578569604942970
RGMA	145.33879813229822275	147.40343881171537532	166.34164387539959762	134.72449894440268281	196.22400992032316935	439.00237171720618790	66.06702345974996149	97.85106505822945167	214.49990641322560236	219.54413503008282760
RGS1	259.48488260289673235	277.68951393494569402	303.88161564092786193	1640.77943944351727623	487.75078212169290737	0.00000000000000000	142.42160580256992830	320.74975388563200340	300.97905261557639278	130.59691169251587439
RGS10	489.78551775332255147	329.23356739702296636	438.95828073428265270	566.69939466935318251	293.27249012765958014	494.97029739834101747	667.64421642227182474	574.57399847379213043	251.82279548907706612	429.06208592268114899
RGS3	798.32392352750991904	335.15494393015933383	875.04988256354158693	454.60716371140932779	462.29126197372625029	344.05546150943257544	563.41879019645045901	504.27396493967540891	496.94437258566210858	240.84863972335219273
RGS5	1668.63090110173197900	18889.95387441515777027	447.24227969353773915	6584.86092647331224725	1863.16392456612925344	109.22790548602067418	4658.57089654058472661	3001.06458046716579702	5212.93073454300974845	3043.64723933882714846
RHNO1	87.92429094641352094	67.42353977702543943	88.33799323228841160	100.40803796068135512	57.47054212542399654	36.02215062260287226	223.53487669733891607	69.68590545004336434	56.70889672605342469	40.04795460795033080
RHOD	393.49136993349645763	78.46372854874003622	266.29627094944481769	247.93098992171101713	191.53277427660526655	224.72664956908806744	189.54518447738726650	344.79740849607742348	177.29129382098889778	125.06137865369062467
RHOU	166.62790345082279941	93.23858978356747684	407.72449229552063343	211.35581520097821340	249.30367166293652303	318.25194206903125860	109.50709694563147423	158.27100844583316075	117.82960043164109720	232.64341048866410233
RICTOR	284.42318360434450142	369.52778694831783923	243.07372427424712669	397.94674064868780761	637.85637736598380343	230.67006501827535203	235.05454789422350359	339.37319070789169473	339.13366547950238328	325.00248393781464529
RILPL1	274.39922237042276265	249.92090533523057161	270.90067940269176461	310.49313787418810762	178.06916418906715194	149.72856901991553968	158.84745683615707890	255.20297964536820245	245.07458073354428052	186.50793278113553697
RILPL2	238.18740843287304187	465.70039590764508830	236.98673334283202507	523.54091229818891406	213.98241979125677403	160.58426202988223963	358.88344353157373234	286.14073152825142188	461.22676217300039525	263.74614623067446928
RIN2	701.39874839265633000	188.11184357809955259	468.84237227165783679	408.53792992606787493	385.36825901453511278	279.65211422002818153	235.46794953682865525	418.20174393326158224	252.21917206394533650	225.74149566078762064
RIPK1	180.97431052074270497	318.16536729862531274	210.41575890207170119	289.97422788072009325	263.07286686133664944	85.94922311148233973	183.13255417142406145	151.29694115848297997	307.14889979266189357	206.37685825615577073
RIPK2	335.46808485761556540	462.20437748337508310	667.10780618351657267	500.31729780544981168	366.47178783599440521	322.99937640232701597	362.53579798650184784	269.38532229331434564	291.82374192934616985	384.89527987420552790
RLIM	188.65121971783759136	218.77382120532519139	156.15641288905590045	267.76342408857192368	285.58304520924184544	184.08820923522182511	232.94999027150777238	147.38700731988751613	281.15710317296395715	212.75735884530610065
RMDN1	198.00069964868896477	237.08328280238237085	166.95315686921071574	203.09907556586222199	200.21848183337939986	125.89482838408024179	311.65861668561228726	270.24876171002063074	230.60693497755463000	218.37478158279111540
RNASEH1	246.15045213155511306	238.98232343857273463	206.43586516830094979	261.18607557355556992	193.85660194740515294	98.64201934325946297	326.87858706482597881	226.02618642766918811	242.75771950217028916	145.45037868233919198
RNASEH2A	123.29180462949463504	128.80839407556010201	121.67651185314019813	134.30741739911164245	83.68480654674034724	111.81080614299850140	673.29627225136050583	123.77334381614568315	121.70456570943468932	72.78734607598001105
RNASEH2B	408.75080748253157026	353.18368389369146598	405.85307656551219679	378.75946808421576861	280.56058516630025679	356.54371872960433620	570.46286537482910717	399.25586151759529230	276.50291910862625855	246.76288353468981995
RNASEK	182.75281979888606543	208.15187926774154903	198.86056583504969808	136.37877590572063013	241.22443605792946641	163.83096552815823088	129.88150494065118323	84.85262918166127122	169.00775632620170086	233.78679466757139949
RNASET2	443.76229235530536243	412.64917819918133546	437.32121563863142910	699.98891017572543660	335.75047215832023539	448.21429752833068960	287.36512852594711376	563.89762900696268844	243.59801306374686192	290.18695096061253480
RNF121	235.33131836924692948	146.63822526249714429	222.00633719792398324	144.44485338178543543	96.32751306974751060	195.11720117277815234	146.20174508308014083	221.49058168261544211	152.05580542163761493	174.12723539387846472
RNF135	175.41641370118264831	276.13212081103381479	124.42223944075720965	250.90847803014375472	116.49580828816127109	186.45446134536993554	127.20693425784472197	148.94220360221081023	213.83664439780568500	214.11937829153438884
RNF139	204.29985674033736132	285.76792339078281202	205.73030716540921503	324.04801689368377993	167.45249144143451758	265.18462048652185103	188.01021645458570219	214.35793851242749497	266.58719918270156768	293.25772000878708923
RNF144A	267.96552303595808553	61.96069676053674158	153.75466766608721514	125.11019342078759564	207.42939968882757285	148.10144723102698094	166.61051222793949478	222.01890812720552049	62.68338415734082503	27.01712167560639344
RNF149	452.18504754575911875	335.58905448226897761	526.68037177513747338	460.76418229041837549	567.21608981677456995	444.23219368870348944	304.67568254136227779	470.10420980874317820	297.30351043577803694	332.86473631969465714
RNF152	258.75505888520325470	1171.98609572070540708	175.03834542401679641	415.97213130104529455	505.63590177862778319	25.01580133134535444	266.01757862452757308	263.43822999717264111	658.70888399737293639	523.92267933914479272
RNF19B	382.46914052668762452	280.04610136168014378	874.46683393746297952	401.00040326392212364	398.80110934717293958	180.96430000307194064	276.90487155833295674	253.21565618060196812	260.15138265702717035	233.29103373004360833
RNF207	112.55553428009908146	71.52563262566458491	218.93225071464047460	41.15199257701391389	126.82766199849217514	29.63597214930701540	86.45701350994600887	78.52278638029963531	48.74397484790555524	38.22376484920658157
RNF217	231.25286158424756877	193.26881928815257083	270.15334466069566588	148.97038006510564401	340.77051360620941978	231.72205743434844294	255.01297021921368469	222.15766603126758127	183.43832990669528726	284.49946990983642081
RNF24	381.47713311934120384	500.22799298973325222	416.41146957620782132	328.96262825241478822	572.93457973734314237	328.23385222314954035	458.77014625589481511	473.58720431886126789	377.21287170930764887	242.18851060155375876
RNF26	114.05783239883307090	96.85465845527453155	73.36996137940634810	127.86149536868114751	64.33968292473640815	101.38148000655567671	225.20047251387947540	111.88027049667046242	98.66427984628673187	101.51662087647339661
RNF4	163.74881167775512836	169.39226749883900425	152.43129575597737357	191.58264714510963245	130.94173656553985552	134.64695151898848735	332.70149875888608904	144.03964602989515242	151.48560846612764408	173.52115605252120645
RNF41	191.51757204712134808	233.50803359237997370	131.62300445229314505	207.86624483973125166	160.12798987226526037	170.34115050276940906	219.62562306407164670	221.64857205025884923	279.39032562569394713	226.02103679015579019
RNF6	141.68337494016429901	161.61493763093710641	129.45172553913531033	132.99584734965685584	143.66135834511436542	194.27494611543906444	285.05901507399397588	149.81231844373161266	163.57826647009548537	116.39683351828345792
ROR2	327.95686262043631132	79.69505619178785594	355.34795114958387785	163.24591554668430149	291.95834408422371098	170.11930995160022917	355.60129046170942502	294.97014788635038940	69.20925953972790978	77.54806469056963181
RORA	590.70284708167093868	470.44094831061443074	492.13901058608632866	565.51836989776654718	1329.86017697295574180	314.19876935112426963	343.55515493024347506	956.71591395094242216	412.38169586478733208	301.46642062420096408
RPA1	144.78139810718701597	145.77168607809326772	91.74606844229623448	145.98269392824698798	125.79072376385897769	171.31620444825276195	308.20976144924952678	148.10700895464606219	173.11531224372856741	130.35283852928020565
RPA2	423.73746655321963317	287.54359589446926293	351.91855163145612551	358.66597061433520821	271.18179553945191174	290.02572231779328149	451.32859749646138425	428.81743811604042094	319.58214867130590164	298.36179589766078379
RPE	193.20297229058456878	199.78588634781345945	179.34350991802773478	227.84259067201247717	121.86015380456250057	146.05069050214294180	156.64469584574297301	200.58742526906490866	201.26900958741185832	218.61162417585703110
RPL39L	150.88033291163787908	225.84298289373094804	164.97441702396034202	273.11235987337420283	99.95080996304072585	92.00683204916398950	525.79975013281080010	172.76415788192198875	288.01325264253563319	176.50451538066513990
RPP25L	167.83849869272904698	198.34182666414591267	207.30230179183217842	190.77204292217018633	143.30491466198208173	132.63666332358207001	125.73296349964138585	194.98572977356511160	201.87158406148677159	267.62709204822857600
RPRD2	180.33342552796736413	230.18017396859937662	175.98057874910006149	218.53076985472694105	248.52244637049048492	115.89683428376103791	218.15277975876233540	185.14324274506734014	286.62609214461355123	250.71936648134243342
RPS6KB1	238.54301583122122565	254.37860033857396047	224.12556084491876618	241.23425950850514710	356.26996751712823652	162.77037348635442982	201.14923771945737485	243.03678946444537701	253.77086852457202326	342.22583530976442034
RRAS2	158.04677161774591809	151.87755529434559776	110.35613245674650784	202.47204702297295853	193.37274575716475056	139.34069679112576523	382.46294908953427694	193.07384054678084340	177.86096332968887168	167.84497258592872981
RRM1	159.72859491205954896	157.75577197020578524	163.97434266199007880	212.77369483976269748	130.58876385876851600	111.57536277031836391	615.15323492517586601	266.00549154909691651	199.83440361037980892	130.58464646866588055
RRM2	29.50812516836002430	30.74001731705130069	24.98499756392289939	52.69080669905693526	4.55777155458710403	0.00000000000000000	779.91534509612085913	47.38718810236011336	25.48734566660711920	0.00000000000000000
RRP1	197.66407322158806892	194.87394806947952475	168.42911469788617751	186.30535154869824055	245.89880488430804917	124.79923249900549820	326.55059325695225425	245.48748193322558109	171.50967128885713464	187.61497462324979324
RRP1B	187.88113193766884024	190.90832630552196747	167.03926468993486765	205.20308870416610603	150.90892678623492884	135.70688987085299004	214.41437202222019209	221.18413436946528350	210.69587768125109051	198.84161188379925989
RSAD2	683.20998423206708594	558.69961317356217023	2315.61046513022984072	405.22721235347256652	508.90666368559624289	205.89868489776506522	426.64614387807591811	593.72832064836904920	266.63861368988830236	165.23350677706454803
RSBN1	271.75865733493731113	319.06664631751152683	190.68830095444019435	327.38898116579565567	361.84326503604233949	251.95242898446434765	156.72362459915120780	286.09963177537980528	349.01206016401295074	326.78956011805541948
RSPO3	250.73297676415745627	49.16942248501020174	429.73865034067307533	129.55445276151465350	149.48683685789799824	435.07301869840910058	94.45704484111340093	199.00426897753567346	64.21925606123180330	150.60572540899207183
RTCA	347.39252172342435188	272.69396950059285700	291.93568733611641619	332.44199568032189518	239.82006521779777586	246.18262493093163812	424.05910578053806148	350.33576613283634060	263.41658029396143093	226.95890546792611531
RTP4	115.01422822306484761	159.53220347652134592	226.82908447618322612	65.26964091468660456	109.37995364703250800	83.31187982865529307	68.61470618946793820	71.47459593023913271	87.48926007883383704	58.62434343948724802
RUFY1	302.50999236058851238	319.09553048897350891	248.61693318395151664	268.05510727472272947	263.31147071692748796	251.90927628868701049	200.83961140999770123	348.43365404952044173	263.87813984075353346	277.36575481144342348
RUFY2	226.57860202962896778	222.78032469204103450	206.16710078264253525	187.88057302211490196	305.92051197126210127	81.56483154828778481	198.06367445136581296	223.94443937356794549	232.63740054635601950	280.21271956051384677
RUFY3	506.13601293317481122	469.72349091141603594	407.38327194141197651	340.50702689129434475	1004.34969987049430529	300.95808517101619373	234.18696151659938209	501.76832879617523986	394.08495082777932339	408.92522719683739751
RUNX2	1079.14314502495358283	278.03964081233522165	772.10828272715104958	454.83573543344652990	797.32599287474579342	419.88992142761986770	525.00197326734189573	884.14689077448622356	231.73798959624741656	154.64690662845222846
RUNX3	82.69748221426901580	84.73192601056554452	140.57444831806154184	270.90078420311596119	135.12098752266510360	0.00000000000000000	120.13242635147557280	112.26470791704738872	84.49740052255501155	28.65520752035398644
RYR2	20.44787871580856731	66.23467901277793146	23.79932557288704942	37.92709798823091916	89.76066057103743390	0.00000000000000000	22.44738841816893071	20.14272440912713336	164.90275282098875209	127.75077737245686649
S100A16	2739.89504204291688438	614.91933773849598310	2327.10158688787669234	1707.70699476468735156	1190.84694521940832601	1349.14820082893379549	3266.68574896660175000	3297.85810903514266101	685.06170314002270061	534.27073343374024716
S100A3	67.86129444764759455	154.69318620702034650	112.14897617981671374	109.09032249867651387	54.07838512644900675	25.57837854488627372	124.34319542872248121	119.49396364100486778	268.46313675338620897	100.62810996824677545
S100PBP	159.53741144162449928	170.94476454800573606	111.34485586932459000	187.96034960803672220	150.10999671541182465	135.40612596179860816	232.30352982099046244	144.24353808451104442	166.62277642426184343	123.38429613431236476
S1PR2	159.41404372255513522	156.90077370285175107	276.05708582385659611	106.73780524016390814	213.31485808225019696	124.69222896364543374	233.69889944122911629	130.80814185798956828	72.60690192526081432	134.14065238111896861
S1PR3	295.22414683588272055	1079.82560874107025484	486.86434989259930717	354.65976269667925180	663.83252786494017528	149.77919701604707825	471.22892428300923484	410.59739857624617798	613.20173900832025993	268.92358911211749728
SAC3D1	155.17635518235067593	158.69969656435213778	114.25947925479881917	147.82391220219054162	101.14290343779147463	0.00000000000000000	653.44216203350265459	117.19060371614452265	159.41443598942970539	141.31497088169780341
SAMD1	208.68753063580624030	223.07180815729753931	144.94183236949260163	206.20371296879989131	231.40751673007594036	219.18008715754248783	382.82989955715567021	266.37497232428773941	292.88207981446140593	202.31119657323932870
SAMD11	256.13997304779877595	58.21342799309223182	234.28805576554043455	119.66224337841875069	219.89584518006489589	287.44061835258378323	244.01976123882042202	178.23396318059243981	71.79222995074761116	101.60718419834283566
SAMD4A	313.67631217832507673	292.92434114402794876	269.11029995781194657	301.56250257528722614	796.82121149896340739	270.24313104394042284	266.72532264825582615	323.49114168664942781	325.31777058426831672	261.23015927963837157
SAMD9	392.71402454285697559	522.27179684803786586	749.41106297871044717	456.67983706530662857	328.67531271321411168	244.70954100425538513	293.03197492596098073	463.72914901473478722	285.18049958325065063	302.73071548292432453
SAMD9L	375.31530688834425291	472.16591996375393592	798.03447269854245860	501.22924395249430063	395.73780362286203172	187.23186183794942394	351.50624206712927844	300.95842842969318554	266.37317737109333393	281.82741821177762631
SAMSN1	51.03646728515642650	60.19939197046404189	59.59608803788627540	442.64304679192832737	61.42709748619161303	0.00000000000000000	67.50572263651527294	58.68805161677262561	64.36661209691789054	18.84087302755180104
SAP30	231.52257807214786567	280.48140039215519437	215.31795135492370719	289.50355984887215754	352.11078399422456187	189.94324007652841146	394.40711250611633432	568.21384813257702717	320.66961317590670433	368.17559635312329647
SAPCD2	4.40889831979376901	6.82680041730171894	5.56919527642778700	11.98991179329862611	0.00000000000000000	0.00000000000000000	124.34933174862023009	5.24696804816446072	4.36186414636236375	0.00000000000000000
SASH1	273.93280457099410796	494.77467509736419515	259.21799427401481353	259.33665397413284381	548.77112264283539389	325.00713575219771201	293.38441875296786066	222.03039597898109037	341.28336184485084459	664.06686865022038546
SBF2	264.67801250198533580	290.49810103054227284	208.03665369439903543	292.69237146146622308	619.21907102875172768	237.37212057179064573	236.77925032385368809	342.42083378931090465	308.51745518001308710	274.31298971684987009
SBNO2	317.43308175409305250	381.99956993148748552	347.50162542918866393	385.30722156144770452	625.03248838959257228	267.22827091614169603	222.13327092070417734	285.58957909593618751	388.73927658849265754	416.85135516985019422
SBSPON	37.40549512688740208	39.03882626266054956	27.41852653907168857	77.91610729202611196	65.50820103217161261	0.00000000000000000	99.19347977449527320	25.62895610534092938	279.00164995227748932	165.93380353646281833
SCAF1	187.13752880907651388	225.63281498864125751	168.77643150137421912	155.72937513943131194	212.85935138301593383	125.15344826496713893	222.07775170063558789	169.33204224026428619	241.31839329577917397	185.91141721327443292
SCAMP3	199.86600222045009900	181.40098972235330166	211.70061932462260756	172.39292166626475478	243.77392260010344671	151.35236521647323116	198.63987613741261384	212.02875900758999705	173.26184120756346374	144.71534560299213013
SCARA3	283.06637630973483510	112.84656555341008755	237.11549737942758043	161.18118143679632226	118.10693063151065019	464.51624889098087579	808.44392670791739874	224.28090251663832078	169.15152397281767094	126.22360004866514771
SCARA5	183.64335679175101745	61.79011176039304587	457.44346539145016095	352.44133765231839561	110.88196631597217845	2521.57030853628884870	78.94487631841158759	435.67048668769524511	81.98685570443791448	61.60482450884097716
SCARF2	314.20468257140225887	144.70994359912361915	152.45635511498375081	97.70211455899935515	159.08473234102700644	153.10496780833847197	233.22880596772895956	140.01035163355868463	192.73648727663621116	138.17280199522716089
SCD5	141.13754727343464879	67.48583492315833610	247.09765386652395591	131.06321197567930881	76.29567329381225704	93.22427229940686289	94.86491265699007158	81.01868719574792976	62.54119297910437325	83.28562136202505428
SCG5	495.21804011873200579	147.05591779120851470	505.76522892854319480	242.44091283881652998	321.39769105500863589	232.06376611237627117	245.70685185840630993	1191.24685906303875527	149.59079753488734355	84.38050959241458315
SCIN	34.79192135882134096	438.01545182939310052	0.00000000000000000	143.94741861063818078	81.51657863084638223	0.00000000000000000	51.75896359498786836	62.11752169957842540	192.64684886349058957	31.51433096915307885
SCLT1	149.82674509127835449	296.41978916023020929	169.30540182041661978	179.25244654119623533	259.89727410407579100	172.27365836522622544	346.45283714523759500	129.95843461669272756	202.71369918022116963	144.12625509149006575
SCN1B	197.28486531076626420	92.56637528297014228	325.30417788501512177	167.62982844590871423	135.06410413669686932	237.50730611841976270	230.33840142796614714	168.77897108783730573	160.79532781099683802	276.55413268717296660
SCN4B	26.05170218233157442	232.25433468695487704	13.52851197467965250	89.58518799790930132	33.92887591044537032	0.00000000000000000	52.41260534256932146	33.04424702729714625	138.05698538592037039	153.43939345238456440
SCO1	188.57107310408258627	218.87306040707105126	214.91068489414590204	216.21104576112776385	135.45994156130274177	145.21410667516889248	220.19476757118474097	144.70414116354635325	209.19344586524096030	163.74541713110480146
SCYL2	180.18603294191970576	255.68136731590669797	175.40428579514414764	221.01106904348813487	226.90156222847446088	96.62453990159727368	316.45697774812003900	176.63230262618048982	227.15698217108541712	174.00663776611506250
SDC1	2109.28752576937040430	201.00572981842441322	947.99362270108019857	740.38472466199152677	432.51034831925562685	107.64547744854584721	795.75984736900295502	591.61929464933109557	253.57118141607688244	63.59695327833625811
SDC4	276.30647832734763369	145.31217186415574361	326.93183675172133462	335.51558195099732984	686.01225427548183688	85.28066964274022155	335.78246174408474189	453.75623944300895118	172.82464753851559180	227.44284824188085281
SDCCAG3	213.96572484426172878	247.07555140252682691	176.82843071959996450	263.94396494120314856	250.33811359813796571	172.28922499958395065	155.48685271640562178	250.52351029339607180	223.05822972425914941	208.74123603645597314
SDHAF3	158.80146282922441969	235.31033625294170974	143.07769237937466755	222.46281940928506060	74.29844914223869523	217.31836265434421307	298.69996599694633233	179.55517084761368096	201.12061299651452373	148.39765750243938669
SEC11C	301.38974810471665933	441.55082146457385761	181.26348871447925148	571.51236682630474206	260.37621207790124345	26.75982305726904187	377.62934893974659190	403.92344768083893314	425.92816617001483337	229.23465950891841203
SEC14L1	245.82384882734538678	362.59358213664228288	221.74278840864144513	387.07001906025283233	263.76942671707826094	172.42527952578305417	307.58326990776163257	204.56574991329640056	262.42217653234928321	292.05775131182775795
SEC16A	215.32005312494570148	249.89333203540346062	180.09439469481068841	314.66581097924273536	351.53698490295721513	116.61878026609113590	218.35673623861919168	222.71222654924801532	197.80056635151009914	166.94932714571456245
SEC23IP	230.51649940779324766	219.69970442773993113	220.57101845492695702	139.17575859396089299	227.90014503071907370	184.80160899952031173	243.41246351678788074	180.12329500066914534	172.20795647621173430	108.90812202412587339
SEC24A	253.15055167017260374	206.77384261576477797	195.93791146649158463	213.02569628529357715	299.15531771459228594	100.98848791287349513	287.45776212798614324	184.18079247541743371	180.89984347723572000	150.40124322549704061
SECISBP2	385.43892711441378651	425.68912708928405664	305.57328417975878665	345.46446468863814516	739.33097677482885501	207.04184644174711138	393.69078891029096212	361.32532334224299575	431.79533705713345171	336.29537607010462352
SECISBP2L	351.52364912115012885	309.79012124208054502	358.97789588238413216	313.74255892102263488	443.57537159223932122	233.23472212373468437	256.09808871321871493	390.27674246047882889	360.20990859055279998	297.84850745607030831
SECTM1	74.46573179873374215	74.04036794051201298	221.69786041828933776	68.28344720813970525	97.10207687421889489	127.08911975567569641	32.73753769541642100	59.57996561332315366	49.79764719473776324	84.12005856311522223
SELENBP1	182.90451853593316400	490.80475146907400585	211.50963986676256923	313.28292127084233698	274.56275832158945605	377.50894067757263883	178.17730778841470851	150.71969067660518249	520.78603108027107282	514.56190357088382825
SELENON	423.13706571678460477	315.09408640956581849	413.33318889026639908	302.57514532854202116	301.64437044061918414	413.52214109788809537	503.17212032899067253	287.51870535213220137	188.65539012388560991	242.36772645193684639
SEMA3C	859.40948424092073310	128.49280782742602014	501.16510776178074593	445.22031449433285388	559.04656848499621447	1926.39882158145223912	460.95420831417999352	611.34700424564221066	159.71750657382764871	126.84885748979105813
SEMA4A	383.00386524308106573	365.19422747543057994	341.96305847932097777	392.51399769938160489	1348.49411331726719254	670.97789083518443931	224.11878982689566442	274.50064617804116551	493.35927188269414501	746.28767903828781982
SEMA4C	151.32446363208430284	342.17554825576513622	180.89604666919700549	199.06785215482327089	262.82566703968586808	123.45045464117713152	140.26442153733353280	107.81672874238516613	392.31215149435575995	481.27881612934623945
SEMA5A	358.48257944322648427	696.57694614487741092	327.37819815319301142	325.21686728834413316	444.82570272584240456	149.51099260947859193	415.82473165415638050	325.23786246404267786	330.75664359804034120	597.27244656146376656
SEMA5B	27.78986177578399364	234.11741787740896825	14.49456966627603194	92.53374498575581697	64.68575417514870196	0.00000000000000000	101.03585037635038191	37.42446410406039092	178.40035203162648259	115.84910785460473903
SENP7	191.79862137573741165	252.87930261687472466	135.15318741499314115	313.63379466781321980	318.66454750893092296	174.14157230627111517	148.86107603939711908	182.52555017028080897	235.48695083942624251	174.49594699805965092
SEPT4	460.27556945711705794	2306.68077879907923489	358.20930618326497097	1019.86811782672896243	413.76013485733835751	42.47808847708968472	561.41801943938048680	459.60667892380740795	1702.78980211256634902	824.74172662137732459
SEPT6	367.26561927241124295	415.88215412604336052	336.54480373849469288	413.93746052808398872	277.31507896148133341	188.46068975398861767	261.81696170360424958	302.50892137481764621	219.47667351607455544	141.02938718785676997
SERINC2	287.50539830613604408	77.12098450441065722	173.20406656982049753	238.00986949095215550	185.29573238036445559	123.39145166203067561	148.19697319521870327	424.30201776283729487	86.44514978089202373	70.23773884747713225
SERINC5	290.71113785117273665	185.11556909122478487	237.09628686056930746	160.85906328043125768	486.86116689582996742	134.36952008348933418	167.18961756157273157	161.72179357160371183	162.81290485965854486	150.39608077745538139
SERPINB9	126.59143803498507452	180.06662617788288117	221.40018964049468764	352.05053583323979183	223.34465195370657398	79.80773525038674165	157.93920635478937697	113.17094590104507290	171.23437687589225220	216.26983332586533493
SERPINI1	183.21924998109432181	1042.99118319637705099	95.77489807262986687	333.66204395001096827	248.56141414301507098	0.00000000000000000	155.51895929853526468	177.15170029072243096	824.70795060487432693	184.99894869033516898
SERTAD2	263.37157502939749065	190.74258568896328825	224.20378960136051205	236.48061118626750954	329.24835568470672342	270.39170285269119631	319.70580693642034475	377.23038882889790102	254.78860889588739269	185.45583999858965285
SESN1	153.04166723409923634	243.60157239638584770	115.35666283165849677	212.36777418914087434	193.04400756550728602	186.59009873395177692	140.10619900709363606	113.17009086118602568	206.21017810977585327	126.54969875448738037
SESN2	206.95205322306242124	256.47706451615277956	173.78465083532134372	166.84603417253964608	477.58812067940471024	168.61602977589262764	196.50640271462657438	290.15763950793365211	241.65041806906745592	219.69040876107385429
SETBP1	246.66477748481813137	425.03875971598881733	204.73697559984080385	244.00379609848198470	436.87792516672305965	318.71220756830069831	217.26828254500384219	226.32262729555401393	436.60475226119439185	456.46782424392466737
SETD3	216.90494743409360012	228.98138323788290904	184.41076814813774831	228.11915117871370740	192.39438945129052172	169.49432123285708940	331.52364995656603242	241.65767062612400196	274.66369872448058231	267.19967139275854606
SETD7	318.28862277105866951	226.14031626978118084	194.76859535808569035	265.28055033578050370	284.55898483457752945	277.63187748469357530	210.47953103979236289	309.63021206750153169	224.11120358681310449	368.34463475354874618
SFRP1	720.20707893979079017	163.00921953861995917	376.97792679101468138	586.98412496530897897	230.44576408143490198	2190.60346688241725133	134.96105018395036268	753.55509508105330951	175.82477533600294350	103.83479707141978565
SFRP2	50121.27853764691826655	4873.88104178682624479	36117.40610411744273733	16749.46441836544545367	9238.35094783393469697	33745.94132944317243528	13730.93216300152926124	19850.34980733667543973	6031.80498459553473367	2647.45079527943789799
SFRP4	15534.20408959743690502	1583.32614704418688234	8741.16175922174443258	4262.02197056503155181	2081.97361450328207866	14386.38475159511108359	8273.15565708189569705	4930.56846477977251197	1864.42228462405796563	1685.15974312626735809
SFT2D2	344.66876304132091491	262.21251028808768524	366.70367800358809518	308.17053278717673948	385.96616385778850145	241.65463369919353909	407.61138542506029125	270.47298863854871342	255.88086311053939426	210.63264129530870150
SFXN3	267.40796092200247358	231.98371121889459801	171.38279048729478404	178.65580332363762750	474.21506682545015110	241.55441478231273322	140.52965025320406767	388.01322620496256377	255.66850017326910915	154.66216042313203616
SGCA	55.75069736198355486	191.25319415625583019	42.13084169858980488	88.74478097841203805	83.85061312706868364	0.00000000000000000	48.37082941468646169	43.44744150116807901	501.74973002185561199	156.33103637286052390
SGCD	676.19483037329064246	94.72213733465812879	377.98950015236891886	266.23076617533854460	367.56306841059000590	220.92011979241712538	273.67689252895689833	462.51549765019626648	167.29259250594674313	132.59508340597710685
SGF29	116.25038501769333266	166.59111790662331032	112.77713445580621965	174.61937773194412671	161.16502022110844905	55.97870441485256521	81.79293429192703968	186.12931532853710337	203.52594379711857187	224.25955210884094981
SGIP1	604.69187781870607523	527.53114910043666441	500.29858006750572486	305.54753459725355924	967.95062013984863825	55.40566126607507158	278.32483689066452826	375.47072433987608520	457.36727461690486507	641.80140431903680565
SGMS1	153.95818783611346703	253.29100874842006874	155.92732213743963143	153.77163631232377838	109.85606297542426546	147.34489284959343536	214.74285659568769802	146.63124804986912864	212.89006982436589510	131.88939591994244438
SGMS2	325.58448841431351184	204.13965872963083825	273.69883480797182074	144.80992952328924162	274.87077952433514838	90.99060153754652447	189.00484336172957001	195.11526230307069341	253.44713834298252664	155.74094318209435528
SGO1	6.71699600026276933	8.38478181599708883	6.59163709882817006	20.51468775966516489	9.95789475980555494	0.00000000000000000	177.83213445872632974	6.35536286471783196	8.58778587497197066	0.00000000000000000
SGO2	57.67775380234383675	65.80143606213347596	41.73853378718441576	94.96877394437649400	18.50065420008298034	0.00000000000000000	569.70174625277957148	53.39697863224792229	54.32652235714804334	38.87428090043634654
SGPL1	198.92882105486913247	132.95970099733656866	224.47298945758805644	183.10673185029426691	135.97510646705856630	61.03294745926434928	155.93200160761162465	159.05335001019255969	149.62960780438666575	124.90311835831835197
SH2B3	87.77363014400526708	207.51930884907153541	98.21590362859299717	247.53875302459738350	117.29364456939323702	75.45214909559153682	188.25444580542691142	71.47868796020208038	106.00245184490630379	84.11193656884454128
SH2D3C	20.38852705049471936	163.90701532799681672	21.63053273580485936	71.83917016657960630	60.76651400694386496	11.25741748066878145	84.30264658863139005	28.75843408436755766	63.36864542858726423	109.11132791166691902
SH3BP5	1071.52357054690878613	333.75630010393615521	749.03882233572267069	833.99904359709694290	1709.43056136840118597	1362.76738353306700446	437.42821618670234329	3503.84768280579055499	384.57122658205656762	426.60898833768465011
SH3D19	704.16644560212739634	291.07050148034778658	544.76011493086082282	423.74545306415080859	508.49853071923490688	887.15873706846923596	345.68947101553396806	533.89603684427197550	323.72883853361867068	500.36402469908222201
SH3GL1	560.56885701086002882	422.96537840161886379	470.59838416366903857	372.86874108022442442	334.41884125800805805	424.40729283661238469	679.61268613728475430	568.81388189357926422	339.12935662847627327	298.24581802042195022
SH3GLB2	240.42081798113662217	282.56967140543991945	168.34053849153704618	291.65069091994183736	303.20403605099170363	157.70553523730006873	245.93588332562731580	311.23531146032593142	337.70697070652823868	230.09123729640543843
SH3PXD2B	582.40276124946456093	222.38218985466679101	510.97138242318430912	351.19460498693700856	579.32223053906716359	416.58388741114998766	279.69877313160480981	435.00661496543523299	219.27757144253078536	208.52693745672607406
SH3RF1	148.73769317049692518	400.64130085864098874	123.54962550496958329	193.72934625271665254	209.37788953240814749	21.17343494380377678	225.31973169840102855	154.02564233780049108	225.00744386793601848	225.55249496430593581
SHC2	216.13049336228124275	279.36530333278778926	162.80170985954774210	217.52496196205717638	302.13454261100412168	216.26765864968558617	97.45076763229899086	393.08973177101097463	177.54718098913747326	335.63757346297876438
SHCBP1	13.75911940778220988	16.23618380882306766	11.93403284896477956	30.09374170953026351	2.28906544538051726	0.00000000000000000	266.00423034596002481	7.07493508807205274	10.07221402553421363	0.00000000000000000
SHISA4	390.54661767232465763	206.59529925982138820	327.80707043583572613	227.19513803418072939	116.38308030603189991	192.55901825709065633	196.15925882287817217	310.16467988024720626	227.60199664606528813	173.39961317320810963
SHMT2	314.95391040250183323	342.95463813561957522	263.04962931582548435	311.55628397910538752	230.07355565003825859	266.66261817829763459	437.93532682603608919	517.30832088518116052	297.00343319500865391	283.59066997740143279
SHOX2	427.80361294691914509	332.51405379234716975	410.68501032231341696	251.52082895995249601	642.49314303117853342	307.54955549648286706	236.95871654093912184	350.18817499033104923	330.27587664996116246	349.77047790462523835
SHPRH	219.41350970331535564	342.13034655050722677	164.91176534765790507	285.10103333014058080	616.99037503653721615	185.04105275381937190	169.22371292574908352	229.55085653497022236	366.96880745018262360	284.14513292293776203
SIDT2	168.64073249401937460	334.89736631281255086	136.63875628134235285	177.22685277032741169	173.89275872513121612	145.89863533814727248	178.66403678220922302	164.65727656076742846	245.38914133224568559	211.06177864995444793
SIGMAR1	278.97299348387701912	238.03112649695478353	312.63380427135325590	196.34161876289360293	164.42175496760430065	323.53406001684618332	450.42967461363662096	279.35284294050728704	274.62814462302270613	311.17349997226392588
SIK3	212.62342133371896580	285.57422622270820511	171.57422588026020094	211.20116279875159648	288.83356042857587909	242.32472272145810166	156.63873562736125677	208.37412940224024283	270.64718136914780189	228.94372664924821947
SIN3A	185.67020185400753007	239.32443824948913402	175.68476973531383578	197.15368291824515268	440.71291971724457426	115.41287895714013700	233.26156372662327954	128.52315108257531051	251.62477749220073520	251.34802003804929882
SIPA1	198.70978212353881531	383.59939376120792076	197.07618552244792909	359.02514189045928106	240.18446768950130377	104.48085521066646209	314.80383812812181077	167.37209567881038197	275.34691964643735673	185.93871842845953779
SIPA1L1	268.45670680830130550	136.66147118426974316	218.54586290268278503	246.14544521051851689	408.07895543702068153	102.06532481282103220	231.27600099229584885	340.18080445795612832	237.60048381834650399	142.75260688251637475
SIPA1L2	103.48932321139768931	260.96898502144699705	100.59515847775074349	166.77646472846819847	160.86794867512492146	103.82249353935328884	126.76805455920930399	89.87818349356794556	235.70175273493140367	153.21648633816511165
SIRPA	193.99344420174986681	79.61960397038157566	249.74885023632353409	235.37339141695696298	220.32605327383316762	215.73099551710208743	129.47666348428521133	256.34821634047034422	90.11542059662531301	96.57486150180582740
SIRT1	228.60666679238633492	302.49432015866517531	173.38508988570487190	313.05043505492608347	530.06104211745173416	195.79569658729337789	131.73519706203018131	222.20401945840978897	362.22911932648025868	411.80099316860656700
SIX1	97.04254902979282349	259.96208041305919778	121.09961485041888807	122.73899173417366626	78.11412135446514071	92.07514381002096115	120.28319675000795996	80.19956237990180625	156.65804181089035296	104.67703512556087730
SKA1	7.02019384722786821	6.81682589808866979	7.23763637262705117	1.21185798939756495	0.00000000000000000	0.00000000000000000	175.71517402394397322	11.52284068187276489	6.04291731299628232	0.00000000000000000
SKA3	7.71662929063020453	6.30715762701256377	4.67843537820439259	13.07083178567315329	0.00000000000000000	0.00000000000000000	144.36932123263585481	11.71431286013154960	3.80546135728756463	0.00000000000000000
SLAMF8	115.46874927652942233	64.79109520733730676	349.02599074958203573	95.07212981601287538	59.95291084670752468	17.03273791683859884	95.29741826152236683	106.69628476200585965	34.87860456512230201	24.79816181330235736
SLC12A2	196.43911885505079340	640.47807980702043551	150.60217930034477263	374.82759495172422248	297.19049915465393497	127.30775820974390911	198.20683615176639591	156.06040860932316150	274.82329903860545528	223.54727778832310037
SLC12A4	289.62592110132294465	300.40460656755999480	240.44419709133057950	211.31479826270484068	203.44215748796668208	215.19967851739306752	152.32918832222878791	231.35595646723734831	303.54839888405416559	221.24022850145124153
SLC12A8	263.54105301787410554	55.33266048477461396	337.73550033436328022	159.33971809672837594	99.33489439778402641	23.98145492309162208	207.14350900299695013	184.28907944645021644	47.35435053600058808	64.47053651880489156
SLC15A3	162.30925333507619257	148.55549868231472033	346.18096344585995894	144.06168862906741879	96.08787985387286312	80.87610178840614594	120.47495451721366067	185.81942086780367163	88.02997161208506327	77.18182715964806562
SLC15A4	244.40438776433734347	281.91422345235253033	229.40650397321351761	237.61017539092915740	303.15961242670169895	83.36675356281290306	258.50907328733717350	448.13253960382928653	204.15183671204962934	151.10079577424031072
SLC16A1	415.95566849005655286	277.63460793455629982	379.34538812682808384	377.97749329498213910	628.64790607778934373	340.43224491944101828	421.51508900738224384	788.90985295408302136	277.02176449590837137	282.76892628998837154
SLC16A3	867.16260733694798546	304.82776115131281358	559.95542165781751009	546.92797265924798467	1079.14388710088906009	183.35093846544455687	688.50867362132225935	2264.20000484560978293	278.62958637235476544	223.96605975568240865
SLC16A4	180.23833518680359589	174.71440232687862704	232.24230318810569429	152.83215304984710770	168.37616744076072450	177.02670888727394072	73.30630866637899601	221.88361051146412706	104.17033873898877516	117.17333110783620498
SLC19A2	189.74665334531417216	111.05425306135805386	149.70580641551310919	162.33063913116023969	674.46487645947036071	169.48194878254568607	120.27103462615546903	231.99390956829856236	161.38750903320047314	143.26963285181764718
SLC1A3	278.08667203567597426	122.43872459466577141	306.65703983688013068	225.62602828991992965	399.59236046752619131	221.63029985711591507	246.48996404975636665	272.52552165627287195	126.24325352613092832	84.82367942612486900
SLC1A5	433.36901580286649960	261.67310719239458194	293.08727551859635696	326.97906452489570484	400.90851230418820705	359.70603150222297018	407.13076398337148021	487.95315236018365113	247.68438619571949744	463.36949922249317524
SLC20A1	960.30382132125328098	467.70248417712667788	1064.52519641942717499	743.12515237406762481	1392.77822142887589507	539.76310165940424213	1021.03640195719367512	769.62775445656802731	441.32486129454662205	439.46507212375672680
SLC22A17	252.16938460502325370	201.68543025278924574	159.98080824816091194	187.72178446169832000	194.22499672974319651	173.71958303499067711	132.23006026371015764	232.49917494562629372	220.63384789473667524	174.58881500628567096
SLC25A25	215.15637356760379362	487.01228622487690245	201.90126718100432868	312.28624831378681392	348.00585809619013844	87.04242406990950087	212.24810231771164126	157.49003760157086163	609.54432513599897447	636.58428066172712079
SLC25A26	236.06011716314239379	228.01411741685188872	183.23317904681937307	162.74873222992545152	236.57165645543034316	155.97140150995824115	151.39130274556481481	322.46781365093295335	220.16823944677406644	258.27476261408929759
SLC25A28	265.68104921962628850	259.12435225634675362	496.13625945096612213	293.25899607727257035	255.55442087133971540	159.89174898997774221	243.86569211470347796	227.61789167079820118	291.42035369572408854	235.50410236843140410
SLC25A39	399.89635127380063295	487.23983522823522208	359.80286438773435975	548.63532406852345957	277.01476990072501394	297.37777507742890748	596.20647298448614038	303.71908149966844803	381.78285385844992561	246.45813776059168276
SLC25A4	274.74111072275093193	294.81455118239318836	175.29856852960014635	417.85653985869873850	266.25026562147240838	80.37398203184102385	200.70936586618051933	471.12546658411588396	664.38742510436202338	335.46065275258359861
SLC25A44	182.55143582375674782	245.68338688756665533	233.55878898361009988	274.17168073647974325	554.36793102436433855	231.03298946592451557	218.11751483538034790	110.13727691958814603	262.02748713933726776	343.74665604705768374
SLC26A2	250.86196434516455156	144.89080061358959028	136.65160177670418307	153.41461193809684005	119.54685397722792572	135.73907134308311129	141.24537753089006742	139.48124055159908607	130.06109918451087992	170.84945006485463637
SLC27A3	186.87304384107443411	266.07703295452097336	158.08362146627686684	204.94721431328619587	250.08393023376129349	313.76235333072924050	204.79034492560836611	214.19655269333341607	348.79453191375580445	211.20515404912728741
SLC2A1	135.37488766182340783	78.66191919152309708	74.14523176458310161	162.33619318664472075	670.56032194654596879	0.00000000000000000	110.90831797545821757	840.55805335485035812	89.30840191907367398	58.42752842839743010
SLC30A5	299.45166555384281537	271.37400638063314773	263.35111725929203885	233.56817159850410803	228.20905840127210240	132.35064973547005707	277.57476352059552482	253.36779667542782590	233.39606588817022725	197.73351268059087715
SLC30A9	205.22614383351572087	232.56963501223984281	202.78304541555661444	198.34062250376535985	353.00956661031159456	55.76920212335139126	177.40223963758705850	223.40682010777811684	235.45569603503378175	189.12783004639368301
SLC31A2	211.95830951241401863	111.49235149421758706	261.33668371328570856	178.91383856782272233	139.52076632713274762	208.44598258398124813	153.12750538976808912	151.36260070637680997	110.29938522555484326	110.05197842190332835
SLC35A2	186.20138747223410292	133.64534196471555560	177.56753660769405201	145.98861220473494882	132.47894084976570639	80.10788364295149222	270.02553336142074158	176.07104335541089313	120.80540348859146604	76.31296388982924839
SLC35B2	367.36283239332180983	268.34508013984321906	271.87432905801352945	337.10088635044087368	184.67895626345324445	206.20000764993130815	377.89313945276717277	306.07318721265772865	252.81310555487738156	207.05166989245893205
SLC35B3	261.99877817088253096	176.18126204397125889	227.10488688118755363	146.99259761948246705	118.39154459182627477	177.76167311888983136	275.98638691677348334	208.18952562364262349	169.10553453441227134	128.68805458829666577
SLC35C2	358.48363753832001066	290.05492220354994970	284.32580662750575584	275.52980347348216128	221.00009636574839078	287.65032736254494239	284.13487830143765223	395.47051162688535442	266.59119158233693270	257.77177100415912037
SLC35E1	266.29188761429691112	217.66522039070969186	202.59029277012132297	310.18590363452352676	447.50976305829021840	181.94400969019039849	291.75386712940400002	448.99701663073238933	213.23317473234615704	200.15684318336670344
SLC35E3	185.02619908940485516	152.39260923023476835	159.97148909837540032	144.12081878521036060	174.93242582622374925	165.28614957713588751	221.63960657441495528	230.54938008156042883	163.09885913098057131	129.35712893185547046
SLC35F6	188.39027385183658225	175.72067212197208619	210.80069122771476486	205.62240878496848495	136.87080348308288080	229.02351830503022256	177.86283955926248268	183.79085054159742185	195.85664068765160550	187.71509283237307386
SLC37A3	186.21073949933136760	141.43423321492389277	175.28417354617033652	183.58912433141074416	297.52827603999355688	155.62228950352334778	176.90818638674312524	142.46841721161905525	153.21606439292062873	93.81382454407361138
SLC38A11	31.60310609601188148	327.33663023547410376	4.97214476705850750	97.23065587172148128	110.44060691089870829	0.00000000000000000	63.20640317292185273	51.23401993678648836	247.83658648294931481	21.62786073673111886
SLC38A5	345.06721512123857565	67.76275844457111930	158.64138034988124559	173.39439162801696170	515.87739649405887121	74.92579130723422054	145.91407868643878487	841.10349136378090407	68.25949106573236236	46.77773045679825970
SLC39A10	335.93505058888911208	223.10552266648593900	258.53012623058179997	360.57007853751593984	321.57831214563935873	223.84181620741105689	232.82377161031917012	335.16307213009758925	176.17934765196980607	260.95456639601349025
SLC39A13	777.74905828679050046	459.78559599990899187	594.44128935668675240	470.76899986208417204	380.99005305608233130	412.56974999914706359	474.96413708145627197	662.33966063686557391	434.73036995055514353	309.35098274034760379
SLC39A14	719.15657262489276036	388.50791471474002492	974.95095350709425475	449.48667344467992280	1140.90432924658148295	529.70174467125059437	751.04620536380457452	874.11671996951235997	477.22386798572051703	401.31851900548480216
SLC39A8	139.93615039386224908	113.39170286101517604	250.08780892634288762	228.86409204166741915	150.77110190922419974	130.17548408481903266	109.20979290719314747	132.06027978825198943	87.82754204367537909	66.61971256585871970
SLC40A1	559.70946715195020715	455.32312136379636058	367.58637436378830898	443.97930429972967659	307.27145348815315629	557.34850331297207049	176.54251963606199638	344.65408741123138725	555.45664871336975921	654.87456281490926813
SLC41A2	217.69527427193341396	62.80548247457597455	225.66365313155435501	85.22645927399531729	317.36502122323980757	137.75664751137861685	124.22404147511070960	277.48609489465582101	58.69833853609817709	53.33923129473129876
SLC43A2	149.99352224521004473	73.93649552105782163	327.81275998194109889	180.80247732537668526	108.16981366331530978	190.19609212927267095	211.87092712166119668	100.40546572853898510	86.95311864428799709	152.66636455623029178
SLC43A3	310.34594985418362967	483.84635220494737951	297.92001989994804489	349.74460052231626150	469.95068404099265535	634.88775543220594955	420.40204820629230653	541.90944245960577064	308.47508249626690713	251.56900891034155165
SLC44A2	177.83819611827678386	312.43938257852522611	134.01976655679246164	238.19941267198331047	147.99277557978135178	101.22345703681669704	220.34896470622345532	187.87072051409577966	325.19031298125162266	235.75532056747425713
SLC4A1AP	237.83274677322671664	249.76236219962441965	191.75632116895607737	153.17837054310629696	232.96936507134259386	164.90841257935889530	220.43322127207031258	267.52975411745956080	245.59694672684045713	192.13944421945117824
SLC4A2	231.14951598530853971	193.69375980813981641	189.02348109005117749	179.34188823552085523	258.21627284124349444	143.93528365501796884	304.70539076634702269	326.34009548480031526	220.76534715287161248	210.13641596125785327
SLC4A7	294.20664775131018587	240.11280809858837415	207.15976950436908055	279.85465261404993953	599.64133921522568471	317.23829800928120903	201.93659126213987065	244.95850968823225458	294.62798247877236690	239.15714374632557337
SLC5A3	884.15028776294957424	809.67297353931280668	856.77376732350239763	841.10867913692561615	2470.77886565060407520	240.45939116172004901	478.37619326202849379	839.96973596234806791	897.49820260289322960	574.13466987274887288
SLC6A6	672.73203105796369528	123.51055334498491334	701.57933201097978326	365.15185749698849804	585.47437013552314511	10.91581039308661083	331.48098918772092247	522.75369107030462601	129.05277478848063311	102.49782956308352766
SLC7A2	113.83343630583286199	404.13463769057000263	136.30561263964551699	348.79204670845865621	254.49031970625824783	50.87467363753746241	190.65376732764997314	110.73094262402837273	424.89015488231325435	450.46979276313970786
SLC7A5	145.33897993361375711	478.38706319686781399	135.94345768795898266	397.77767915337511795	520.42628398537465273	0.00000000000000000	144.74872844697239316	144.28480877325765164	389.93870035152315268	294.10149662457604336
SLC7A7	145.01077337531819467	57.98675278216424545	286.02488508343975582	148.88577917962868469	102.72769237659603903	73.18988350400438492	66.98352456621394424	102.28870258249237679	46.03483287257927259	53.86315953114954880
SLC8A1	55.06500195245143914	308.56805728434534331	42.11265647520561828	129.71608544432564258	97.10107814599136589	0.00000000000000000	93.65746444340517485	58.71585819392685579	299.08002099588190958	124.53832015770666430
SLC8B1	179.67136319625890906	160.55912130711348595	182.37013917646774530	211.66559498611226786	346.47375492540970754	76.61865160718568291	125.42888290757551317	188.08044235202919481	231.20499603399485977	192.53874544027473803
SLF1	83.49913478034970638	81.14210169363947500	76.77566629703350998	71.73904314157817907	109.36229815452814762	24.65202454719981162	264.86470664865913704	91.29234368874463712	85.80339584603437686	77.32619404495707727
SLIT2	469.11753319006095353	274.26113457421450903	575.69580429115501374	205.17422422840186869	414.76823966022988088	588.58871520297907409	372.50214269080993290	418.95329610780407847	127.75188826746293103	196.03432460761990797
SLMAP	296.76326381739511362	326.32990391110666906	258.85268362521060226	346.58640972113414591	334.37797561164813942	131.88033128997994936	295.21686684947678714	242.65508158768588487	774.66077042467918545	412.83276236902639766
SLPI	113.20924588612231787	57.69302497368670402	16.52970526596054412	237.16979194599875314	272.55538760237465112	488.80379404767916185	132.12377607708745586	167.61740959629028680	96.50540989184362672	12.04407990469049672
SMAD2	427.84063398037284287	327.38340570315676814	377.53759335124783547	367.65636255853490866	636.00194233807826549	177.27206442067503644	314.11482549272403730	408.71181167717253402	322.37071296647530971	270.80684007160931515
SMAD3	177.15965722236856550	109.56396845575967802	236.36112261930512091	165.63016837820651972	294.42334631401115530	403.51545619028001965	252.96230248067314506	165.94492105518639846	180.88314612406352921	204.39281447498603939
SMAD7	414.96490480748440177	293.11651512101053640	445.24112362109826790	346.38697047647229965	522.94721563602433889	287.98223356248325899	295.84741136274050177	325.96960174039799085	317.84018012380374785	360.75461729559782498
SMAP2	232.46844432398748381	436.92585403440477876	216.04969536330079904	597.32012120613933348	265.63206498247097898	113.95438522373250123	323.04228152999144186	298.54550052606708732	435.72515098326294947	289.36879634691081264
SMARCD1	200.86132496929056401	271.81414154598036248	187.47194728905668626	192.01907017743607753	213.08542719485751604	147.38923963516731419	253.70020020011341444	178.08922813545737540	264.00398644079467658	184.61056184649473266
SMARCD2	242.63491527984950835	256.55090224231742013	231.86381631829314642	330.88312643887718423	213.76095596891366313	292.33124519052609003	325.18100397897393350	330.92357358422282232	262.01331508392667047	247.27471550578437132
SMARCD3	230.09940420799955518	344.10751981558246371	182.37927333282263476	216.13069435466948676	208.82515527873891870	181.66423509368769373	333.24273543692845578	234.93774683098411060	403.64012522322940413	344.46618251722151172
SMC2	167.27757689927912566	232.54770833218668713	159.76585787782306625	214.46785028054898703	189.65780803494692464	130.06465467861454499	1018.79789391393524056	261.27478238189939930	220.60310919915065142	123.92546136810099711
SMC4	423.52962567438811448	513.95864720723284336	421.23363234742834038	477.31504141307283362	393.13902142350957547	39.06558101524463922	2274.28121127886697650	315.68681731302899607	410.69571329228040213	208.80511473263783273
SMCO4	661.63284597627932726	230.02052375701995857	482.47589483088842144	421.61284096740092764	188.64865952161466112	211.42060521452583544	425.22639248711891469	425.89859787617871234	179.71602911756266963	137.64911401928137025
SMG7	122.38068149600478307	305.22744200136224890	106.77441136090068596	214.79458039270426184	219.90993914686870880	142.65388289861550675	163.68381869200283063	144.11224414767212920	254.48941938554074227	191.69327304083503805
SMG9	222.74264578208462240	116.29025743897115319	198.45058285021789857	137.53325761660059356	190.17305247295922754	91.24913618060294596	158.99468867463258448	190.51877590092939840	99.58689591309374123	190.67981750128211615
SMIM10	259.20581751408906257	419.25997767880784295	191.34474514829972236	264.21891159524790282	247.03225697485953560	174.12897263541825055	265.89739620402258424	407.81068390428345083	422.34587123532952546	364.81641890151314556
SMIM12	262.21837551022457546	428.02617840712957786	266.43922985670525350	309.49123032969339420	191.76289252221880588	175.69862586399725046	408.13949871382453694	221.85122924695085089	604.88882849148524201	383.89523492037733376
SMIM29	236.34466279223687479	196.44464779776467367	208.20562951380472327	232.52057292962041402	169.40413415987478629	182.72022450723417819	185.23137962855082606	401.42764225210578388	192.24784279102723872	237.74789652546164120
SMIM4	255.69592135698903235	249.83436344847316946	275.27191426507238248	340.95520513045545385	261.12869573013659874	83.97194315855377056	289.35226490824959455	180.04753185528613812	274.88108018064076532	196.57433812807389018
SMPDL3A	176.43173664082510754	107.80420930381816902	157.14792008187336592	148.32929416090291852	125.57078021352492669	440.92966411204565702	52.94806816051804788	156.90314338410388473	61.61618000237671566	185.04917991440837000
SMS	354.26888212799821076	344.72006325861127607	281.49388691342005586	500.28918853460379523	387.45851003455169348	438.07417126068912694	1256.57567541397565947	731.62274770521105438	365.17098729050746897	225.82549855783801718
SMURF2	337.66768700352821497	329.70926855763423191	269.90691683293255210	313.12503547261650283	678.34860869206102052	350.30970042346177706	325.31677701234474398	293.37852791873677916	310.20174486226181898	305.46042215281823928
SMYD2	187.00818122744723837	215.85932969011517457	144.97639919114845952	226.62460172578488482	126.64678311013025791	137.35813380520025362	337.86735026487332334	238.14734702366456531	155.70776021997886573	213.69931901192640566
SMYD3	776.64337546554543223	294.21858171090838141	639.53790358983837905	536.58382386650498574	398.37473850787773699	272.75586966203434258	971.90160266007660539	1009.95702324959722773	326.15434602210564208	234.41151386545743662
SMYD4	148.97879230232493342	196.61030843409881186	164.73734586541590375	160.23852794152756474	257.67811214806800990	58.21938480430517870	105.35220365819189681	155.14567262950572513	311.38851612060148000	166.20680425348209042
SNAI1	512.29612343904113914	436.37738219609173029	652.18899036911057010	560.16249794172915699	570.77687871445323253	103.82964225040956308	288.93213476175594678	409.51649322880717818	360.89314894409284307	419.14199782885276591
SNAP47	183.74954573323094564	158.72960508572631966	186.03679522312486938	153.32715167711870663	123.27830040277561352	208.82717514806512327	262.50206650006737163	148.39039840806665893	156.46648364557236732	129.99843199741334843
SNCG	107.55740462157125137	336.03613927936129357	132.46573043977755901	292.21144820601961101	95.41658155354579662	0.00000000000000000	82.93598857796426671	107.09666420600397885	1128.89381847756885691	625.35874185084173860
SNED1	371.94835113749678612	106.94734065695263325	418.89556656902635723	255.48573877233775420	445.01783947038086353	724.85613846773924251	132.08154922736568437	242.12570999256863047	119.74807112194361025	345.12043182383018802
SNRK	194.26987091382534345	701.77870710625620632	166.20750011577209193	399.87149945345504420	216.44425476755807836	221.42032706688783605	237.84419724742409130	163.60496089722079205	440.19685063024246574	338.95066715880852826
SNRNP25	231.55753357059393238	147.67990637673901233	146.36366821988369225	221.33879767725349552	129.09819318292250045	109.41223802257843545	506.19801829424261541	297.80883765324563228	205.67286960151344033	187.21823867746215342
SNRNP35	198.19969484768117240	253.66221014546317747	172.51172371628825886	200.14996816911579458	95.65453991918766974	130.20007415519631877	242.31388728307601355	224.92417958521642163	261.59984704812899281	164.47578208913364506
SNTA1	135.62481733736061074	223.01331337710391267	92.29931776260914944	227.04156279300647725	188.13136725670187843	68.34867463130993315	172.19075575125381761	257.33532665645554971	502.53724269302875882	254.09937483381341394
SNUPN	219.42636109234550190	203.96375656115230868	238.87394390784371012	199.59363530060110747	226.87855350729299175	248.01809762504831269	260.77705798519644986	245.64347345821207114	180.04690559319377030	224.45195435434010278
SNX13	178.70586079030039173	282.60990123178680733	145.56540608959170413	194.82556936503343081	291.17315778260098114	187.71553696305841186	141.42170714515333430	234.40830047951968140	254.95897705436169645	200.31108297860203038
SNX14	210.06898948267050287	255.78920621922947021	157.47489869841257359	266.62418334057520042	186.49981687489071192	155.59089691635938379	225.90398341268888771	226.12449464613843020	224.95121564364964684	201.69551261837540324
SNX27	296.34049282487268329	240.98595152003738917	280.58954673395243162	211.80833608906095833	267.28238781364512988	345.09874232194800925	248.08865769265918289	322.33528291329457716	231.02964826757192895	192.26645086942932039
SNX29	316.56705842774607618	234.52374435479308090	174.19627920197234516	210.26803275079217315	312.91638352962945646	212.20845533561913498	175.01114462263481641	252.09228960447944701	210.14238594441150099	174.45040626844516396
SOAT1	205.04381397209198212	167.35205448983830934	221.60825259505520535	232.00198923110914961	158.67976874766495143	123.36234591653806092	182.15311901920904347	223.34264669647103574	148.05727805048624646	171.66842330957359763
SOBP	208.33436002292469880	320.43798553000908669	202.08863479166896582	261.01334710774443693	197.20132811473976631	292.75496605178136633	176.58582162497313561	167.87587748671859345	278.99747070529974735	185.01163993115594053
SOCS2	194.17025779577485878	511.60613347798744144	227.99134606246408907	269.38180364291798696	356.45851897789327722	306.10059798624774885	137.51554233985120845	212.55187937421854372	340.53155959564196564	162.13775901946985414
SOCS5	394.67060449791819110	247.26793979521397659	310.55985186917354213	284.00174152706097175	393.12537033439502920	227.26921637714403346	240.29524124888277470	336.73770860508022906	246.65819572017474570	194.44915680375450506
SOGA1	133.27624915207394451	272.43012648580673840	83.88918561337014523	182.71515158229891540	145.69220384611216446	82.99461222215053624	259.81077699519130420	140.79857415402790366	197.95046698356691195	145.17237694168554185
SORBS1	146.35964313332479492	197.35110902028287683	96.04164669514133834	156.07383517493539671	170.67929089065023618	19.99269683447047186	90.90872023159694493	115.06792414623298271	509.12602129782897009	334.62379385449980873
SORBS2	133.91384569696478479	246.90747578637706283	132.03523322709509102	259.26022085246944471	220.58651468407205698	0.00000000000000000	157.16317744157859693	135.68314445977935634	1318.41135690543001147	342.71899403070716517
SORT1	166.35264590450387345	534.69498186083330893	82.73356993072205512	268.48799441694069401	186.62951427550314065	0.00000000000000000	247.00248512562967562	131.10652419654286405	778.32244567778468536	227.96824339423923789
SOS2	182.94197767883713368	287.60860637142536689	125.12609397579004167	183.12350853112445748	288.76091034552001702	99.17971795057974305	118.23943327098429279	162.06959452100983299	280.13748409664691508	252.20842548692297669
SOX13	48.33455767452681329	212.01619075941638926	43.27528424896750181	138.90553611433401215	97.40384374669953615	33.67013987959806087	68.27245472372253232	46.58658623195967152	212.43800839017163185	104.58053646945130311
SOX5	60.37384760025006614	204.27298258353403071	61.09468262967811114	62.53964081338575198	128.39135947067862276	48.90334101452902615	72.17428903414176489	44.66721610345705784	275.90098459486023330	112.14222980077961722
SP1	206.10275151422726481	244.19844882571175049	177.23361418239727527	237.30547920048235255	214.90985506462604349	135.92577982738433207	147.56109617513035914	250.42889373829845567	239.19537455703238038	204.25801445368301756
SPA17	60.18721229090396463	106.21251593966070459	69.98144504201154348	85.91814465039269066	49.88529211832921817	49.67086210441478755	204.88317377700738575	65.05926605110111893	75.44617502563674805	78.39292962458402769
SPAG4	58.93496493365122291	28.97125463450562677	27.78076783990219667	63.82293020718759635	79.20874296893744315	2.55263999008380216	60.59016485823610054	254.08366255722245342	25.55341358814753150	16.14837385408964110
SPAG5	11.56902245317114186	12.86113677592048532	10.16041834647012188	25.23523521765711308	37.71218517059115527	17.17616851905826891	144.96219006122467476	14.06063779595214491	14.09434981720391633	0.00000000000000000
SPATA13	149.99724624610934143	89.36907741608943923	239.57160236642320683	143.76306843705253868	198.23165132652187026	106.23834138988736697	85.13509907110254460	139.04415373811517043	79.04259066347688645	90.20019874013060246
SPATA6	118.87866897668858712	157.58622246120572186	121.31198158562960998	95.08318949434260503	227.71046671156773300	344.11647466702657994	154.91470186030755940	146.76257122073963046	153.70737129017362577	208.49805327793143306
SPATS2	411.41537912491992302	384.16940156248341509	369.66112412058930659	311.64054637764286326	339.69551223565213149	246.47634311869447288	453.59118891996484990	385.27564624362190671	300.77275597181255762	256.95154198492002706
SPC24	6.93791004395213928	6.22881141771970981	3.74025319543270296	19.64552174459332790	0.00000000000000000	0.00000000000000000	161.76086317774587542	12.77414485924495047	8.17932105662785958	0.00000000000000000
SPC25	7.23698598867065357	7.33597600798379545	9.67754126772953960	4.77006897964962207	0.00000000000000000	0.00000000000000000	192.76703439231002335	2.35189808491862529	5.07421755125038043	0.00000000000000000
SPDL1	86.80445635450364250	79.12501838164773460	74.83280076356281540	71.07855425524893178	22.60690573173210183	57.57402358675399512	444.64288847845426744	124.26975639911131566	69.84754943779401515	28.63983034774066283
SPECC1	444.59567195710837950	1049.41462680789800288	221.41405689268879087	389.24373543600103176	578.46405380400199192	201.58973036286226943	510.54139009860227816	368.81895770322790895	802.98858148255510514	629.07578663928813967
SPEG	50.06000416328727454	59.92585558916283617	30.96412909684683257	101.63715456273719440	83.85445580390029363	0.00000000000000000	27.77959152468323367	72.82831905761079838	338.20497729514585217	102.62376870589486089
SPG11	179.07138449527121793	210.73660819116349785	165.72582396995102272	179.38023731117593229	297.77049479728407277	156.68095794110968200	236.97269554713673756	204.03673219653677506	210.25983741232028024	148.32828916920286133
SPG21	401.18765457574261291	286.20930439104495235	359.54856293164596082	375.66585664267387301	245.65684172305526545	353.08472160589656141	427.54755219993961646	420.79504841813337634	283.41102321730187441	248.28385583752211119
SPIDR	168.43703447719667565	145.08256125646775558	148.85482813220886555	101.01781140195571140	316.53844108396964430	101.22188722920216719	241.42363724072021114	178.21847064710985364	145.17222442242461966	120.75173983920480225
SPINK1	45.42036951186268112	21.72810077704139431	9.37368074408655616	52.20871250847473277	238.06366528251740533	23.38795108319387950	22.58575721674730019	478.28053800201251988	39.19217462141980945	11.88680464021166117
SPINT2	127.33835952287662963	100.78018071751293405	87.79600458039362820	566.49839564179990248	316.62300290839255013	0.00000000000000000	97.50388857972224343	163.28955228363096808	142.41424030757946184	118.84131843427876163
SPNS1	399.88940749888280379	324.64188878392252491	384.84489413007679559	381.80720425250154904	466.02603576435427613	254.66824025612615401	344.78505318755333064	396.83302658501048654	279.29070678743318012	276.53113693498988823
SPNS2	13.48300500652956302	37.13935435407357488	27.38711720314154618	16.08528989259281161	16.97741774659941427	0.00000000000000000	8.13966379554585551	19.62653741831643828	33.92346586874246839	340.33596373607650776
SPOCK1	1075.84982444620277420	188.08436879527474161	705.11007278624902028	414.53580925187105777	821.88017066713803160	612.69892534031191644	712.42790027717683188	1367.32520376621164360	215.77061957447781992	218.09803726439119487
SPON1	1150.01962100152604762	159.44968480155407065	649.97990999105809351	348.99995260036740774	317.23200177610033279	848.21661246742303319	426.82805611545870761	470.61659984804276746	152.77419064754317901	107.67457225118306496
SPOUT1	110.65361342038035275	129.05512976802796743	96.72719241794948175	133.73531883182187130	71.85287247764304652	115.60940374971384870	218.94416605628148886	111.25693266437887985	97.29790709851681640	79.44002871843838420
SPP1	184.48357244072670369	231.00943300312582096	174.00946924910590496	1046.43374913415095762	354.33255290461710274	0.00000000000000000	97.38103092966608187	255.30002690671872756	195.21600324458060527	148.47635124246224336
SPRY2	167.07658455607685255	407.96040669247798860	153.06153556929234583	205.12466923697334664	274.98312948818585255	449.30776718580972329	153.07219923813974560	205.09921956730553916	299.44219051616494198	276.84865689370423070
SPRY4	241.20470986060598761	622.76768299745367585	227.92967057611923565	249.99943853503881996	405.67259386279158662	187.05519730716616777	222.98936206598614262	194.60403150690373764	366.28629589365482389	176.60049379806392267
SPRYD7	215.47359089555493483	206.60230926053804978	228.18406796567015249	219.32098189479521011	146.48673244187051523	141.59434685877383231	208.81332590636773716	345.64962935376161113	221.62603447415858682	146.24027559347780425
SPSB1	760.86031846301580117	401.22057117252330727	776.10407831035399795	484.49725646800385448	454.66233470070932299	582.64568124259540127	377.50759907076871968	463.83931146137058477	409.01943919674789640	795.81558958148116290
SPTLC1	188.20275755295202202	164.01218833216253756	174.66461435388413292	130.96916842639814149	161.11657671894775490	190.69945506688159753	263.40920273961972953	223.34127332180938197	147.27521573380431619	144.66185012822066369
SPTLC2	248.67971331013163194	234.67498406076620654	272.88732968929764411	242.79488774639813187	239.26371113552966108	114.37682146325997223	278.30635978690276033	250.95856225068007461	167.83667555923892678	149.67525213066878109
SQLE	330.46144579769230631	289.82153378901426777	314.27515444666533995	279.68881771089218091	216.03468507244539865	27.15858185836579253	490.99336207259483444	232.37038291930409173	229.53179159990455105	162.46858862985948235
SQOR	371.36167908504711477	300.47639496007451498	649.91401226172285988	340.62943388791933330	218.03595936535646160	560.40336531952675614	212.52594485275369607	499.91232352078952772	386.66777155212145090	471.80251343050650803
SREBF1	217.43920028925398924	196.58180367519929632	197.24241762435585201	294.39929072707479918	366.21783482835786572	31.30948704030635099	147.69857798197477905	167.98369007792618390	123.44664340554948012	200.70217982451984540
SRGAP1	491.16672007261001909	378.36401598332395224	624.61966045508495426	337.49431398525280201	672.04881016067406563	502.97815574274125083	540.86629451907560906	402.89306038692524226	337.37119745977923913	242.11056025609485687
SRGAP2	241.03568443396977727	206.43942839827457192	240.90837650749242016	221.84708759610850848	275.22221835699195935	110.82942907982945258	153.46280344786052297	137.72227547619900179	184.44984273943705944	149.49897992317795570
SRGAP2C	255.42041705987830369	226.97695430182741916	173.33554474479979035	162.01173462124731373	317.81712026415709715	155.34606410153361367	253.98953242265343988	185.92808840009499249	267.14967746121851633	157.12521531028775712
SRGN	553.64502663101006874	1022.22001186863474231	596.30100825861052272	3260.21985219593989314	887.58726660699267086	0.00000000000000000	743.88870778043542487	739.81375101131902738	835.09512565785348670	526.89148450530524315
SRPRB	556.12500269958570698	342.80679870384187780	518.40098611134612838	404.22639555039506831	211.24694483537518863	398.47983408198541611	567.90811714160270185	404.62158389258468105	280.22792068498654316	281.63490155284699767
SRPX	1258.13984105524605184	504.35719773772126473	1195.45884564023890562	744.18010935124880234	1099.48303231908698763	4386.83655524017467542	949.17034183387136181	1612.67971525071493488	686.71628501309339754	1766.78115874252785034
SRPX2	1138.32005601942773865	274.89639648019607421	995.76346887378929296	482.11748660436575165	595.53466619628545686	569.63586815017072240	782.53041879472061737	692.57842982443889923	226.92410277344529845	150.85818657469934578
SRRT	214.16874685268820144	274.34380159201128890	208.10021475864314766	280.68437451001619820	263.43444995780083673	147.10412610667029298	368.41290787745816715	206.94145065877580691	294.13626317277493172	250.42159432828475474
SRSF8	323.22734467891012855	249.05324146627120285	214.75733027303377298	318.98838197261068217	197.79442338377646138	281.49221306524509600	269.50913723246065956	330.45692393688227639	348.10299345750871680	313.23606898368035445
SSC5D	695.64675190635352919	182.73168184175236206	462.24859362884274105	269.63836807695332709	386.41272717629721001	649.81440994117554055	223.38191932044250620	389.48703017948173510	161.09977035313045235	338.42877406847395605
SSFA2	191.21984199043089347	278.13525346205705091	131.01663260157229729	239.01955972714387144	299.88924911026236941	180.43659824458359253	155.96824761245784430	215.07359774789927087	229.93608739153870602	249.25342535449337333
SSH1	299.60007397200752166	202.02501791248340623	279.82603211449401215	266.57786256278780002	451.59947460210781855	187.46167363415418095	256.93799169531899906	225.83990993538165526	221.28575066153817374	242.44343230857114690
SSTR2	206.96035829551786378	850.63272365671082298	402.47693125667052527	309.52425197557693082	348.67972314848924498	50.07917336745983050	294.24410273824389606	139.35064133445462176	645.72342043412049861	1465.33982269137368348
ST3GAL1	183.53046779751383610	248.66980789008971442	228.39535588691430235	255.69733900312039054	327.95742491596712398	170.46026119855042680	195.26137283117321886	216.91514307719646126	192.12871285954361156	165.31977846554312350
ST3GAL2	181.80093620935051035	238.43301959356949737	179.19372444882912987	210.47836652803428592	134.72906220779080400	121.66529786497601151	170.15406004001442852	140.42065292824730705	132.17833506653690279	118.44918626026547770
ST3GAL4	490.65021011574822296	239.47138020693000726	498.53128408497195778	365.73118143492729359	220.02638760911665372	455.46498954991790242	355.54098932983498571	382.21924692125060119	280.84668386773358861	290.65914386252592294
ST3GAL5	182.57518265809326863	45.23556324668964379	122.57818512228986663	188.31821756239614274	182.13120635129686775	546.96550462063601117	79.06400972040054853	141.35391271306886551	56.50696961143280816	57.33810706115776412
STAM2	248.87833312902623106	212.05181644878047109	251.30989919161513058	220.31739883296069138	222.92687140910643961	184.78202661402383455	145.92511439528306028	201.55267191225334500	208.98837494897387046	190.05542861237037755
STARD10	400.01433724970854655	173.14547915275920786	493.10170580541347363	660.66339414234414562	239.75041749130863877	234.74960180845764057	220.67567011392128506	515.94347008475074290	325.21996402793666903	242.78484463392300086
STARD13	180.27355147452735196	387.52808582044082186	174.65304534612621978	252.29123445995526254	256.71441008251741778	64.33262286402703012	165.48458340573648684	107.20764969340790174	264.35622335436301000	206.89558134090773933
STARD7	179.40408382634720397	285.89783343969713769	191.44972522084347588	274.69122934046282580	218.49158317117954198	167.79074142933757230	349.28858686985199711	221.65572605091429637	322.72761097286172571	234.95858995415389359
STAT5A	143.87852394081008356	127.48151662413852137	188.73582614116739364	178.34794702175815928	139.50740926004695552	186.30978224421482992	85.53570681257022557	122.96469197674983320	193.21282673390513196	184.16194579862431624
STAT5B	206.47171203561026687	208.59400428334652133	162.04853142953245992	250.95259510031775108	300.07435655720024670	160.41768329420335704	101.33231634204638283	275.10537663448099011	255.89391037675889606	209.84090727765030238
STAT6	288.53930767717542949	449.13371593406395732	320.88270070920805210	360.89743599877817815	527.88634360462083350	271.59425350903700291	209.29324576234390065	299.70487956227225368	450.43078531102690931	370.18941522556508517
STC1	55.41569851426755378	33.21627203656807126	7.43478208058118462	174.88679805132352385	261.57804530195551251	0.00000000000000000	48.63669299285592018	344.26745854638909350	26.11398930876184110	5.72373362013146458
STC2	81.65054798403241421	53.29035137205289629	52.36959919762401228	164.47609852551838117	275.40392507055474880	21.94375564831181080	44.79083871979383247	501.53874044547239919	63.47362359974501800	37.58800413912993577
STEAP1	699.67996294277043035	167.54918645497491525	966.23689100129877261	323.79145281579127413	371.80684486198401828	1241.36442251090920763	736.50763521629642128	801.72784313274951273	159.61465520939773910	198.35079723977207777
STEAP2	447.69608222316372803	98.26664843601442101	436.37971072985351384	387.53896102409078139	596.37608252964776057	547.26002270523883908	207.03448814457453864	577.16982441402001314	130.79981410888473192	190.43183378302586561
STEAP4	254.50885790531614816	1515.75000549779224457	238.32514218775540371	508.79548762645242732	734.32663998095983970	0.00000000000000000	447.59622167105095514	317.75825056400753965	668.21125175302847765	2971.69396427444326036
STIM2	214.31821529299395479	307.29871746154350376	202.20988286620249141	275.55646284406464019	283.53683664789645036	124.05702751175319065	245.07843962890174794	165.19958733370935988	165.68563631215835130	125.88368060013233674
STK16	222.22868834277235806	221.32222712784508190	159.79651036398840347	268.38625416368864762	173.28792989903780608	133.46173062418296240	263.08434707958144827	237.87434831033650084	218.18523518794188476	201.38019258481045881
STK17B	574.15499841410814952	425.81891565361740959	565.23897572822920665	831.26670864412380979	509.11455341539164010	171.71165530573992442	525.08462150830155224	403.38420062900496532	225.99032542991781725	288.44118965938901056
STK38	254.35646081019447706	160.25824825188576028	183.52626976622892130	259.32383076787726850	179.51566787213994303	221.46624231531296800	164.15236080965632937	195.90534816513411442	167.23755494592478499	115.83184574717260773
STK38L	312.87252438474212113	594.71469917544538930	295.68862191718824306	440.55504044388203511	317.87026754397203376	114.75271939039262747	274.28076796430860895	262.19010919743436716	746.20096083988767077	308.72526520083334844
STK4	228.52824949480262262	240.49577826954464399	233.25177631267473544	462.47998403657669542	381.22170145407363862	102.52883411282391535	345.72178937011193511	306.35450414058681190	239.46767008769634799	190.93097973184205784
STMN1	351.55157853704486115	311.13978773360202013	242.91121158465620056	606.47338211790952300	173.11346457666084575	0.00000000000000000	3579.40197180566292445	378.92933133015560543	304.71688292282431121	157.31965224890291211
STMN3	546.68202213175345605	350.36934079140513632	620.15569677826420047	325.95323004925040777	305.40331118382027853	562.09930375976352934	793.73690934425860632	493.20052538672644005	304.55890356828189169	270.68094506751856443
STOML1	186.76085894171515633	176.35014026142667376	202.80096346203379198	115.40462097405763586	100.12724649188209014	149.96095546067274995	245.17268757403823543	132.06015725622211221	204.47268958604288969	156.01004020973954312
STRA6	246.23448790252325580	50.66810038742730882	371.65982812822437609	112.20043574106719575	96.10506174020855497	26.51792138663748233	150.75822134512321782	129.07399890886026128	47.30570298032779419	79.04588762813359892
STRN	157.15204491010547372	176.94758136513266322	131.72431348961100639	188.28900334137898653	179.65741757859657923	167.93900722638861112	245.54466021278557264	181.04136583332066834	188.40277668851038584	143.18125828238092367
STX17	199.88336394205256852	303.12317027920994406	242.71780126804952715	189.74530238691824024	218.33668175690436897	127.50233849192031244	137.34195949269499692	168.36329178381120641	270.43586406913789233	308.93568047628065187
STXBP5	275.29787721586916405	137.39983155718482521	263.82948432653722648	213.39459651764860837	344.18712962876475103	89.51156983925129396	188.14680618345508378	236.00171465995197195	132.39439323453277098	155.31481372706983279
SUGCT	760.15987854525428702	169.69857722311326143	377.95641168931035736	363.69464389369420587	234.02470015350283461	131.60716091927432103	462.97868229787752625	599.50748772928227481	441.68900049038705902	208.55222686451139680
SUPT5H	357.40284901034635823	378.88987625918053936	287.71178911235398346	396.22268016440142446	549.36855416420621623	264.29146200924532195	324.29792062427605970	424.78565562845733439	387.46943534480448079	269.13361521937287080
SUPT7L	182.22332676571630827	233.24599228627900516	203.11690934378952988	210.82158150415045839	173.36505454826925643	99.05674921364845886	178.60337698703631304	142.51366144562916816	208.47261340165567844	212.61930283007004050
SURF2	157.04597216952271310	261.60104061471076875	164.60955545579454906	205.39036876885285210	137.52865277171480329	118.87326616198264162	214.73995904536269563	156.40474693901455794	256.28276788143722342	208.28970120649128717
SUSD2	435.51185514585529290	363.74970494139603261	551.14502213572370692	267.82980934021975372	260.49778223485282069	211.26219080535904027	207.16357673885178770	172.18080390212722364	604.53343680170826246	377.69815926134509709
SUSD5	25.90832343552795436	70.74283744207529878	23.41566960067081027	78.83756511438402015	49.85023637552924214	0.00000000000000000	19.24082002828726345	25.65411034295454229	284.68030634137494417	17.56981803242216955
SUSD6	334.28614141890665223	412.03531028498707656	363.96543823263687045	316.73100923737274570	469.03480711263682679	120.58108054954179522	307.79712641598104028	259.06166499008804749	420.64562849310260617	235.29970169471616259
SVEP1	501.45812065438894933	270.40005831046573803	350.12058107227073833	286.72703838293841727	621.53648031782790895	1551.44291954402910960	217.09352432440093139	482.08954118621329599	131.73305721241919741	207.74540428662962199
SWI5	616.77538366118619706	346.83307134107371894	499.66276553542729744	463.78211540224157261	315.73715871649761766	473.44486250869078958	600.52172111185473113	540.62789184974155887	367.88507285460246976	268.44690811224734261
SYMPK	217.34993560984150918	238.85053073699219794	206.85850027543165197	199.59854003679177481	382.78828465268088621	160.45422709042497900	168.36260254033700789	204.72250304103744156	223.95156463379461798	131.57591954512673738
SYNDIG1	356.31826430695019781	38.99858496188447532	159.65266349910177723	91.05556522967494004	166.65949280569071789	76.75968318685394820	107.57379946292243744	441.46316256116853083	46.32032541260177538	21.04817004578959327
SYNGR1	273.16323378585724413	308.67898008123012232	178.14622133862738451	197.33046043776354850	138.64605784556184176	216.40650230503442231	221.03509500276931021	259.49851168717094652	198.37972859625966748	283.01325148504980689
SYNGR2	70.53339587245433506	156.74339602628489843	70.75902699004657848	251.45491205238792531	154.88057409621998772	0.00000000000000000	105.11497678719085513	97.84497695156721875	266.71398482586323553	143.65430055927558328
SYNJ2	271.85621225232517872	225.97624044914812202	262.18267172070358129	152.79079478128528535	320.84062916497799733	41.92986268655687354	256.71144225659065796	207.26612655761459791	150.39785250093689228	100.38117206473583565
SYNM	90.79439889773571792	383.47892294415686365	88.42294019081145962	281.78873722468620144	310.26199983150723938	0.00000000000000000	108.79856003297449263	102.35902000525696565	828.06256882796617447	95.60603360428572728
SYNPO	221.59534623155064992	245.36422031037790248	151.27975716855863197	291.91032896370421668	475.73304875320889096	84.69297284466782116	103.83424760897811723	619.65248265903949232	432.34824987565389165	370.03395288636426130
SYNPO2	365.03265732999159354	870.29374867074170652	390.61564726293215699	458.11405160653373514	552.15956896305249302	288.04406803960051775	400.89924884918241332	376.91084142603443752	1283.85353769776907029	2726.24198101345746181
TAB2	240.32771813742689915	163.22197759976185694	211.81248788751682355	247.28047585905969186	232.66978226583592004	147.47439549841305961	214.43709231280547556	261.49135343484169880	154.30011746708748888	187.13266376934191726
TACC2	60.46101404985772376	161.03142086321341253	32.94624925154742812	121.72419065255913040	129.84341064394141085	70.06585720606004486	80.06754891361386228	54.01421881872065711	282.37770734390682037	107.94045377846497047
TACC3	20.81787897416757360	27.77589425785635768	15.89983804868787054	31.97978731845645584	18.33079685199960451	0.79546044865255128	326.76071479242398254	17.44974088954322866	21.91423874433049690	4.87415369695503120
TAF3	242.46847591065528604	312.68421155776809428	183.67440363441619411	223.86233371063681830	426.69499728504126779	254.93212648656745500	257.83767926650767777	321.63019319170973631	346.75714073407237947	324.87956235455828846
TANC1	209.29650678937238695	259.50636760495342514	172.51008120766195475	193.19894865339111334	314.28900586229116243	50.76781838701170813	115.20514202226256373	203.46562909549385267	270.93494767794209110	314.39947248021439918
TANC2	369.76987151148563271	114.83894223254421263	246.90881104834579673	418.09881464762327141	610.69049938360092256	0.00000000000000000	190.23879495869752532	449.74681567954399952	123.88841782652662005	101.77194101849474350
TAP2	218.45130749176897211	356.42567061421920016	417.17087701850329040	322.98938621542686178	207.03350561920220230	95.79691686051683064	250.20641449466637596	140.39645888440477961	235.77938220151497717	257.48196557109184823
TAPBPL	201.48807893612627140	228.78037580420112818	285.97391910885255584	144.52670901715609375	197.76342456500876210	214.82698515341277812	118.15338408323373187	196.11062212561159868	181.39932335991298373	195.58440858213944580
TBC1D1	270.61719483537370934	656.94502246797276257	258.28527403236483906	451.05462252677256174	290.10893714650069342	113.81316890804048114	442.72349470467156607	248.34924987476114211	1006.92237052928805952	385.57389641833367477
TBC1D17	187.84497161153336720	178.62809693600263472	189.62254606681273117	171.23695479606271874	243.53023999768768704	181.24705061407931339	88.81798365898022496	254.20334206363253315	197.66936323403774622	194.88031337415620214
TBC1D23	345.47742133706151435	342.65965544519042396	322.16912840975618337	347.31608563890875985	412.84442401172981363	348.19348650137101231	415.59219330886463695	365.76786362711965239	295.02051316076290277	250.26496981820150722
TBC1D8B	241.52539512090265816	142.35470653489539927	165.07401002012608160	164.40591122475129282	236.00711337718399818	178.51975018868296274	288.19744948163281606	218.49572884508910420	121.26183981547457336	142.45809867021588957
TBC1D9	141.09139426775456627	150.48508117514643345	190.70448350108102886	266.03973165870087314	195.09926278801853528	54.67261301616154157	115.63634093443711492	91.65976910568021196	115.51827295717102118	92.72302865064720834
TBC1D9B	324.32464220347947048	313.75723158348552033	287.79474896811751705	397.39582231319718630	368.54975343273434873	192.75827163326869140	335.75381602279566096	471.98258853745340957	265.81230479943826595	257.24253150893252950
TBCC	159.72274039820780445	268.67410521339911611	131.40786911047871399	227.12162058531239950	178.36768957294285087	78.38511332339007254	125.03974720329817671	166.10384201637361912	238.18483185470785202	407.87114746349254801
TBCD	150.53630699507348822	127.88481422787948816	173.72095157874807114	238.11894557400350436	163.61196380566985908	160.36752711398861493	370.36579719301209934	158.92730213483321222	134.41731652394170737	116.52508913911675847
TBL1X	213.68309069723710536	325.38142341618384989	134.46617108793486750	224.75243334280142449	233.32757361250929762	167.60370271610764803	196.04799863348242184	200.75412750867855038	381.65604066753348889	152.12135037702392992
TBL2	243.52114680884292852	175.07990996412638651	234.52757626467746377	131.42898494407074850	138.16591644179467835	157.97151834530080805	250.55627879779677869	269.09482931670680728	168.39457793623330417	159.97753832957997133
TBX15	124.87891140045329053	246.93957332723110198	143.96277059652888397	171.49714017516757281	199.70833724212738503	199.00085544499179946	133.29171018869575960	147.95180149960222593	177.34304012690100194	196.38169628714044279
TBX2	371.99049125408635064	2105.40701739501810152	280.27027233449587129	865.53551323379065252	620.72356849728794259	66.87437042414137522	776.17456555136470797	424.41080958106783783	1752.07053959329277859	518.22859084722051648
TBX3	424.68200570640374281	376.22802624026718377	475.83227383011228540	404.34322319884410035	918.22993165413731731	190.69239061416658387	410.74850233266027999	838.22987799725353852	353.51711754186419512	381.94126585182112876
TCEA3	251.07628208414129745	182.10737587885890321	171.75984128263118578	284.35658777507444483	275.28374319364394296	219.73195799218677848	221.43043645801165553	671.78456830623110818	280.10384665308737340	194.96984894789909504
TCEAL1	272.57441293599259780	261.48389268772370997	213.25669457684560371	328.91306773974059752	227.27085478247491324	140.15319070223887366	138.34989182795459328	200.14297187237013986	311.22798329829055319	400.79771052087863836
TCEAL7	268.46876128470125877	322.75600429607573005	244.41687811153315124	200.62253586668055050	397.10920178947128534	468.37495116986838184	255.56287177250274567	280.05744347019776797	353.41667193013449833	447.70917747482144478
TCF19	34.22160296000919288	38.96137930244506009	25.55206033661996301	46.05425374370535252	25.96456834671187508	11.77348359771841579	233.23310605521925254	46.69881683544804218	42.05750623106631991	5.55752052457409995
TCF3	246.59301155122918203	220.22883293475786104	169.80673996562248362	267.35199332229888114	275.01715552913083229	141.57220079715469296	350.41420916557717646	212.01797302416559887	176.88363717106381046	184.26062753517086890
TCF7L1	193.76725156839043507	247.38851097624512931	190.50490184393387949	201.15881308381241865	234.36022449748307395	218.40330188541523171	182.26689925619524502	194.13136742266337365	332.21815638297044870	311.08438105790003192
TCN2	219.60697392614861201	110.10256326086522449	308.71293438619755989	115.65189463150828431	225.19402917988972490	277.65439247395977418	114.32553729594246761	143.28704713636471979	76.74206239276149688	77.74536961810308355
TCOF1	187.08323757451503866	204.27649647584632930	158.27017848339474426	213.11195562757646371	233.03600109132025864	92.66977346182272868	323.27709189372859555	168.98129846184690450	217.11828443792205690	152.67858614314812371
TCTN3	370.07032341117860597	282.21484513544874062	326.20380665616181659	278.13433098713937852	287.19429953132737410	313.84385856048857022	273.70081993605793969	331.76875659876787950	237.78013768608593637	206.40531112861134488
TDO2	568.74794114230235209	940.26451893158889561	736.03899760191086443	458.38025643895457506	189.53014893927806384	268.92269255780098547	1126.86394998228297482	389.35166265889529313	264.29335573431075090	144.72199809560873973
TDRD3	226.92570473900161687	185.24716566238348037	171.05434888348190725	184.33507559342857007	382.67759575169822028	119.24666802646763131	138.42256742206643594	258.46898723300915890	161.50259468124795603	161.74397231126391716
TEAD1	666.60562849257723883	510.77984108983787337	586.98916758452787690	443.61998160688676762	781.00171815761450489	238.36312852036513732	634.62504988202624645	551.16449675089165794	368.86492441836895750	413.15982166190519820
TEAD2	186.36041782532052480	295.33688457162742225	198.87088575098357524	182.62054481231348291	161.00315777515680793	153.69407931588256133	266.04400062829148510	163.71209908864904037	271.21340768329258708	310.76537902000887925
TEAD3	217.69845507752486924	271.79945940522759429	158.51272548274911856	214.61741744856183800	222.73036117633679964	140.58581371179337793	147.67024543107038426	148.79598291476230543	339.50921170316507869	279.88326046339216191
TEDC1	67.43971969777707898	105.22595719055244956	63.22964012263260258	96.24710843556290740	96.25072852684446900	27.28902383681603894	230.61483425229457112	65.17556963186551400	108.82449378842449050	75.44950594642543251
TES	382.71911934761391194	614.07518044531025225	357.12819365285383810	388.72256403378389678	194.54224053775644165	245.29922636002859804	363.66391344672496189	311.41498544452070973	359.94884875326772544	304.34115983881110878
TESC	35.74949520346957854	454.03281288370271795	5.62256829799550406	143.01833234495720149	61.53484296692316491	0.00000000000000000	73.42719785905418917	89.54955869159034876	110.37817573799274840	17.37956367226048471
TESK1	174.91143827660997090	185.75637799847331166	155.47119048867560309	235.33563110144942243	148.74933138382755260	134.10629892259507301	209.08617903008365602	147.31885520988066673	225.80558218517541036	186.40006633682875758
TET2	171.09624462058985728	229.04508529383656423	125.76502499266153734	305.84492699246987968	434.03963322784147749	97.43439229062744289	172.13324309050136662	207.28281893843879402	219.59010365634492246	167.28643514941001058
TEX261	190.48663076294801044	162.47309272581588857	164.11374226664472076	189.37911478953412825	150.43344444213232691	135.38146360229262655	338.43424321508138064	183.59906204965687948	175.92211481570268461	154.30030827491827949
TEX30	127.10145262901185959	116.63872257172111802	109.61450548395771420	151.13156462765616084	124.78802659246107964	48.05486530035713599	289.10264822551869202	135.68191143343230465	125.80922585523617840	83.30572242879293299
TFE3	203.25109308227402494	210.86931955848260145	204.48935276267835093	192.98704123912361297	240.04423524929578093	84.67651740163117324	192.10615619216812888	187.66243404427720520	199.71162618475688078	229.90616172158934205
TFF3	96.08848783882611144	103.31712201281563068	81.93098539919490975	714.09259303997578172	139.53598997779357660	0.00000000000000000	139.34534107536333636	226.72023345452143417	138.50546534506511875	70.13926098000332843
TFPI2	311.57880855198112613	139.39669418695106629	881.50769397799729177	283.93128338214432915	244.27454653733650503	282.59894145546513755	478.40299000639117821	197.90296939914651375	137.47483823354971832	237.09299130400137301
TGFB3	797.02929254185391983	656.82281706203400518	661.75788893358276255	493.52317965154901458	667.43193553827677533	363.18490466007273199	319.48458442071665786	439.13105935908185984	676.53719881264350988	438.31885267602547174
TGFBR1	435.67971989722980197	213.93984987722902247	274.30690515139974650	290.03610703293657025	346.98983276259809827	228.25956413557040037	465.15141964638138461	376.28282356788309926	223.31856274949177532	195.95985579019708211
TGFBR3	315.43791826602642914	242.02028937421152932	287.18792331083119507	379.48150986424286657	457.55345441560831432	1611.12395914140984132	164.35506222497050999	314.44493142254867735	353.11969703556445666	780.73250823886553462
TGIF1	622.75324827603265021	338.90456799831218859	615.83257519405503899	723.11623972395534565	810.02099803069484096	466.32432601783011705	545.17740287186302339	805.80978578021813519	406.63685532210490692	543.59798482673079434
TGM2	539.74537238017751406	175.22285382890729011	705.86157623896235691	408.35687985328104332	281.59271118830270098	146.23363376949467352	406.83796925737584615	440.18592463442809049	201.86031670738040589	133.83605723608630456
THAP5	181.97590843354927870	191.58277853200263507	160.75836199370311874	210.08028793824630043	195.40146242249124953	136.71656019796816395	218.52903983802656285	238.27843126068535184	251.43025208162165995	197.65573983255910662
THBD	101.22928585127895929	179.17099870540712914	172.25113802777394767	360.20016459011679899	186.33471027976625578	78.07844529951998425	141.23195428271489504	75.00690406439107960	416.15934327962821726	450.67050517721747838
THBS2	6907.69859280701803073	1136.93897690560174851	3441.66012513856412625	2725.75508613702641014	5278.41661744072825968	2746.61208752714765069	3835.18189424080082972	6245.50553591653442709	1318.83516699084634638	1000.58027925188150675
THBS3	391.50219333211197181	235.08422535058201674	271.06851262571620964	257.94543460203203722	230.30449629239930687	410.43248303871678218	428.93110159099495604	240.80466670919642524	279.33218165692386492	250.60975531205136235
THBS4	1177.97158105887547208	291.41297317172922021	1387.20532462530468365	523.92727601779904489	363.76403878361287525	893.89212581306844640	474.15873581729186981	361.46416543439477209	138.67291487148074225	139.21176259754832927
THOC1	150.28524807441209532	179.53309215520425823	184.67491478781602154	143.55394586511329180	233.62057961468502754	98.10990980371200010	197.65131866677435823	209.15884429985399606	189.78342131689825578	113.87422966296514915
THOC5	142.31916754677877179	192.47996411418026241	127.38490763659669369	119.75956627928880494	113.81378033649622239	123.41888199061649800	254.65114981024427721	146.27093859618946681	211.92263944381633678	168.00883586541539216
THOP1	94.48574229795089252	109.06969280990607274	61.91019515370982162	139.51028665028684372	150.13689031087261583	45.06999975615978116	251.00742063131286841	118.42477265493619143	104.19821770580537645	88.19321562844210405
THUMPD2	281.44255977611442177	131.51339342430026136	154.78124341362405403	155.63058792047590373	219.08340280200729921	149.53122834398746477	147.62000507125310378	491.20109139521309771	137.85787363750660006	150.92043864793558328
TIA1	354.81382715323786670	413.67148910851364008	352.98079984016391109	334.37671547342063150	582.81720711458820006	268.25817019149826592	426.94188472981068116	274.90354040472391262	334.41614740588306631	339.84109503814079289
TIFA	211.28620656066112815	167.07867479092899998	321.95220306517381914	281.34759419941326541	234.25088123277271279	224.53409082307612721	222.32812549444827255	226.43498969272695831	213.66411787256637922	316.39632710942527183
TIMM17B	261.61010339742443875	356.30150698056178271	214.49398310037784654	362.98642420127868036	190.03228143707764275	148.82609541955389432	296.51925036318766615	300.86622874289867013	329.38202804196163243	246.42386751541940271
TIMM22	247.31633355886364711	238.98133556627414009	225.51391505679188754	290.81851780111270500	138.40322830512161545	131.23316247887768782	300.81241553755853602	228.76254722994156054	222.52438832667718316	203.97873280895913695
TIMM50	260.37744110959903310	250.39511456196842687	255.92702057808753580	267.69161270631747129	218.48227953110719568	119.84022135422840449	310.34228726268082710	319.77033596394676351	275.37415072983822029	236.17381290894232393
TINAGL1	385.22181192527136773	2290.18969042618755338	318.84488507744651997	1089.17691425887642254	755.80122612944887805	0.00000000000000000	665.24924271372572093	350.80746372152236745	3380.81866950922631077	2445.43991562660767158
TK1	70.58752941917290968	82.27265947296707793	51.66579985668223429	157.53786352215331590	0.00000000000000000	0.00000000000000000	1163.83277704285865184	116.89332156061328760	64.18044686699467150	0.00000000000000000
TK2	257.78456466377161860	152.04538949180394525	195.36682218999027327	154.63720925546385843	200.59533781749135528	297.21305340646898685	210.07388220693846392	241.61109824895564202	156.15946339265647680	137.21477446603097405
TLE1	187.33458076319249130	463.73376982281394021	133.88169101872577471	194.58177604998823540	193.71214301355556131	168.61505921177118239	188.10621632521034030	188.46433002654742950	385.83615585475627086	229.94426517171422120
TLE2	91.44180971443412886	164.31871226067971747	79.78310564163214735	129.80032908445437556	162.16296380140414612	92.61930154857839170	160.87502745000691107	88.88397734849343124	197.15660028988614272	544.03539367870200749
TLE4	335.30180932924645276	526.31814817030908671	305.68641477502984571	390.47924660639660033	774.36634399797890183	157.87445193182912817	302.24007948278011781	247.57650944838044893	496.30928158858642973	388.28197040405780172
TLK1	296.64694791043456235	246.23764046241240067	217.91669546557793069	325.77862004490629033	340.11866113648130749	206.70088197911965722	439.28630661799246582	277.03512249942974677	298.85817141372399419	227.04742681723783448
TLN2	321.49150470249520595	85.24195134805232499	206.24731497973138516	98.58177712686715211	214.41871161066319473	317.31176983781199397	333.37847925953809636	340.34041281610296892	108.46625813805977145	95.88834999563671602
TM4SF1	311.02214666770345275	303.67134811992031018	209.24634252971839032	824.85046890584237644	437.83004573939257398	44.60345320240848110	505.96492482703428095	452.41334532204842844	549.93126735967905461	1855.25547931974142557
TM9SF4	244.89737941790016862	198.77324307444746410	192.50768935722132369	181.37807498011628127	228.61883523137140628	149.04976614034131899	222.18673957230311089	217.80046430242057909	182.20557673753697259	204.69090658048921227
TMEM101	265.19049126169852570	247.36886321497780727	230.35250379874693749	238.62253506146979021	200.52009172850392815	314.15201175672046929	188.68086616476261952	311.99809448055185612	258.44309695365535617	226.89674548810083365
TMEM106C	330.60330130385966640	230.21953355061751267	201.03687314652489704	324.59012151284343872	166.50376396989983618	247.51256812061853907	1143.44532636734788866	352.94893796775841111	292.90547920100743795	183.06181930946110015
TMEM107	129.00839835909897602	166.20640710067004875	120.10875510678704359	187.96068402481731141	207.73290279098767996	39.22485759034140784	320.62591972273071406	209.98558374080047884	168.77639464636820321	188.31968517252752804
TMEM119	1048.65150940626449483	254.04582813505311378	1241.70910281998999380	457.59425977893408799	334.62518013586321786	762.56184126422783720	541.39617286616476122	674.39655021620978914	231.10811885034399893	1125.97555661238334324
TMEM127	216.36485996583556357	274.72581885584412476	184.13946619451047582	245.15559602540429296	192.19053810992593867	109.52503616358613669	186.88507536945289189	167.59591205265934377	250.26457252564719624	230.57849206685634158
TMEM131L	87.43072011316931480	179.19523961892360830	76.42562887863397236	116.38518282822128924	86.33546656521338036	55.20846680819112606	85.61422318834453904	69.39101114114696145	251.78127153910668312	96.17424621294284748
TMEM132A	295.08232261140994979	203.37386670187299842	326.22331276027421154	182.19348555769423115	306.57005822195247902	163.07884843642409578	235.75083205830497945	320.60573449251631928	131.69138159266532284	129.80078530595145025
TMEM136	141.40300436119625260	234.63303439206245571	112.34049234229260605	121.29449698769143140	100.49833897792001380	39.94871182411350219	134.25549280904482430	152.35021555128025739	244.67848262490360867	161.90333314413075527
TMEM140	219.00585298670281986	264.25822629217969961	430.26399542120691422	157.04646682882241748	191.19145292115837265	249.73297829852745622	124.67923464921543086	175.03566998391386278	175.81155646471108867	237.85817861976025256
TMEM158	1714.41599519010014774	560.43129071722444223	840.28064153745822296	863.91499358770306571	2591.40280207477280783	580.50348448329452822	1148.60556874886606238	6589.16319243394536898	475.45256037487968115	348.10831243725982631
TMEM161A	213.53882264829516657	218.80823037615888893	208.21781809703801969	215.49919608489432221	188.48426399555384592	185.58746474073083732	152.45340283604448928	169.46348699790999603	219.12010520140569270	161.05710686157777900
TMEM167B	279.40263002486665300	274.21884537720086428	213.09360038710909180	339.76011332564542045	233.91018132049180167	207.81807769510950834	212.61206975802463148	345.73241910566287061	265.23714156904259198	238.57942559904384439
TMEM170A	187.65639758113564994	178.87496311780188307	160.21125129462456016	196.97443687709792925	234.68167111146928505	156.41363513687403497	293.95741374566586046	189.69338075263695487	199.03744744868066618	152.85030904097217785
TMEM181	225.33410271773664135	176.16520655310051779	146.79911673008575690	167.37946007351823141	247.68170152318157307	105.88289505137588264	231.10912316778842523	151.33914324901434156	197.60809052598713720	169.12559113810510780
TMEM185A	149.76301698352858693	237.74313105794891499	119.03244886473474651	115.24130238941221194	207.30255325012657863	55.31023232664653477	182.76418384997924704	153.16667003570950101	174.86841517960405668	148.53940819977970023
TMEM189	228.81325554271185752	181.78706228072906015	200.77431106308893050	180.84253616830972078	187.23292722743317995	164.44164717565462297	233.96556500947346535	208.74505731785637863	156.64669554076016311	127.86459623423642995
TMEM2	500.39647515717507531	606.27550886019162135	386.77578465199843549	601.83854477141380812	919.96229619724454096	260.69964626692222964	320.28306264219230570	303.78941788539600566	679.60642617495079776	473.40669809291370029
TMEM204	807.60620866511078475	993.29385997649080764	624.44676789244795145	657.10418336646853277	413.22303365581535672	513.52539051393841874	417.53571243201628249	489.75152036555584800	461.01699785686861333	351.40259902093379196
TMEM222	303.12057328758999120	279.78256401787859886	260.44732171842213120	255.63987599174316756	192.65915901301701751	334.46330023499615436	343.48010081366589930	334.51959345008168611	263.31749863800797584	240.27415221836048431
TMEM223	275.81727912543010461	269.38415314376857168	252.36572372031008626	187.33740434228542426	280.03764493242937306	241.99450258835082650	247.84591876377479025	345.20380607239309256	206.10260699976842602	158.30540233240733983
TMEM237	211.43677980110064141	131.49682595086721903	123.33943070898526173	162.79175438658197095	115.02205399654251039	217.84881873975891153	347.78808355631440463	142.94722570012893925	141.79225257537970606	136.81172678970159495
TMEM245	187.08458782064602133	251.68033132076138259	174.37751765116667002	176.83865190533799705	328.60343617341936806	191.81364733126790156	214.59934310632820598	225.09110164826125811	278.50196454723317174	229.28775061247728217
TMEM33	194.28508055968708845	191.26707336096168888	207.44309488247833428	198.70610060361281057	174.43915172966512728	174.91137715471825231	195.45367680364208240	162.17917553225882443	170.43252121818238720	138.63390420882518583
TMEM38B	105.88857289468707279	241.55705666644070106	81.20402331636448423	133.44113087419000863	184.20298828408454028	124.68298560458623570	89.61735626380817621	129.41223669586062783	416.68223781941577499	203.76072023902787578
TMEM39A	279.08193592927068494	166.64535563948183494	270.83753156650197980	171.31247203871552642	229.43476248712320853	219.89793859195833647	166.44587956137169726	210.43863025787678112	164.89981422302201963	163.46135674074167810
TMEM41B	215.83635814746355663	170.08903691405731706	170.82862862876075383	177.32936569755725031	358.03489025482275565	111.00732016741292796	153.20839240929643665	224.50840806974460406	159.90935966188692419	175.79240007438590965
TMEM45A	1263.19545093832857674	404.26387972240951285	921.33456716516616325	692.12116293128292455	1013.44339230298442089	742.19287852489253510	754.02969119230920114	2554.27620876018727358	409.24076152862761546	383.98893058605574424
TMEM51	118.37349459760912396	97.55823331485530048	235.99063486064150652	113.71740320037412175	94.23972858034554179	37.97564901205456067	157.16100151807827956	73.70418127905915640	152.78548436561081303	70.74814785377692772
TMEM54	552.80583085135629062	349.61469393205067036	456.51106649593867814	436.44147948307130491	275.85028017477742424	481.26440118129664825	654.43685340555623497	656.00362758123105777	292.28660535312786806	210.72184177065014410
TMEM60	226.89232043646970283	172.16618393407460985	290.51499725424588405	183.50360002821369676	163.02480307533588189	152.28947535812321235	175.05541030096514987	282.10066348983320950	166.12932241893389573	170.10209178491217585
TMEM74B	39.28985338154006968	415.50936591878502213	11.47804253806210539	141.08817035357236591	78.65552489756110788	7.89482749068285194	119.27420900231504675	63.98398444555103737	212.29993420370860235	76.98600363120762324
TMEM88	205.78776787504264689	146.68811810511778049	302.04412152637644340	170.76002262240410801	456.10251421044500830	108.63294333340985531	77.75918634626295045	83.08940391540939174	89.79431940907822707	124.89587119721568342
TMEM91	234.84175841614336377	129.56815667183542473	171.12588458046951700	213.67079353052449164	507.09214648682359439	185.67344228023500818	94.59070733332865188	729.06652173751513146	135.21362584738395185	158.92687518652559220
TMEM99	142.85651689402826037	138.79511410365637403	105.00382845238802076	210.12114858777988502	103.72417507372165346	126.82048058471511354	251.65149522901242563	199.61535703943715703	129.40259851098178956	115.91143103653094215
TMEM9B	537.75585799889245209	300.50731034702766920	529.50969661708347758	405.65144597200702492	306.08513671544545787	502.40319496545305356	373.26729591675785969	426.36071625269050855	264.98348652241583068	291.16678844752175337
TMOD1	32.70348252620485852	50.43064859423294877	23.32010979902332082	64.08157663112602620	48.04010988184428044	29.58402654050423664	12.00080967895585005	34.34463337305264474	138.44477701730068020	228.73437297658173861
TMPO	225.06246943560472573	229.03937396244904789	187.14889783011065560	356.01526458382591045	208.72268442336238081	176.32358994228837901	947.81941842851540514	216.05170841458777886	246.42408070036449885	194.58199295451757393
TMUB1	210.67929968566068055	202.94676851841441589	173.97597861598575264	254.80150190472880922	198.07007453436321498	115.33410076871876981	319.84307030817382156	336.82558009722856696	250.53853814312182635	158.65815937011859660
TMUB2	227.38517559368642651	236.07003734902946235	207.73328184296170207	193.70451830687230199	332.98290817169703359	138.66323309202132918	261.16989054790587943	233.16796135621999042	251.65913985071114212	248.77381387423542947
TNC	1505.80980138509607968	605.20385581365951566	1713.66559430172492284	741.32913367415585526	1473.33510487698049474	1062.33525363706894495	1928.87915583428662103	1630.36912856339267819	967.32920980290430180	3704.10883652855500259
TNFAIP1	166.58282811670457590	320.07579844663689528	176.71216094118219075	171.46994629204075977	114.89145058918450104	55.44872189384436467	187.66772874031133256	156.66989789233949182	231.45496846111825562	116.61732496103425660
TNFAIP2	1193.45976469013430687	851.31289205572488754	2613.80558734356009154	1098.77461817895095919	3241.57404291331067725	2082.14944157084255494	562.46123512663177735	858.48258236067192684	743.62823706106212285	2372.80041415500181756
TNFAIP8	183.32630501348955931	169.69703705781336112	357.34328140972553456	367.68529618640314993	167.94615693840395920	140.38301367736602288	338.94387639154047065	289.37039650648074485	284.48529146309249427	184.94535103048184510
TNFAIP8L3	52.41009590808220509	89.32997050436051722	72.11382212407870895	84.64753420216463553	73.59690377216972479	41.73311178413631239	51.14998740611176231	50.55186430471580650	287.02587516139766421	233.00198070258034022
TNFRSF10B	305.42960662573909758	313.50336447886752467	423.42336287847456333	334.16670154821429151	658.74061413386323238	213.17361280284356440	297.19753616300357635	315.02233629652027957	257.68595408434930505	394.45113746833322921
TNFRSF14	270.87736886019359872	438.49582936278756051	414.06223227307566503	550.27671366982872314	385.78284598036827902	189.84667183014872194	185.09481183867470122	294.35731037364854501	312.47288253931344570	365.27436732757752225
TNFRSF1B	79.92669585285237588	74.92628004795594165	166.41827999357710155	366.16396736499530107	88.59596356955587737	25.64958601655586534	76.97321687772063115	73.51064502162934389	65.09540300520689016	241.96588591563477166
TNFRSF21	116.39522002116979138	213.53096726684478313	221.25570394702100430	137.78841916174800986	88.36088601427117339	101.18240269574228307	129.97797736295814275	124.13124316397833979	83.27189753149906437	81.56080190966767418
TNFSF13B	643.85822641858976567	497.21471824324470390	2087.80275833424775556	511.21445316287014293	385.69326108615490512	381.62060506753124400	362.68594329598818149	402.11264250136645160	214.86461292485921604	698.58320757839646831
TNFSF4	269.68967829263300473	45.92217022425199247	278.64587186638357252	114.78377725933808051	95.91732753783018950	58.75568071394243930	154.01215504298389192	181.98057016832959221	41.58013092887434681	32.34152420169283459
TNFSF9	307.87905168801466971	357.35589105539736465	233.94400031775435878	369.57654403881224425	370.81410864030084440	497.29584486007598798	238.68577773157051070	244.85806901703364247	265.87209368104777241	198.14875921196409081
TNNT3	318.79736388641032363	60.26593777400893970	169.38365793461517228	233.45096436918964855	263.61555999288964358	1659.71922368178502438	65.12841377465107939	530.61607770971249920	80.29877843127064807	161.77841798957101105
TNPO3	203.17547699965683705	213.21425312547123099	166.50476191522363933	307.59098859463171038	207.20126156975402409	83.12245757834537585	312.69538679682426618	170.49128154944995117	220.70906847196096123	181.77372619483321614
TNRC6A	403.42433994198273695	422.88029895343703402	355.97172150445965144	449.95589450532412457	679.76065434271333743	409.13721102349546754	348.79122854833883594	283.22754617810107902	468.96300979102159090	413.42542672436456996
TNRC6C	321.93050258778384887	288.38652304872130117	316.43022860951231223	327.65709355762203359	504.57807579984387303	229.94349418370308058	177.20078162365922481	244.09289901214293650	336.97438411677671866	351.14824692604719303
TNS3	474.95303903441970306	690.22304124915524426	383.47176768751245390	457.43563006016756844	573.98666909581640994	280.51173961684190772	495.42355525986357634	390.64458090611964280	497.47247911801196096	270.16290093469143585
TNXB	534.88554973820475880	232.49039693088920444	362.49132692127864175	561.18497110076509671	831.68796738283788272	5130.54273688065586612	199.08350981985014982	701.93882003687724591	276.98079368413414159	801.24325787074428717
TOLLIP	272.28363438773294547	206.97789131934982265	248.54036203889810963	204.60817779568088781	227.55340444120625421	121.75085420691733873	272.07905936802569613	372.92980498399583666	235.72402297001485749	164.12051857315813663
TOM1	362.21830751634144008	207.13787689764177458	285.25603025440972260	284.80706459633802297	385.70114931483561804	280.87246700607710181	160.51158475316435670	394.00414306863621050	211.85804365540090544	163.31167146604926188
TOMM70	248.33910172423153995	250.62314097319301709	215.11349069388467115	175.73111408917114318	234.03407976522922240	265.42023079134833097	358.96613941960765715	239.92662885379286308	224.46614258761587735	253.90017540560498333
TOP2A	72.57213547229264350	67.62965913692306685	38.79735359315272092	77.47652856147952605	0.00000000000000000	0.00000000000000000	1546.37461963785631269	54.95116399119454087	54.72773018619835028	0.00000000000000000
TOPBP1	100.16843485311981965	120.04064317339820889	77.59910169785818823	109.69753881272937690	84.03028828120282867	146.73514836381005466	255.79360976066791977	140.78524682232134069	97.08695129846539373	76.55324270728655733
TP53BP2	252.10056289525977036	435.12672980383655386	275.99634069926474922	361.64645239169641400	358.60152217592377610	127.41726881692747497	194.58587535801794388	259.53072193914357513	424.38624263744742393	434.92821163215285196
TP53I11	159.65077819374991464	152.66294856014107495	198.61879837059905185	129.56955207824759668	120.70260057696989975	170.41409660737568288	220.08540120030576759	132.57932202318852433	334.40293557928197288	165.35606567954590673
TP53I3	766.52677376266660758	453.40432272950482684	666.84778705590781556	471.36879388818761072	311.15791677819782990	590.87312147606905910	680.77141580166392032	634.54243193171043913	312.07657688089057046	193.43410841213989215
TP53INP2	124.71691850531435364	261.48443143686216672	112.55750921556418120	185.04089645703945166	221.64618317817343041	74.87237402954667687	79.18235295659312101	128.49634242257980077	269.76029949763835702	162.69762830415746180
TPCN1	183.42587971968995930	169.12963878755664382	105.33835743110492444	143.57671901881249710	368.01151335911714568	204.52749945346872096	100.61007455824459100	162.08598683789145412	227.55855942750270060	172.14515842586629901
TPP1	528.54720203750230212	295.34912053119433040	444.41013362125033836	408.14675213082705341	630.37764025256672085	451.88186696546006260	299.61145699305268408	663.58094278713883796	286.97632756136488297	306.05946213379291976
TPPP3	419.40348060404954822	2841.35182963879879026	137.32903910565713090	1212.17047804411549805	573.15306107433730176	610.14138656708792041	664.74829432749470470	509.52411205156295182	1783.55174682751726323	959.74749890494683768
TPRA1	184.58604226563673478	165.53264848586997005	165.83816283396538438	222.07486381747324344	151.48633111147688624	283.47543683271953796	239.92818683475681496	182.32496153937540839	187.27303768425588260	183.66634134156859659
TPST1	637.17066310089740000	258.79964082975737938	644.67199009195371673	356.50467987983114426	350.57726046889200688	814.86096204865953041	332.13606180442678806	486.80028011977879032	211.33264304843717696	303.31012073791561079
TPST2	465.97762438999131973	244.87284184348780514	325.20239628338282500	351.50169052311059659	324.01126330650919272	125.61079111395889640	334.70106681490045730	516.13770287175270823	268.12595854250145067	147.55636236955473350
TPX2	61.85518104874960699	122.55552130794609411	50.96588411187155998	129.09565669594945803	25.36712810612196733	0.00000000000000000	1063.66674033488402529	55.31640521372894881	89.61100505081073209	5.76923575419080326
TRAF1	109.40762945672190654	104.73797273459926771	338.25993066085078453	193.39214759169436775	182.01156479544849276	18.45767714950745031	138.06764726308878721	79.21570122102244227	74.03185038927043138	195.09759488496169411
TRAF2	111.80582893522851862	122.44657439476094396	180.31957913125822301	175.14389647444551201	77.54880508457537758	60.98192157594884577	114.59639018986985093	84.23246820446179584	104.15061448155810808	122.39875103487817398
TRAF3	147.88686290734642625	117.99124107182606735	184.31673821736268337	164.95967427962924035	174.74909569220497474	122.79602876966707470	207.31945193066098909	120.18286598035953716	100.60356611544757754	165.01852630034198910
TRAF4	231.55026246480124996	384.11369138757879682	231.66661568551600681	427.35313614192153864	336.61769469088136475	150.07484691194849802	306.70222771669625672	184.53826342003395666	271.23041292543319969	286.15423937903301521
TRAF5	241.50575238185146532	330.65068713999437477	167.24370558727730440	228.07454799109160604	284.59835599307899656	64.48082294939572989	164.96553167855702782	173.47513202469966132	395.70914806270258168	247.40889247570399334
TRAFD1	124.50054814195961228	181.20606539370871246	256.09084127377042250	108.23229948826285352	131.15646022188423103	85.86262468672305204	101.69736072181503062	99.99357115747518776	106.12960464280632777	97.17185317642059772
TRAK1	148.27995742919543432	335.12974780915772044	115.63851904206985921	183.56946807059395610	214.63667285441999866	58.73694626962429766	123.37663422696682858	126.15997215468325976	283.35716732248067729	179.35535906102822423
TRAM2	414.84822271825123607	293.65928959322525316	312.96968184397252344	294.61269098818775092	539.33163391728362512	403.22032779960125026	325.37054665761189653	458.32298856573532930	259.93976293027009206	269.37423151819956502
TRAP1	210.11501827975970969	240.49062272839199750	188.21746940488409905	264.97057028462461403	219.19696463071750259	164.24646062840918148	324.11650764595162855	226.97376452357721632	275.26449162420095718	208.15874367528809330
TRAPPC2B	207.91895003136122000	324.04732562980041166	195.09331141455757574	272.44897464031902246	185.15530449224314680	77.41629161534839909	150.52942171538612115	180.35043536778590578	290.25051116794213613	206.30779055951776968
TRAPPC6B	205.08337399368892306	294.47657403120012987	191.09500074433921668	270.45500602377956056	263.77724604142883891	76.15575477897769474	161.89800076326832823	191.80951864645987825	256.85893791532981822	217.24221599602631727
TRIB1	217.14033088308849528	251.35596980243823850	267.37914991746976057	357.42136232232979864	359.78036844738585387	149.40659980663656370	323.09421672743047793	258.14417498724441202	303.57988772670279332	362.01295257478443546
TRIB2	386.95413586543435258	589.28700459951335233	260.37974727455025459	359.27048839500264421	385.85953830561533096	214.38519928716939944	309.77386190407770528	325.57054240994017391	261.73475385199884613	225.39731082314858668
TRIB3	48.77512633275402010	44.55743031197719972	21.83755868011259338	110.53217160303483979	301.09571152197798938	0.00000000000000000	30.33151628129455091	377.55788176710302650	33.66166917464386898	30.13734662937321929
TRIM16	116.98404716364129285	148.89361315047329981	230.39204961168582031	160.10367663088322843	83.17870740394161544	97.16251599143301121	148.29163380696775221	113.65519655059402737	106.22000736308406488	147.43425683360882772
TRIM25	157.49760767723503818	226.02343427920570207	222.20739305252558893	201.93216016259876255	314.87587315825948053	104.89111404675708172	163.98981361872606044	230.86245778341071855	190.57622482303270317	209.72284571817326082
TRIM26	141.64414248895315040	188.12691477563620879	194.87734168529254930	247.14950652641581996	177.40386010335299716	48.26905007268786107	183.28138567336029041	125.84927414315686178	166.93987787141486479	164.97429029859083016
TRIM27	218.22340762675133874	251.52129413626343535	200.67569005341215416	247.99751155061963459	160.08211331715918391	137.23876958353346822	222.85209709869411654	248.02998429957713711	194.70517541287978247	191.13925999086964680
TRIM5	124.33958241729902738	228.23643571640050709	190.85384502064559342	195.18449441451485882	130.53254137275985158	68.36816315023537527	100.95165634749425010	105.49430441137145920	151.49148938020715605	104.31816176756919390
TRIO	479.08483770506245492	242.98955836657907525	384.26117342748341343	352.28413864551862389	814.11212717108980996	342.82795581319822986	402.18455055184711000	495.47187147176066446	255.29721186851654124	187.89950548657208174
TRIP13	17.60125447214090144	16.71675754831649030	10.50561196088642824	24.98794562114145990	12.21484801412974264	0.00000000000000000	211.64952342218833792	13.52390799952225287	13.18651100148885646	2.49113741128341992
TRMT61A	128.72430369545818962	126.89771352492100220	122.94175191271843062	110.10387114457670066	105.91969141398351439	125.00160017926272360	199.75003638369122427	126.89811487322448613	150.30515320860163797	122.38679251323407016
TRNP1	59.05212721993421354	114.81189992461993654	56.89866259795498848	110.18033540305313522	83.25289594552677386	0.00000000000000000	64.42522569195010362	93.00269908132996477	280.52718769534783405	308.64822174610014827
TRNT1	193.75822592672429323	190.61409240999694248	204.58448881663045427	116.25000390752249757	250.65419078722865720	122.77834679207219892	185.30660735025949748	132.69605388950577662	168.69905658332984899	132.84897445497381341
TROAP	9.58464020956055585	10.29354805079158908	15.35407549407859662	26.32605411303379128	0.00000000000000000	0.00000000000000000	245.97077566762663992	4.87770510553865044	8.30248856026260462	0.00000000000000000
TRPC6	48.18783705643962634	389.36753978757599270	2.64714406433904914	115.81981719455936286	114.53257112261162831	33.46566284648886835	68.96587933282918925	62.22925246069095806	233.33109252988916182	205.01985734818083529
TRPS1	408.49059676257923002	350.51671190721208404	409.82667036007711658	646.01380609315242509	645.56505282949501634	227.35321038397336224	277.58227717377388899	355.23763183206153826	323.57155078246796620	245.40275980943138734
TRPV2	97.70598183365099487	299.47671646811761548	94.10374815483464772	167.66344806981956594	74.44700447738681248	72.68891263090233679	139.28904239514989172	109.07759373157379912	242.40763801342149009	205.80866447972027800
TSHZ1	143.84364500544575094	228.10558957277154946	152.70137422037115016	154.01659777986100153	153.59288714743348692	260.97656906182942294	117.02777570440194665	108.32118729161399528	179.26977017445810247	206.24970111348906698
TSHZ2	1032.62053843917601625	297.31045075856576432	1229.61154246494538711	608.63853054051344316	1194.02893573725714305	1293.91703863213706427	517.63372524481474102	622.01322940245233895	242.57074986647734249	455.05776717575582779
TSKU	401.93927019321074567	149.94511939061806061	442.67605333050534000	204.90584007368909170	183.47479526847644138	257.86425009989835644	345.62467140522329601	381.75655846520561454	120.29287181525126016	114.42457890239744245
TSPAN12	34.11294493435771358	215.85589189182945802	15.44077988809193336	115.88457414340230400	50.29041999792564610	1.57109524269649747	43.50699977029974974	30.46946615320974772	205.84231286419824869	109.50726188508483006
TSPAN14	153.12879207410185245	419.63477159149454110	133.47217620602984312	305.41105811156910477	218.24114583040824300	197.75784680132528592	157.69014970144155541	156.49871164391481670	306.40038751214717649	229.85576623270924301
TSPAN15	85.71490926261736831	248.25757030930645897	102.09443005334465226	122.68255277766527911	63.42420200955149312	57.87732571227447664	161.95039896772118482	105.10661449403893641	110.20183261956520937	136.62835901150813811
TSPAN2	254.99704815219959642	53.64775466205576748	344.80161482959869090	194.67524697545064782	90.69558890426513642	25.74203413353385272	98.43349240422412549	138.82456924561199685	222.71834686788369595	82.60581650604581228
TSPAN6	252.53898055489108287	163.12187842039057273	233.84525379472759710	207.95390212140915764	112.22488622602918440	164.00615176472089729	178.93700021150456791	207.14753546230491565	76.17653111705978120	117.90423332724286354
TSPAN9	389.35965291313874559	345.39944499056906579	309.27554907586790023	245.93728864855262373	257.57186281947804218	141.49593645895365057	347.58678549996722040	285.48821978912974373	216.41332474403176889	207.83416283244659439
TSR1	195.50309245011203529	223.08692538787383342	228.05937067127618434	216.59194203826780267	193.96481310766381512	109.54646968738325086	375.31406148436786907	214.50777923520288937	212.91851633989176662	224.64850431394842190
TSTD1	224.32571557428016717	119.07052881809092071	180.21855891028388896	446.80046465102299180	215.51893145352826764	159.26621114689962155	335.59280210179048254	288.49567761821828071	187.57037476298168599	166.69963440872626848
TTC14	380.96497536872686851	338.99237730003881097	352.59215009511109429	342.23131519535763800	633.94076508002490300	200.08922468278146312	222.09627024226560366	335.90545710899726828	313.16724238184235674	293.58422713695807715
TTC17	338.74565618402908740	368.37455652331590272	288.38829924152128115	361.89868687463712149	573.97775996417487931	245.62054533781369514	245.89411669571336461	319.19680383986093375	345.82908661266935724	325.61636981371407273
TTC19	250.89164298792931618	337.70034812929316104	252.87997096461700153	373.25082848524380097	525.83940011431707262	201.81486894222328488	254.87765170743631415	305.96719787145639202	352.63352809229030527	288.16911398596528215
TTC28	185.40650821991590647	181.87165914525897392	160.54932427903858638	107.89670326742130158	157.58841476349567756	191.93405799314405158	100.18214108136942286	160.20816930980893744	183.08203110123767487	146.58693465971762748
TTC9C	209.79997381278838020	284.65977297767580012	189.75222033413871259	168.63945165264152592	210.89921226174922708	183.36895847616600008	213.26523945912992986	233.53606641341701788	210.14392901977856809	154.95649540568757629
TTK	7.95266024263034321	9.33553324138699914	4.88424165580940794	12.15697604480000038	2.93105954621026799	0.00000000000000000	143.50748880157809140	7.72525353594451136	7.51658709914657308	0.00000000000000000
TTL	171.07940330290642805	176.06541919986617017	204.33961959274873266	176.60850569272380994	221.30502352568126412	62.16616373421927477	264.17930496237761417	118.65965318515210924	167.83971977656148056	115.13919180312086610
TTLL7	107.74657884759855619	193.83691295576997504	51.47054555302626966	114.99508195541740463	218.09801466946223059	13.76266855271747502	180.04642859898615370	120.21932288981956560	456.20534542397308542	326.98317654114072184
TUBA4A	73.13433938108364885	89.77839787199285126	57.70468378214215477	450.54765856516650047	232.61637165034272812	0.00000000000000000	96.12915526928370014	230.41598471661163217	213.01556117375187682	120.96212112132754157
TUBG1	152.29645365110809507	174.68415331394513146	144.59300704814705796	214.59832066270809037	78.82262193933138406	54.40441800085089596	674.51165675415029455	168.14344487466621558	177.87503127061117425	139.06031616231254588
TULP4	191.25211520951680200	246.88924521919665267	198.11581614494238579	195.30750938260067073	236.80415537955252603	132.38124246792298777	127.04288899160690107	136.40879579276156619	242.78150736111845731	179.01203462963479751
TWIST2	533.71522214515528049	126.56391180219655723	673.89885891961330344	271.97147339941233213	437.85388670128378408	998.60430232115265881	458.73865259604036737	617.20011927470454793	153.03742126087635711	304.37349556586099197
TXLNG	207.13365664133280575	251.35607789874481455	226.23606762637129464	254.27986306334321398	282.56689239973542271	196.53448764134793691	248.14492399879978279	216.85903708880906038	292.75490514092649619	360.37806177935874530
TXNRD1	296.36314460562476825	236.56519484141426801	286.98051950719667502	305.42851443420084934	171.89003861776822646	299.03502809005732388	360.81239094701265913	310.29993263936779613	331.73874499183779108	478.12343331702675187
TYMS	122.31798853401249971	143.91657745389724710	124.25098422102800555	160.61729584589173214	69.27440484057579795	0.00000000000000000	1588.35982967996665138	168.38352615791214362	132.90620994675597899	9.21846755722452649
TYROBP	92.84970776283911675	122.52739208485436961	102.78597919640832004	669.65679140385122992	177.64483272755211374	0.00000000000000000	83.61154949972727479	171.70765375458958601	115.63600342665537823	82.53322772695455001
UBA6	284.64942051593629913	327.33738694028494365	247.96205078678860900	321.27739987565672664	598.73298123874064913	152.57187837822297638	399.16766450309449965	311.71288282143035531	317.78954175523665526	218.97757982675858557
UBA7	175.45093192070359578	280.67816113839484160	256.51191237441906878	191.50819999957337814	201.10003434429779645	156.41964826540308309	138.44007456995007033	103.65295196861096372	165.26985454057791003	181.51129380352421094
UBALD1	164.23548199835659034	244.77530352788167534	154.42195401093161422	223.58835852185904969	112.70958700519749129	100.99121671436299152	130.55758532129655691	115.02267622685211279	221.83066662707500427	147.26218022346904490
UBAP1	206.28488760928806300	224.10020452879956565	216.98514139127411227	211.31052874522924867	248.87005104804794087	200.21607679067415120	333.91666340906806454	269.12921504615633239	226.12277815515253110	203.38425736966493673
UBD	26.88371957140229895	40.66713816510318225	234.71472604821258301	38.95402880296197878	25.76930305284233924	0.00000000000000000	37.83899324116860186	27.55290850665840452	12.91153342568446760	134.16218372343556098
UBE2C	49.40601049186580696	46.51809491312978651	33.01312696841677763	66.11553995428106134	28.55070488579254828	0.00000000000000000	1048.20613066954183523	59.91798606942481342	44.23056412121106007	0.00000000000000000
UBE2Q1	281.35794067964258147	272.86940773720039033	236.56456102706022193	326.58440622126704511	286.60394523424304225	166.28765557060609126	209.44857909212279878	324.32476461419082625	250.04091321816562754	208.14257307231378036
UBE2T	64.36958376266102277	61.47560260569710522	53.24271758473859961	102.98431249697333101	5.77253109144504784	0.00000000000000000	682.60150955000415252	64.09653621972303483	50.77117876949701269	12.84747088202485266
UBE2W	177.34304166056074337	290.06721328435742180	165.27470021369791198	206.76024661450489361	185.76096139654603689	200.03544663441098805	140.00646951801721229	155.80150380203969007	279.74788369047030301	212.48978690026936533
UBE4A	248.70040584510471149	218.33850029678293936	212.43287577573423164	281.27703460726388585	344.77896008964864905	210.35166189069511233	198.09205280911461955	284.68534626515474883	221.35933419452379667	191.56867281737277153
UBL4A	205.00000112401255592	153.21434323057752636	142.68281625485596464	171.56112343410441667	151.81786249249122989	120.25467536692799797	399.65297311566030203	258.63110144516406308	215.33608929511132146	198.69109489726352535
UBN2	181.24680994363936293	249.41617573127095397	141.25720377571164477	269.72475323264796998	363.63287410091288621	78.41037045223799851	155.41287334657229735	153.52489131985433346	263.21708205126952862	175.83463230155177826
UBR1	258.33990412009086413	367.57546400362900840	276.61328856126857545	227.94564042266384263	570.81692086050611579	275.17874341189502729	211.50908707455769786	189.64230678496483051	465.34003100951650822	514.80327322733717210
UBR2	235.66382498341565110	291.89274467532396784	206.36273544411943703	233.56644735369988553	527.37006530228688916	91.21981005451723945	167.75761170473126072	279.02501639457068450	301.85692757990170776	277.76527681702407335
UBR4	275.14789495924816265	334.27578850433275193	264.86718502833394950	311.40056813659305135	588.33156759811618031	175.21290571009075165	292.11986655527431367	240.63296111912038100	325.75056464464881856	230.20714264866995791
UBR5	388.37881476966884975	462.52317371529136381	335.25866160590271647	458.84761330608677099	719.72498370773189436	194.16597479812992333	303.44500948646037841	338.42041728299506076	465.52898470311299661	393.30406680603465475
UBR7	118.05895173268893927	133.47269772848125058	87.73713208591435375	125.01192045980101852	99.05609284315026741	33.35205685081645299	249.68517807310769285	92.97734471732971429	129.10299979292085482	101.20706498452018707
UBTD1	328.28872705825762068	147.63080143709174763	248.96480083406567019	177.85156695063091092	118.33336915600629879	163.64422006998526626	204.31566255878743732	237.26107795882793994	129.51706424222422243	103.47885497310754488
UCHL1	431.52243670632617523	104.51617007159890704	396.24905398972356352	355.25012123659672625	155.05584238477908343	372.12619251509988771	697.73322587211771406	865.22978215414480019	120.00423103664277846	78.79349708576052080
UCHL5	160.03051720940158020	177.73018715201172313	137.15330944863748641	178.51373416670924144	175.92523171166550355	144.32307021072739417	290.94779790536404107	263.08253666764107948	192.48201826441064100	160.69147891547692097
UCKL1	154.73909248948572781	188.62284236839641949	156.20872399359461724	178.36397794210833467	126.99100793715027180	81.18190408583450335	341.27062761417880665	155.90602557711420673	173.70206592364698395	197.46629941440298239
UGGT1	193.36693992366338080	193.65279937421831846	152.61563760031555148	204.04514902894067063	167.79819815150059981	150.26605643667139134	231.82014306898170730	138.52371531619957068	167.78557421473715294	148.53042614610410510
UHMK1	182.54454276546258029	215.44987164965945681	189.32973864241731121	324.95377346223961013	283.54617060594785016	93.92124049034555355	252.41741889047472114	226.60544326301740625	225.66693414249630223	190.23523214654201752
UHRF1	25.88821218043256422	34.50360570526579096	22.61427985520481343	19.54264085529782946	24.74553458503581993	9.33947581294422768	252.60709671711265401	42.61913954761720191	34.06472365533404201	4.31051469921801811
UMPS	115.31666179501053193	157.58641999353946517	102.05518655087068680	125.94778110949290806	105.66191816005434134	43.14764916519455085	234.41307349000661020	102.05413007161453720	134.14513662423826190	105.11991973884549623
UNC45A	223.81419758654178054	332.20122424258693172	215.47674312074468617	222.73806040292035391	167.75572261004572283	198.74384789717078093	408.79583079145771762	227.15180957142473517	394.81681474656647879	313.45091615137425833
UNC5B	1070.40482321443050751	688.07127469130091413	720.29058192560353291	492.06980491067099592	1011.40694382881554247	147.21525008622847963	632.65959808205207082	888.14363316146796024	297.63590637765082647	236.03875263185400968
UNC93B1	165.06549495364049562	166.37088993455915897	237.06150444242118169	296.23719147979358013	130.51402847999256096	7.49778113546184954	183.77012951509570371	196.77672603221634517	155.18183538178945469	113.76770938561136859
UPF3B	174.29652760538604639	227.90974075641719310	146.89307050437054158	200.94649163467687458	157.65648012241476295	227.32501793239768517	293.48825706238926614	196.36214953218916435	247.29545186762723574	248.27158935441676135
UPP1	284.09763122556665849	350.91656744103227084	345.21384576042584058	403.85640502482834790	616.42022339706625189	96.90214133007417274	381.73316820101769054	820.13178910781255126	275.79978813809725580	371.21874689604265996
UROS	535.35336129600386812	390.22699905002991727	474.75581300746853231	467.65454566474107878	185.02404471807261643	383.10560815269593604	509.56550472879746394	459.40136120214344828	333.85555886939152970	289.11252336719536515
USP10	186.07282428073727942	276.62814031399824444	184.72427279092443086	220.08183700910936409	234.65303888486502615	173.56061136595701555	267.67205303455955345	217.46349966451828095	285.23927733628477199	216.73965715239688734
USP12	186.34216607018851164	280.97815389296061994	149.25772217967426059	262.47273533335618367	466.39794871396912868	96.56401318088850871	159.99617106102218145	196.45358957130378030	305.15925246039097374	247.17727525457110005
USP18	220.87314573870568779	278.62299034566757427	506.82815498399185117	193.30009424790154071	176.59393108917913651	115.59298273687231529	259.58116107001131923	204.60460608202478738	126.07711111950392535	93.73314261303376327
USP25	177.72542303402863695	216.42856273681124435	177.43686200326311564	178.09097026933409325	150.91210487345875890	129.95265686786609649	287.63379139437898857	161.59867657802331564	186.03474511196725416	225.25858923130405742
USP3	214.80255078845507910	260.37624729750632468	164.27220398320298500	277.62828638991908292	282.54049452611059223	132.58768482120754584	238.70816325520456758	339.53433846073681934	275.10364408156243599	171.77733083453148311
USP36	390.63159870634444815	305.00275239410348149	333.95369488432885419	457.94963645954800313	1186.33362449678293160	0.00000000000000000	293.39053665709803909	421.22304482353149524	345.07891996448699956	284.22526288460181831
USP5	178.31253671838064179	204.65344868249184174	135.79373300043096151	234.18053387178298408	159.54941179969171117	174.76165569309955572	278.64282064861276922	161.04094799071319244	200.98214015493508100	177.93055605756379123
USP53	255.61587843400894826	244.11143850002437716	202.63064226626141817	303.21327759194940654	640.20659977211573732	492.65063848428741267	154.56477018756800135	309.34591041851871296	363.33636105511305914	329.28429549003732291
UTP14A	145.28940523406870966	158.37563690705886188	147.96215706088744923	152.06068707561405517	79.99244314494487185	117.43351266036346203	231.82734304102217493	152.84641096904155688	176.91563753421672800	134.70354503529910062
UTP18	191.74391607601927490	189.97167341268070118	237.68954042902294077	281.39334144532926985	149.06890754129932475	127.61620263413558973	207.85978612346104910	259.30506265170066627	148.87352548518879303	143.53945820450522319
VAMP8	71.95295755371363100	106.10915293430073802	74.06771756383572836	455.64689498049693839	185.22207747071831818	0.00000000000000000	67.20844799688126159	89.64789494658161573	136.01584417951866612	61.10210657705836468
VARS	185.39837005422941729	204.54459764040061032	149.63895483573463707	211.35471905440559226	117.13495022567373383	166.70421632094189590	264.65624600247667786	230.57459603273852622	195.27396491639842679	207.18878633365571318
VAT1	709.92148944812856826	253.02398921300778056	408.44865323671945134	429.54951143735212327	469.24519973775682047	921.96487992907293574	315.85180439646632067	1043.40769749645028242	308.82223796981890018	301.69670551658833801
VDR	403.02862540753812937	81.85516176120046339	615.50479812819264680	132.52864449041584294	406.32264050656772270	280.90149988833451289	241.40005370265848228	277.46997433189307003	106.02390563222169817	77.74637053079055704
VEGFA	1394.00494626251816044	990.88635158285751459	1082.62822590317409777	1550.43527356725508071	4674.12724905515278806	292.37779858304418212	1024.17168603911181890	4635.63168088206202810	1077.78045937107890495	1093.39044829799127001
VEGFC	272.07062065280467777	80.03294924194611326	302.75611960958019608	208.41470057808655270	220.75730648932750455	189.61144771983347823	289.61200937823451795	444.55747861012002886	74.65603378066127505	250.95342776700684340
VEGFD	55.86446612421417512	22.84871794296644509	66.97601723105461247	78.62692944264777850	70.22544462080905703	788.52055670886716143	12.59367733586054605	141.14571966656873769	27.89021042623254232	57.83777583874432793
VGLL3	648.36585765686641025	206.04368057648844115	525.69688420320335354	424.21010557912836703	633.50559045979491657	671.03368841527083077	380.87294794913282203	777.64550051534740760	317.46754481698923200	407.93820561331131103
VIRMA	218.38174209157384098	237.41992956802579329	148.22577592209273689	303.67158938577239269	233.53905540090994464	108.42767779482188928	255.26438700993770681	267.98382714678052707	295.80194600978006747	166.02857590065138993
VIT	30.66000003800244755	11.65438117378347016	33.22739619098151564	40.14477970784305683	20.91790747233248737	433.75910316994890081	31.14971481119922458	120.53566512109902931	14.97622452345424193	16.55762058546158855
VOPP1	528.23428230627519042	376.78975106767256875	372.37120324206318855	441.73815429168047331	298.96861816921301624	264.83870745728211205	383.69971676886501655	510.43268456750575979	328.27766132076538952	247.46217795193726374
VPS13D	135.06719167071983634	220.00749751995172687	137.71620189400826462	215.57647246584019740	330.81611523069807390	41.09071712829712197	113.14353584508373274	148.13087175673871343	413.39877953366124075	223.50814221237584434
VPS26B	267.44817900822215506	223.54520743846921960	216.84496440283214724	205.49478321983227147	200.39060162142453692	229.79184453135965782	186.72201507404284371	219.88087046571843075	223.77819862175317667	220.88389099450884601
VPS41	244.53795139242023993	246.42563481546190474	241.29800838406259800	220.32942780253779347	232.00563047557517393	158.68624898744675988	153.50406166357055326	237.45664554622658216	232.56792920570379124	177.40274781926189007
VSIR	290.65366907156590059	457.53735321301644490	303.27951040239224767	451.61367292067899371	269.81921954184747392	485.73173595272390912	198.85002684668614847	302.21542873071047097	668.47903527587982353	522.76251679223969404
VWA1	331.78749114785921392	317.19933100387339664	295.10380061525233941	343.91548163866838195	358.01789272766342265	179.72619460851308304	171.52591079189119228	420.50373257801226146	375.08393134947249337	359.88968582248747907
WARS	435.45987466394524290	543.29013142073051768	1694.77606413753369452	569.95194478720134157	382.28444538208844961	147.78135923447555911	457.64430220926823267	444.61979892139106596	296.55711123482228686	389.61553363365527503
WBP1L	412.26879432973282746	287.47034733457468292	390.97478038735886230	373.30939474596033278	301.24507763744253452	355.64906613240884781	271.73057030051899119	340.27174487335429376	287.80485518775441278	388.11355252695221907
WDFY2	185.51088672753519404	364.02031089101217276	181.91858849682475352	231.60987577396147685	407.58811357865261016	208.36745097700219276	196.35344082360052198	184.33038155724770490	272.58641327076696825	178.61272546745590262
WDFY3	183.25164496566839034	261.32106261442407913	122.69312454461041284	149.20297830179180210	385.55993624862685465	54.98655543501082832	153.82279214344464435	161.12815583314949208	227.59764255318751225	155.21724748113993542
WDR34	215.51402342653676669	189.06385558741851582	162.63053700439127169	228.41525890223365991	204.21117254262139795	116.22470203638187058	768.58084176032491541	210.42166504309153652	203.90792429182846490	132.28898974861411375
WDR41	381.07433943081116468	341.04487104617277282	312.47432685596868396	316.90277737056226215	268.44956677550356972	244.56266462111040028	519.07608524449813103	472.20196798257120463	239.70383099475202471	223.33173464073900050
WDR48	191.94663554960521878	232.11521756433191399	178.13253136523138664	195.21943994233254216	167.83222137596152379	129.63501999106222229	178.88560229174751726	163.80393809730554722	227.25138714245429128	275.82028960388322503
WDR54	166.32465831751378005	203.91384622973953356	119.38783696940897983	217.63577123862941676	264.13073187130930819	67.15274288764339872	223.24673497091646368	479.62740727483389946	210.30333046887113824	192.48673773556592437
WDR6	222.39229091366502189	225.52995012522663387	114.33610195377379171	178.13719959407151805	413.88657745683730127	212.51494409390656415	144.34954925039457407	230.57319232637209439	251.53828433526373942	226.27102621865299170
WDR74	180.69510806529822844	232.36199146240423374	192.99637416234585885	300.57236752956168857	219.28671296655386413	115.99852976651567360	257.63778563659315068	231.28220181320347137	261.96161742599400668	233.49971781103661783
WEE1	254.27771006920232821	161.74277743955141773	159.44529511873199112	292.48504769015909233	290.24211244142145461	227.80713236193838611	446.54239595445670830	277.53617705027625107	180.90337627897039852	212.38892010650570796
WFDC1	200.45463077391448792	688.68299813008661658	156.47003178399907597	373.82192862932589605	148.55394989841320807	0.00000000000000000	304.23688754350882846	183.60772363734741930	1660.98839243661473120	110.86046826126704445
WIPI1	496.22345545521602617	372.55234290754333415	447.62601186509010631	301.35896885027693770	305.56445724215524251	436.38273344130766418	426.52467135090353167	348.62181121495842717	273.48700630769656073	204.91241711530057046
WISP1	398.32852972034640970	112.41762412976646601	468.93389578594440081	154.30387558599753106	254.91162956108550475	74.53890662304422676	292.35042617047514568	211.39426552007563487	112.15030541255647734	75.83966275566795900
WISP2	6448.56870839868042822	719.67171540932247353	3516.98290777106785754	2966.36518956140889713	1904.54945385199243901	17494.35509981670111301	1371.55818986436474916	5004.35356390581091546	1247.46707832590482212	3878.05113421598389323
WLS	317.51760582256952148	318.20705239508504292	284.35373264941790694	224.91200757252167364	245.11585275876936407	264.58670281620356945	324.35994143376626653	271.78574986126324120	276.11545411693094820	346.03729998595298412
WNT11	131.58834752410575675	43.78032454992258948	95.46520363411946164	125.61405692438398773	168.73233426715432870	557.37533819419661540	22.29952168736299001	226.61955417411701319	79.80006951401294657	197.38793961974263880
WNT2	757.94168376553943745	109.98941897646217569	937.82461428292674555	357.58487559477498507	166.43687956199687505	363.02256261405750593	530.20259324927872058	428.88345057095483526	106.87050960928674215	116.51298947221268065
WNT6	24.75491762516598371	206.18799385964419457	12.50399637072619896	55.72934255846758589	46.94977193115431646	0.00000000000000000	30.68028239582348249	25.93422609747337049	156.94274504194441988	265.28313921030621714
WRB	196.36507702083017080	183.62177848956039838	119.90628112974707165	194.88068710872076394	143.47627966928754972	208.41601321557521942	268.16437650960284600	228.60505439513514148	227.74317658366587125	221.38958991268822274
WSB2	287.58584357659049147	227.08061340327967059	230.24753662105632657	260.74983490504939709	156.96641911349985321	202.90250391929191665	313.59693943123869531	259.95151936118207914	178.17186471135534021	148.08402150263958674
WTIP	484.19535191754408743	517.23226939944015612	397.99128292913786709	442.15664769203823425	398.74034879751201288	147.15197774594059865	337.12260690304123045	495.05573327850646592	1371.56585003465488626	406.50424271300278178
WWC3	291.67902860802360010	283.98583654475766025	227.53691944826161375	229.36971406230654225	284.67781361060656309	209.79565506461841551	252.74695623285072088	214.37491497545954644	369.60692842753155674	256.94586404286769721
XAB2	173.31901915728778363	234.60497516759667747	158.64468655264320773	236.45044687649007642	179.35866945961970487	142.27401319983786721	126.01054830694847908	236.38696565958628071	257.18573003620366535	231.54315195267312788
XG	313.80797380239067706	74.02547612348980977	251.96907386883722779	128.24639400867752670	187.89876567691274545	472.25582481887977337	123.02092800333323908	215.50365603161591821	75.58655724209738480	113.41678332677726360
XIRP1	280.98918196536897085	78.04143920495425846	587.68246553881442651	67.19394684468397827	372.58064340012094817	57.00223022480925295	255.26532633285256679	382.57990511986884030	82.25505115510398468	74.47037202498269437
XPOT	220.15371815397259070	163.83269539108590607	146.93512658533884974	193.47596559625742429	303.71895039867081323	130.74366362364818883	182.66382656420444164	328.67870518083833531	153.93265651229629043	98.55640600241248706
XRCC1	119.40813858008306170	153.93606346411630170	102.57469514662270171	102.91706414994247609	142.78608058411623460	114.54970344063492860	226.77126523040072925	162.77513204836867544	145.52457545273003348	111.54572963951541453
YARS	278.17780522368906304	279.79661081367788711	184.74636528772413158	218.03817047018367248	318.54622091414000806	95.87642457614244051	227.88564833377060381	440.13923087640358744	237.04281035915775533	256.36580491933955273
YEATS2	139.73294202911824868	141.63381957221591279	136.57496034326157996	201.88241116263404251	328.57169231036925794	38.07517498353723084	176.37770650994292509	325.01629153856947596	108.97978936662289584	104.33588218769025957
YEATS4	110.34019005165802696	108.13310156214208746	89.16945642549320894	106.37236004796575628	69.44950241702630933	93.48183857527746454	265.61338474753324590	130.67857615762753198	109.06529342545871941	117.06617796469974735
YES1	313.18758613163487325	310.79306903562877551	333.49886023937511936	343.37127538737996701	321.24571618319964728	240.77679363549364666	326.44388986322593382	421.13630995995544026	242.20033525971604149	315.81655892928142748
YIF1B	295.00690548574692684	161.91779882014998293	220.59367468871195683	246.63132461885862767	170.05852909437044218	156.51472564168761892	414.28905992234160749	262.73005693550237538	124.53427294848954432	125.02162320089405512
YIPF2	621.97343220489028681	336.87485809378296153	501.67242427266410232	392.68137254243191592	350.99345298756526290	422.39698400177331905	549.74864277479832708	646.16369993823445839	354.24306766371842059	345.57537139502443324
YKT6	254.25938638120265978	164.78501493403601330	187.80922469701090449	218.98497592594480921	115.36611873326219779	103.97638673858199354	427.35828780991954545	207.11681458157158886	166.67041389829162767	142.48884745254562745
YLPM1	201.58872981085073661	209.32711953567510932	165.72427338154437848	205.85023888091254207	261.09837682558122651	143.02558184996112800	250.06213789082897847	209.76108664703528461	188.60046263489815033	200.10683749684284294
ZBED1	461.98823696279492879	308.01906725092180750	376.10579218136234658	246.89958857448382901	262.15583814305887245	210.77603136482463242	283.31463689636672143	415.43564189816549970	261.41965122282050515	252.55216695816298511
ZBED5	169.54209652607150360	192.80789238939189545	204.53468157622324952	212.28117655634056860	241.08550028230055773	225.06569341370919801	213.50406773750182765	120.21816351936999467	204.26133348486263230	154.05314962434823656
ZBTB11	251.18765550691225030	299.44728909722954313	247.79618461804685126	259.54303027986992447	606.10868983777550056	114.56106657492161105	205.13340849716584557	193.69877784865784065	288.25974405203345441	281.83636615084242294
ZBTB16	126.39875868770924683	218.88997689877078301	174.93927875361089264	247.09704787662127501	376.18505228739815038	337.40386037793587093	77.51449551700119400	95.04772985185452683	610.30664696000519598	409.59054011035101439
ZBTB21	468.02929016380295479	486.83086447326235202	437.81849581784763359	325.47369674987095323	814.25582532156170146	289.65540916531773519	394.98955650329679656	259.07583134603390818	413.37646806880451322	389.03770261068808622
ZBTB43	226.73992802610496256	312.22130369495289415	251.84092245125231102	278.86731950336712771	313.67889131914165546	237.22049767512896778	210.15009025545924715	206.72565634628745102	245.33284527569449551	198.83245585295770752
ZBTB44	203.72619980677080775	229.41919287943593986	171.74093738092619787	255.93636683167946444	325.04548049925989517	269.42770450024511319	127.80140606885304067	204.90762629720001087	241.45471589924130740	239.02998111904906864
ZC3H18	189.08264732568866862	286.47123178217225359	193.84469327522779736	244.39995110072567286	261.08914482776299337	196.17767059173093003	286.07574266516655825	193.82768143163249874	241.04350056034095928	207.70358535788679433
ZC3H6	245.81145492206493941	238.31150276535834109	205.58595145750140887	266.96086582368741347	369.50544238539526987	215.22280236027916089	116.12446887571422849	339.55070469266519240	260.37542896667775949	266.65402949152780820
ZCCHC14	242.85109624080200774	231.87176610770447382	137.26851385920230086	212.04140642987675847	322.67239473493407331	173.11182258697141378	116.98999428011281054	194.96374635181965118	212.13118863642034739	313.74917611749151547
ZCCHC2	157.30848577038756275	244.67658505202331298	228.69179803217218705	249.67268865370775188	271.25717488703179470	126.13093790798727412	95.26416842806148111	262.39388530367585872	237.74720681326280669	141.67440041700112374
ZCCHC6	244.62725538545370796	254.29487279947653633	279.91722143863779593	320.70446603548975872	591.97308125462359385	77.11059292712396029	266.13634430682697030	304.85919909903014968	243.28035138888455435	185.97890790371056369
ZCCHC7	334.69567702000193776	269.37859340298678035	283.35557775594622854	303.20091351396922619	347.82395166940113995	252.03678812141896515	215.57876058369555494	348.45079110718620541	271.79044401477648307	295.74897802640015243
ZCCHC8	173.64966868421660706	249.36753098189279854	144.97715290149585599	241.97707971668623372	339.75667582537056433	109.16751859761458832	207.04606616280938169	160.76796721695038173	210.09833776516569515	179.19151617532008913
ZDHHC12	233.66921675456259777	162.20641795608699454	205.21481123352927511	260.91586971313080312	192.09395031554939237	104.35143572994618921	262.36505316576210589	272.59039873966634104	165.23013391128608873	122.77731136591486916
ZDHHC17	199.27240850586997567	214.77131443787598641	196.93073885345688723	134.58792275820201212	284.43666237007323616	172.64875711499973931	110.82906763490971969	243.46677146429135519	223.30495410176754945	183.92048999611301952
ZDHHC20	230.11662504712805344	216.70056906115846118	259.50139445063024368	187.62819798295731744	252.08111004473232697	190.51661108510458575	350.84534326545121985	217.87277292842023257	168.93048460495026575	116.25269695650355573
ZDHHC6	233.46331289026332456	199.80581749752715837	182.16482422821633236	237.88035744898988355	242.37145419996733153	40.89388865536659523	225.02453039970475857	238.03105310122029437	190.71161659607517436	159.37350738290351160
ZDHHC7	199.27375285171800101	160.76534867006085960	146.96319521176664580	175.80558919996784084	158.55863860016552280	242.90023309201657753	137.75674082631780948	226.11160372587713141	134.63491415155260711	166.69852679142232432
ZDHHC9	266.83046825228598209	97.42004860424214030	303.70152915193841636	164.56560654022578660	210.77101838359661201	337.17504126342078052	283.74942964192433692	282.58220309020009609	109.24139829114450606	54.96888904612016091
ZFC3H1	343.31227422762532342	373.39372710899982621	317.95602688614599174	355.51952853507907548	665.43105664695349333	211.19588448585335527	339.26997237941247931	294.67971650592727428	373.16654161758521013	351.37413151983560056
ZFHX4	958.68256163885564547	341.37530002203345703	676.32795394548782042	444.13159475456433256	900.84591715825570191	989.75344853073966078	446.12851515988273832	757.83730866750318000	243.08629685201356097	281.16410317796055551
ZFPL1	324.67217514715378002	253.01140046296632136	239.88937012606791654	256.03144455882988950	220.70230682702154468	210.54075166667280428	335.45492150928708952	300.92941359746913577	262.84500113165267976	205.68344197872298196
ZFPM2	237.14263959903198042	128.51233773144929273	182.81868808353689815	112.92881310215243218	247.30253137925748774	136.16083301750597911	144.62244191016822015	161.84217484288913624	116.46683850103960367	134.70827312496257377
ZMIZ2	145.70344293624211218	126.34179546566772956	161.17592415720704935	181.05219544795696152	180.75282562494803074	63.04787937653721741	208.63471280878894731	163.84223688865270674	130.19607979445183332	111.61892411616915410
ZMPSTE24	313.46405996875682831	274.70676676995759635	307.82736322927758010	245.46759992768085112	196.23616730793301599	274.46855721052315857	277.50837054064237464	264.26755311064550824	275.68200400106684356	208.37529764483855388
ZMYM2	345.26902738946461113	365.67753252065591596	226.58142108830341499	415.20727748057782946	906.99944141346179549	189.55839081644543853	260.15006159647526829	373.88177632001480788	369.36953279832545149	350.38013196303370478
ZMYM5	256.37421182498832195	348.72377484570341721	235.79065835214140634	330.95897888575160550	562.40486534019998999	260.91423267051123958	172.04832637585769817	263.54526422235386462	374.60869769534997431	347.59256625361001625
ZMYND8	211.53514429620616966	251.85262928097424151	174.19132605284775650	202.95036956524918992	405.26596413425909304	37.85692008940403497	210.72732198426766104	279.96145691719448223	207.30181012260968032	213.24916975707398592
ZNF12	185.07388566166270039	245.49903487345508779	127.37762664292220904	195.30665022756875260	213.23429244177131636	134.70895031897205740	177.21798271345593889	192.00259597518297028	206.59224935781750787	180.19459782070256892
ZNF131	314.99677117766100309	426.85517172295419641	267.61713985148719530	431.33703308676660981	564.72113132197159757	310.45677881148003507	328.65654598980609080	306.17596555668114888	477.56467221203854479	374.39346507165367939
ZNF141	105.83822431898984462	185.83585342768483883	79.81272456610368238	156.65220378352614716	289.74155995419113196	73.51157947503895684	67.27684792062419206	105.32469886764026512	344.83951163472801227	158.26672327772729432
ZNF217	201.12879086687033237	314.35137437696818097	176.43108747618495613	280.76535884198119675	245.96575339198645338	239.33771275687635693	210.35857392750440908	215.74914786286524304	257.72944180577644602	167.26751240912938101
ZNF267	332.89620457015439570	356.73718167238882870	510.88986088309229672	380.74247567574775530	371.85869443603269247	113.97937111954306033	340.14537666195082011	229.08045600954926613	239.85594000877355825	437.59625575334933956
ZNF281	419.63094976894529964	327.74336847038637188	392.76497157496032742	347.46638935521917801	480.65018814745860709	186.06982147238323932	447.93186583298677306	380.55130141137345845	289.99031365190683118	160.16811646215921883
ZNF33A	180.19774872370274466	210.67004095879141801	132.36427676055166103	273.61553684290851152	186.41955573432289839	83.40314672611042113	95.27466658977590441	238.24864306227138400	258.61131812784316253	232.54583828854441663
ZNF37A	291.65510643141720948	283.96083024639494852	236.97228060971832519	207.57129630388720898	527.64353678429176853	236.21678988078326711	187.01248107739527882	362.80193593814675523	303.26132987331061486	228.50998346642970205
ZNF385A	107.40834056503740612	248.34175086607933736	156.98910132115577198	162.40243522481895866	151.27825391960021761	170.58424657859720242	93.17130224116583292	84.79165798937927434	137.95854517529375016	348.38415759118248616
ZNF394	166.51267465115475375	273.30198621364519340	157.06146184936025634	202.27135209506255364	215.22805965780045767	273.27575721247302454	191.33978011385514151	161.19887303090393971	280.33171356986372302	238.05858578782778068
ZNF395	105.21223837494666498	75.09947682309643824	57.71569928535960514	164.19699352661876901	313.04171954790496102	0.00000000000000000	56.24957920588628468	392.91344697723462787	97.06571258119325307	93.57490437674356087
ZNF451	338.60224439473330449	395.15544813971791882	290.81789052652152350	359.61828698610588617	550.07563824563089838	242.46471044778397186	294.54839256537781012	283.95075700258246343	377.13494339634928565	308.91330283742490792
ZNF518A	183.10516355793737375	244.41459398157141436	166.19399173893589250	214.24727162580751383	391.63805729353924789	126.58341959198133964	208.50982274957826235	207.23487183413152479	224.10736042474462693	159.83937594399546356
ZNF521	332.21880989843924681	142.94066618719955386	263.08689527291983268	214.87577865919325859	233.03781450767618821	319.16532582799527518	115.14047225563356847	219.58852320927928758	113.60868330919099378	130.75185971249501904
ZNF532	363.54822919218401012	440.64542500433350369	304.15585634000456139	313.47230887382977471	460.67241671381998458	126.00596861201472620	253.55255973289669669	325.54682311450562793	330.79343288400656320	236.28457565192258016
ZNF581	233.50758589343820404	205.15648201591321254	174.62266532762717475	211.00096073159141952	232.32907976136908701	253.70765624260067739	138.06379768531954255	475.36783187877762202	202.81163016688176981	215.53513186030755833
ZNF609	179.48217421908825031	236.97059176166430916	174.36243556928303633	185.16619279229877293	231.19699083796831474	156.04404906036904777	172.37215067685841063	157.57488419068303642	168.17091112964823196	131.70398467204594795
ZNF641	87.03790086451064667	221.18129306065949891	74.06432600785566933	97.65073943383825394	101.39392704023697434	68.57562575005643168	75.67105439267329814	65.36056070393608763	166.80486700476654960	135.74148307104772471
ZNF652	267.29030527662877148	238.28407429622251357	194.28798783553932594	264.55949691410978630	278.14780474449247549	231.73409404042729420	161.51221844802341820	262.85942284884646369	225.93408708455410761	207.49325564500603036
ZNF655	277.33103120886687520	365.05675492553405093	251.38582147063922889	380.44867421711694533	470.25594555499617400	199.20935289770244481	259.99631739621776205	290.36264857848044585	356.40935090627198178	320.55235173804243232
ZNF668	249.35905463718626152	97.93577845439270391	169.32393806734660302	152.69466669609582254	75.92152968313705230	142.77895934673517786	166.36077705180198905	120.42600212986350527	84.62303446736669343	96.50010021488634493
ZNF720	209.17832240009727229	200.19904103947837370	170.47905896579939622	146.62511384648249191	279.17832698461307928	129.67269669046919489	136.22003786180613361	178.04465491173297664	175.08538687465090788	202.11644439120274797
ZNF721	195.50714932018794912	245.36730375429092987	191.71847511411246501	180.90024614530383928	349.31893061848387561	97.06402131035555669	148.02658581353119871	201.97534599177683390	241.48041768026993736	179.64860738067309853
ZNF770	180.12725080775135211	178.62360570970753315	144.80446419393592805	196.65657169598355836	174.05771193514823381	140.90576186725769503	294.89480970605535504	271.48778398378317434	186.09025155421821296	177.14275666507512597
ZNF83	399.08457476068730330	323.12898743864434437	334.59776357670045854	376.92167909854464369	698.20907677514105671	177.58632041805077506	254.55729911078370264	414.27258439321775541	300.69132553489527027	314.67112034050109060
ZNF830	176.80126485927635827	257.37933439855544293	167.94833619035892980	299.35689418178890264	300.03073751258915536	40.04660451881589722	162.65478636510010801	195.77993045934019278	245.88693034679158700	239.80519641130655373
ZNF91	228.31951192274453888	258.67217122279248542	178.19228365349323440	336.00835586571798785	389.72570103341837466	101.34254606450333824	149.71825590021632024	222.86429695790829442	248.52565262903146959	190.76603952532670405
ZNHIT6	224.56343162939191416	206.01002121535458400	189.51965578175915539	180.94748566497781894	270.59638310546296225	143.92945962451892683	216.44441287931559259	238.45796233728268021	173.50763217108928416	176.59391145237526644
ZNRF1	253.75469732994679362	186.73587760956382908	325.65823545897848135	264.32677482092054788	296.59898101696597905	141.08914325516204258	166.36555175685029440	314.67042518509202864	197.90235368511093839	279.75522912431483746
ZNRF2	139.18431222087139076	231.87587539323112651	148.42390179125598593	297.84392812261603467	226.27609626134000109	64.20810842232098992	127.05336974383195070	109.31394181722671988	235.25068896902766369	188.28881007297002270
ZRANB1	224.58475479186773782	330.69266194437966533	172.53345546450881898	290.42962464192930838	365.00920198247899862	220.45444822265579887	161.57990664489742016	272.30154473524515879	352.17887146630710049	281.83319758616966055
ZSWIM6	210.98733099270762636	304.84145769859014763	218.16313525726593525	226.19365643272413990	277.69043774438472383	170.86326408280871192	202.51384747912618423	157.04247985837645274	229.71494334646024527	193.67085732865947989
ZWINT	38.17384854096322044	37.80662203773321295	29.22609605920962395	66.71428216894679508	15.90870909790568533	19.04491365659499991	445.30945064636290454	36.87439737705794585	38.20070757717146392	5.75067908273597173
ZYG11B	199.03550103104109326	231.18932119583595863	144.31088589686595469	227.60293402390729511	214.58264457893540111	167.05683885558377710	257.77774534597131151	219.61231279503496694	240.34108766404810353	187.96450734675443073
