NAME	iCAF	mCAF	tpCAF	vCAF	Pericyte	apCAF	rCAF
A4GALT	55.12649587551069175	91.98832544305479075	1.00000000000000000	1.00000000000000000	1.00000000000000000	1.00000000000000000	1.00000000000000000
AAMDC	69.56549356073718116	64.44936259866024386	1.00000000000000000	104.23790118482457956	92.76591358052148450	1.00000000000000000	109.60463683836344728
AARSD1	70.00465661454357758	41.08116970726531747	1.00000000000000000	1.00000000000000000	1.00000000000000000	1.00000000000000000	1.00000000000000000
AASS	115.42426426182608168	1.00000000000000000	1.00000000000000000	1.00000000000000000	1.00000000000000000	1.00000000000000000	1.00000000000000000
AATF	1.00000000000000000	1.00000000000000000	1.00000000000000000	89.36829285590614802	1.00000000000000000	196.30216177919609777	1.00000000000000000
ABCA1	47.43131246780917110	1.00000000000000000	1.00000000000000000	1.00000000000000000	1.00000000000000000	48.00263291086385919	1.00000000000000000
ABCA6	82.30557832101807492	85.44374830042431768	1.00000000000000000	1.00000000000000000	1.00000000000000000	1.00000000000000000	1.00000000000000000
ABCA8	86.47388840711178659	1.00000000000000000	1.00000000000000000	1.00000000000000000	1.00000000000000000	1.00000000000000000	1.00000000000000000
ABCC9	1.00000000000000000	1.00000000000000000	1.00000000000000000	1.00000000000000000	186.54207192273074156	1.00000000000000000	1.00000000000000000
ABCE1	52.78708104988546523	40.66789230528127064	1.00000000000000000	1.00000000000000000	1.00000000000000000	1.00000000000000000	43.21891770631494722
ABCF1	79.10133839132144828	59.02424404767032229	1.00000000000000000	94.30203543553577106	54.95391435703226790	91.10839882263680067	1.00000000000000000
ABCG1	1.00000000000000000	1.00000000000000000	1.00000000000000000	1.00000000000000000	1.00000000000000000	1.00000000000000000	40.91644009028756557
ABHD14A	42.50019667421316427	1.00000000000000000	1.00000000000000000	1.00000000000000000	1.00000000000000000	1.00000000000000000	1.00000000000000000
ABHD16A	1.00000000000000000	41.77335144085080998	1.00000000000000000	1.00000000000000000	62.72752607475619158	1.00000000000000000	185.33467539687592307
ABHD2	1.00000000000000000	61.66017378602929710	1.00000000000000000	1.00000000000000000	1.00000000000000000	29.78646288023879052	22.85073345242518883
ABHD3	1.00000000000000000	1.00000000000000000	1.00000000000000000	1.00000000000000000	1.00000000000000000	42.01836321149495745	1.00000000000000000
ABHD5	1.00000000000000000	1.00000000000000000	1.00000000000000000	1.00000000000000000	1.00000000000000000	105.13201793783458982	22.30439209133841061
ABHD8	1.00000000000000000	1.00000000000000000	1.00000000000000000	1.00000000000000000	1.00000000000000000	1.00000000000000000	43.21891770631494722
ABI1	1.00000000000000000	1.00000000000000000	1.00000000000000000	1.00000000000000000	1.00000000000000000	38.96713078006993669	103.14262493866672799
ABI2	64.08445955733017740	46.92181572728110694	1.00000000000000000	105.09033266533730000	123.15788163256760868	1.00000000000000000	1.00000000000000000
ABI3	1.00000000000000000	1.00000000000000000	1.00000000000000000	1.00000000000000000	1.00000000000000000	187.08310319109480702	115.01807115086310773
ABI3BP	138.97204772976147069	1.00000000000000000	1.00000000000000000	1.00000000000000000	1.00000000000000000	1.00000000000000000	90.97032769216299641
ABL2	87.19302631634397471	1.00000000000000000	1.00000000000000000	1.00000000000000000	1.00000000000000000	59.13574606112703691	80.83288018057514535
ABLIM1	1.00000000000000000	1.00000000000000000	1.00000000000000000	1.00000000000000000	1.00000000000000000	1.00000000000000000	19.63430914620041179
ABRACL	1.00000000000000000	92.82109817843071653	1.00000000000000000	1.00000000000000000	1.00000000000000000	165.76142528078617033	1.00000000000000000
ABT1	1.00000000000000000	44.46036400981648740	1.00000000000000000	1.00000000000000000	1.00000000000000000	1.00000000000000000	19.63430914620041179
AC004951.1	1.00000000000000000	1.00000000000000000	1.00000000000000000	1.00000000000000000	1.00000000000000000	54.40889677705564509	1.00000000000000000
AC005670.3	1.00000000000000000	1.00000000000000000	1.00000000000000000	1.00000000000000000	1.00000000000000000	1.00000000000000000	22.85073345242518883
AC010642.2	1.00000000000000000	1.00000000000000000	1.00000000000000000	1.00000000000000000	40.47012157486717143	1.00000000000000000	43.21891770631494722
AC020656.1	1.00000000000000000	1.00000000000000000	1.00000000000000000	1.00000000000000000	1.00000000000000000	129.11693987725118404	1.00000000000000000
AC020916.1	167.26652189016553507	91.37201548168150111	1.00000000000000000	1.00000000000000000	1.00000000000000000	128.27278509569927678	1.00000000000000000
AC060780.1	1.00000000000000000	1.00000000000000000	1.00000000000000000	1.00000000000000000	1.00000000000000000	59.21338157315307171	1.00000000000000000
AC068491.3	1.00000000000000000	1.00000000000000000	1.00000000000000000	1.00000000000000000	58.15742538201718048	1.00000000000000000	1.00000000000000000
AC100793.2	1.00000000000000000	1.00000000000000000	1.00000000000000000	1.00000000000000000	90.13541103061460547	1.00000000000000000	1.00000000000000000
AC100810.1	1.00000000000000000	1.00000000000000000	1.00000000000000000	1.00000000000000000	1.00000000000000000	175.91716709793524842	22.10945885315748427
AC105114.2	1.00000000000000000	1.00000000000000000	1.00000000000000000	1.00000000000000000	1.00000000000000000	1.00000000000000000	43.21891770631494722
ACAA2	47.21361977382392894	57.31517507065787953	1.00000000000000000	1.00000000000000000	1.00000000000000000	369.45368088879490642	1.00000000000000000
ACIN1	45.90700346867554060	1.00000000000000000	1.00000000000000000	1.00000000000000000	1.00000000000000000	36.51067004625174661	1.00000000000000000
ACLY	1.00000000000000000	1.00000000000000000	1.00000000000000000	1.00000000000000000	1.00000000000000000	68.30997466964541331	180.94065538432568019
ACO2	1.00000000000000000	1.00000000000000000	1.00000000000000000	123.52342151179469454	51.39119637227710768	1.00000000000000000	62.22083218162599394
ACOT9	1.00000000000000000	49.67091447832050477	1.00000000000000000	1.00000000000000000	1.00000000000000000	51.13974665365876859	1.00000000000000000
ACP5	68.28464988847653672	88.98963875381259925	1.00000000000000000	1.00000000000000000	1.00000000000000000	181.77923924017949275	1.00000000000000000
ACSL5	1.00000000000000000	1.00000000000000000	1.00000000000000000	1.00000000000000000	1.00000000000000000	1.00000000000000000	19.63430914620041179
ACTA2	649.47900895301313540	2376.67433673263212768	1663.93695415749834865	18436.57081928079787758	2373.13117918559601094	2748.53711032266028269	1.00000000000000000
ACTG2	1.00000000000000000	1.00000000000000000	1.00000000000000000	2542.51070590541803540	1.00000000000000000	225.19689741819189521	1.00000000000000000
ACTN4	59.55469090881475580	70.15994921533081197	1.00000000000000000	418.20699654404842249	127.96779369719220654	93.16719042458190359	38.26861829240073121
ACTR1A	49.87804608654880667	62.77183439139142251	1.00000000000000000	1.00000000000000000	97.71575229915723071	27.80804913982598947	1.00000000000000000
ACTR6	1.00000000000000000	1.00000000000000000	1.00000000000000000	1.00000000000000000	1.00000000000000000	1.00000000000000000	43.21891770631494722
ADA2	1.00000000000000000	1.00000000000000000	1.00000000000000000	1.00000000000000000	1.00000000000000000	57.54359321886409617	1.00000000000000000
ADAM10	1.00000000000000000	47.80179237836691186	1.00000000000000000	1.00000000000000000	1.00000000000000000	1.00000000000000000	85.43783541262989445
ADAM15	1.00000000000000000	1.00000000000000000	1.00000000000000000	1.00000000000000000	1.00000000000000000	1.00000000000000000	90.97032769216282588
ADAM17	101.98915832266978043	65.21195303440572388	1.00000000000000000	1.00000000000000000	1.00000000000000000	51.99456380521608168	1.00000000000000000
ADAM19	1.00000000000000000	1.00000000000000000	1.00000000000000000	1.00000000000000000	1.00000000000000000	1.00000000000000000	120.78694915300694390
ADAM9	124.32617593373588250	57.54184076923748137	1.00000000000000000	131.04786041502853777	101.22734029100604403	1.00000000000000000	1.00000000000000000
ADAMTS1	97.30246750136630851	1.00000000000000000	1.00000000000000000	415.97777225980433968	147.92635960612847157	1.00000000000000000	1.00000000000000000
ADAMTS12	1.00000000000000000	96.21283754354919893	1.00000000000000000	1.00000000000000000	1.00000000000000000	1.00000000000000000	1.00000000000000000
ADAMTS2	1.00000000000000000	94.28378747020387607	1.00000000000000000	1.00000000000000000	1.00000000000000000	1.00000000000000000	1.00000000000000000
ADAMTS4	1.00000000000000000	1.00000000000000000	1.00000000000000000	110.30195657315506708	208.62255956731462447	38.66030896828234376	64.91317627401528512
ADAMTS9	1.00000000000000000	1.00000000000000000	1.00000000000000000	66.83732817430721695	122.36965131874249835	1.00000000000000000	115.01807115086310773
ADAP2	1.00000000000000000	1.00000000000000000	1.00000000000000000	1.00000000000000000	134.85902410569994458	1.00000000000000000	1.00000000000000000
ADCY3	1.00000000000000000	1.00000000000000000	1.00000000000000000	137.00147619493961315	104.87959802545184118	1.00000000000000000	1.00000000000000000
ADCY4	1.00000000000000000	1.00000000000000000	1.00000000000000000	1.00000000000000000	56.59769579701951159	1.00000000000000000	80.83288018057514535
ADD1	63.74142783012626978	78.52394525308484674	1.00000000000000000	150.66305517238143352	95.18798244850239598	33.73977516505730989	90.97032769216282588
ADGRA2	1.00000000000000000	1.00000000000000000	1.00000000000000000	79.22849820396476161	95.35054364886858025	1.00000000000000000	1.00000000000000000
ADGRE5	1.00000000000000000	1.00000000000000000	1.00000000000000000	1.00000000000000000	1.00000000000000000	44.39839951450561983	1.00000000000000000
ADGRF5	1.00000000000000000	1.00000000000000000	1.00000000000000000	155.46780577124505385	232.49608020375271167	1.00000000000000000	93.16733769843793311
ADGRL4	1.00000000000000000	1.00000000000000000	1.00000000000000000	1.00000000000000000	1.00000000000000000	1.00000000000000000	128.23894598456351446
ADH1B	537.17638648636454946	1.00000000000000000	336.71935412560407030	1.00000000000000000	1.00000000000000000	1.00000000000000000	360.88131076865101932
ADIPOR1	1.00000000000000000	50.97606234331770736	1.00000000000000000	1.00000000000000000	1.00000000000000000	71.80369316723988504	1.00000000000000000
ADIRF	221.14117218011142540	1.00000000000000000	239.94327797220176990	1956.57971324018512860	442.85736272201268093	1.00000000000000000	1650.53929662968266712
ADM	116.26170682535615697	325.53290017482521534	320.78580253822599389	1.00000000000000000	1.00000000000000000	204.30081069582735154	59.52848808923673829
ADPGK	1.00000000000000000	1.00000000000000000	1.00000000000000000	1.00000000000000000	1.00000000000000000	101.50172928751941015	1.00000000000000000
ADPRHL2	1.00000000000000000	46.99873010663458217	1.00000000000000000	1.00000000000000000	1.00000000000000000	49.00473835168310188	1.00000000000000000
ADSL	1.00000000000000000	43.87495195596888919	1.00000000000000000	1.00000000000000000	1.00000000000000000	1.00000000000000000	1.00000000000000000
ADSS	1.00000000000000000	66.12260278275061864	1.00000000000000000	1.00000000000000000	1.00000000000000000	59.21038201434200943	22.30439209133841061
AFAP1	1.00000000000000000	50.61170004641470399	1.00000000000000000	1.00000000000000000	1.00000000000000000	1.00000000000000000	1.00000000000000000
AFAP1L1	1.00000000000000000	1.00000000000000000	1.00000000000000000	1.00000000000000000	1.00000000000000000	1.00000000000000000	127.65675311894494826
AFDN	1.00000000000000000	1.00000000000000000	1.00000000000000000	1.00000000000000000	1.00000000000000000	1.00000000000000000	90.97032769216282588
AGFG1	1.00000000000000000	1.00000000000000000	1.00000000000000000	1.00000000000000000	1.00000000000000000	1.00000000000000000	43.21891770631494722
AGPAT1	1.00000000000000000	1.00000000000000000	1.00000000000000000	1.00000000000000000	1.00000000000000000	55.71552940337264914	1.00000000000000000
AGT	1.00000000000000000	1.00000000000000000	1.00000000000000000	63.49356606129353509	1.00000000000000000	1.00000000000000000	1.00000000000000000
AHCYL1	103.48464740520689986	66.67173863723841976	1.00000000000000000	1.00000000000000000	1.00000000000000000	69.18448786949903706	1.00000000000000000
AHI1	64.71183025952265666	41.60979775204067721	1.00000000000000000	1.00000000000000000	58.70604717460727073	1.00000000000000000	1.00000000000000000
AHR	115.25579796081753159	1.00000000000000000	1.00000000000000000	1.00000000000000000	1.00000000000000000	36.52891601815213818	90.97032769216282588
AIDA	58.72172126768230527	56.96624436143402903	1.00000000000000000	1.00000000000000000	76.43946888026228237	1.00000000000000000	64.91317627401528512
AIF1	1.00000000000000000	1.00000000000000000	1.00000000000000000	1.00000000000000000	1.00000000000000000	892.84669232820465368	1.00000000000000000
AIMP2	1.00000000000000000	1.00000000000000000	1.00000000000000000	1.00000000000000000	69.07918291942998223	1.00000000000000000	38.26861829240073121
AIP	60.79789954644481043	67.57191439240952491	1.00000000000000000	82.29449831741584376	130.95572810306978795	1.00000000000000000	1.00000000000000000
AKAP8	1.00000000000000000	1.00000000000000000	1.00000000000000000	1.00000000000000000	1.00000000000000000	1.00000000000000000	19.63430914620041179
AKIRIN1	73.21963487219289846	1.00000000000000000	1.00000000000000000	1.00000000000000000	1.00000000000000000	1.00000000000000000	1.00000000000000000
AKIRIN2	1.00000000000000000	1.00000000000000000	1.00000000000000000	69.26215699609048215	75.57765711470796077	153.19127789943860307	43.60878418267682122
AKR1B1	55.92806100808655145	91.26139633064155987	1.00000000000000000	1.00000000000000000	1.00000000000000000	87.59424039481500301	1.00000000000000000
AKR1C3	1.00000000000000000	1.00000000000000000	1.00000000000000000	1.00000000000000000	1.00000000000000000	1.00000000000000000	207.18540884930104085
AKT1S1	1.00000000000000000	45.51862979281519728	1.00000000000000000	1.00000000000000000	1.00000000000000000	1.00000000000000000	1.00000000000000000
AL118516.1	1.00000000000000000	1.00000000000000000	1.00000000000000000	1.00000000000000000	1.00000000000000000	1.00000000000000000	90.97032769216282588
AL121933.2	1.00000000000000000	1.00000000000000000	1.00000000000000000	1.00000000000000000	1.00000000000000000	45.75572728611683715	1.00000000000000000
ALCAM	1.00000000000000000	1.00000000000000000	1.00000000000000000	1.00000000000000000	1.00000000000000000	56.23365775841405423	1.00000000000000000
ALDH1A1	140.85864428380062918	1.00000000000000000	1.00000000000000000	1.00000000000000000	1.00000000000000000	1.00000000000000000	156.13606289338403599
ALDH1A3	245.19684263053736117	83.20931934598092994	1.00000000000000000	1.00000000000000000	1.00000000000000000	79.98942944843150826	1.00000000000000000
ALDH9A1	72.17644385545008845	1.00000000000000000	1.00000000000000000	1.00000000000000000	1.00000000000000000	190.71307900830663584	22.10945885315748427
ALDOA	53.56104951685116333	91.41220796910910451	240.24419023861031519	82.19052422250017287	1.00000000000000000	218.61856066840587687	1.00000000000000000
ALG13	1.00000000000000000	1.00000000000000000	1.00000000000000000	1.00000000000000000	1.00000000000000000	1.00000000000000000	128.23894598456351446
ALG3	57.54622257437744537	70.65619077357807498	1.00000000000000000	1.00000000000000000	1.00000000000000000	70.44167450841862888	1.00000000000000000
ALG5	79.91996935156446114	91.83073617138015265	1.00000000000000000	1.00000000000000000	83.10016786278532663	1.00000000000000000	1.00000000000000000
ALOX5	1.00000000000000000	1.00000000000000000	1.00000000000000000	1.00000000000000000	1.00000000000000000	36.34502241794146471	1.00000000000000000
ALOX5AP	1.00000000000000000	1.00000000000000000	1.00000000000000000	1.00000000000000000	1.00000000000000000	2153.33757687616662224	1.00000000000000000
AMD1	82.53341918717411829	1.00000000000000000	1.00000000000000000	79.11216034783500106	1.00000000000000000	198.74603667310523747	40.91644009028756557
ANAPC10	1.00000000000000000	1.00000000000000000	1.00000000000000000	1.00000000000000000	1.00000000000000000	1.00000000000000000	43.21891770631494722
ANGPT1	83.82318010961637356	1.00000000000000000	1.00000000000000000	1.00000000000000000	63.56177659532924906	1.00000000000000000	1.00000000000000000
ANGPT2	1.00000000000000000	1.00000000000000000	1.00000000000000000	180.89793331186263003	197.13354109655102775	1.00000000000000000	168.69482529594242237
ANGPTL2	102.78863199185701660	244.04698400889671461	108.80574900917208936	1.00000000000000000	1.00000000000000000	1.00000000000000000	109.60463683836324833
ANGPTL4	321.64266080380610902	278.94997932461484424	447.18282086089743643	171.73536236603573002	1.00000000000000000	33.17388403463749569	1.00000000000000000
ANKH	1.00000000000000000	119.51174952979583566	1.00000000000000000	1.00000000000000000	1.00000000000000000	1.00000000000000000	22.10945885315748427
ANKHD1	48.13436930777466216	1.00000000000000000	1.00000000000000000	1.00000000000000000	1.00000000000000000	46.14438114236840249	22.10945885315748427
ANKIB1	1.00000000000000000	1.00000000000000000	1.00000000000000000	1.00000000000000000	1.00000000000000000	1.00000000000000000	90.97032769216282588
ANKLE2	1.00000000000000000	54.98074328605039085	1.00000000000000000	1.00000000000000000	1.00000000000000000	1.00000000000000000	22.30439209133841061
ANKRD11	70.64324033692986404	52.83710605896959578	1.00000000000000000	1.00000000000000000	105.82051751275028550	24.39186039753673185	1.00000000000000000
ANKRD28	138.72734877597969216	1.00000000000000000	1.00000000000000000	1.00000000000000000	1.00000000000000000	1.00000000000000000	1.00000000000000000
ANKRD29	1.00000000000000000	1.00000000000000000	1.00000000000000000	79.87085091930943292	1.00000000000000000	1.00000000000000000	1.00000000000000000
ANKRD35	1.00000000000000000	71.33880382350515958	1.00000000000000000	1.00000000000000000	1.00000000000000000	1.00000000000000000	1.00000000000000000
ANKRD50	1.00000000000000000	1.00000000000000000	1.00000000000000000	1.00000000000000000	1.00000000000000000	1.00000000000000000	38.26861829240080226
ANO1	1.00000000000000000	1.00000000000000000	1.00000000000000000	1.00000000000000000	82.09814179877918150	1.00000000000000000	1.00000000000000000
ANO6	68.23584724853979822	44.03492891281746324	1.00000000000000000	73.53794034622076481	63.12302975601767940	20.26742219223328689	1.00000000000000000
ANP32A	1.00000000000000000	47.84054547031180249	1.00000000000000000	1.00000000000000000	117.53577854099249578	58.92777573009269076	80.83288018057514535
ANTXR1	119.90641443646289588	415.38452476273636194	1.00000000000000000	96.14719820995357225	69.68363944351840189	95.10951656868411419	1.00000000000000000
ANTXR2	82.91331193455035020	101.86699598921657639	1.00000000000000000	1.00000000000000000	1.00000000000000000	1.00000000000000000	78.56803144669200378
ANXA2R	1.00000000000000000	1.00000000000000000	1.00000000000000000	1.00000000000000000	1.00000000000000000	1.00000000000000000	43.21891770631494722
AOC3	126.26562263972157041	52.27246017417353841	1.00000000000000000	172.13830987851812893	65.05835032856460032	1.00000000000000000	1.00000000000000000
AOPEP	117.15126306801442979	176.48509825531564843	116.05873296725549437	285.16998971472048652	100.42639623855679076	70.92975494879325993	1.00000000000000000
AP1M1	1.00000000000000000	1.00000000000000000	1.00000000000000000	1.00000000000000000	1.00000000000000000	32.70969701980284583	1.00000000000000000
AP1S2	1.00000000000000000	1.00000000000000000	1.00000000000000000	1.00000000000000000	1.00000000000000000	390.08211926890538734	90.97032769216299641
AP2A1	1.00000000000000000	39.46087545867347046	1.00000000000000000	1.00000000000000000	1.00000000000000000	1.00000000000000000	22.10945885315748427
AP2A2	1.00000000000000000	1.00000000000000000	1.00000000000000000	1.00000000000000000	1.00000000000000000	1.00000000000000000	75.53723658480147662
AP3M1	1.00000000000000000	1.00000000000000000	1.00000000000000000	1.00000000000000000	1.00000000000000000	201.97550257274954788	1.00000000000000000
APBB1	1.00000000000000000	1.00000000000000000	1.00000000000000000	1.00000000000000000	1.00000000000000000	45.29955721512934019	1.00000000000000000
APOBEC3C	1.00000000000000000	1.00000000000000000	1.00000000000000000	1.00000000000000000	1.00000000000000000	59.37742863526628412	1.00000000000000000
APOC1	131.11017948529942601	1.00000000000000000	1.00000000000000000	115.49550538785938159	1.00000000000000000	1127.50576960110470282	124.99335839109191681
APOD	217.17835649542837473	163.69836530501575567	1.00000000000000000	1.00000000000000000	1.00000000000000000	1.00000000000000000	247.48647288393206622
APOL1	88.03273100071065471	119.37748237272286644	1.00000000000000000	1.00000000000000000	66.58837390022304703	1.00000000000000000	1.00000000000000000
APOL3	1.00000000000000000	1.00000000000000000	1.00000000000000000	1.00000000000000000	1.00000000000000000	1.00000000000000000	64.32837655947244571
APOLD1	1.00000000000000000	1.00000000000000000	1.00000000000000000	174.36905629529761086	185.46012493754679440	1.00000000000000000	90.97032769216282588
AQP9	1.00000000000000000	1.00000000000000000	1.00000000000000000	1.00000000000000000	1.00000000000000000	53.43294232716871051	1.00000000000000000
ARCN1	1.00000000000000000	51.35030642182332627	1.00000000000000000	1.00000000000000000	1.00000000000000000	1.00000000000000000	22.30439209133841061
AREG	387.76009050626572616	164.18586965292098512	1.00000000000000000	1.00000000000000000	1.00000000000000000	37.77842813976414504	1.00000000000000000
ARF6	69.35581113347696203	99.17877767055296090	1.00000000000000000	111.96734713947365947	53.53689420095913221	234.25264849543953005	1.00000000000000000
ARFIP2	1.00000000000000000	1.00000000000000000	1.00000000000000000	1.00000000000000000	1.00000000000000000	1.00000000000000000	90.97032769216282588
ARFRP1	49.12502321618121215	61.33066407835665501	1.00000000000000000	1.00000000000000000	63.78487817020644002	1.00000000000000000	1.00000000000000000
ARHGAP1	1.00000000000000000	70.83918013980952821	1.00000000000000000	59.04445873415819079	90.79866059662678879	36.51067004625174661	1.00000000000000000
ARHGAP10	1.00000000000000000	1.00000000000000000	1.00000000000000000	1.00000000000000000	89.97027187805896631	15.33283278611410516	1.00000000000000000
ARHGAP15	1.00000000000000000	1.00000000000000000	1.00000000000000000	166.46527235574848191	230.66406403473703790	53.35332653813079418	1.00000000000000000
ARHGAP18	1.00000000000000000	1.00000000000000000	1.00000000000000000	1.00000000000000000	1.00000000000000000	192.06547324163747703	109.60463683836324833
ARHGAP21	1.00000000000000000	1.00000000000000000	1.00000000000000000	1.00000000000000000	1.00000000000000000	1.00000000000000000	78.56803144669200378
ARHGAP23	1.00000000000000000	1.00000000000000000	1.00000000000000000	1.00000000000000000	1.00000000000000000	1.00000000000000000	62.22083218162599394
ARHGAP24	1.00000000000000000	1.00000000000000000	1.00000000000000000	1.00000000000000000	1.00000000000000000	60.74170519819396219	1.00000000000000000
ARHGAP26	1.00000000000000000	1.00000000000000000	1.00000000000000000	1.00000000000000000	75.26306851391743180	1.00000000000000000	90.97032769216282588
ARHGAP27	1.00000000000000000	1.00000000000000000	1.00000000000000000	1.00000000000000000	1.00000000000000000	1.00000000000000000	90.97032769216282588
ARHGAP29	1.00000000000000000	1.00000000000000000	1.00000000000000000	137.02014014406736919	188.43636571076939390	1.00000000000000000	289.70539059024702055
ARHGAP42	1.00000000000000000	1.00000000000000000	1.00000000000000000	1.00000000000000000	66.48555357051340309	1.00000000000000000	1.00000000000000000
ARHGDIB	1.00000000000000000	57.35502771095580243	1.00000000000000000	204.71135509998256907	720.73374699067119309	692.77780933445922074	1.00000000000000000
ARHGEF1	1.00000000000000000	1.00000000000000000	1.00000000000000000	1.00000000000000000	68.82011226129844772	1.00000000000000000	22.10945885315748427
ARHGEF12	1.00000000000000000	1.00000000000000000	1.00000000000000000	1.00000000000000000	105.61190602850875564	1.00000000000000000	143.41079624644436308
ARHGEF17	1.00000000000000000	1.00000000000000000	1.00000000000000000	54.69142955919954829	191.81421120684430548	1.00000000000000000	1.00000000000000000
ARHGEF25	1.00000000000000000	1.00000000000000000	1.00000000000000000	63.18835615801312855	1.00000000000000000	1.00000000000000000	1.00000000000000000
ARHGEF7	1.00000000000000000	1.00000000000000000	1.00000000000000000	71.35792820259977987	82.27966983531609912	33.10315015440780684	1.00000000000000000
ARID5A	1.00000000000000000	1.00000000000000000	1.00000000000000000	76.00414892654472965	93.68900432183993132	1.00000000000000000	1.00000000000000000
ARIH2	1.00000000000000000	1.00000000000000000	1.00000000000000000	1.00000000000000000	1.00000000000000000	189.00416462579497079	180.94065538432568019
ARL13B	1.00000000000000000	1.00000000000000000	1.00000000000000000	1.00000000000000000	1.00000000000000000	1.00000000000000000	64.32837655947244571
ARL16	1.00000000000000000	73.06315785473698554	1.00000000000000000	1.00000000000000000	57.89032344795877805	1.00000000000000000	19.63430914620035139
ARL2BP	82.23673418781963562	108.25732702176541977	1.00000000000000000	115.71535061367538333	1.00000000000000000	26.43617391012994844	1.00000000000000000
ARL3	86.22583327046091028	113.60962179892922563	135.35199096741229141	128.88153596616524510	124.82579384003734901	1.00000000000000000	1.00000000000000000
ARL4A	1.00000000000000000	1.00000000000000000	1.00000000000000000	1.00000000000000000	1.00000000000000000	86.65940892876029977	502.76962532413449480
ARL4C	1.00000000000000000	81.27346668662957541	1.00000000000000000	1.00000000000000000	1.00000000000000000	68.95528684117894613	1.00000000000000000
ARL6IP6	1.00000000000000000	1.00000000000000000	1.00000000000000000	1.00000000000000000	61.10051569042079933	1.00000000000000000	1.00000000000000000
ARL8B	1.00000000000000000	67.84511474199980796	1.00000000000000000	1.00000000000000000	54.83571302175729301	1.00000000000000000	22.30439209133841061
ARMC10	1.00000000000000000	1.00000000000000000	1.00000000000000000	1.00000000000000000	1.00000000000000000	1.00000000000000000	40.91644009028756557
ARMCX1	1.00000000000000000	44.04160537972554579	1.00000000000000000	1.00000000000000000	1.00000000000000000	1.00000000000000000	185.33467539687592307
ARMCX3	96.14866735682574017	90.43637133489862379	1.00000000000000000	151.41180221716908250	138.95340038011775619	46.01570417753850251	43.60878418267682122
ARMCX6	1.00000000000000000	1.00000000000000000	1.00000000000000000	1.00000000000000000	64.87168801602983592	1.00000000000000000	1.00000000000000000
ARMT1	1.00000000000000000	1.00000000000000000	1.00000000000000000	1.00000000000000000	1.00000000000000000	1.00000000000000000	43.21891770631494722
ARRB1	1.00000000000000000	1.00000000000000000	1.00000000000000000	1.00000000000000000	1.00000000000000000	1.00000000000000000	43.21891770631494722
ARRB2	1.00000000000000000	1.00000000000000000	1.00000000000000000	1.00000000000000000	1.00000000000000000	81.90405606832517549	1.00000000000000000
ARRDC2	1.00000000000000000	1.00000000000000000	1.00000000000000000	1.00000000000000000	1.00000000000000000	1.00000000000000000	163.04863747130215756
ASAP1	1.00000000000000000	51.90716701017137069	1.00000000000000000	1.00000000000000000	111.44780239031362612	37.68895811372931348	88.40293380970076953
ASGR1	1.00000000000000000	1.00000000000000000	1.00000000000000000	1.00000000000000000	1.00000000000000000	37.89133616294481754	110.25366726212600099
ASL	1.00000000000000000	1.00000000000000000	1.00000000000000000	1.00000000000000000	53.45137921958134797	1.00000000000000000	1.00000000000000000
ASPN	88.14627024952189061	910.67627188069025124	1.00000000000000000	365.77771557741226616	574.80835131840819940	174.00808212010471721	1.00000000000000000
ATAD1	1.00000000000000000	1.00000000000000000	1.00000000000000000	1.00000000000000000	56.61153215959851082	1.00000000000000000	1.00000000000000000
ATF1	1.00000000000000000	1.00000000000000000	1.00000000000000000	1.00000000000000000	1.00000000000000000	1.00000000000000000	90.97032769216282588
ATF2	1.00000000000000000	1.00000000000000000	1.00000000000000000	1.00000000000000000	1.00000000000000000	175.91716709793524842	22.10945885315748427
ATF3	81.79286971485733204	1.00000000000000000	1.00000000000000000	83.22572884548476679	1.00000000000000000	84.17578225449973672	22.10945885315748427
ATF5	1.00000000000000000	1.00000000000000000	1.00000000000000000	1.00000000000000000	1.00000000000000000	69.90511056597881634	22.10945885315748427
ATF6	1.00000000000000000	1.00000000000000000	1.00000000000000000	51.79875182749420759	1.00000000000000000	23.23464405763625251	40.91644009028756557
ATG101	69.39086838255732914	97.27587200629616859	1.00000000000000000	73.46544712194935300	1.00000000000000000	56.93385199194562318	43.21891770631494722
ATG12	58.66975402671040030	71.63098484163928958	1.00000000000000000	58.81232873843221398	1.00000000000000000	1.00000000000000000	22.10945885315748427
ATG13	1.00000000000000000	1.00000000000000000	1.00000000000000000	1.00000000000000000	1.00000000000000000	45.69419251812487204	1.00000000000000000
ATIC	1.00000000000000000	1.00000000000000000	1.00000000000000000	1.00000000000000000	1.00000000000000000	42.14088192594011417	1.00000000000000000
ATP13A1	1.00000000000000000	1.00000000000000000	1.00000000000000000	1.00000000000000000	1.00000000000000000	44.21527176650229052	1.00000000000000000
ATP13A3	78.01863242245696028	1.00000000000000000	1.00000000000000000	1.00000000000000000	1.00000000000000000	1.00000000000000000	38.26861829240080226
ATP2B1	88.36630071783088169	1.00000000000000000	1.00000000000000000	1.00000000000000000	1.00000000000000000	1.00000000000000000	1.00000000000000000
ATP2B1.AS1	1.00000000000000000	1.00000000000000000	1.00000000000000000	1.00000000000000000	1.00000000000000000	47.06900856412410405	1.00000000000000000
ATP2B4	1.00000000000000000	1.00000000000000000	1.00000000000000000	69.48637375934544025	93.68737842327371368	59.13574606112703691	1.00000000000000000
ATP6V1B2	70.09981727281365238	66.38615477999866243	1.00000000000000000	1.00000000000000000	1.00000000000000000	284.70895695641411294	1.00000000000000000
ATXN1	1.00000000000000000	79.35110654564290655	1.00000000000000000	1.00000000000000000	1.00000000000000000	59.57038502404860481	93.16733769843793311
ATXN2	58.54834023250219133	1.00000000000000000	1.00000000000000000	1.00000000000000000	1.00000000000000000	1.00000000000000000	1.00000000000000000
ATXN2L	1.00000000000000000	1.00000000000000000	1.00000000000000000	1.00000000000000000	1.00000000000000000	40.04759272258123559	1.00000000000000000
ATXN7L3	1.00000000000000000	1.00000000000000000	1.00000000000000000	1.00000000000000000	1.00000000000000000	38.74115653253561931	1.00000000000000000
AZIN1	1.00000000000000000	44.94494907429218244	1.00000000000000000	1.00000000000000000	93.76341346859804560	46.38606371650767102	1.00000000000000000
B3GALT6	1.00000000000000000	1.00000000000000000	1.00000000000000000	1.00000000000000000	1.00000000000000000	39.28644308356716408	1.00000000000000000
B3GNT2	1.00000000000000000	1.00000000000000000	1.00000000000000000	52.52548726200490847	56.64550148042528122	1.00000000000000000	93.16733769843793311
B3GNT7	1.00000000000000000	1.00000000000000000	1.00000000000000000	1.00000000000000000	1.00000000000000000	1.00000000000000000	19.63430914620041179
B4GALT1	143.35621797655278442	124.64410291389040708	1.00000000000000000	1.00000000000000000	1.00000000000000000	180.45515643122877236	1.00000000000000000
B4GALT5	1.00000000000000000	1.00000000000000000	1.00000000000000000	1.00000000000000000	1.00000000000000000	1.00000000000000000	62.22083218162599394
B4GALT7	1.00000000000000000	38.49906153830526279	1.00000000000000000	1.00000000000000000	1.00000000000000000	1.00000000000000000	1.00000000000000000
BABAM2	1.00000000000000000	48.23674162732940118	1.00000000000000000	1.00000000000000000	1.00000000000000000	33.61657120798928133	1.00000000000000000
BACH1	1.00000000000000000	1.00000000000000000	1.00000000000000000	1.00000000000000000	1.00000000000000000	56.03968365011910180	1.00000000000000000
BAG2	78.04545018518741983	57.67270928115593165	1.00000000000000000	71.84351579729748494	1.00000000000000000	1.00000000000000000	1.00000000000000000
BAG3	1.00000000000000000	1.00000000000000000	1.00000000000000000	69.32853240211092327	1.00000000000000000	1.00000000000000000	1.00000000000000000
BAG5	1.00000000000000000	1.00000000000000000	1.00000000000000000	1.00000000000000000	1.00000000000000000	37.90833156143517613	1.00000000000000000
BAG6	1.00000000000000000	41.98538625835606553	1.00000000000000000	1.00000000000000000	1.00000000000000000	1.00000000000000000	19.63430914620035139
BASP1	82.02224644098679107	61.05318927446531774	1.00000000000000000	1.00000000000000000	1.00000000000000000	59.21338157315307171	1.00000000000000000
BATF	1.00000000000000000	1.00000000000000000	1.00000000000000000	1.00000000000000000	1.00000000000000000	1.00000000000000000	162.04510539264470026
BAZ2A	1.00000000000000000	1.00000000000000000	1.00000000000000000	1.00000000000000000	70.21922257759459285	1.00000000000000000	1.00000000000000000
BBX	71.81700787982559575	77.28241634256714576	1.00000000000000000	107.30017990374454939	139.65291719587403918	33.07060062444627846	1.00000000000000000
BCAM	1.00000000000000000	1.00000000000000000	1.00000000000000000	306.95116621120087075	95.93101309804472976	1.00000000000000000	93.16733769843793311
BCAR1	1.00000000000000000	51.68937346570747593	1.00000000000000000	1.00000000000000000	80.88655202313259451	1.00000000000000000	38.26861829240073121
BCAS2	49.66757220640346304	55.59124336709402314	1.00000000000000000	107.21438825384819893	1.00000000000000000	77.75508165902675728	1.00000000000000000
BCAS3	1.00000000000000000	1.00000000000000000	1.00000000000000000	1.00000000000000000	76.40410303785671431	1.00000000000000000	1.00000000000000000
BCKDHA	1.00000000000000000	43.02205945291200351	1.00000000000000000	1.00000000000000000	1.00000000000000000	1.00000000000000000	22.10945885315748427
BCL2A1	1.00000000000000000	1.00000000000000000	1.00000000000000000	1.00000000000000000	1.00000000000000000	149.04446118020555900	1.00000000000000000
BCL2L1	1.00000000000000000	1.00000000000000000	1.00000000000000000	1.00000000000000000	65.09188771902623216	1.00000000000000000	1.00000000000000000
BCL7B	1.00000000000000000	53.92523785238724088	1.00000000000000000	132.50586039399564697	1.00000000000000000	1.00000000000000000	1.00000000000000000
BCL7C	1.00000000000000000	50.01566647039564373	1.00000000000000000	60.20200765060994996	1.00000000000000000	1.00000000000000000	163.04863747130215756
BDH2	81.70646130414829145	66.00602657473720569	1.00000000000000000	57.23420905393501812	1.00000000000000000	17.54622569715879976	1.00000000000000000
BDP1	1.00000000000000000	1.00000000000000000	1.00000000000000000	1.00000000000000000	1.00000000000000000	1.00000000000000000	19.63430914620041179
BET1	55.29955929476292908	46.35619851978367478	1.00000000000000000	1.00000000000000000	1.00000000000000000	68.59648722336757487	1.00000000000000000
BEX4	74.40269775714877198	60.95656818986653036	1.00000000000000000	1.00000000000000000	1.00000000000000000	43.79587331877941381	1.00000000000000000
BFAR	1.00000000000000000	58.90423714674290778	1.00000000000000000	1.00000000000000000	1.00000000000000000	1.00000000000000000	120.78694915300694390
BICC1	62.76422058501735535	76.72204113607686793	1.00000000000000000	1.00000000000000000	1.00000000000000000	1.00000000000000000	1.00000000000000000
BID	1.00000000000000000	1.00000000000000000	1.00000000000000000	1.00000000000000000	1.00000000000000000	27.31755724653584139	59.52848808923673829
BIRC6	1.00000000000000000	1.00000000000000000	1.00000000000000000	1.00000000000000000	1.00000000000000000	72.76789281948475718	1.00000000000000000
BLCAP	1.00000000000000000	45.31952481834370872	1.00000000000000000	1.00000000000000000	1.00000000000000000	1.00000000000000000	19.63430914620041179
BLOC1S6	43.17440112438108457	1.00000000000000000	1.00000000000000000	1.00000000000000000	1.00000000000000000	1.00000000000000000	1.00000000000000000
BMP1	59.39428340022183761	128.19805908777294690	1.00000000000000000	1.00000000000000000	141.77992162239883100	1.00000000000000000	1.00000000000000000
BMP2K	1.00000000000000000	1.00000000000000000	1.00000000000000000	1.00000000000000000	1.00000000000000000	1.00000000000000000	162.04510539264470026
BMP5	66.44404780625666262	1.00000000000000000	1.00000000000000000	1.00000000000000000	1.00000000000000000	1.00000000000000000	1.00000000000000000
BNC2	60.03382335567303585	69.11765379489538930	1.00000000000000000	1.00000000000000000	1.00000000000000000	1.00000000000000000	1.00000000000000000
BNIP2	63.50363142544427575	1.00000000000000000	1.00000000000000000	145.82427101210632259	60.53705809583512831	1.00000000000000000	22.30439209133841061
BNIP3	78.58283163363725521	94.91080557664635364	220.41901547916501158	1.00000000000000000	1.00000000000000000	112.43738947916240534	38.26861829240073121
BOLA3	1.00000000000000000	1.00000000000000000	1.00000000000000000	1.00000000000000000	65.41316008542038674	24.94581034144575327	19.63430914620041179
BPGM	1.00000000000000000	82.86306511388987417	1.00000000000000000	1.00000000000000000	1.00000000000000000	1.00000000000000000	1.00000000000000000
BRD3	1.00000000000000000	1.00000000000000000	1.00000000000000000	1.00000000000000000	1.00000000000000000	76.08748128244883446	81.29189148624158179
BRIX1	75.37080715695898903	1.00000000000000000	1.00000000000000000	1.00000000000000000	1.00000000000000000	1.00000000000000000	40.91644009028756557
BROX	1.00000000000000000	1.00000000000000000	1.00000000000000000	1.00000000000000000	1.00000000000000000	67.68057830075407821	134.64788201912475074
BRWD1	54.74797898100958093	1.00000000000000000	1.00000000000000000	1.00000000000000000	67.04686864170035676	1.00000000000000000	90.97032769216299641
BSCL2	90.92372791426862477	86.45252265944694159	1.00000000000000000	1.00000000000000000	88.94140942812839512	1.00000000000000000	1.00000000000000000
BSDC1	61.00283220609357215	1.00000000000000000	1.00000000000000000	1.00000000000000000	51.56719332602840922	31.52233876459857598	1.00000000000000000
BTBD7	1.00000000000000000	1.00000000000000000	1.00000000000000000	1.00000000000000000	1.00000000000000000	1.00000000000000000	62.22083218162599394
BTG2	141.62529007894320898	75.19671548203561429	1.00000000000000000	173.50722372681707384	41.51312755285589162	93.55587308580155081	85.43783541262989445
BTN3A2	1.00000000000000000	45.82684244110339478	1.00000000000000000	1.00000000000000000	53.97598001837397419	46.55903365038373209	1.00000000000000000
BUB3	67.06866632037080933	71.61545032565186375	1.00000000000000000	104.56468809617628324	112.89377408868445229	75.94414003382719613	19.61204799894915496
BX284668.5	1.00000000000000000	1.00000000000000000	1.00000000000000000	1.00000000000000000	1.00000000000000000	1.00000000000000000	56.90292743860110392
BZW2	1.00000000000000000	1.00000000000000000	1.00000000000000000	1.00000000000000000	1.00000000000000000	1.00000000000000000	64.32837655947244571
C11orf24	45.82188642246438093	1.00000000000000000	1.00000000000000000	1.00000000000000000	1.00000000000000000	1.00000000000000000	1.00000000000000000
C11orf96	77.58863706503088054	54.39199474149538105	1.00000000000000000	82.23561188414322487	1.00000000000000000	70.86982168209681276	1.00000000000000000
C12orf75	1.00000000000000000	53.49860389620167211	123.17990796015308774	207.38539082073432951	1.00000000000000000	59.48299924934243421	1.00000000000000000
C12orf76	1.00000000000000000	1.00000000000000000	1.00000000000000000	1.00000000000000000	1.00000000000000000	70.86982168209681276	1.00000000000000000
C14orf132	1.00000000000000000	1.00000000000000000	1.00000000000000000	1.00000000000000000	1.00000000000000000	1.00000000000000000	90.97032769216282588
C15orf48	1.00000000000000000	51.13376133536745272	1.00000000000000000	1.00000000000000000	1.00000000000000000	658.02573153774301318	1.00000000000000000
C16orf72	1.00000000000000000	1.00000000000000000	1.00000000000000000	1.00000000000000000	1.00000000000000000	1.00000000000000000	43.21891770631494722
C16orf89	59.80130082295544014	1.00000000000000000	1.00000000000000000	1.00000000000000000	1.00000000000000000	1.00000000000000000	1.00000000000000000
C19orf48	43.60324818901113986	1.00000000000000000	1.00000000000000000	1.00000000000000000	1.00000000000000000	1.00000000000000000	1.00000000000000000
C1D	54.32190256994192623	69.49520697827713889	1.00000000000000000	77.83088412656356070	74.74487355522228427	1.00000000000000000	44.70146690485036345
C1orf162	1.00000000000000000	1.00000000000000000	1.00000000000000000	1.00000000000000000	1.00000000000000000	357.48783985511380479	1.00000000000000000
C1orf198	1.00000000000000000	55.04353049465219527	1.00000000000000000	86.40936958318164329	1.00000000000000000	1.00000000000000000	1.00000000000000000
C1orf21	72.19797102645257780	45.08922781953302206	1.00000000000000000	1.00000000000000000	98.30542170875915531	1.00000000000000000	1.00000000000000000
C1orf35	1.00000000000000000	1.00000000000000000	1.00000000000000000	1.00000000000000000	1.00000000000000000	62.87891427455640070	43.60878418267682122
C1orf54	61.66507155455841627	57.42555040553506984	1.00000000000000000	106.93912378935603158	138.91060649346115952	249.05373627466383368	1.00000000000000000
C1orf56	1.00000000000000000	1.00000000000000000	1.00000000000000000	1.00000000000000000	1.00000000000000000	46.67663104332279289	1.00000000000000000
C1QA	1.00000000000000000	1.00000000000000000	1.00000000000000000	1.00000000000000000	1.00000000000000000	1204.66014368479432051	1.00000000000000000
C1QB	1.00000000000000000	1.00000000000000000	1.00000000000000000	1.00000000000000000	1.00000000000000000	2109.55281364812344691	1.00000000000000000
C1QC	1.00000000000000000	1.00000000000000000	1.00000000000000000	1.00000000000000000	1.00000000000000000	2045.17767574663662344	1.00000000000000000
C1QTNF1	66.73538554279342350	55.32881674026521068	1.00000000000000000	132.47034298659366414	192.66019082569013676	1.00000000000000000	1.00000000000000000
C1QTNF6	1.00000000000000000	74.27302954253609357	1.00000000000000000	1.00000000000000000	1.00000000000000000	69.47809801357769288	1.00000000000000000
C2	118.57848264473723532	97.58506696926897916	1.00000000000000000	1.00000000000000000	100.41215418849954233	10.21905858810128187	1.00000000000000000
C20orf27	1.00000000000000000	1.00000000000000000	1.00000000000000000	91.16909601214790371	179.54157204047419327	177.49276155600136917	109.60463683836324833
C22orf34	1.00000000000000000	1.00000000000000000	1.00000000000000000	1.00000000000000000	1.00000000000000000	1.00000000000000000	90.97032769216282588
C22orf39	1.00000000000000000	1.00000000000000000	1.00000000000000000	1.00000000000000000	1.00000000000000000	42.65119383720933399	1.00000000000000000
C2orf27A	1.00000000000000000	53.54281843715263278	1.00000000000000000	1.00000000000000000	1.00000000000000000	1.00000000000000000	1.00000000000000000
C3	1465.18557945705583734	182.65530831780233711	431.09469765300042354	1.00000000000000000	1.00000000000000000	1.00000000000000000	900.70327692162777566
C5AR1	1.00000000000000000	1.00000000000000000	1.00000000000000000	1.00000000000000000	1.00000000000000000	40.01538118053876047	1.00000000000000000
C5orf24	59.95088748356712927	42.29324142587190494	1.00000000000000000	149.87992712677495888	127.42279821764714143	1.00000000000000000	1.00000000000000000
C6orf62	1.00000000000000000	1.00000000000000000	1.00000000000000000	1.00000000000000000	80.36606444114623571	71.22591789106186866	90.97032769216282588
C7	971.29593902792396420	116.41728762265823605	402.17300404073318987	1.00000000000000000	1.00000000000000000	1.00000000000000000	270.91098307648837817
C8orf33	43.44764410636065577	1.00000000000000000	1.00000000000000000	1.00000000000000000	1.00000000000000000	14.77917395483460439	1.00000000000000000
C9orf72	1.00000000000000000	1.00000000000000000	1.00000000000000000	1.00000000000000000	1.00000000000000000	42.06319319107784338	1.00000000000000000
CA11	1.00000000000000000	1.00000000000000000	1.00000000000000000	1.00000000000000000	1.00000000000000000	1.00000000000000000	109.60463683836324833
CA9	1.00000000000000000	1.00000000000000000	139.34566149687273651	1.00000000000000000	1.00000000000000000	1.00000000000000000	1.00000000000000000
CADM1	1.00000000000000000	1.00000000000000000	1.00000000000000000	1.00000000000000000	1.00000000000000000	53.26924204398144980	1.00000000000000000
CALCOCO1	1.00000000000000000	49.67407825284931278	1.00000000000000000	1.00000000000000000	1.00000000000000000	1.00000000000000000	1.00000000000000000
CALCRL	1.00000000000000000	1.00000000000000000	1.00000000000000000	1.00000000000000000	1.00000000000000000	1.00000000000000000	804.91001219550503265
CALHM2	53.81189394342782606	1.00000000000000000	1.00000000000000000	1.00000000000000000	1.00000000000000000	1.00000000000000000	1.00000000000000000
CAMK1	1.00000000000000000	1.00000000000000000	1.00000000000000000	1.00000000000000000	76.99707682667441588	1.00000000000000000	1.00000000000000000
CAMK2D	52.67830550876242768	1.00000000000000000	1.00000000000000000	1.00000000000000000	1.00000000000000000	1.00000000000000000	1.00000000000000000
CAMK2N1	71.84531380504071763	1.00000000000000000	1.00000000000000000	1.00000000000000000	116.96518002374396872	1.00000000000000000	1.00000000000000000
CAPG	1.00000000000000000	46.07015156961601576	1.00000000000000000	1.00000000000000000	1.00000000000000000	759.69464840709144937	141.93917861814463777
CAPN1	71.72288709038993204	69.94185395075476208	1.00000000000000000	99.90986061555514652	69.95783073245884509	1.00000000000000000	38.26861829240073121
CARD16	1.00000000000000000	1.00000000000000000	1.00000000000000000	1.00000000000000000	68.23409142127071902	101.77526255110488762	217.94803283124579707
CARD8	1.00000000000000000	1.00000000000000000	1.00000000000000000	1.00000000000000000	1.00000000000000000	1.00000000000000000	109.60463683836324833
CARMN	1.00000000000000000	79.62425167966999595	1.00000000000000000	464.51312523741904670	383.28733802341400860	37.82079965314883907	1.00000000000000000
CASC4	61.24458236162623592	90.97787014635026992	1.00000000000000000	1.00000000000000000	68.56251868461211529	1.00000000000000000	1.00000000000000000
CASP3	1.00000000000000000	1.00000000000000000	1.00000000000000000	1.00000000000000000	1.00000000000000000	182.61242186229438289	1.00000000000000000
CASTOR1	1.00000000000000000	1.00000000000000000	1.00000000000000000	1.00000000000000000	1.00000000000000000	1.00000000000000000	90.97032769216282588
CAT	1.00000000000000000	50.57734375228567814	1.00000000000000000	80.31996816551030349	78.96296082241464376	228.10146640258983552	1.00000000000000000
CAV1	334.71710176247898971	175.02501583212131209	267.26638178305512383	1542.18808294493464928	675.41843955323020054	296.87654478065792318	401.49537148640581563
CAVIN2	1.00000000000000000	1.00000000000000000	1.00000000000000000	70.23324685443138549	1.00000000000000000	1.00000000000000000	603.71982862673951331
CBLB	54.09358866245160158	82.71178934224347756	1.00000000000000000	1.00000000000000000	1.00000000000000000	48.89538595538940058	1.00000000000000000
CBX1	70.77959282206796843	42.28634048920122979	1.00000000000000000	1.00000000000000000	53.20894042557693382	1.00000000000000000	1.00000000000000000
CBX6	67.03634896695501766	1.00000000000000000	1.00000000000000000	96.45178324730291308	1.00000000000000000	31.34522695324159614	1.00000000000000000
CCDC102B	94.06174712736407173	1.00000000000000000	1.00000000000000000	174.51534579701382199	429.92339808285242952	32.11420260158040207	1.00000000000000000
CCDC107	63.91550826431920740	101.23396964009486965	87.60204551469901446	269.69188494886310536	99.50883161108173169	63.29296895824656133	86.21756836535365665
CCDC25	40.42057740371645025	44.46986455105493974	1.00000000000000000	1.00000000000000000	1.00000000000000000	1.00000000000000000	141.89640800616447791
CCDC71L	80.46921128294428627	1.00000000000000000	1.00000000000000000	1.00000000000000000	1.00000000000000000	1.00000000000000000	19.63430914620035139
CCDC8	1.00000000000000000	47.08426363162443096	1.00000000000000000	1.00000000000000000	1.00000000000000000	1.00000000000000000	1.00000000000000000
CCDC82	1.00000000000000000	1.00000000000000000	1.00000000000000000	1.00000000000000000	73.81704637052789053	185.39457282752360356	1.00000000000000000
CCDC88A	1.00000000000000000	1.00000000000000000	1.00000000000000000	1.00000000000000000	1.00000000000000000	76.63384602800938694	90.97032769216299641
CCL14	1.00000000000000000	1.00000000000000000	1.00000000000000000	1.00000000000000000	1.00000000000000000	1.00000000000000000	2135.88645472751932175
CCL18	1.00000000000000000	1.00000000000000000	1.00000000000000000	1.00000000000000000	1.00000000000000000	265.85974398226943549	43.21891770631494722
CCL19	1.00000000000000000	1.00000000000000000	1169.09252252142960060	1131.76304053874059719	1.00000000000000000	1.00000000000000000	1.00000000000000000
CCL2	1874.60897786440591517	112.53056657656829032	288.48218807984108025	448.40419505803555467	1.00000000000000000	117.66876846766487574	268.29576403824950148
CCL21	1.00000000000000000	1.00000000000000000	1.00000000000000000	3285.51005082841902549	1.00000000000000000	1.00000000000000000	45090.49882939572853502
CCL3	1.00000000000000000	1.00000000000000000	1.00000000000000000	1.00000000000000000	1.00000000000000000	102.28803768700682042	1.00000000000000000
CCM2	1.00000000000000000	1.00000000000000000	1.00000000000000000	1.00000000000000000	1.00000000000000000	1.00000000000000000	19.63430914620041179
CCN4	90.86660511259282202	134.05607846890490009	1.00000000000000000	1.00000000000000000	1.00000000000000000	1.00000000000000000	1.00000000000000000
CCN5	173.69163971357824039	100.49046165829660993	1.00000000000000000	1.00000000000000000	1.00000000000000000	1.00000000000000000	1.00000000000000000
CCNC	1.00000000000000000	45.62604930838622863	1.00000000000000000	1.00000000000000000	1.00000000000000000	1.00000000000000000	1.00000000000000000
CCND2	1.00000000000000000	1.00000000000000000	1.00000000000000000	1.00000000000000000	115.32257179471602626	19.85276968421792176	1.00000000000000000
CCNH	1.00000000000000000	1.00000000000000000	1.00000000000000000	1.00000000000000000	1.00000000000000000	1.00000000000000000	56.90292743860110392
CCNL2	66.57772139153344426	78.02384676591138657	1.00000000000000000	76.41788157714019292	1.00000000000000000	46.43462572196409610	1.00000000000000000
CCNQ	1.00000000000000000	1.00000000000000000	1.00000000000000000	1.00000000000000000	1.00000000000000000	1.00000000000000000	19.63430914620041179
CCNT1	1.00000000000000000	1.00000000000000000	1.00000000000000000	1.00000000000000000	1.00000000000000000	1.00000000000000000	90.97032769216282588
CCR10	1.00000000000000000	1.00000000000000000	1.00000000000000000	1.00000000000000000	90.76689704699906258	1.00000000000000000	1.00000000000000000
CCSER2	76.41609527658233958	62.19216866279383282	1.00000000000000000	104.37429901586931180	63.86254884153422751	31.35614969259102125	1.00000000000000000
CD14	1.00000000000000000	1.00000000000000000	1.00000000000000000	1.00000000000000000	1.00000000000000000	438.82334074793328682	1.00000000000000000
CD163	1.00000000000000000	1.00000000000000000	1.00000000000000000	1.00000000000000000	1.00000000000000000	107.90156938745626292	1.00000000000000000
CD27.AS1	1.00000000000000000	1.00000000000000000	1.00000000000000000	1.00000000000000000	1.00000000000000000	1.00000000000000000	43.21891770631494722
CD276	44.79774859074431248	79.68508371805958745	1.00000000000000000	1.00000000000000000	1.00000000000000000	57.02013077432019372	1.00000000000000000
CD2BP2	65.23139495879652827	62.37163751366072972	1.00000000000000000	80.75063450262243236	69.11715034976998595	1.00000000000000000	1.00000000000000000
CD300A	1.00000000000000000	1.00000000000000000	1.00000000000000000	1.00000000000000000	1.00000000000000000	189.40064217836635407	1.00000000000000000
CD302	139.00199254924146430	58.46876383260413945	1.00000000000000000	1.00000000000000000	107.77197857399943359	56.55253641445945334	1.00000000000000000
CD320	67.88940516519458868	1.00000000000000000	1.00000000000000000	1.00000000000000000	1.00000000000000000	46.01570417753850251	1.00000000000000000
CD34	1.00000000000000000	1.00000000000000000	1.00000000000000000	1.00000000000000000	1.00000000000000000	1.00000000000000000	81.29189148624158179
CD36	1.00000000000000000	1.00000000000000000	1.00000000000000000	1.00000000000000000	146.47924114906126647	46.43462572196409610	205.26755517761722558
CD37	1.00000000000000000	1.00000000000000000	1.00000000000000000	1.00000000000000000	1.00000000000000000	103.12005343925775946	1.00000000000000000
CD4	40.90127420554128435	45.19910436613975691	1.00000000000000000	1.00000000000000000	112.54582962400442625	328.41617879043928951	1.00000000000000000
CD46	95.28661774760030312	79.08972009662014102	1.00000000000000000	1.00000000000000000	106.57466411374151960	1.00000000000000000	43.21891770631494722
CD48	1.00000000000000000	1.00000000000000000	1.00000000000000000	1.00000000000000000	1.00000000000000000	39.24921789669434702	1.00000000000000000
CD52	1.00000000000000000	1.00000000000000000	1.00000000000000000	1.00000000000000000	1.00000000000000000	509.18888529381996477	1.00000000000000000
CD53	1.00000000000000000	1.00000000000000000	1.00000000000000000	1.00000000000000000	1.00000000000000000	164.31941870010990669	1.00000000000000000
CD55	66.09039035926002725	186.76461030494880333	1.00000000000000000	1.00000000000000000	1.00000000000000000	27.31755724653584139	143.41079624644436308
CD58	1.00000000000000000	1.00000000000000000	1.00000000000000000	1.00000000000000000	1.00000000000000000	73.69685018616128502	1.00000000000000000
CD68	1.00000000000000000	69.99319706208285652	130.39538287691934215	1.00000000000000000	1.00000000000000000	651.83519688888804922	1.00000000000000000
CD82	96.42083646035929689	81.42650649983413302	1.00000000000000000	1.00000000000000000	1.00000000000000000	1.00000000000000000	109.60463683836324833
CD83	1.00000000000000000	1.00000000000000000	1.00000000000000000	1.00000000000000000	1.00000000000000000	108.10496402354151257	1.00000000000000000
CD86	1.00000000000000000	1.00000000000000000	1.00000000000000000	1.00000000000000000	1.00000000000000000	84.42136597735073167	1.00000000000000000
CD93	1.00000000000000000	1.00000000000000000	1.00000000000000000	1.00000000000000000	1.00000000000000000	1.00000000000000000	308.17960136888910938
CDC123	56.89200391105466537	61.73818927580347804	1.00000000000000000	94.94014687094421845	71.64727208770840150	57.92459086801939350	1.00000000000000000
CDC40	1.00000000000000000	1.00000000000000000	1.00000000000000000	1.00000000000000000	56.11156402843297286	61.94677201396527266	1.00000000000000000
CDC42BPA	1.00000000000000000	60.29228149818520421	1.00000000000000000	1.00000000000000000	92.42587938952328841	31.52233876459857598	1.00000000000000000
CDC42EP1	54.42597856386737476	83.63751198883801408	1.00000000000000000	76.22019165075518288	86.14276360017603906	1.00000000000000000	19.63430914620041179
CDC42EP2	1.00000000000000000	1.00000000000000000	1.00000000000000000	1.00000000000000000	89.22112138801867331	1.00000000000000000	109.60463683836324833
CDC42EP3	1.00000000000000000	46.24659291258053884	1.00000000000000000	1.00000000000000000	1.00000000000000000	1.00000000000000000	1.00000000000000000
CDC42SE1	1.00000000000000000	1.00000000000000000	1.00000000000000000	1.00000000000000000	1.00000000000000000	101.93432608679074747	1.00000000000000000
CDC5L	1.00000000000000000	1.00000000000000000	1.00000000000000000	1.00000000000000000	55.42420055171216831	49.48006809412049734	1.00000000000000000
CDC73	1.00000000000000000	1.00000000000000000	1.00000000000000000	1.00000000000000000	67.81349006189589090	1.00000000000000000	1.00000000000000000
CDH11	309.87712026467903570	359.29655571132741443	1.00000000000000000	1.00000000000000000	1.00000000000000000	111.89231711554403148	270.91098307648837817
CDH13	1.00000000000000000	1.00000000000000000	1.00000000000000000	80.43563139822809660	1.00000000000000000	1.00000000000000000	1.00000000000000000
CDH5	1.00000000000000000	1.00000000000000000	1.00000000000000000	1.00000000000000000	1.00000000000000000	1.00000000000000000	454.05285649965384209
CDH6	1.00000000000000000	1.00000000000000000	1.00000000000000000	76.16291226079133025	127.56473367915127426	1.00000000000000000	1.00000000000000000
CDK13	1.00000000000000000	1.00000000000000000	1.00000000000000000	1.00000000000000000	1.00000000000000000	39.55531668615346064	1.00000000000000000
CDK2AP2	1.00000000000000000	50.96264654087997314	1.00000000000000000	1.00000000000000000	82.64863388111018594	56.11318462518932648	1.00000000000000000
CDK5RAP3	61.19766912866591468	62.05109876355631116	1.00000000000000000	121.75197061940606602	1.00000000000000000	42.59285083670413030	90.97032769216282588
CDK6	1.00000000000000000	1.00000000000000000	1.00000000000000000	1.00000000000000000	1.00000000000000000	1.00000000000000000	199.57496453052610264
CDKN1A	140.21396773427960625	65.09900660633908842	190.78719196752192033	199.37734060572319095	1.00000000000000000	104.87104297389255692	56.90292743860110392
CDKN1B	1.00000000000000000	1.00000000000000000	1.00000000000000000	47.76292449702831533	88.62911500521018127	110.91371967192795012	1.00000000000000000
CDKN1C	64.59852314779381288	45.57553535805612910	1.00000000000000000	1.00000000000000000	1.00000000000000000	1.00000000000000000	1.00000000000000000
CDKN2AIP	1.00000000000000000	1.00000000000000000	1.00000000000000000	1.00000000000000000	1.00000000000000000	56.08175011784514652	1.00000000000000000
CDKN2C	1.00000000000000000	1.00000000000000000	1.00000000000000000	1.00000000000000000	1.00000000000000000	1.00000000000000000	180.67941453884509428
CEBPB	163.94668471471024418	114.24476321099227505	146.44796559178092821	1.00000000000000000	1.00000000000000000	166.85440788613337304	146.87325513076399375
CEBPZ	49.86726416378632365	1.00000000000000000	1.00000000000000000	1.00000000000000000	1.00000000000000000	1.00000000000000000	1.00000000000000000
CELF2	119.22361806262883022	1.00000000000000000	1.00000000000000000	1.00000000000000000	1.00000000000000000	72.30825934834469138	1.00000000000000000
CEMIP2	1.00000000000000000	1.00000000000000000	1.00000000000000000	1.00000000000000000	1.00000000000000000	1.00000000000000000	109.60463683836324833
CENPT	1.00000000000000000	1.00000000000000000	1.00000000000000000	1.00000000000000000	1.00000000000000000	49.41390630813459950	1.00000000000000000
CEP170	1.00000000000000000	1.00000000000000000	1.00000000000000000	1.00000000000000000	1.00000000000000000	60.84732031294637977	1.00000000000000000
CEP350	1.00000000000000000	1.00000000000000000	1.00000000000000000	1.00000000000000000	60.51523811349707671	1.00000000000000000	90.97032769216282588
CEPT1	1.00000000000000000	1.00000000000000000	1.00000000000000000	1.00000000000000000	1.00000000000000000	34.64792523568461036	1.00000000000000000
CERS2	83.41335048282884657	75.22301455942074710	1.00000000000000000	1.00000000000000000	1.00000000000000000	38.52484554709909759	1.00000000000000000
CES1	425.10314599830331872	140.97996995235274653	1.00000000000000000	1.00000000000000000	1.00000000000000000	93.69869125726694392	360.88131076865101932
CES4A	1.00000000000000000	1.00000000000000000	1.00000000000000000	1.00000000000000000	1.00000000000000000	1.00000000000000000	90.97032769216282588
CETN2	74.56376179578828101	77.17945798293733617	106.51778039375162166	213.38015274658403087	72.05642119890154618	43.55581118499050319	1.00000000000000000
CETP	1.00000000000000000	1.00000000000000000	1.00000000000000000	1.00000000000000000	1.00000000000000000	1.00000000000000000	112.80585487720216520
CFAP20	1.00000000000000000	45.55302279370441454	1.00000000000000000	1.00000000000000000	74.48475440451089469	1.00000000000000000	1.00000000000000000
CFAP36	68.90330228055906048	79.49704331357868625	1.00000000000000000	172.52517300025297686	75.18266496579377645	1.00000000000000000	1.00000000000000000
CFAP97	1.00000000000000000	69.70352147964777600	1.00000000000000000	99.38942154767586601	82.00005067396118363	1.00000000000000000	146.87325513076399375
CFB	240.21772606537174966	65.12679466883015778	102.57772192110566323	1.00000000000000000	1.00000000000000000	1.00000000000000000	180.94065538432568019
CFD	1990.07743289820041355	1.00000000000000000	176.31340036828717643	1.00000000000000000	1.00000000000000000	301.01961524162970818	2880.05048614921088301
CFL2	1.00000000000000000	1.00000000000000000	1.00000000000000000	148.75022306783526460	101.15903629770819805	1.00000000000000000	1.00000000000000000
CGGBP1	1.00000000000000000	48.51575110962997428	1.00000000000000000	1.00000000000000000	47.45308787017833652	40.47104034881488133	1.00000000000000000
CHAMP1	1.00000000000000000	1.00000000000000000	1.00000000000000000	1.00000000000000000	1.00000000000000000	47.16147094476968959	1.00000000000000000
CHCHD10	1.00000000000000000	85.25408007006949163	1.00000000000000000	195.04769788307453382	173.16033990976430346	81.94558174565079867	141.89640800616447791
CHCHD3	1.00000000000000000	49.13131652418944384	1.00000000000000000	70.02422384136450262	64.17674630174168726	67.17730431498073074	22.30439209133841061
CHCHD5	61.18812256757895796	52.26605080043823648	1.00000000000000000	108.36549948111671426	83.34201286288455890	1.00000000000000000	93.16733769843793311
CHD1	1.00000000000000000	1.00000000000000000	1.00000000000000000	1.00000000000000000	1.00000000000000000	97.92346744873219677	1.00000000000000000
CHI3L1	140.81114686059365226	262.66067755909540438	1.00000000000000000	1.00000000000000000	1.00000000000000000	65.57943613518287407	1.00000000000000000
CHMP2B	60.91393762151707847	74.86933783841413970	1.00000000000000000	85.91434488550559934	1.00000000000000000	58.32371193104061291	59.52848808923673829
CHN1	1.00000000000000000	145.83879481182083282	151.98201330040643597	201.56902745933658139	593.27199925736294972	126.41320842918749179	1.00000000000000000
CHPF	96.70228642024534338	248.68025008366493012	1.00000000000000000	1.00000000000000000	1.00000000000000000	54.56467643493505904	1.00000000000000000
CHRDL1	81.96133783289043606	1.00000000000000000	1.00000000000000000	1.00000000000000000	1.00000000000000000	1.00000000000000000	180.94065538432568019
CHST11	1.00000000000000000	44.26143590167203001	1.00000000000000000	1.00000000000000000	1.00000000000000000	37.59030356409804341	1.00000000000000000
CHST12	57.77300649410906175	64.57919179946254928	1.00000000000000000	1.00000000000000000	1.00000000000000000	46.63820362396715780	1.00000000000000000
CHST15	1.00000000000000000	1.00000000000000000	1.00000000000000000	1.00000000000000000	1.00000000000000000	31.52233876459857598	156.13606289338403599
CIAO2A	1.00000000000000000	42.07125145330041249	1.00000000000000000	1.00000000000000000	1.00000000000000000	76.75665868756287580	1.00000000000000000
CITED2	177.08512157325350245	1.00000000000000000	1.00000000000000000	1.00000000000000000	1.00000000000000000	52.02630849864180362	180.94065538432568019
CKAP4	98.47490466805815856	106.77268795682617508	1.00000000000000000	1.00000000000000000	1.00000000000000000	24.94581034144575327	93.16733769843793311
CKB	1.00000000000000000	1.00000000000000000	1.00000000000000000	1.00000000000000000	96.36282702595890726	1.00000000000000000	1.00000000000000000
CKS1B	53.26469443800934300	1.00000000000000000	1.00000000000000000	103.37404428165135073	1.00000000000000000	1.00000000000000000	1.00000000000000000
CKS2	1.00000000000000000	1.00000000000000000	1.00000000000000000	1.00000000000000000	1.00000000000000000	125.53116838568433877	1.00000000000000000
CLDN5	1.00000000000000000	1.00000000000000000	1.00000000000000000	1.00000000000000000	1.00000000000000000	1.00000000000000000	2471.24168310646882674
CLDND1	62.52852933790478573	44.56103295102945339	1.00000000000000000	105.97927822407739029	116.19358671363872304	1.00000000000000000	1.00000000000000000
CLEC14A	1.00000000000000000	1.00000000000000000	1.00000000000000000	1.00000000000000000	1.00000000000000000	1.00000000000000000	398.14992906105197790
CLEC2B	86.17621228006952094	144.91544874651486907	1.00000000000000000	1.00000000000000000	1.00000000000000000	135.00480593172480326	600.50561067413445926
CLEC4E	1.00000000000000000	1.00000000000000000	1.00000000000000000	1.00000000000000000	1.00000000000000000	44.30109461578759067	1.00000000000000000
CLEC5A	1.00000000000000000	1.00000000000000000	1.00000000000000000	1.00000000000000000	1.00000000000000000	124.03783121494218733	1.00000000000000000
CLEC7A	1.00000000000000000	1.00000000000000000	1.00000000000000000	1.00000000000000000	1.00000000000000000	104.83069181455194041	1.00000000000000000
CLIC4	117.70987798387913870	144.16566499085021746	1.00000000000000000	215.68679675402930229	150.13549298221857953	224.35005262329650577	1.00000000000000000
CLINT1	1.00000000000000000	1.00000000000000000	1.00000000000000000	1.00000000000000000	1.00000000000000000	1.00000000000000000	85.43783541262989445
CLIP1	56.72284760421352701	38.07215644934311172	1.00000000000000000	1.00000000000000000	1.00000000000000000	1.00000000000000000	1.00000000000000000
CLMN	1.00000000000000000	1.00000000000000000	1.00000000000000000	1.00000000000000000	102.11041823155692043	1.00000000000000000	1.00000000000000000
CLMP	99.17867887922085401	106.96584353757071995	1.00000000000000000	1.00000000000000000	1.00000000000000000	177.49276155600136917	1.00000000000000000
CLN3	1.00000000000000000	1.00000000000000000	1.00000000000000000	1.00000000000000000	1.00000000000000000	1.00000000000000000	109.60463683836324833
CLN5	53.35868128701019941	44.02390203140280533	1.00000000000000000	1.00000000000000000	1.00000000000000000	1.00000000000000000	1.00000000000000000
CLN8	1.00000000000000000	1.00000000000000000	1.00000000000000000	1.00000000000000000	1.00000000000000000	37.54878450206756924	1.00000000000000000
CLPP	59.36993050149315820	74.20150013150444579	86.85812663923356070	208.40063821694297985	98.86156885472721001	42.14028641660796382	1.00000000000000000
CLPTM1	72.09031946498389232	68.13651495221084531	1.00000000000000000	1.00000000000000000	1.00000000000000000	42.59285083670413030	1.00000000000000000
CLU	712.06102451953677246	1.00000000000000000	1024.81720578910403674	1.00000000000000000	1.00000000000000000	1.00000000000000000	778.45978154767124124
CMC2	1.00000000000000000	1.00000000000000000	1.00000000000000000	1.00000000000000000	1.00000000000000000	1.00000000000000000	43.21891770631494722
CMIP	1.00000000000000000	39.21442359168784719	1.00000000000000000	1.00000000000000000	1.00000000000000000	1.00000000000000000	78.14053608818586838
CMPK1	48.10969591764166609	69.55375458890914331	1.00000000000000000	144.41787640718686703	84.15797114301408044	70.76643540346358918	56.90292743860110392
CMSS1	53.78299989972121153	1.00000000000000000	1.00000000000000000	1.00000000000000000	1.00000000000000000	1.00000000000000000	1.00000000000000000
CMTM7	1.00000000000000000	1.00000000000000000	1.00000000000000000	1.00000000000000000	1.00000000000000000	61.67312270844131916	1.00000000000000000
CNDP2	1.00000000000000000	1.00000000000000000	1.00000000000000000	1.00000000000000000	1.00000000000000000	99.57115498322090730	38.26861829240073121
CNKSR3	1.00000000000000000	1.00000000000000000	1.00000000000000000	1.00000000000000000	1.00000000000000000	1.00000000000000000	270.64974223100767858
CNN1	1.00000000000000000	98.31895606239683616	1.00000000000000000	493.55420147099493988	1.00000000000000000	54.13745413261852946	1.00000000000000000
CNOT6L	1.00000000000000000	1.00000000000000000	1.00000000000000000	1.00000000000000000	1.00000000000000000	38.74115653253561931	1.00000000000000000
CNOT7	1.00000000000000000	1.00000000000000000	1.00000000000000000	1.00000000000000000	1.00000000000000000	57.67370693912684487	1.00000000000000000
CNP	1.00000000000000000	1.00000000000000000	1.00000000000000000	1.00000000000000000	1.00000000000000000	83.75285469159283025	115.01807115086310773
CNPY4	1.00000000000000000	45.49387748259757558	1.00000000000000000	1.00000000000000000	76.76469632141726152	1.00000000000000000	90.97032769216282588
CNTLN	1.00000000000000000	1.00000000000000000	1.00000000000000000	1.00000000000000000	1.00000000000000000	1.00000000000000000	90.97032769216282588
CNTN4	1.00000000000000000	1.00000000000000000	1.00000000000000000	1.00000000000000000	59.34091529916452856	1.00000000000000000	1.00000000000000000
COA5	1.00000000000000000	1.00000000000000000	1.00000000000000000	1.00000000000000000	1.00000000000000000	198.48231526759045096	22.10945885315748427
COA6	1.00000000000000000	55.31746802962867804	1.00000000000000000	1.00000000000000000	104.22830538613986562	37.89133616294481754	1.00000000000000000
COA8	42.07430471022003360	62.74223213045979719	84.50671732517456292	1.00000000000000000	1.00000000000000000	46.55903365038373209	94.17154573100179960
COASY	1.00000000000000000	1.00000000000000000	1.00000000000000000	1.00000000000000000	1.00000000000000000	32.45851265452431988	109.60463683836324833
COL10A1	1.00000000000000000	350.73047066621455770	1.00000000000000000	1.00000000000000000	1.00000000000000000	1.00000000000000000	1.00000000000000000
COL11A1	1.00000000000000000	185.22244182851304117	1.00000000000000000	1.00000000000000000	1.00000000000000000	1.00000000000000000	1.00000000000000000
COL12A1	1.00000000000000000	331.73779536598812001	1.00000000000000000	1.00000000000000000	1.00000000000000000	80.65516883867935860	1.00000000000000000
COL14A1	379.32552557106527047	107.33835442840599228	1.00000000000000000	366.02419358369320435	89.31989738187705541	88.63768840469195709	1.00000000000000000
COL15A1	1.00000000000000000	187.19035097882718333	1.00000000000000000	1.00000000000000000	1.00000000000000000	65.92287898614840458	1.00000000000000000
COL16A1	121.04926046758392033	146.48842155891307470	1.00000000000000000	1.00000000000000000	1.00000000000000000	59.02723972083357040	1.00000000000000000
COL5A3	1.00000000000000000	77.02469436076943055	1.00000000000000000	1.00000000000000000	117.14622476285215669	1.00000000000000000	1.00000000000000000
COL8A1	337.32777865685886809	565.27117361430737219	1.00000000000000000	1.00000000000000000	1.00000000000000000	365.46689362145934865	1.00000000000000000
COLEC12	112.37769438100585262	1.00000000000000000	1.00000000000000000	1.00000000000000000	1.00000000000000000	65.06787827748617303	218.20927367672629771
COLGALT1	1.00000000000000000	1.00000000000000000	1.00000000000000000	1.00000000000000000	1.00000000000000000	49.24674367304177736	1.00000000000000000
COMMD2	1.00000000000000000	38.63094801374103326	1.00000000000000000	1.00000000000000000	1.00000000000000000	52.59294744719067438	1.00000000000000000
COMMD4	80.39850231940745573	60.24030404561068508	1.00000000000000000	1.00000000000000000	83.08499631975443833	1.00000000000000000	1.00000000000000000
COMMD5	1.00000000000000000	67.97536949883426871	1.00000000000000000	1.00000000000000000	1.00000000000000000	1.00000000000000000	1.00000000000000000
COMMD7	60.79504730494782194	78.85863155561635551	1.00000000000000000	100.62098858649814304	161.70385361212518660	41.14612519918713929	1.00000000000000000
COMMD9	1.00000000000000000	38.79274730696152318	1.00000000000000000	1.00000000000000000	1.00000000000000000	36.52891601815213818	1.00000000000000000
COMP	1.00000000000000000	226.34952585976017758	1.00000000000000000	1.00000000000000000	1.00000000000000000	1.00000000000000000	1.00000000000000000
COPA	85.95536232318477232	76.85439925909867043	1.00000000000000000	99.91449807153649942	43.22467776844035825	65.57943613518287407	1.00000000000000000
COPG1	1.00000000000000000	63.78737880280871764	1.00000000000000000	1.00000000000000000	1.00000000000000000	61.07674058676617079	22.30439209133841061
COPRS	1.00000000000000000	47.71969969309805748	1.00000000000000000	1.00000000000000000	1.00000000000000000	1.00000000000000000	1.00000000000000000
COPS2	55.37792358919330837	77.56582873553075785	1.00000000000000000	97.52691573918144741	68.62274941968782116	1.00000000000000000	22.30439209133841061
COPS8	117.61068800567096559	117.93512798338628045	96.22311205564679426	146.65201759948692484	59.60642737359736287	1.00000000000000000	1.00000000000000000
COPZ2	56.82803332557114118	37.49013721117050579	1.00000000000000000	1.00000000000000000	1.00000000000000000	1.00000000000000000	1.00000000000000000
COQ10B	65.19960278329885739	53.27738257207988681	1.00000000000000000	1.00000000000000000	79.09353830253998296	1.00000000000000000	1.00000000000000000
CORO1A	1.00000000000000000	1.00000000000000000	1.00000000000000000	1.00000000000000000	1.00000000000000000	367.28324734652056804	1.00000000000000000
CORO1C	52.01124175094039970	53.01464601886076622	1.00000000000000000	97.17391773283941347	1.00000000000000000	64.37493047424422343	153.28219116532525845
COTL1	45.66184704142145279	1.00000000000000000	1.00000000000000000	1.00000000000000000	1.00000000000000000	362.18422610199434075	200.58220045143795573
COX11	47.67177881043018317	1.00000000000000000	1.00000000000000000	71.07047830747329442	55.40502045731621905	1.00000000000000000	109.60463683836324833
COX19	1.00000000000000000	1.00000000000000000	1.00000000000000000	1.00000000000000000	1.00000000000000000	44.24334667947226762	1.00000000000000000
COX4I2	1.00000000000000000	1.00000000000000000	1.00000000000000000	631.25622295511573157	1950.38531709176140794	74.63375876672242271	1.00000000000000000
CPD	102.24670595283679120	77.33085944677655732	1.00000000000000000	1.00000000000000000	1.00000000000000000	1.00000000000000000	141.93917861814463777
CPE	109.37017863556067709	191.29450362657775031	265.22068495722487569	177.17534917411083484	421.47246742425312505	1.00000000000000000	1.00000000000000000
CPEB2	1.00000000000000000	1.00000000000000000	1.00000000000000000	1.00000000000000000	1.00000000000000000	1.00000000000000000	64.32837655947244571
CPEB4	1.00000000000000000	1.00000000000000000	1.00000000000000000	1.00000000000000000	1.00000000000000000	40.59400878484722597	199.57496453052610264
CPLX1	1.00000000000000000	1.00000000000000000	1.00000000000000000	1.00000000000000000	1.00000000000000000	1.00000000000000000	109.60463683836344728
CPM	1.00000000000000000	1.00000000000000000	1.00000000000000000	54.92066406207013074	210.11303662806113834	45.43594749950921852	1.00000000000000000
CPSF6	1.00000000000000000	1.00000000000000000	1.00000000000000000	1.00000000000000000	51.18051995084737626	42.01836321149495745	19.63430914620041179
CPVL	1.00000000000000000	1.00000000000000000	1.00000000000000000	1.00000000000000000	1.00000000000000000	80.07453139882545656	1.00000000000000000
CPXM1	84.93742030459772252	92.91063589817298407	1.00000000000000000	1.00000000000000000	1.00000000000000000	1.00000000000000000	1.00000000000000000
CRABP2	65.90067417467527378	125.80072220131276595	1.00000000000000000	1.00000000000000000	1.00000000000000000	1.00000000000000000	1.00000000000000000
CRACR2B	1.00000000000000000	1.00000000000000000	1.00000000000000000	1.00000000000000000	1.00000000000000000	1.00000000000000000	85.43783541262989445
CRCP	1.00000000000000000	1.00000000000000000	1.00000000000000000	1.00000000000000000	1.00000000000000000	46.67663104332279289	1.00000000000000000
CREB1	1.00000000000000000	1.00000000000000000	1.00000000000000000	1.00000000000000000	1.00000000000000000	1.00000000000000000	90.97032769216282588
CREB3L1	1.00000000000000000	61.92849482727342547	1.00000000000000000	1.00000000000000000	1.00000000000000000	53.89544881125981846	1.00000000000000000
CREB3L2	51.20414889223204113	72.91551794113367180	1.00000000000000000	82.91308357512778571	1.00000000000000000	65.92287898614840458	1.00000000000000000
CREB5	1.00000000000000000	1.00000000000000000	1.00000000000000000	1.00000000000000000	1.00000000000000000	1.00000000000000000	44.70146690485036345
CREBBP	1.00000000000000000	1.00000000000000000	1.00000000000000000	1.00000000000000000	1.00000000000000000	62.25814562436355715	22.30439209133841061
CREBRF	1.00000000000000000	1.00000000000000000	1.00000000000000000	1.00000000000000000	60.42893601038053930	59.72374670725851331	120.78694915300694390
CREBZF	1.00000000000000000	1.00000000000000000	1.00000000000000000	1.00000000000000000	1.00000000000000000	38.62620094457367514	81.29189148624158179
CREG1	94.61117315339164691	93.83757491045149379	118.93250605908950490	1.00000000000000000	1.00000000000000000	53.46876206417501720	1.00000000000000000
CRELD1	1.00000000000000000	1.00000000000000000	1.00000000000000000	1.00000000000000000	1.00000000000000000	1.00000000000000000	90.97032769216282588
CRIM1	100.70309066718716906	1.00000000000000000	1.00000000000000000	205.16246583630123723	1.00000000000000000	62.29763810966556292	286.93007318444995235
CRIP1	193.77840587682177897	183.87696802154795250	540.47548581887997443	2671.73808716245912365	2044.81590849905842333	699.06012783032645075	1.00000000000000000
CRISPLD2	308.96970243927660249	231.75198432508597080	116.38247975072364682	444.23869996360565437	272.18183265678777616	179.32766723609259429	1.00000000000000000
CRK	1.00000000000000000	42.17146905672284163	1.00000000000000000	1.00000000000000000	60.28872994874409130	1.00000000000000000	289.54529222268877220
CRTC3	1.00000000000000000	1.00000000000000000	1.00000000000000000	43.20110253763911601	108.90553699156630785	73.24957934079716892	1.00000000000000000
CRYAB	92.87806497182049270	106.65479388810453543	157.47694859230509223	561.08042859184729423	79.60505867257010948	1.00000000000000000	1.00000000000000000
CRYZL1	1.00000000000000000	1.00000000000000000	1.00000000000000000	1.00000000000000000	68.14116711653997527	1.00000000000000000	1.00000000000000000
CSF1R	1.00000000000000000	1.00000000000000000	1.00000000000000000	1.00000000000000000	1.00000000000000000	55.20469992898016187	1.00000000000000000
CSF2RA	1.00000000000000000	1.00000000000000000	1.00000000000000000	1.00000000000000000	1.00000000000000000	34.70940333252126919	1.00000000000000000
CSGALNACT2	1.00000000000000000	68.63161587416375653	1.00000000000000000	1.00000000000000000	1.00000000000000000	33.28110644173708721	1.00000000000000000
CSNK1E	67.00116196303449101	75.90012813531478741	1.00000000000000000	1.00000000000000000	138.47937497271180973	1.00000000000000000	1.00000000000000000
CSNK1G3	1.00000000000000000	1.00000000000000000	1.00000000000000000	1.00000000000000000	1.00000000000000000	1.00000000000000000	43.21891770631494722
CSNK2A1	69.05251989002513824	44.62479376887571192	1.00000000000000000	1.00000000000000000	57.22574245516954505	1.00000000000000000	1.00000000000000000
CSPG4	1.00000000000000000	1.00000000000000000	1.00000000000000000	1.00000000000000000	200.43310577347367030	1.00000000000000000	1.00000000000000000
CSRP1	254.33349901678073479	225.19112905400447744	205.53297957514644168	789.42093298831389347	166.00957904218103067	123.76527049335666675	1.00000000000000000
CSRP2	1.00000000000000000	1.00000000000000000	1.00000000000000000	867.97925299525741138	685.57704095742087702	1.00000000000000000	93.16733769843793311
CSTA	1.00000000000000000	1.00000000000000000	1.00000000000000000	1.00000000000000000	1.00000000000000000	97.64165657897434869	1.00000000000000000
CTDNEP1	46.96320604150471922	1.00000000000000000	1.00000000000000000	1.00000000000000000	1.00000000000000000	57.74712336498263454	1.00000000000000000
CTDSPL	1.00000000000000000	1.00000000000000000	1.00000000000000000	1.00000000000000000	1.00000000000000000	25.36046284946112905	1.00000000000000000
CTHRC1	698.78883647714997096	2857.18144006545981028	548.02355635327626260	1.00000000000000000	1.00000000000000000	622.85038699408653429	150.07447316960292483
CTNNAL1	51.97615124029554323	1.00000000000000000	1.00000000000000000	1.00000000000000000	1.00000000000000000	1.00000000000000000	22.10945885315748427
CTNNBL1	1.00000000000000000	1.00000000000000000	1.00000000000000000	1.00000000000000000	1.00000000000000000	198.48231526759045096	1.00000000000000000
CTNND1	1.00000000000000000	49.36550029132747852	1.00000000000000000	1.00000000000000000	1.00000000000000000	256.40658368726730032	62.22083218162599394
CTSF	158.17010132644702480	134.56947792833756239	126.56437771302975648	1.00000000000000000	87.46288374977750379	1.00000000000000000	1.00000000000000000
CTSH	89.22230878760494477	1.00000000000000000	1.00000000000000000	1.00000000000000000	1.00000000000000000	345.49848243498604461	149.89638399159315441
CTSK	314.38486098378751876	962.67860826407252262	242.33028176456625147	1.00000000000000000	95.91780030558111036	182.99615055780475359	1.00000000000000000
CTSS	1.00000000000000000	50.54422322310077931	1.00000000000000000	1.00000000000000000	1.00000000000000000	576.39515992783742604	90.97032769216282588
CTTNBP2NL	1.00000000000000000	1.00000000000000000	1.00000000000000000	1.00000000000000000	1.00000000000000000	1.00000000000000000	40.91644009028756557
CUX1	1.00000000000000000	45.31798443577241642	1.00000000000000000	1.00000000000000000	1.00000000000000000	104.83555347441748040	1.00000000000000000
CWF19L2	1.00000000000000000	1.00000000000000000	1.00000000000000000	80.03498880962077067	52.97760026407728873	1.00000000000000000	1.00000000000000000
CXCL12	277.26674820557872181	166.54451946443316501	184.08932796865036607	1.00000000000000000	1.00000000000000000	1.00000000000000000	1.00000000000000000
CXCL16	1.00000000000000000	1.00000000000000000	1.00000000000000000	1.00000000000000000	1.00000000000000000	88.67001448324417368	1.00000000000000000
CXCL3	1.00000000000000000	1.00000000000000000	1.00000000000000000	1.00000000000000000	1.00000000000000000	423.27689950418300668	1.00000000000000000
CXCL9	1.00000000000000000	1.00000000000000000	1.00000000000000000	1.00000000000000000	1.00000000000000000	74.80881504314916697	1.00000000000000000
CXCR4	1.00000000000000000	1.00000000000000000	1.00000000000000000	1.00000000000000000	86.01955153918174801	372.49714490196652150	90.97032769216299641
CXXC5	1.00000000000000000	1.00000000000000000	1.00000000000000000	1.00000000000000000	1.00000000000000000	1.00000000000000000	22.85073345242518883
CYB5R1	40.88214512524853461	1.00000000000000000	1.00000000000000000	1.00000000000000000	1.00000000000000000	1.00000000000000000	90.97032769216282588
CYB5RL	1.00000000000000000	1.00000000000000000	1.00000000000000000	1.00000000000000000	1.00000000000000000	1.00000000000000000	19.63430914620041179
CYBC1	1.00000000000000000	54.63224606550214446	1.00000000000000000	1.00000000000000000	1.00000000000000000	1.00000000000000000	1.00000000000000000
CYBRD1	197.04815315730675707	125.81611488223543915	139.67301762059628345	1.00000000000000000	1.00000000000000000	64.86161734406925916	180.94065538432568019
CYFIP1	1.00000000000000000	44.45797183170193279	1.00000000000000000	1.00000000000000000	1.00000000000000000	1.00000000000000000	1.00000000000000000
CYFIP2	1.00000000000000000	1.00000000000000000	1.00000000000000000	164.34356939251651397	1.00000000000000000	1.00000000000000000	1.00000000000000000
CYGB	1.00000000000000000	57.32239720747100620	1.00000000000000000	1.00000000000000000	111.42449177700436280	1.00000000000000000	1.00000000000000000
CYHR1	73.44327314923287986	46.02331935745289115	1.00000000000000000	1.00000000000000000	54.24344334733828532	1.00000000000000000	1.00000000000000000
CYP1B1	422.64646920615518866	461.63643484340076384	196.92023013517314212	1.00000000000000000	1.00000000000000000	127.13247160236433331	1.00000000000000000
CYP27A1	72.09919561532382204	1.00000000000000000	1.00000000000000000	1.00000000000000000	1.00000000000000000	1.00000000000000000	1.00000000000000000
CYP7B1	95.16878862364390557	74.86240617440930123	1.00000000000000000	1.00000000000000000	1.00000000000000000	1.00000000000000000	1.00000000000000000
CYTH2	1.00000000000000000	61.28806767121471211	1.00000000000000000	1.00000000000000000	110.22457904866892875	1.00000000000000000	19.63430914620041179
CYTIP	1.00000000000000000	1.00000000000000000	1.00000000000000000	1.00000000000000000	1.00000000000000000	67.12996419095767919	1.00000000000000000
CYTL1	1.00000000000000000	1.00000000000000000	1.00000000000000000	1.00000000000000000	1.00000000000000000	1.00000000000000000	85.43783541262989445
DAAM1	111.91277467467064355	73.55054526948131866	1.00000000000000000	1.00000000000000000	1.00000000000000000	1.00000000000000000	141.89640800616447791
DAAM2	1.00000000000000000	1.00000000000000000	1.00000000000000000	1.00000000000000000	93.52604013900112534	1.00000000000000000	1.00000000000000000
DALRD3	1.00000000000000000	38.19617522422949207	1.00000000000000000	1.00000000000000000	1.00000000000000000	1.00000000000000000	1.00000000000000000
DAP	54.29605934647421606	70.50160601968732976	1.00000000000000000	178.04887923737379651	1.00000000000000000	30.35448807716781872	22.10945885315748427
DAPK3	69.16371353713542192	81.21592688633037938	1.00000000000000000	114.35041994012691191	70.56525305106713120	21.76385430070605054	1.00000000000000000
DARS	66.61735569331824536	100.77513869297884241	139.67036590407488461	65.68883452925790323	78.15567893717913250	60.60198112581242214	1.00000000000000000
DBNDD2	1.00000000000000000	65.54386956500741235	1.00000000000000000	402.72109740068958672	391.69743629971367227	57.53480265339649691	1.00000000000000000
DCAF8	1.00000000000000000	1.00000000000000000	1.00000000000000000	1.00000000000000000	51.34227700986850351	1.00000000000000000	1.00000000000000000
DCBLD1	1.00000000000000000	55.87894889834576873	1.00000000000000000	1.00000000000000000	1.00000000000000000	1.00000000000000000	1.00000000000000000
DCBLD2	49.27512204087267378	1.00000000000000000	1.00000000000000000	1.00000000000000000	1.00000000000000000	38.15226920406117728	1.00000000000000000
DCP2	1.00000000000000000	1.00000000000000000	1.00000000000000000	1.00000000000000000	1.00000000000000000	64.41939403960572008	1.00000000000000000
DCUN1D5	63.41173429599819400	48.13762561505156157	1.00000000000000000	1.00000000000000000	1.00000000000000000	1.00000000000000000	1.00000000000000000
DCXR	110.61551185853635104	64.01656093101040312	1.00000000000000000	1.00000000000000000	1.00000000000000000	23.23464405763625251	22.30439209133841061
DDA1	1.00000000000000000	47.78394266493665299	1.00000000000000000	1.00000000000000000	68.34236163919567275	1.00000000000000000	96.75258408713500557
DDAH1	1.00000000000000000	1.00000000000000000	1.00000000000000000	124.26047872490148904	1.00000000000000000	1.00000000000000000	1.00000000000000000
DDHD2	1.00000000000000000	1.00000000000000000	1.00000000000000000	1.00000000000000000	1.00000000000000000	1.00000000000000000	43.21891770631494722
DDIT3	1.00000000000000000	53.71903244977871594	1.00000000000000000	1.00000000000000000	58.84235299596041813	65.30988359884484851	1.00000000000000000
DDR2	106.60464640360612520	126.55168802541241746	1.00000000000000000	1.00000000000000000	67.93508365981300301	1.00000000000000000	1.00000000000000000
DDX39A	41.53284587202459477	45.01433253300902493	1.00000000000000000	105.53017633950338450	86.95104436966080641	56.74511496483943773	1.00000000000000000
DDX3X	101.52213833654242592	67.47937203176714149	1.00000000000000000	139.18966028704548421	76.23298692549872158	55.96478415582768662	190.98512967841730870
DDX42	67.18818407207930932	1.00000000000000000	1.00000000000000000	1.00000000000000000	1.00000000000000000	24.94581034144575327	1.00000000000000000
DDX49	1.00000000000000000	1.00000000000000000	1.00000000000000000	1.00000000000000000	95.21702882963518277	1.00000000000000000	1.00000000000000000
DDX54	1.00000000000000000	1.00000000000000000	1.00000000000000000	1.00000000000000000	67.22673770774207469	1.00000000000000000	1.00000000000000000
DENND5A	1.00000000000000000	1.00000000000000000	1.00000000000000000	1.00000000000000000	69.37705298519838948	11.26358181914749856	1.00000000000000000
DENR	65.93382977632369091	36.43916336139790957	115.08202114978099928	1.00000000000000000	1.00000000000000000	34.91825378981254602	43.21891770631494722
DERA	1.00000000000000000	50.89529005336974166	1.00000000000000000	1.00000000000000000	1.00000000000000000	1.00000000000000000	1.00000000000000000
DERL2	47.01062253565377347	86.53848977963838252	1.00000000000000000	60.86503981381727613	68.01613102431025482	35.70986041134814570	1.00000000000000000
DES	1.00000000000000000	1.00000000000000000	1.00000000000000000	259.30700726224034725	1.00000000000000000	1.00000000000000000	1.00000000000000000
DESI2	53.26643885778681664	59.87524761698258402	1.00000000000000000	1.00000000000000000	1.00000000000000000	29.21129807251996269	1.00000000000000000
DFFA	1.00000000000000000	1.00000000000000000	1.00000000000000000	1.00000000000000000	1.00000000000000000	1.00000000000000000	56.90292743860110392
DGKH	1.00000000000000000	1.00000000000000000	1.00000000000000000	1.00000000000000000	96.78661403869352853	1.00000000000000000	22.30439209133841061
DHPS	1.00000000000000000	56.17136795930584015	1.00000000000000000	1.00000000000000000	58.65973701425311049	1.00000000000000000	43.21891770631494722
DHRS3	1.00000000000000000	115.83396556604112959	1.00000000000000000	1.00000000000000000	1.00000000000000000	123.76527049335666675	1.00000000000000000
DHRS4L2	44.88697845690935395	51.74591466738801415	1.00000000000000000	119.93605230613789558	87.24645302966466431	23.23464405763625251	1.00000000000000000
DHRS7	61.89731482455860601	106.02094771008519558	126.02451526910722635	1.00000000000000000	1.00000000000000000	41.78592058374606921	93.16733769843793311
DHRSX	1.00000000000000000	65.64394259407836785	1.00000000000000000	1.00000000000000000	1.00000000000000000	1.00000000000000000	78.56803144669200378
DHX15	63.54432646036224952	1.00000000000000000	1.00000000000000000	1.00000000000000000	1.00000000000000000	1.00000000000000000	86.21756836535365665
DHX29	71.37580802540190916	79.04444082371946934	1.00000000000000000	96.16435314323393868	103.70094400199839413	1.00000000000000000	38.26861829240073121
DHX38	1.00000000000000000	1.00000000000000000	1.00000000000000000	1.00000000000000000	1.00000000000000000	1.00000000000000000	43.21891770631494722
DHX9	41.26138879695437822	1.00000000000000000	1.00000000000000000	1.00000000000000000	56.40417107271130703	48.97750657768180105	1.00000000000000000
DIAPH1	1.00000000000000000	1.00000000000000000	1.00000000000000000	1.00000000000000000	1.00000000000000000	31.66663426872897702	1.00000000000000000
DICER1	1.00000000000000000	1.00000000000000000	1.00000000000000000	143.07906542881622158	1.00000000000000000	37.05405579016889561	22.10945885315748427
DIDO1	1.00000000000000000	1.00000000000000000	1.00000000000000000	1.00000000000000000	1.00000000000000000	179.50883514597427393	1.00000000000000000
DIO2	1.00000000000000000	87.76905710783596248	1.00000000000000000	1.00000000000000000	1.00000000000000000	1.00000000000000000	1.00000000000000000
DIPK2B	1.00000000000000000	1.00000000000000000	1.00000000000000000	1.00000000000000000	1.00000000000000000	1.00000000000000000	314.53891713945938591
DLC1	67.93857172364543828	49.16495408360135144	1.00000000000000000	124.56163391749683456	120.32075803630013411	1.00000000000000000	62.22083218162599394
DLG1	1.00000000000000000	1.00000000000000000	1.00000000000000000	1.00000000000000000	1.00000000000000000	68.54078950237486367	22.10945885315748427
DLGAP4	1.00000000000000000	44.54931736095224437	1.00000000000000000	1.00000000000000000	1.00000000000000000	57.12894071084871683	1.00000000000000000
DLL4	1.00000000000000000	1.00000000000000000	1.00000000000000000	1.00000000000000000	1.00000000000000000	1.00000000000000000	90.97032769216282588
DMKN	60.51521122836767574	1.00000000000000000	1.00000000000000000	1.00000000000000000	1.00000000000000000	1.00000000000000000	141.93917861814463777
DMWD	1.00000000000000000	1.00000000000000000	1.00000000000000000	1.00000000000000000	1.00000000000000000	42.18001037380739859	115.01807115086310773
DNAJA2	1.00000000000000000	59.84385684582484544	1.00000000000000000	94.13035480778302144	68.46667058417715168	194.48662386607074382	1.00000000000000000
DNAJB12	1.00000000000000000	45.58019923668030060	1.00000000000000000	1.00000000000000000	1.00000000000000000	57.19976726482430962	1.00000000000000000
DNAJB14	58.22239407987149917	54.56447364294454871	1.00000000000000000	1.00000000000000000	60.05062872832629495	1.00000000000000000	1.00000000000000000
DNAJB4	1.00000000000000000	34.28184183439569210	1.00000000000000000	187.47323870270622592	59.04144584527791295	1.00000000000000000	43.21891770631494722
DNAJB9	76.73711501489408704	68.00808828775045356	103.63655373802671988	1.00000000000000000	61.07233144338307795	1.00000000000000000	1.00000000000000000
DNAJC1	86.21131466690739842	172.62663218261278075	85.19011809337060015	1.00000000000000000	55.03688515935155579	49.43288552536129998	1.00000000000000000
DNAJC19	54.18488197683112162	56.91121188658352992	1.00000000000000000	89.10049534585225217	56.68309160408092851	1.00000000000000000	90.97032769216282588
DNAJC4	52.55887188642152807	51.87303706251894653	1.00000000000000000	1.00000000000000000	1.00000000000000000	1.00000000000000000	56.90292743860121050
DNAJC7	69.53201049003497758	79.12573735949879961	1.00000000000000000	146.21398162680378618	70.75433226247513119	49.27783292401838366	19.63430914620041179
DNAJC9	1.00000000000000000	1.00000000000000000	1.00000000000000000	1.00000000000000000	1.00000000000000000	1.00000000000000000	99.67749029984948095
DNM2	1.00000000000000000	1.00000000000000000	1.00000000000000000	1.00000000000000000	1.00000000000000000	38.74115653253561931	1.00000000000000000
DNM3OS	1.00000000000000000	56.95670930350578232	1.00000000000000000	1.00000000000000000	1.00000000000000000	1.00000000000000000	1.00000000000000000
DNPEP	99.02943002614381385	79.01308535799873312	96.70562988540237370	1.00000000000000000	72.05461155297044229	219.76896847261946277	1.00000000000000000
DNTTIP1	1.00000000000000000	54.75184775786814129	1.00000000000000000	1.00000000000000000	1.00000000000000000	33.22250826501515775	1.00000000000000000
DNTTIP2	1.00000000000000000	1.00000000000000000	1.00000000000000000	1.00000000000000000	1.00000000000000000	59.45538689451179692	1.00000000000000000
DOCK6	1.00000000000000000	1.00000000000000000	1.00000000000000000	1.00000000000000000	61.78763974083752686	1.00000000000000000	43.21891770631494722
DOK2	1.00000000000000000	1.00000000000000000	1.00000000000000000	1.00000000000000000	1.00000000000000000	57.18129331246731795	1.00000000000000000
DPH3	1.00000000000000000	1.00000000000000000	1.00000000000000000	1.00000000000000000	1.00000000000000000	44.54491442060829343	1.00000000000000000
DPM1	85.02822776163083063	86.22303361403737654	88.18392140167752302	1.00000000000000000	89.73896743774643880	35.29831226093327956	1.00000000000000000
DPM2	74.20073846849309973	77.53248163942393489	107.98115687581113775	1.00000000000000000	1.00000000000000000	33.43213524910804324	94.17154573100179960
DPT	204.06749797557299075	456.06449355626335773	1.00000000000000000	1.00000000000000000	1.00000000000000000	1.00000000000000000	1.00000000000000000
DR1	1.00000000000000000	1.00000000000000000	1.00000000000000000	1.00000000000000000	1.00000000000000000	174.89047765669138812	1.00000000000000000
DRG1	1.00000000000000000	1.00000000000000000	1.00000000000000000	1.00000000000000000	85.68119938923308609	39.37754082951337153	1.00000000000000000
DSE	1.00000000000000000	1.00000000000000000	1.00000000000000000	1.00000000000000000	1.00000000000000000	32.88665982820253220	1.00000000000000000
DSTN	605.87990345820287530	958.41566247589230443	945.55394879297068655	2543.00573372170129005	770.33810710670263688	369.15593333284022037	184.14187342316498075
DTD1	1.00000000000000000	45.44531095271929644	1.00000000000000000	1.00000000000000000	1.00000000000000000	1.00000000000000000	80.83288018057514535
DTWD1	49.45282360558866941	54.68265396416283863	1.00000000000000000	1.00000000000000000	1.00000000000000000	1.00000000000000000	1.00000000000000000
DUSP14	1.00000000000000000	75.02341434568010925	1.00000000000000000	1.00000000000000000	72.10037186692979105	1.00000000000000000	1.00000000000000000
DUSP23	88.36511931361133065	91.81818066279272728	135.70141348347419807	1.00000000000000000	1.00000000000000000	36.34502241794146471	127.65675311894494826
DUSP6	92.67055390296496853	1.00000000000000000	1.00000000000000000	1.00000000000000000	1.00000000000000000	19.85276968421792176	190.98512967841730870
DUXAP8	1.00000000000000000	55.39403601553437539	1.00000000000000000	1.00000000000000000	59.24631135265112647	1.00000000000000000	22.10945885315748427
DYNC1LI1	1.00000000000000000	1.00000000000000000	1.00000000000000000	1.00000000000000000	91.71441599369643427	38.01845073777626283	1.00000000000000000
DYNC1LI2	67.81311737152566366	94.65705982075562019	1.00000000000000000	43.85283350606498942	101.84595274344798099	1.00000000000000000	1.00000000000000000
DYNLT3	54.10623691418787473	62.05747384090716423	1.00000000000000000	109.91713142605756559	65.07838380993015903	46.43462572196409610	38.22409599789831702
DYRK2	1.00000000000000000	53.23225713063531117	1.00000000000000000	1.00000000000000000	1.00000000000000000	1.00000000000000000	1.00000000000000000
DYRK4	1.00000000000000000	42.80815383948779385	1.00000000000000000	1.00000000000000000	1.00000000000000000	46.18113554726599546	1.00000000000000000
DYSF	1.00000000000000000	1.00000000000000000	1.00000000000000000	1.00000000000000000	1.00000000000000000	1.00000000000000000	109.60463683836324833
EBAG9	1.00000000000000000	1.00000000000000000	1.00000000000000000	1.00000000000000000	1.00000000000000000	43.87294744210937836	1.00000000000000000
EBF1	1.00000000000000000	1.00000000000000000	1.00000000000000000	143.37241514048861291	180.74424268167351215	1.00000000000000000	1.00000000000000000
EBLN3P	1.00000000000000000	45.15616160910672505	1.00000000000000000	1.00000000000000000	1.00000000000000000	26.37621236827876459	1.00000000000000000
ECE1	1.00000000000000000	1.00000000000000000	1.00000000000000000	1.00000000000000000	121.46502168486490802	33.73977516505730989	22.10945885315748427
ECHDC1	74.85728120490038862	51.36297419998064129	1.00000000000000000	1.00000000000000000	1.00000000000000000	1.00000000000000000	180.94065538432568019
ECHDC2	79.60820045739161799	47.28744946962187612	1.00000000000000000	1.00000000000000000	1.00000000000000000	1.00000000000000000	1.00000000000000000
ECI2	1.00000000000000000	58.70092790188456178	1.00000000000000000	1.00000000000000000	1.00000000000000000	1.00000000000000000	1.00000000000000000
ECM2	88.13797415785963096	71.48531343900855006	1.00000000000000000	101.05679332822020910	152.51483012343200585	1.00000000000000000	1.00000000000000000
ECRG4	1.00000000000000000	1.00000000000000000	1.00000000000000000	135.22128959348199828	1.00000000000000000	1.00000000000000000	1.00000000000000000
ECSCR	1.00000000000000000	1.00000000000000000	1.00000000000000000	1.00000000000000000	1.00000000000000000	1.00000000000000000	507.34056490001603379
EDIL3	1.00000000000000000	85.47522865094705935	1.00000000000000000	1.00000000000000000	1.00000000000000000	40.85646158113595305	1.00000000000000000
EDNRA	88.64520585974602795	90.05742605769823683	1.00000000000000000	1.00000000000000000	189.04889106395148701	77.40388953792771076	1.00000000000000000
EDNRB	1.00000000000000000	1.00000000000000000	1.00000000000000000	122.33833018249799807	134.07709246129516600	1.00000000000000000	44.70146690485036345
EEA1	70.63708292554623824	51.51448834951758471	1.00000000000000000	1.00000000000000000	1.00000000000000000	1.00000000000000000	38.26861829240080226
EEF1E1	43.22695818841182103	1.00000000000000000	1.00000000000000000	1.00000000000000000	1.00000000000000000	20.10790397701353882	1.00000000000000000
EFCAB14	1.00000000000000000	1.00000000000000000	1.00000000000000000	1.00000000000000000	1.00000000000000000	53.73579771061957899	1.00000000000000000
EFEMP1	427.40390574671749846	247.73822130004120368	277.08513504297769714	1.00000000000000000	1.00000000000000000	75.09951123719180544	540.82196615297812059
EFHC1	1.00000000000000000	1.00000000000000000	1.00000000000000000	1.00000000000000000	59.44185898465641316	1.00000000000000000	1.00000000000000000
EFHD1	1.00000000000000000	1.00000000000000000	1.00000000000000000	135.92257143666313368	84.01130482978014413	1.00000000000000000	1.00000000000000000
EFHD2	1.00000000000000000	1.00000000000000000	1.00000000000000000	1.00000000000000000	1.00000000000000000	90.67189422767737028	1.00000000000000000
EFNA1	1.00000000000000000	1.00000000000000000	1.00000000000000000	1.00000000000000000	1.00000000000000000	1.00000000000000000	143.41079624644436308
EFNA5	1.00000000000000000	1.00000000000000000	1.00000000000000000	1.00000000000000000	1.00000000000000000	1.00000000000000000	153.28219116532525845
EFR3A	1.00000000000000000	57.67619890794089343	1.00000000000000000	1.00000000000000000	80.55405808389083688	219.18005954420738135	1.00000000000000000
EGFL6	143.31137825560460897	155.14567855943383279	1.00000000000000000	898.89710528969612824	1082.69968562662711520	196.29279781527523596	1.00000000000000000
EGFL7	1.00000000000000000	1.00000000000000000	1.00000000000000000	1.00000000000000000	1.00000000000000000	1.00000000000000000	676.02609859045844587
EGFLAM	1.00000000000000000	1.00000000000000000	1.00000000000000000	1.00000000000000000	118.50097920416739328	1.00000000000000000	1.00000000000000000
EGLN3	1.00000000000000000	71.79819692414025667	1.00000000000000000	1.00000000000000000	1.00000000000000000	1.00000000000000000	109.60463683836324833
EHD1	1.00000000000000000	1.00000000000000000	1.00000000000000000	1.00000000000000000	78.09690974772053096	1.00000000000000000	1.00000000000000000
EHD2	62.56641364801597405	84.88237258510689287	1.00000000000000000	195.06498031716773767	229.22809123690194610	41.00496142592998439	56.90292743860110392
EIF1AY	1.00000000000000000	1.00000000000000000	1.00000000000000000	1.00000000000000000	1.00000000000000000	1.00000000000000000	78.56803144669200378
EIF2AK1	1.00000000000000000	62.28847537145494329	1.00000000000000000	1.00000000000000000	1.00000000000000000	64.77331965640505018	219.50721006483672681
EIF2AK2	1.00000000000000000	48.98221173392789751	1.00000000000000000	62.66087898113311638	70.79860854311687035	1.00000000000000000	1.00000000000000000
EIF2AK4	1.00000000000000000	1.00000000000000000	1.00000000000000000	1.00000000000000000	1.00000000000000000	1.00000000000000000	109.60463683836324833
EIF2B1	1.00000000000000000	55.84353500480431620	1.00000000000000000	1.00000000000000000	1.00000000000000000	1.00000000000000000	19.63430914620041179
EIF2S1	67.00866845408904737	54.66561170101109468	127.56244892022057513	98.25785808976961277	1.00000000000000000	41.07569530615965903	1.00000000000000000
EIF5A	188.23208177893741322	181.11188566114523724	331.42411738017869993	165.14727809029204764	157.64999667594076982	108.42856147796433675	1.00000000000000000
ELK3	1.00000000000000000	32.69514829943636158	1.00000000000000000	1.00000000000000000	1.00000000000000000	1.00000000000000000	247.44370227195179268
ELK4	1.00000000000000000	1.00000000000000000	1.00000000000000000	1.00000000000000000	1.00000000000000000	86.11162236998107744	43.60878418267682122
ELL2	1.00000000000000000	41.70763972002851716	1.00000000000000000	1.00000000000000000	1.00000000000000000	29.78646288023879052	1.00000000000000000
ELN	415.52697992287028228	140.27445018912982277	1.00000000000000000	425.08807927217725364	1.00000000000000000	349.02051247878500817	363.82128796200959187
ELP2	49.36826322220861130	52.93423581568818292	1.00000000000000000	1.00000000000000000	1.00000000000000000	1.00000000000000000	1.00000000000000000
ELP5	1.00000000000000000	1.00000000000000000	1.00000000000000000	1.00000000000000000	83.05200386276025881	1.00000000000000000	109.60463683836344728
EMC2	69.13085334868998189	52.06452055376580290	1.00000000000000000	81.48735544641854744	101.22872505394057896	1.00000000000000000	93.16733769843793311
EMC8	1.00000000000000000	43.47629222872050292	1.00000000000000000	1.00000000000000000	1.00000000000000000	1.00000000000000000	22.10945885315748427
EMD	60.09722322148751772	40.29621094037953100	1.00000000000000000	78.86188443623403543	1.00000000000000000	1.00000000000000000	1.00000000000000000
EMG1	49.52020723973737404	45.95688974961365147	1.00000000000000000	1.00000000000000000	1.00000000000000000	1.00000000000000000	1.00000000000000000
EMILIN2	1.00000000000000000	1.00000000000000000	1.00000000000000000	1.00000000000000000	1.00000000000000000	65.27703418904529542	1.00000000000000000
EML4	1.00000000000000000	1.00000000000000000	1.00000000000000000	1.00000000000000000	1.00000000000000000	51.45762245651268074	1.00000000000000000
ENAH	119.07872223087802865	108.78977402380840545	1.00000000000000000	250.87468326770775207	91.77523860812334533	160.04485857603239651	1.00000000000000000
ENPEP	1.00000000000000000	1.00000000000000000	1.00000000000000000	76.90640323115418653	203.29150491121615119	1.00000000000000000	1.00000000000000000
ENPP2	88.40019747067060507	1.00000000000000000	1.00000000000000000	1.00000000000000000	1.00000000000000000	1.00000000000000000	180.94065538432568019
ENTPD1	1.00000000000000000	78.66466932585832694	1.00000000000000000	81.83108693314741799	1.00000000000000000	45.50533591984567039	1.00000000000000000
EPB41L1	1.00000000000000000	1.00000000000000000	1.00000000000000000	1.00000000000000000	71.57111874196783674	1.00000000000000000	1.00000000000000000
EPB41L4A.AS1	94.93842717166457135	67.73287028403714771	174.39661813617587427	1.00000000000000000	49.87612622719914413	1.00000000000000000	1.00000000000000000
EPC1	1.00000000000000000	44.79338608336711047	1.00000000000000000	1.00000000000000000	61.70660331354818595	1.00000000000000000	62.22083218162599394
EPDR1	1.00000000000000000	39.58515807431093947	1.00000000000000000	1.00000000000000000	1.00000000000000000	1.00000000000000000	1.00000000000000000
EPHB4	1.00000000000000000	1.00000000000000000	1.00000000000000000	1.00000000000000000	1.00000000000000000	1.00000000000000000	81.29189148624158179
EPN1	1.00000000000000000	53.25884776270648757	1.00000000000000000	1.00000000000000000	70.32995849659442911	1.00000000000000000	1.00000000000000000
EPRS	1.00000000000000000	1.00000000000000000	1.00000000000000000	1.00000000000000000	49.77540443854593377	1.00000000000000000	1.00000000000000000
EPS15	67.61344456677254300	1.00000000000000000	1.00000000000000000	1.00000000000000000	1.00000000000000000	30.21208163449420070	180.67941453884509428
EPS8	51.35282510091363406	43.21727580767770149	1.00000000000000000	258.59545787288578822	262.87819671134218424	39.21580795402707054	1.00000000000000000
EPSTI1	1.00000000000000000	118.73735717272595025	1.00000000000000000	1.00000000000000000	90.10564265844931242	38.07338933545378978	1.00000000000000000
ERAP2	1.00000000000000000	48.13313231356801936	1.00000000000000000	1.00000000000000000	95.31687352404186697	1.00000000000000000	1.00000000000000000
ERBB2	1.00000000000000000	1.00000000000000000	1.00000000000000000	1.00000000000000000	1.00000000000000000	177.49276155600136917	1.00000000000000000
ERCC4	1.00000000000000000	1.00000000000000000	1.00000000000000000	1.00000000000000000	1.00000000000000000	27.56872706630927183	1.00000000000000000
ERICH1	1.00000000000000000	1.00000000000000000	1.00000000000000000	1.00000000000000000	58.01509792490330142	1.00000000000000000	99.67749029984948095
ERO1A	1.00000000000000000	54.85506761319609126	133.53670322239804591	1.00000000000000000	1.00000000000000000	41.85271558318468266	1.00000000000000000
ERVK3.1	43.65382518498008579	54.99963473153938054	1.00000000000000000	66.96234736471831184	1.00000000000000000	42.14088192594011417	19.63430914620041179
ESAM	1.00000000000000000	1.00000000000000000	1.00000000000000000	188.90632015962012247	219.94863917419797872	1.00000000000000000	180.94065538432568019
ESF1	58.65214947539742951	44.93134736720755740	1.00000000000000000	116.81852554124687060	53.30367643533288913	1.00000000000000000	81.29189148624158179
ESYT1	1.00000000000000000	1.00000000000000000	1.00000000000000000	1.00000000000000000	1.00000000000000000	80.94726164892483666	1.00000000000000000
ESYT2	1.00000000000000000	1.00000000000000000	1.00000000000000000	88.20922406063122878	1.00000000000000000	1.00000000000000000	1.00000000000000000
ETF1	71.38180941398935886	56.18994566101385857	1.00000000000000000	1.00000000000000000	1.00000000000000000	1.00000000000000000	1.00000000000000000
ETHE1	64.15479085871022846	115.05480079011802275	98.64650338669770235	1.00000000000000000	1.00000000000000000	46.69092056487177445	40.91644009028756557
ETNK1	1.00000000000000000	1.00000000000000000	1.00000000000000000	1.00000000000000000	1.00000000000000000	42.26004578563423308	1.00000000000000000
ETS1	1.00000000000000000	1.00000000000000000	1.00000000000000000	1.00000000000000000	106.21258924541261592	1.00000000000000000	153.28219116532525845
ETS2	1.00000000000000000	1.00000000000000000	1.00000000000000000	101.68658142861430349	1.00000000000000000	76.18775444399007313	126.13400845564125063
ETV1	61.92789589947523865	75.83051851158991497	1.00000000000000000	1.00000000000000000	1.00000000000000000	1.00000000000000000	1.00000000000000000
EVA1C	53.05699134466961908	1.00000000000000000	1.00000000000000000	1.00000000000000000	1.00000000000000000	1.00000000000000000	1.00000000000000000
EVI2A	1.00000000000000000	91.14738959861034573	1.00000000000000000	1.00000000000000000	1.00000000000000000	257.49077335130516531	1.00000000000000000
EVI2B	1.00000000000000000	1.00000000000000000	1.00000000000000000	1.00000000000000000	1.00000000000000000	238.57735883961282752	1.00000000000000000
EVL	1.00000000000000000	87.45119578638021096	1.00000000000000000	1.00000000000000000	1.00000000000000000	94.81976424549488058	134.64788201912475074
EXOC7	1.00000000000000000	49.90739927769156026	1.00000000000000000	1.00000000000000000	1.00000000000000000	1.00000000000000000	38.26861829240080226
EXOSC1	1.00000000000000000	45.85364749620075031	1.00000000000000000	86.83628143227764440	50.02417288636277704	20.55358983122228267	22.10945885315748427
EXOSC3	1.00000000000000000	1.00000000000000000	1.00000000000000000	1.00000000000000000	1.00000000000000000	57.89308038683270752	1.00000000000000000
EXOSC5	1.00000000000000000	1.00000000000000000	1.00000000000000000	1.00000000000000000	1.00000000000000000	53.20035537133115611	1.00000000000000000
EXOSC7	1.00000000000000000	48.01625435750022319	1.00000000000000000	1.00000000000000000	1.00000000000000000	1.00000000000000000	1.00000000000000000
EXOSC8	46.87638411073729117	57.18238709956195720	1.00000000000000000	1.00000000000000000	1.00000000000000000	1.00000000000000000	1.00000000000000000
EZR	73.61324329062489369	1.00000000000000000	1.00000000000000000	251.67958050636869416	169.62821804014456006	79.52707711628174536	173.45922918467962859
F11R	1.00000000000000000	1.00000000000000000	1.00000000000000000	1.00000000000000000	1.00000000000000000	1.00000000000000000	38.26861829240073121
F3	154.58046731263132756	184.49120479124920280	1.00000000000000000	1.00000000000000000	56.94104822659593879	116.35223471726027356	1.00000000000000000
F8	1.00000000000000000	1.00000000000000000	1.00000000000000000	1.00000000000000000	1.00000000000000000	1.00000000000000000	270.91098307648837817
FABP4	1.00000000000000000	1.00000000000000000	1.00000000000000000	1.00000000000000000	1.00000000000000000	1.00000000000000000	1904.08423628918035320
FABP5	1.00000000000000000	1.00000000000000000	1.00000000000000000	281.62121057965623550	639.67326595230758812	185.00696092624866651	1895.73825735614695986
FADD	1.00000000000000000	53.02091255412970128	1.00000000000000000	1.00000000000000000	1.00000000000000000	1.00000000000000000	1.00000000000000000
FADS1	1.00000000000000000	48.07521676079432638	1.00000000000000000	1.00000000000000000	1.00000000000000000	1.00000000000000000	1.00000000000000000
FAM104B	1.00000000000000000	1.00000000000000000	1.00000000000000000	1.00000000000000000	1.00000000000000000	49.14582291551173654	1.00000000000000000
FAM107B	1.00000000000000000	1.00000000000000000	1.00000000000000000	1.00000000000000000	1.00000000000000000	79.39393503020909293	99.67749029984948095
FAM110B	1.00000000000000000	1.00000000000000000	1.00000000000000000	1.00000000000000000	1.00000000000000000	1.00000000000000000	99.67749029984948095
FAM114A2	1.00000000000000000	1.00000000000000000	1.00000000000000000	1.00000000000000000	1.00000000000000000	1.00000000000000000	90.97032769216282588
FAM126A	54.84512109610130182	1.00000000000000000	1.00000000000000000	1.00000000000000000	1.00000000000000000	29.74807219196864594	93.16733769843793311
FAM136A	1.00000000000000000	1.00000000000000000	1.00000000000000000	1.00000000000000000	1.00000000000000000	57.74712336498263454	1.00000000000000000
FAM13C	1.00000000000000000	1.00000000000000000	1.00000000000000000	159.90219516668221900	231.35137911644977748	1.00000000000000000	1.00000000000000000
FAM153CP	1.00000000000000000	1.00000000000000000	1.00000000000000000	1.00000000000000000	1.00000000000000000	54.89510703869228081	1.00000000000000000
FAM162B	1.00000000000000000	1.00000000000000000	1.00000000000000000	1.00000000000000000	394.06539370752477680	1.00000000000000000	56.90292743860110392
FAM167B	1.00000000000000000	1.00000000000000000	1.00000000000000000	1.00000000000000000	1.00000000000000000	1.00000000000000000	90.97032769216282588
FAM171B	1.00000000000000000	1.00000000000000000	1.00000000000000000	1.00000000000000000	1.00000000000000000	1.00000000000000000	59.52848808923673829
FAM174A	1.00000000000000000	1.00000000000000000	1.00000000000000000	1.00000000000000000	1.00000000000000000	36.92532255426712595	1.00000000000000000
FAM174B	1.00000000000000000	1.00000000000000000	1.00000000000000000	1.00000000000000000	1.00000000000000000	1.00000000000000000	64.32837655947244571
FAM174C	73.33091347634285739	97.39988827545870720	98.26451715580297730	1.00000000000000000	1.00000000000000000	196.91182496855458339	43.21891770631494722
FAM192A	1.00000000000000000	1.00000000000000000	1.00000000000000000	1.00000000000000000	56.90489837724032895	1.00000000000000000	1.00000000000000000
FAM204A	49.81430905853704161	73.23747942474446404	1.00000000000000000	163.32775791394416842	101.43418581083729180	57.35500003124028723	1.00000000000000000
FAM207A	41.52041930338771181	1.00000000000000000	1.00000000000000000	1.00000000000000000	1.00000000000000000	1.00000000000000000	146.87325513076399375
FAM20B	1.00000000000000000	1.00000000000000000	1.00000000000000000	1.00000000000000000	1.00000000000000000	59.37742863526628412	1.00000000000000000
FAM20C	44.68452074064198598	104.11079799742201146	1.00000000000000000	1.00000000000000000	58.72934925740558754	1.00000000000000000	1.00000000000000000
FAM210B	1.00000000000000000	59.52430075589206382	1.00000000000000000	1.00000000000000000	1.00000000000000000	1.00000000000000000	1.00000000000000000
FAM229B	64.33300331122818250	1.00000000000000000	1.00000000000000000	1.00000000000000000	1.00000000000000000	1.00000000000000000	22.85073345242518883
FAM234A	1.00000000000000000	39.69039663044986099	1.00000000000000000	1.00000000000000000	1.00000000000000000	1.00000000000000000	1.00000000000000000
FAM241A	1.00000000000000000	1.00000000000000000	1.00000000000000000	1.00000000000000000	1.00000000000000000	1.00000000000000000	22.85073345242518883
FAM49A	1.00000000000000000	1.00000000000000000	1.00000000000000000	1.00000000000000000	1.00000000000000000	54.13745413261852946	1.00000000000000000
FAM49B	1.00000000000000000	1.00000000000000000	1.00000000000000000	1.00000000000000000	1.00000000000000000	178.47027236260768746	1.00000000000000000
FAM89A	1.00000000000000000	1.00000000000000000	1.00000000000000000	1.00000000000000000	1.00000000000000000	1.00000000000000000	56.90292743860110392
FAM8A1	1.00000000000000000	1.00000000000000000	1.00000000000000000	1.00000000000000000	1.00000000000000000	1.00000000000000000	90.97032769216282588
FAM92A	41.41203884146806757	48.49395241131205125	1.00000000000000000	1.00000000000000000	1.00000000000000000	1.00000000000000000	1.00000000000000000
FAM98C	1.00000000000000000	1.00000000000000000	1.00000000000000000	1.00000000000000000	1.00000000000000000	1.00000000000000000	40.91644009028756557
FAP	121.60924580558807406	364.91529263696412499	108.20949528507910031	1.00000000000000000	1.00000000000000000	22.39793665938969980	1.00000000000000000
FARP1	1.00000000000000000	53.06462488331009553	1.00000000000000000	1.00000000000000000	90.55189190068993810	61.67312270844131916	1.00000000000000000
FARSA	1.00000000000000000	48.17662099349661986	1.00000000000000000	1.00000000000000000	1.00000000000000000	1.00000000000000000	59.52848808923673829
FAS	85.72978885388712911	1.00000000000000000	1.00000000000000000	1.00000000000000000	1.00000000000000000	1.00000000000000000	1.00000000000000000
FASTK	41.56650625856683234	89.61113621639088933	1.00000000000000000	85.81411999225507259	65.10527777133407312	1.00000000000000000	1.00000000000000000
FAT1	1.00000000000000000	1.00000000000000000	1.00000000000000000	125.68961655540481104	89.07624133577705550	22.69919975725280992	1.00000000000000000
FBLIM1	63.85086457756675316	79.45513084628575484	90.82087619621624697	172.85139392070931308	201.37239296654047394	1.00000000000000000	103.14262493866672799
FBLN1	991.02012658357773489	379.74387701281170848	272.38957488367464066	1.00000000000000000	1.00000000000000000	66.13335042068304404	1260.58458769027902235
FBLN2	203.81211431699654213	333.77464447772291578	1.00000000000000000	1.00000000000000000	1.00000000000000000	64.29667075818962019	1.00000000000000000
FBLN5	269.47959102964756539	88.40168712789693473	1.00000000000000000	1.00000000000000000	1.00000000000000000	200.75080653778769602	1.00000000000000000
FBN1	189.84556250073163142	256.78359918493629266	1.00000000000000000	1.00000000000000000	81.17078140011908260	1.00000000000000000	308.17960136888910938
FBP1	1.00000000000000000	1.00000000000000000	1.00000000000000000	1.00000000000000000	1.00000000000000000	435.32359355753493446	1.00000000000000000
FBXL5	1.00000000000000000	55.07285928033341094	1.00000000000000000	1.00000000000000000	1.00000000000000000	1.00000000000000000	22.10945885315748427
FBXO21	1.00000000000000000	1.00000000000000000	1.00000000000000000	1.00000000000000000	70.04933427075533814	39.96717451986996394	109.60463683836324833
FBXO3	1.00000000000000000	1.00000000000000000	1.00000000000000000	1.00000000000000000	1.00000000000000000	1.00000000000000000	56.90292743860110392
FBXO6	1.00000000000000000	1.00000000000000000	1.00000000000000000	1.00000000000000000	1.00000000000000000	43.71395870000128525	1.00000000000000000
FBXO9	1.00000000000000000	1.00000000000000000	1.00000000000000000	1.00000000000000000	1.00000000000000000	65.54252969897761716	1.00000000000000000
FBXW7	1.00000000000000000	1.00000000000000000	1.00000000000000000	1.00000000000000000	1.00000000000000000	1.00000000000000000	109.60463683836324833
FCER1G	1.00000000000000000	1.00000000000000000	1.00000000000000000	1.00000000000000000	1.00000000000000000	1478.68658436712985349	1.00000000000000000
FCGR2A	1.00000000000000000	1.00000000000000000	1.00000000000000000	1.00000000000000000	1.00000000000000000	138.29513872941862473	1.00000000000000000
FCGR2B	1.00000000000000000	1.00000000000000000	1.00000000000000000	1.00000000000000000	1.00000000000000000	283.69334729512308968	1.00000000000000000
FCGR3A	1.00000000000000000	1.00000000000000000	1.00000000000000000	1.00000000000000000	1.00000000000000000	670.07720342580500983	1.00000000000000000
FCN1	1.00000000000000000	1.00000000000000000	1.00000000000000000	1.00000000000000000	1.00000000000000000	166.17266185686017366	1.00000000000000000
FDFT1	1.00000000000000000	38.17352399541272945	1.00000000000000000	1.00000000000000000	55.15961966254243976	31.13645532915843361	1.00000000000000000
FEM1B	1.00000000000000000	1.00000000000000000	1.00000000000000000	1.00000000000000000	1.00000000000000000	51.23742179959624110	1.00000000000000000
FERMT2	121.23949563147826325	82.38658833888695199	1.00000000000000000	249.53667623225291550	168.55434215981631496	1.00000000000000000	1.00000000000000000
FERMT3	1.00000000000000000	1.00000000000000000	1.00000000000000000	1.00000000000000000	1.00000000000000000	51.69690428719447084	1.00000000000000000
FES	1.00000000000000000	1.00000000000000000	1.00000000000000000	1.00000000000000000	1.00000000000000000	41.78592058374606921	1.00000000000000000
FEZ1	81.49833319563811074	1.00000000000000000	1.00000000000000000	57.50334883250149431	1.00000000000000000	1.00000000000000000	1.00000000000000000
FGF11	1.00000000000000000	1.00000000000000000	1.00000000000000000	1.00000000000000000	1.00000000000000000	46.70848746634475646	1.00000000000000000
FGF7	326.89638917698266596	196.55154866568190641	198.73215545633945567	1.00000000000000000	1.00000000000000000	1.00000000000000000	180.94065538432568019
FGFR1	121.53801428720488786	129.98552008145574632	1.00000000000000000	1.00000000000000000	1.00000000000000000	1.00000000000000000	40.91644009028756557
FGL2	1.00000000000000000	1.00000000000000000	1.00000000000000000	1.00000000000000000	1.00000000000000000	151.52000834975476096	22.10945885315748427
FGR	1.00000000000000000	1.00000000000000000	1.00000000000000000	1.00000000000000000	1.00000000000000000	84.65043367599116664	1.00000000000000000
FH	1.00000000000000000	1.00000000000000000	1.00000000000000000	1.00000000000000000	1.00000000000000000	1.00000000000000000	19.63430914620041179
FHL3	55.23441398831428018	80.24887857472803887	70.50195648959358152	1.00000000000000000	56.45685468666824391	1.00000000000000000	43.60878418267682122
FHL5	1.00000000000000000	1.00000000000000000	1.00000000000000000	85.90285897652638880	94.37087826398959578	1.00000000000000000	1.00000000000000000
FIBIN	155.50225919869043878	136.90656471402152761	1.00000000000000000	1.00000000000000000	1.00000000000000000	118.29070563151539375	1.00000000000000000
FIBP	108.72511099162554160	91.26876226186864471	1.00000000000000000	127.50731206675213514	109.00413312583354752	69.71896871365929371	1.00000000000000000
FILIP1	1.00000000000000000	1.00000000000000000	1.00000000000000000	255.96762702576856441	176.52394922591767568	1.00000000000000000	1.00000000000000000
FILIP1L	126.04833974559616649	169.92747195001206251	113.25418988028343392	622.49467332331164471	422.84009109391746506	195.02262021345811149	93.16733769843793311
FIP1L1	31.39205049502838918	1.00000000000000000	1.00000000000000000	1.00000000000000000	1.00000000000000000	1.00000000000000000	22.10945885315748427
FKBP11	190.03107890093431820	151.67403650207262444	112.07577879868732396	1.00000000000000000	161.01907603166080207	1.00000000000000000	1.00000000000000000
FKBP14	60.59306878523552342	1.00000000000000000	1.00000000000000000	1.00000000000000000	1.00000000000000000	1.00000000000000000	90.97032769216282588
FKBP4	1.00000000000000000	1.00000000000000000	1.00000000000000000	1.00000000000000000	82.45507643012639676	45.07282988383122557	1.00000000000000000
FKBP7	68.35905754131906065	116.70338183180923863	1.00000000000000000	1.00000000000000000	92.84593302017236738	1.00000000000000000	1.00000000000000000
FKBP9	81.72572988567594621	107.20639830676711313	1.00000000000000000	1.00000000000000000	1.00000000000000000	1.00000000000000000	22.10945885315748427
FLII	1.00000000000000000	1.00000000000000000	1.00000000000000000	1.00000000000000000	1.00000000000000000	53.45249875418979002	22.30439209133841061
FLNA	316.83597043894218359	413.77448166039835087	283.27319846788338964	1009.42973794474346505	337.82648986038367411	210.19365889787064816	64.32837655947244571
FLNC	1.00000000000000000	1.00000000000000000	1.00000000000000000	1.00000000000000000	1.00000000000000000	1.00000000000000000	40.91644009028756557
FLRT2	1.00000000000000000	1.00000000000000000	1.00000000000000000	1.00000000000000000	1.00000000000000000	1.00000000000000000	64.32837655947244571
FLT4	1.00000000000000000	1.00000000000000000	1.00000000000000000	1.00000000000000000	1.00000000000000000	1.00000000000000000	212.39629220079271477
FLYWCH2	42.07608408072097461	77.20649611165629267	1.00000000000000000	83.14852200881487931	71.31516858137332804	157.29664757589171131	1.00000000000000000
FMC1	1.00000000000000000	1.00000000000000000	1.00000000000000000	1.00000000000000000	75.10563026270537534	1.00000000000000000	1.00000000000000000
FMO2	285.06664051681849514	206.55452397710328682	272.38677214075420352	1.00000000000000000	1.00000000000000000	1.00000000000000000	1.00000000000000000
FMO3	1.00000000000000000	1.00000000000000000	1.00000000000000000	147.78535491347116704	1.00000000000000000	1.00000000000000000	1.00000000000000000
FMOD	128.44358861603467403	180.32486970637719992	1.00000000000000000	91.18780600817179049	1.00000000000000000	83.21484053311196760	1.00000000000000000
FNBP1L	1.00000000000000000	1.00000000000000000	1.00000000000000000	1.00000000000000000	1.00000000000000000	1.00000000000000000	40.91644009028756557
FNDC1	1.00000000000000000	89.15757145051291843	1.00000000000000000	1.00000000000000000	1.00000000000000000	1.00000000000000000	1.00000000000000000
FNDC3A	1.00000000000000000	1.00000000000000000	1.00000000000000000	1.00000000000000000	1.00000000000000000	63.93283881022459525	43.21891770631494722
FOSB	394.04872131827403337	82.76543837521521141	110.16264027702492001	1.00000000000000000	1.00000000000000000	108.91674142570808215	359.86080050367718286
FOSL2	86.43214502252580189	84.82774076204087521	1.00000000000000000	1.00000000000000000	1.00000000000000000	40.85646158113595305	22.10945885315748427
FOXK2	1.00000000000000000	1.00000000000000000	1.00000000000000000	1.00000000000000000	1.00000000000000000	1.00000000000000000	90.97032769216282588
FOXO1	51.99605932324261914	84.43130698713585502	1.00000000000000000	1.00000000000000000	1.00000000000000000	1.00000000000000000	109.60463683836324833
FOXS1	1.00000000000000000	1.00000000000000000	1.00000000000000000	139.31004635235214550	225.66158655200877092	1.00000000000000000	1.00000000000000000
FPGS	1.00000000000000000	1.00000000000000000	1.00000000000000000	1.00000000000000000	1.00000000000000000	1.00000000000000000	115.01807115086310773
FPR1	1.00000000000000000	1.00000000000000000	1.00000000000000000	1.00000000000000000	1.00000000000000000	113.90682297562827330	1.00000000000000000
FPR3	1.00000000000000000	1.00000000000000000	1.00000000000000000	1.00000000000000000	1.00000000000000000	60.15929395246064360	1.00000000000000000
FRG1	1.00000000000000000	72.81662948560965276	1.00000000000000000	96.51846282867380467	65.99797266089088055	1.00000000000000000	1.00000000000000000
FRMD3	1.00000000000000000	1.00000000000000000	1.00000000000000000	1.00000000000000000	72.17508284218575909	1.00000000000000000	1.00000000000000000
FRMD4A	1.00000000000000000	1.00000000000000000	1.00000000000000000	50.10228317573261592	1.00000000000000000	16.80362254304431247	1.00000000000000000
FRMD4B	1.00000000000000000	1.00000000000000000	1.00000000000000000	1.00000000000000000	1.00000000000000000	67.72564045773059149	120.78694915300694390
FRMD6	1.00000000000000000	95.28292954378972013	1.00000000000000000	1.00000000000000000	1.00000000000000000	1.00000000000000000	102.13727227191350266
FRMD6.AS1	1.00000000000000000	1.00000000000000000	1.00000000000000000	1.00000000000000000	1.00000000000000000	1.00000000000000000	19.63430914620041179
FRZB	165.48953449077225741	85.68922514582361316	1.00000000000000000	520.11948136754949701	650.48433087589307888	1.00000000000000000	1.00000000000000000
FSCN1	1.00000000000000000	61.10631793529294953	1.00000000000000000	1.00000000000000000	1.00000000000000000	1.00000000000000000	224.61170975440424513
FSTL3	101.60189599771699420	53.49287133200521538	1.00000000000000000	117.71992029007702740	1.00000000000000000	63.86761107453486375	1.00000000000000000
FUBP1	1.00000000000000000	1.00000000000000000	1.00000000000000000	1.00000000000000000	1.00000000000000000	65.82337377780889653	22.30439209133841061
FUOM	1.00000000000000000	1.00000000000000000	1.00000000000000000	1.00000000000000000	1.00000000000000000	80.35819952272994726	1.00000000000000000
FURIN	1.00000000000000000	1.00000000000000000	1.00000000000000000	1.00000000000000000	79.15629176051945137	1.00000000000000000	22.10945885315748427
FXYD1	185.47646019925744554	1.00000000000000000	1.00000000000000000	262.60004421897320981	51.64029238363902863	32.70051797588301667	1.00000000000000000
FYB1	1.00000000000000000	1.00000000000000000	1.00000000000000000	1.00000000000000000	1.00000000000000000	230.02666309332593642	1.00000000000000000
FYTTD1	1.00000000000000000	48.79625250264652436	1.00000000000000000	86.75819969389819164	1.00000000000000000	56.03968365011910180	109.60463683836324833
FZD1	54.37451879791405673	44.99180835488494523	1.00000000000000000	1.00000000000000000	1.00000000000000000	1.00000000000000000	1.00000000000000000
G0S2	178.61268217671778302	1.00000000000000000	155.38625834026296957	1.00000000000000000	135.30528541309155344	37.51118225708921017	1.00000000000000000
G3BP2	48.65809286391993993	1.00000000000000000	1.00000000000000000	1.00000000000000000	1.00000000000000000	57.12635471478982652	1.00000000000000000
G6PC3	57.16223237673445823	47.44152464086609911	1.00000000000000000	1.00000000000000000	1.00000000000000000	1.00000000000000000	1.00000000000000000
GAA	66.44561740859126076	51.10634952590740454	1.00000000000000000	1.00000000000000000	1.00000000000000000	65.97911122252014593	1.00000000000000000
GABPB1.IT1	1.00000000000000000	61.82060221734874972	1.00000000000000000	1.00000000000000000	59.51365670751551562	1.00000000000000000	1.00000000000000000
GADD45A	164.25879804011091778	69.00870308710928214	1.00000000000000000	1.00000000000000000	1.00000000000000000	1.00000000000000000	1.00000000000000000
GALK1	1.00000000000000000	49.09140193508406469	1.00000000000000000	1.00000000000000000	58.74865423123992514	1.00000000000000000	56.90292743860110392
GALNT18	1.00000000000000000	1.00000000000000000	1.00000000000000000	1.00000000000000000	1.00000000000000000	1.00000000000000000	38.26861829240073121
GALNT2	56.27400345392740633	46.84085886924262354	1.00000000000000000	1.00000000000000000	1.00000000000000000	22.69919975725280992	1.00000000000000000
GALT	1.00000000000000000	1.00000000000000000	1.00000000000000000	1.00000000000000000	1.00000000000000000	38.15226920406117728	1.00000000000000000
GANAB	83.45162821302631073	59.64478499824360824	1.00000000000000000	1.00000000000000000	1.00000000000000000	1.00000000000000000	1.00000000000000000
GAS1	1.00000000000000000	96.39835262402652916	1.00000000000000000	1.00000000000000000	1.00000000000000000	1.00000000000000000	1.00000000000000000
GAS6	93.25650288197128646	91.69287293884369205	1.00000000000000000	1.00000000000000000	88.42774160430727193	1.00000000000000000	1.00000000000000000
GAS7	47.79212002809784821	57.44394250861419238	1.00000000000000000	1.00000000000000000	1.00000000000000000	1.00000000000000000	1.00000000000000000
GASK1B	1.00000000000000000	67.80850217742751340	1.00000000000000000	1.00000000000000000	1.00000000000000000	1.00000000000000000	1.00000000000000000
GBP1	72.10160835223624076	193.40549001500082227	1.00000000000000000	216.65888451348166654	200.39763303610322964	77.40388953792771076	1.00000000000000000
GBP3	1.00000000000000000	1.00000000000000000	1.00000000000000000	1.00000000000000000	1.00000000000000000	48.32453463076281253	1.00000000000000000
GBP4	1.00000000000000000	1.00000000000000000	1.00000000000000000	1.00000000000000000	107.65944554443845504	1.00000000000000000	1.00000000000000000
GCA	1.00000000000000000	1.00000000000000000	1.00000000000000000	1.00000000000000000	1.00000000000000000	78.03320655328059274	1.00000000000000000
GCHFR	1.00000000000000000	1.00000000000000000	1.00000000000000000	1.00000000000000000	1.00000000000000000	79.21168645647831852	1.00000000000000000
GCSH	105.46695442230013384	57.13269274287753774	1.00000000000000000	1.00000000000000000	1.00000000000000000	12.85271690728323435	1.00000000000000000
GDAP1	1.00000000000000000	1.00000000000000000	1.00000000000000000	1.00000000000000000	1.00000000000000000	1.00000000000000000	19.63430914620041179
GDE1	1.00000000000000000	43.04031460820086608	1.00000000000000000	1.00000000000000000	1.00000000000000000	1.00000000000000000	90.97032769216299641
GDI1	1.00000000000000000	47.32493707961995710	1.00000000000000000	1.00000000000000000	63.21936732049171326	1.00000000000000000	1.00000000000000000
GET1	1.00000000000000000	1.00000000000000000	1.00000000000000000	1.00000000000000000	1.00000000000000000	36.75235262039100803	1.00000000000000000
GFM1	1.00000000000000000	1.00000000000000000	1.00000000000000000	1.00000000000000000	1.00000000000000000	1.00000000000000000	153.28219116532525845
GFOD2	1.00000000000000000	1.00000000000000000	1.00000000000000000	1.00000000000000000	1.00000000000000000	1.00000000000000000	64.32837655947244571
GFPT1	42.74822530666377673	1.00000000000000000	1.00000000000000000	1.00000000000000000	1.00000000000000000	1.00000000000000000	1.00000000000000000
GFPT2	88.18473617682239762	48.19907672532064424	1.00000000000000000	1.00000000000000000	1.00000000000000000	1.00000000000000000	1.00000000000000000
GGA1	1.00000000000000000	1.00000000000000000	1.00000000000000000	1.00000000000000000	1.00000000000000000	27.98540991782311949	168.70878231580317674
GGPS1	1.00000000000000000	1.00000000000000000	1.00000000000000000	1.00000000000000000	56.68477376072382157	59.98193317446347805	1.00000000000000000
GIMAP4	1.00000000000000000	1.00000000000000000	1.00000000000000000	1.00000000000000000	1.00000000000000000	21.69106530224451745	296.33478453857270551
GIMAP6	1.00000000000000000	1.00000000000000000	1.00000000000000000	1.00000000000000000	1.00000000000000000	1.00000000000000000	99.44492817952432517
GIMAP7	1.00000000000000000	1.00000000000000000	1.00000000000000000	1.00000000000000000	1.00000000000000000	1.00000000000000000	291.71625592758908851
GINS2	1.00000000000000000	1.00000000000000000	1.00000000000000000	1.00000000000000000	1.00000000000000000	35.51672424009831275	1.00000000000000000
GIPC1	35.73184601431730556	1.00000000000000000	1.00000000000000000	1.00000000000000000	1.00000000000000000	1.00000000000000000	1.00000000000000000
GJA1	54.67762717280883322	81.31017930809244376	1.00000000000000000	1.00000000000000000	1.00000000000000000	1.00000000000000000	389.62938518109439201
GJA4	1.00000000000000000	1.00000000000000000	1.00000000000000000	196.38102350243204341	679.76350086765319247	39.21580795402707054	1.00000000000000000
GJA5	61.52744864444006367	1.00000000000000000	1.00000000000000000	1.00000000000000000	1.00000000000000000	1.00000000000000000	1.00000000000000000
GJB2	1.00000000000000000	90.67498589758560001	1.00000000000000000	1.00000000000000000	1.00000000000000000	1.00000000000000000	1.00000000000000000
GJC1	1.00000000000000000	1.00000000000000000	1.00000000000000000	68.41610679419596863	266.67817616442073358	1.00000000000000000	1.00000000000000000
GLA	1.00000000000000000	1.00000000000000000	1.00000000000000000	1.00000000000000000	60.93296361184032151	57.35500003124028723	1.00000000000000000
GLB1	73.25670429812653595	53.23242891887720418	1.00000000000000000	1.00000000000000000	1.00000000000000000	234.69299274950782319	1.00000000000000000
GLIPR1	79.75472183026849393	69.96955567236611273	1.00000000000000000	118.68654804196100372	1.00000000000000000	56.30173598951924419	1.00000000000000000
GLIPR2	71.54301346951385199	46.67262113044716187	1.00000000000000000	203.50662187335294107	1.00000000000000000	71.35296356043429000	109.60463683836324833
GLMP	72.26316264871883277	76.92361043240808272	1.00000000000000000	1.00000000000000000	1.00000000000000000	35.83560289614371897	1.00000000000000000
GLO1	80.16260392228539899	84.41151370733199144	90.28345082528252874	1.00000000000000000	88.96643892313460356	65.44961799020074977	1.00000000000000000
GLRX	83.10066085311963491	100.46786165753590581	210.48133560914405393	1.00000000000000000	160.81127381856791203	111.73796352663356402	1.00000000000000000
GLRX2	1.00000000000000000	1.00000000000000000	1.00000000000000000	1.00000000000000000	1.00000000000000000	1.00000000000000000	109.60463683836324833
GLRX3	64.83166733239828261	83.31892400554399103	1.00000000000000000	119.67534802265338101	69.28541632175907239	1.00000000000000000	1.00000000000000000
GLT8D1	78.35259092260453428	91.65889985375616789	1.00000000000000000	1.00000000000000000	58.77050038404819077	1.00000000000000000	1.00000000000000000
GLT8D2	84.24261071334321116	153.47450261831454554	1.00000000000000000	1.00000000000000000	1.00000000000000000	1.00000000000000000	19.63430914620041179
GLTP	1.00000000000000000	1.00000000000000000	1.00000000000000000	1.00000000000000000	1.00000000000000000	153.34574194013055148	56.90292743860110392
GLUD1	1.00000000000000000	1.00000000000000000	1.00000000000000000	95.32704887265163052	59.33142408797264267	1.00000000000000000	1.00000000000000000
GMEB1	1.00000000000000000	1.00000000000000000	1.00000000000000000	1.00000000000000000	1.00000000000000000	1.00000000000000000	56.90292743860110392
GMFG	1.00000000000000000	1.00000000000000000	1.00000000000000000	178.60558646622445167	280.20658561570002121	178.55865211679900995	564.58563202465825270
GNA13	1.00000000000000000	1.00000000000000000	1.00000000000000000	1.00000000000000000	1.00000000000000000	56.86054138752616893	162.04510539264470026
GNA15	1.00000000000000000	1.00000000000000000	1.00000000000000000	1.00000000000000000	1.00000000000000000	93.43634139792176541	1.00000000000000000
GNB4	1.00000000000000000	49.87409918056369662	1.00000000000000000	1.00000000000000000	75.10760059179021653	54.13652926125686093	1.00000000000000000
GNL2	48.76512779534087372	1.00000000000000000	1.00000000000000000	1.00000000000000000	1.00000000000000000	1.00000000000000000	1.00000000000000000
GNL3	91.62383642025254460	83.04671882869541832	1.00000000000000000	1.00000000000000000	53.61179427371882866	1.00000000000000000	19.63430914620035139
GNPAT	1.00000000000000000	1.00000000000000000	1.00000000000000000	1.00000000000000000	1.00000000000000000	34.91825378981254602	1.00000000000000000
GNPTAB	1.00000000000000000	54.22886306845587256	1.00000000000000000	1.00000000000000000	1.00000000000000000	25.23969488658728011	19.61204799894915496
GNPTG	1.00000000000000000	53.35833588844976560	1.00000000000000000	1.00000000000000000	1.00000000000000000	1.00000000000000000	1.00000000000000000
GNS	1.00000000000000000	1.00000000000000000	1.00000000000000000	1.00000000000000000	1.00000000000000000	63.59320932339237942	1.00000000000000000
GOLGA2	72.65326979429462995	84.59308249802676016	1.00000000000000000	140.06832668023255906	1.00000000000000000	1.00000000000000000	1.00000000000000000
GOLGA3	1.00000000000000000	1.00000000000000000	1.00000000000000000	71.93097984369862274	1.00000000000000000	1.00000000000000000	1.00000000000000000
GOLGB1	68.39160671554320459	68.66753036712215419	1.00000000000000000	80.10179820094458591	48.42294710488091880	1.00000000000000000	22.85073345242518883
GOLM1	1.00000000000000000	106.00937991312412123	1.00000000000000000	1.00000000000000000	1.00000000000000000	1.00000000000000000	1.00000000000000000
GOPC	46.65947168915865717	70.90643503915548251	1.00000000000000000	1.00000000000000000	1.00000000000000000	1.00000000000000000	1.00000000000000000
GOSR1	1.00000000000000000	1.00000000000000000	1.00000000000000000	1.00000000000000000	1.00000000000000000	57.44370490745031788	1.00000000000000000
GOSR2	1.00000000000000000	42.31262916876683278	1.00000000000000000	1.00000000000000000	1.00000000000000000	1.00000000000000000	22.30439209133841061
GOT1	1.00000000000000000	1.00000000000000000	1.00000000000000000	1.00000000000000000	1.00000000000000000	1.00000000000000000	40.91644009028756557
GPAT3	1.00000000000000000	1.00000000000000000	1.00000000000000000	1.00000000000000000	1.00000000000000000	1.00000000000000000	43.21891770631494722
GPAT4	1.00000000000000000	1.00000000000000000	1.00000000000000000	1.00000000000000000	1.00000000000000000	1.00000000000000000	109.60463683836324833
GPATCH2L	1.00000000000000000	1.00000000000000000	1.00000000000000000	1.00000000000000000	1.00000000000000000	27.32672174495056439	1.00000000000000000
GPC3	236.54449707404452852	1.00000000000000000	1.00000000000000000	1.00000000000000000	1.00000000000000000	1.00000000000000000	270.91098307648837817
GPC6	1.00000000000000000	116.79140956945953178	1.00000000000000000	1.00000000000000000	1.00000000000000000	1.00000000000000000	1.00000000000000000
GPCPD1	1.00000000000000000	1.00000000000000000	1.00000000000000000	1.00000000000000000	1.00000000000000000	67.43889572661483101	1.00000000000000000
GPM6B	1.00000000000000000	77.73219887990464372	1.00000000000000000	96.85900964571990812	77.88623952255031213	42.48560346877389549	1.00000000000000000
GPN3	1.00000000000000000	1.00000000000000000	1.00000000000000000	1.00000000000000000	1.00000000000000000	187.08310319109480702	1.00000000000000000
GPNMB	218.72749378876608262	174.97541492763909332	204.15918046723652424	1.00000000000000000	1.00000000000000000	270.33797176376623383	1.00000000000000000
GPR137B	1.00000000000000000	1.00000000000000000	1.00000000000000000	1.00000000000000000	1.00000000000000000	89.34289784225775577	1.00000000000000000
GPR146	1.00000000000000000	1.00000000000000000	1.00000000000000000	1.00000000000000000	1.00000000000000000	1.00000000000000000	180.94065538432568019
GPR183	1.00000000000000000	1.00000000000000000	1.00000000000000000	1.00000000000000000	1.00000000000000000	90.11779299428975776	1.00000000000000000
GPR20	1.00000000000000000	1.00000000000000000	1.00000000000000000	1.00000000000000000	72.60750186084371194	1.00000000000000000	1.00000000000000000
GPR68	1.00000000000000000	58.01601894921975600	1.00000000000000000	1.00000000000000000	1.00000000000000000	1.00000000000000000	1.00000000000000000
GPRC5A	106.85511575889240987	1.00000000000000000	1.00000000000000000	1.00000000000000000	1.00000000000000000	1.00000000000000000	1.00000000000000000
GPRC5C	1.00000000000000000	1.00000000000000000	1.00000000000000000	67.58371497285767759	58.50608894212155775	1.00000000000000000	1.00000000000000000
GPS2	1.00000000000000000	61.07340057781335929	1.00000000000000000	1.00000000000000000	57.26539021805898955	32.49032357209698318	1.00000000000000000
GPSM3	1.00000000000000000	1.00000000000000000	1.00000000000000000	1.00000000000000000	58.12479606615869443	103.58883003746386464	43.21891770631494722
GPX7	53.03546330864595149	103.65526024615836320	1.00000000000000000	1.00000000000000000	1.00000000000000000	43.15024164735000767	1.00000000000000000
GRB2	1.00000000000000000	1.00000000000000000	1.00000000000000000	1.00000000000000000	1.00000000000000000	57.12894071084871683	56.90292743860110392
GREM1	1.00000000000000000	206.76171020978651427	1.00000000000000000	1.00000000000000000	1.00000000000000000	1.00000000000000000	1.00000000000000000
GRK5	1.00000000000000000	1.00000000000000000	1.00000000000000000	111.49723650799656127	133.54868719106761432	1.00000000000000000	1.00000000000000000
GRPEL2	1.00000000000000000	1.00000000000000000	1.00000000000000000	1.00000000000000000	1.00000000000000000	1.00000000000000000	56.90292743860110392
GRSF1	1.00000000000000000	59.26557846918304762	1.00000000000000000	1.00000000000000000	47.77310336274741331	1.00000000000000000	1.00000000000000000
GRWD1	1.00000000000000000	1.00000000000000000	1.00000000000000000	1.00000000000000000	1.00000000000000000	1.00000000000000000	38.26861829240080226
GSPT1	35.94943738749523732	1.00000000000000000	1.00000000000000000	1.00000000000000000	1.00000000000000000	1.00000000000000000	1.00000000000000000
GSTA4	44.66787549311116834	1.00000000000000000	1.00000000000000000	1.00000000000000000	55.40100919844594785	1.00000000000000000	38.26861829240073121
GSTM3	109.78068591915386776	96.03384927536896498	88.96667137698277372	361.80841175768205176	154.45281621427065488	58.88094759931549049	22.10945885315748427
GSTM4	1.00000000000000000	1.00000000000000000	1.00000000000000000	1.00000000000000000	82.55736733701017727	1.00000000000000000	1.00000000000000000
GSTM5	56.24427866368054652	1.00000000000000000	1.00000000000000000	1.00000000000000000	1.00000000000000000	1.00000000000000000	1.00000000000000000
GTF2E2	1.00000000000000000	40.36213242092603082	1.00000000000000000	1.00000000000000000	1.00000000000000000	1.00000000000000000	93.16733769843793311
GTF2F1	1.00000000000000000	61.63926301786981554	1.00000000000000000	1.00000000000000000	54.80019652810644004	20.60179649189108630	22.10945885315748427
GTPBP4	55.18965521406519770	1.00000000000000000	1.00000000000000000	1.00000000000000000	1.00000000000000000	1.00000000000000000	38.22409599789831702
GUCD1	1.00000000000000000	1.00000000000000000	1.00000000000000000	1.00000000000000000	1.00000000000000000	37.90833156143517613	1.00000000000000000
GUCY1A1	72.80622761899363127	71.95437756952195230	1.00000000000000000	1.00000000000000000	189.24227699122607760	71.10246778222960984	1.00000000000000000
GUCY1A2	1.00000000000000000	1.00000000000000000	1.00000000000000000	73.15641699183980506	243.74897023907868743	160.22067301488274893	1.00000000000000000
GUCY1B1	1.00000000000000000	1.00000000000000000	1.00000000000000000	147.49970856230697791	256.14993043743993439	1.00000000000000000	1.00000000000000000
GULP1	1.00000000000000000	80.34805532133547956	1.00000000000000000	1.00000000000000000	1.00000000000000000	1.00000000000000000	1.00000000000000000
H6PD	73.80109046596507483	1.00000000000000000	1.00000000000000000	1.00000000000000000	1.00000000000000000	1.00000000000000000	1.00000000000000000
HAAO	1.00000000000000000	1.00000000000000000	1.00000000000000000	1.00000000000000000	72.06527976803727142	1.00000000000000000	1.00000000000000000
HACD4	1.00000000000000000	1.00000000000000000	1.00000000000000000	1.00000000000000000	1.00000000000000000	77.23905441129920746	1.00000000000000000
HAGH	1.00000000000000000	1.00000000000000000	1.00000000000000000	1.00000000000000000	1.00000000000000000	47.61393922785118349	1.00000000000000000
HAPLN3	1.00000000000000000	138.82002481079248923	1.00000000000000000	1.00000000000000000	1.00000000000000000	38.01845073777626283	143.41079624644436308
HARS	1.00000000000000000	48.14391556640185854	1.00000000000000000	1.00000000000000000	68.23820562710214688	1.00000000000000000	1.00000000000000000
HAT1	1.00000000000000000	1.00000000000000000	1.00000000000000000	1.00000000000000000	77.45123429092774359	17.54622569715879976	1.00000000000000000
HAUS4	1.00000000000000000	1.00000000000000000	1.00000000000000000	1.00000000000000000	1.00000000000000000	28.02387372338283100	1.00000000000000000
HBA2	1.00000000000000000	1.00000000000000000	1.00000000000000000	1.00000000000000000	1.00000000000000000	1.00000000000000000	22.85073345242518883
HBB	130.77992720419291572	1.00000000000000000	172.86062045979534219	1.00000000000000000	1.00000000000000000	1.00000000000000000	148.76621197210224068
HBEGF	1.00000000000000000	1.00000000000000000	1.00000000000000000	1.00000000000000000	1.00000000000000000	61.51961502439373675	1.00000000000000000
HBP1	1.00000000000000000	90.13192287144444492	1.00000000000000000	1.00000000000000000	69.59741967883738312	1.00000000000000000	19.63430914620041179
HCCS	1.00000000000000000	1.00000000000000000	1.00000000000000000	1.00000000000000000	1.00000000000000000	189.96887574191302406	38.26861829240073121
HCLS1	1.00000000000000000	1.00000000000000000	1.00000000000000000	1.00000000000000000	1.00000000000000000	112.29336640953872006	1.00000000000000000
HCST	1.00000000000000000	1.00000000000000000	1.00000000000000000	1.00000000000000000	1.00000000000000000	245.97786317257151723	1.00000000000000000
HDAC1	1.00000000000000000	1.00000000000000000	1.00000000000000000	1.00000000000000000	67.77814374994945013	68.35464765005535526	115.01807115086310773
HDAC3	1.00000000000000000	45.41604112367156887	1.00000000000000000	1.00000000000000000	1.00000000000000000	1.00000000000000000	1.00000000000000000
HDAC4	1.00000000000000000	1.00000000000000000	1.00000000000000000	1.00000000000000000	1.00000000000000000	1.00000000000000000	90.97032769216282588
HDAC7	63.30595124639657456	56.98192176157100874	1.00000000000000000	1.00000000000000000	1.00000000000000000	1.00000000000000000	22.30439209133841061
HDAC8	1.00000000000000000	1.00000000000000000	1.00000000000000000	1.00000000000000000	1.00000000000000000	43.32503552962232618	1.00000000000000000
HDGF	41.24460023637289652	38.82167224679592721	1.00000000000000000	1.00000000000000000	1.00000000000000000	1.00000000000000000	1.00000000000000000
HECTD1	58.14243184153806965	57.54254613615815117	1.00000000000000000	1.00000000000000000	1.00000000000000000	1.00000000000000000	1.00000000000000000
HEG1	112.89606999686075994	97.03428125256762371	1.00000000000000000	1.00000000000000000	1.00000000000000000	67.57116813201780303	1.00000000000000000
HEPH	1.00000000000000000	44.59629676691277211	1.00000000000000000	1.00000000000000000	1.00000000000000000	1.00000000000000000	1.00000000000000000
HES1	1.00000000000000000	102.23088074770886635	1.00000000000000000	125.97844296556026222	107.49718685827902220	35.29831226093327956	275.42296509104716051
HES4	1.00000000000000000	1.00000000000000000	1.00000000000000000	115.09955955245698078	1.00000000000000000	1.00000000000000000	1.00000000000000000
HEXIM1	1.00000000000000000	1.00000000000000000	1.00000000000000000	1.00000000000000000	54.20470359942831351	75.03854280084075867	1.00000000000000000
HEY2	1.00000000000000000	1.00000000000000000	1.00000000000000000	1.00000000000000000	62.69336628246921350	1.00000000000000000	1.00000000000000000
HEYL	1.00000000000000000	1.00000000000000000	1.00000000000000000	108.29501282155155195	215.14035545602283150	1.00000000000000000	1.00000000000000000
HGF	65.77719690896567784	1.00000000000000000	1.00000000000000000	1.00000000000000000	1.00000000000000000	1.00000000000000000	1.00000000000000000
HGS	1.00000000000000000	1.00000000000000000	1.00000000000000000	1.00000000000000000	1.00000000000000000	41.52706021095664823	1.00000000000000000
HGSNAT	52.92748291753889589	1.00000000000000000	1.00000000000000000	1.00000000000000000	1.00000000000000000	1.00000000000000000	90.97032769216282588
HIC1	1.00000000000000000	1.00000000000000000	1.00000000000000000	1.00000000000000000	82.56306692682404957	1.00000000000000000	19.63430914620035139
HIGD1B	1.00000000000000000	1.00000000000000000	1.00000000000000000	1019.95078868291295748	1537.88075202286222520	45.18025526003346926	1.00000000000000000
HILPDA	183.44575263393451792	161.94428146167695104	207.27699432031920423	130.34077292480415622	1.00000000000000000	84.89964750542813476	1.00000000000000000
HINT2	50.53917381756343730	77.00855879465981957	1.00000000000000000	76.68039947265181411	108.99740701064203563	47.15102916821651036	1.00000000000000000
HIPK2	1.00000000000000000	1.00000000000000000	1.00000000000000000	1.00000000000000000	74.31246735603835418	65.78453502033633526	22.10945885315748427
HIPK3	1.00000000000000000	1.00000000000000000	1.00000000000000000	1.00000000000000000	1.00000000000000000	44.24334667947226762	1.00000000000000000
HIST1H4C	64.49605932417918552	50.16143105956230386	1.00000000000000000	84.15379737954856409	143.16520860807062832	1.00000000000000000	64.32837655947244571
HK1	1.00000000000000000	1.00000000000000000	1.00000000000000000	1.00000000000000000	1.00000000000000000	33.10315015440780684	1.00000000000000000
HLA.DMA	1.00000000000000000	1.00000000000000000	1.00000000000000000	1.00000000000000000	1.00000000000000000	212.02678556182524972	1.00000000000000000
HLA.DMB	1.00000000000000000	1.00000000000000000	1.00000000000000000	1.00000000000000000	1.00000000000000000	194.82043072487724089	270.91098307648837817
HLA.DPA1	64.59625772115195730	1.00000000000000000	1.00000000000000000	1.00000000000000000	1.00000000000000000	1660.25194709046286334	126.13400845564125063
HLA.DPB1	81.11302389713806349	59.12130601442041922	140.87119212795170142	1.00000000000000000	66.76775218885705954	1850.20332239921935980	199.57496453052610264
HLA.DQA1	1.00000000000000000	1.00000000000000000	1.00000000000000000	1.00000000000000000	1.00000000000000000	890.74620602932793645	1.00000000000000000
HLA.DQB1	1.00000000000000000	1.00000000000000000	1.00000000000000000	1.00000000000000000	1.00000000000000000	688.12250212317746900	90.97032769216282588
HLA.DRA	213.83457078635419180	76.28972018853522741	304.37299830855420169	102.31025312031572128	99.65764944338559417	5963.00145793596766453	630.79229384514042067
HLA.DRB1	136.13060473663671246	63.43240454580592314	1.00000000000000000	1.00000000000000000	1.00000000000000000	2694.57737469012226939	540.82196615297812059
HLA.DRB5	1.00000000000000000	1.00000000000000000	1.00000000000000000	1.00000000000000000	1.00000000000000000	1154.86241786207028781	1.00000000000000000
HLX	1.00000000000000000	59.30740885926127248	1.00000000000000000	1.00000000000000000	1.00000000000000000	24.94581034144575327	1.00000000000000000
HMBS	1.00000000000000000	1.00000000000000000	1.00000000000000000	1.00000000000000000	1.00000000000000000	1.00000000000000000	40.91644009028756557
HMCN1	99.91038550091862191	1.00000000000000000	1.00000000000000000	1.00000000000000000	1.00000000000000000	1.00000000000000000	1.00000000000000000
HMG20B	61.45090951442933402	97.62225843663081548	1.00000000000000000	94.06311995787437752	87.80280527966348814	19.83015448414117898	1.00000000000000000
HMGA1	97.14823237902638198	1.00000000000000000	1.00000000000000000	1.00000000000000000	1.00000000000000000	22.85110739782170342	1.00000000000000000
HMGB2	61.30302120971009572	51.43882650835567460	1.00000000000000000	211.97033494572329460	142.90536899719637631	141.78022397703489332	1.00000000000000000
HMGCL	1.00000000000000000	1.00000000000000000	1.00000000000000000	1.00000000000000000	1.00000000000000000	32.45851265452431988	1.00000000000000000
HMGXB4	43.06408942807024687	1.00000000000000000	1.00000000000000000	1.00000000000000000	1.00000000000000000	1.00000000000000000	38.26861829240073121
HMOX2	44.46483158166912375	73.54610476857637025	1.00000000000000000	151.67213840358147081	155.17907674225466508	1.00000000000000000	19.63430914620041179
HNMT	66.37120822943587939	109.72099887484941405	101.74506895992996647	1.00000000000000000	65.57073966349742022	83.54500036444441946	1.00000000000000000
HNRNPH3	118.13481526536021704	89.51521136376943844	1.00000000000000000	274.50890906351912690	103.81135884573103567	71.35704370801340701	43.21891770631494722
HNRNPUL2	1.00000000000000000	1.00000000000000000	1.00000000000000000	1.00000000000000000	1.00000000000000000	36.51067004625174661	115.01807115086310773
HOOK2	1.00000000000000000	1.00000000000000000	1.00000000000000000	1.00000000000000000	1.00000000000000000	64.76383805758725032	1.00000000000000000
HOPX	1.00000000000000000	378.89234111032413921	1.00000000000000000	316.31312810124967427	201.52408912653552875	152.23739592378919383	112.80585487720243520
HOXA5	1.00000000000000000	91.63530132786971194	1.00000000000000000	1.00000000000000000	76.84349360864800360	1.00000000000000000	1.00000000000000000
HOXB.AS1	1.00000000000000000	1.00000000000000000	1.00000000000000000	78.90824946466564427	1.00000000000000000	1.00000000000000000	1.00000000000000000
HOXB2	1.00000000000000000	70.20038640355303983	1.00000000000000000	1.00000000000000000	85.69321640143314767	31.34740662517220144	1.00000000000000000
HOXB6	1.00000000000000000	39.41018613714206964	1.00000000000000000	1.00000000000000000	1.00000000000000000	1.00000000000000000	1.00000000000000000
HPCAL1	1.00000000000000000	44.22843279959337082	1.00000000000000000	1.00000000000000000	1.00000000000000000	22.31602204061159966	1.00000000000000000
HPRT1	1.00000000000000000	1.00000000000000000	1.00000000000000000	90.84996472809280021	78.95608092049765503	78.59090322635596237	19.63430914620041179
HPS1	1.00000000000000000	1.00000000000000000	1.00000000000000000	1.00000000000000000	1.00000000000000000	6.13179090957374839	78.56803144669200378
HPS3	1.00000000000000000	1.00000000000000000	1.00000000000000000	1.00000000000000000	1.00000000000000000	1.00000000000000000	109.60463683836324833
HRC	1.00000000000000000	1.00000000000000000	1.00000000000000000	1.00000000000000000	68.50177184542540942	1.00000000000000000	1.00000000000000000
HS2ST1	1.00000000000000000	44.65524994537727821	1.00000000000000000	1.00000000000000000	1.00000000000000000	1.00000000000000000	1.00000000000000000
HSCB	1.00000000000000000	1.00000000000000000	1.00000000000000000	1.00000000000000000	1.00000000000000000	1.00000000000000000	43.21891770631494722
HSD11B1	57.79852030744871882	63.25738097927159487	1.00000000000000000	1.00000000000000000	1.00000000000000000	1.00000000000000000	1.00000000000000000
HSD17B4	1.00000000000000000	1.00000000000000000	1.00000000000000000	1.00000000000000000	1.00000000000000000	84.17792255341618102	19.61204799894915496
HSF1	1.00000000000000000	67.80039144343432156	1.00000000000000000	1.00000000000000000	1.00000000000000000	1.00000000000000000	1.00000000000000000
HSPA2	1.00000000000000000	1.00000000000000000	1.00000000000000000	273.54844673920359810	1.00000000000000000	1.00000000000000000	1.00000000000000000
HSPA4	1.00000000000000000	1.00000000000000000	1.00000000000000000	1.00000000000000000	1.00000000000000000	1.00000000000000000	90.97032769216282588
HSPA6	1.00000000000000000	1.00000000000000000	1.00000000000000000	1.00000000000000000	1.00000000000000000	215.38674983978467026	1.00000000000000000
HSPB11	48.89076250405571500	1.00000000000000000	1.00000000000000000	1.00000000000000000	65.32051859557059004	65.22411756693587392	1.00000000000000000
HSPB2	59.53154702922174124	45.46993052904984722	1.00000000000000000	139.02637682048691659	118.18860618540787755	1.00000000000000000	1.00000000000000000
HSPB6	71.02953646504037977	1.00000000000000000	1.00000000000000000	97.77649337331882862	1.00000000000000000	1.00000000000000000	1.00000000000000000
HSPG2	64.06880197324309734	191.32729930140220631	1.00000000000000000	1.00000000000000000	1.00000000000000000	54.89510703869228081	109.60463683836344728
HSPH1	61.08241766223358127	1.00000000000000000	1.00000000000000000	1.00000000000000000	1.00000000000000000	78.90282419540801584	38.26861829240080226
HTATIP2	1.00000000000000000	47.18942502155439200	1.00000000000000000	1.00000000000000000	1.00000000000000000	1.00000000000000000	22.10945885315748427
HTATSF1	1.00000000000000000	1.00000000000000000	1.00000000000000000	1.00000000000000000	1.00000000000000000	1.00000000000000000	40.91644009028756557
HTRA1	186.05386612104254596	263.62540530825708629	1.00000000000000000	1.00000000000000000	1.00000000000000000	72.65941032234813690	146.87325513076427796
HTRA2	1.00000000000000000	54.56678258044776442	1.00000000000000000	1.00000000000000000	1.00000000000000000	1.00000000000000000	1.00000000000000000
HTRA3	106.92124866052968457	484.40358776850627009	1.00000000000000000	1.00000000000000000	1.00000000000000000	65.34776806927500559	1.00000000000000000
HYAL2	48.06615501020365855	1.00000000000000000	1.00000000000000000	1.00000000000000000	1.00000000000000000	35.70986041134814570	449.96124227999348477
HYI	54.46464792624279738	50.99039501321617252	1.00000000000000000	1.00000000000000000	1.00000000000000000	1.00000000000000000	1.00000000000000000
IARS	55.74834924725089280	1.00000000000000000	1.00000000000000000	1.00000000000000000	1.00000000000000000	1.00000000000000000	43.21891770631494722
ICAM1	109.35972796625237891	52.77923130462787782	1.00000000000000000	1.00000000000000000	1.00000000000000000	52.44672569213045676	22.10945885315748427
ID1	1.00000000000000000	130.40988505087779004	1.00000000000000000	248.15326412739094053	138.27456397585652326	1.00000000000000000	409.57049975466702563
ID4	1.00000000000000000	1.00000000000000000	1.00000000000000000	397.04908041429024479	1.00000000000000000	1.00000000000000000	1.00000000000000000
IDH2	92.18255263486923923	80.91493997123474458	1.00000000000000000	186.48207847463280018	159.61557642286192049	140.36550991683122902	1.00000000000000000
IDH3A	1.00000000000000000	1.00000000000000000	1.00000000000000000	1.00000000000000000	1.00000000000000000	1.00000000000000000	19.63430914620041179
IFI27L1	1.00000000000000000	1.00000000000000000	1.00000000000000000	1.00000000000000000	1.00000000000000000	187.33160188552020031	1.00000000000000000
IFI30	46.32070715742034395	143.35935112315095807	1.00000000000000000	1.00000000000000000	69.92775505256693691	2219.12730107759489329	109.60463683836324833
IFI35	1.00000000000000000	91.53913897504153852	1.00000000000000000	1.00000000000000000	104.52060714873110214	1.00000000000000000	1.00000000000000000
IFI44L	1.00000000000000000	1.00000000000000000	1.00000000000000000	1.00000000000000000	92.21925168033561704	1.00000000000000000	1.00000000000000000
IFIT1	1.00000000000000000	1.00000000000000000	1.00000000000000000	1.00000000000000000	65.37881374666032741	1.00000000000000000	1.00000000000000000
IFIT3	1.00000000000000000	85.12680925528266584	1.00000000000000000	1.00000000000000000	132.87848442120261439	81.65505118862013489	1.00000000000000000
IFITM1	49.76533627025509077	294.09783394788257738	173.62519739152031661	1.00000000000000000	446.79423419377582150	85.76703702126201279	1.00000000000000000
IFNAR1	55.30729620125487145	42.26319172041582561	1.00000000000000000	64.00264766335564559	61.17946575956898414	76.28587239094852634	1.00000000000000000
IFRD2	1.00000000000000000	1.00000000000000000	1.00000000000000000	1.00000000000000000	1.00000000000000000	1.00000000000000000	80.83288018057514535
IFT22	1.00000000000000000	42.44079781690101782	1.00000000000000000	1.00000000000000000	1.00000000000000000	1.00000000000000000	1.00000000000000000
IFT27	1.00000000000000000	50.97469328012850553	1.00000000000000000	1.00000000000000000	1.00000000000000000	1.00000000000000000	56.90292743860110392
IFT57	79.28468057400144176	72.67243810307004992	1.00000000000000000	195.75927700479559235	64.15682801212605568	171.34853972332169292	38.26861829240073121
IGBP1	107.41338109697420578	97.65774104997808536	149.18209646292649495	67.06180956482789668	103.76462175142462740	35.50327670573478400	1.00000000000000000
IGF1	725.84032776162280243	165.28727597078722056	1.00000000000000000	1.00000000000000000	1.00000000000000000	117.66876846766487574	760.18943503992841215
IGFBP3	84.69478430707182781	357.19684983314732563	146.80894955272168545	1.00000000000000000	1.00000000000000000	1.00000000000000000	1.00000000000000000
IGFBP5	323.67118286601606769	849.29921079868199740	900.33647122332547497	1399.57522522436670442	266.56870519041694934	227.65571368211843151	277.50201309531365723
IGFBP6	351.73797795742365224	358.37877736003139262	297.31101345546676384	78.56910770241391617	78.37204863615765760	1.00000000000000000	180.94065538432568019
IGFLR1	1.00000000000000000	1.00000000000000000	1.00000000000000000	1.00000000000000000	1.00000000000000000	84.58988831869496039	1.00000000000000000
IGHG3	127.26811894598625940	94.47652902834778388	1.00000000000000000	189.95326828037195810	102.02144125928509766	99.70729033202101732	212.09458853157485692
IGLC1	112.78686894619310976	1.00000000000000000	569.11295724646777217	126.69740985237461928	83.66194874638897261	168.53193958517749707	148.76621197210224068
IGLC3	81.63252187552072314	69.63378710064613131	1.00000000000000000	145.77648376986644507	1.00000000000000000	181.44366719176255742	1.00000000000000000
IGSF6	1.00000000000000000	1.00000000000000000	1.00000000000000000	1.00000000000000000	1.00000000000000000	100.79729886891207968	1.00000000000000000
IK	71.17301855964940671	86.62168513909483636	1.00000000000000000	141.18490136401769064	167.54714727815840547	45.18183560896003570	1.00000000000000000
IKBKG	1.00000000000000000	1.00000000000000000	1.00000000000000000	1.00000000000000000	1.00000000000000000	1.00000000000000000	115.01807115086310773
IL10RA	1.00000000000000000	1.00000000000000000	1.00000000000000000	1.00000000000000000	1.00000000000000000	39.14201064928070650	1.00000000000000000
IL10RB	1.00000000000000000	46.55093965045442417	1.00000000000000000	1.00000000000000000	1.00000000000000000	141.45898503783914180	1.00000000000000000
IL15RA	63.44862322064584248	85.11927355479765822	1.00000000000000000	1.00000000000000000	1.00000000000000000	1.00000000000000000	1.00000000000000000
IL18	1.00000000000000000	1.00000000000000000	1.00000000000000000	1.00000000000000000	1.00000000000000000	66.29402216317726015	1.00000000000000000
IL1R1	276.04215888784267463	179.85595718316841385	141.20587792034956465	1.00000000000000000	1.00000000000000000	33.17388403463749569	1.00000000000000000
IL2RG	1.00000000000000000	1.00000000000000000	1.00000000000000000	1.00000000000000000	1.00000000000000000	32.03659795336677973	1.00000000000000000
IL4R	1.00000000000000000	58.80068596639749501	1.00000000000000000	1.00000000000000000	1.00000000000000000	1.00000000000000000	19.63430914620041179
IL6	417.52690086741387177	1.00000000000000000	1.00000000000000000	1.00000000000000000	1.00000000000000000	1.00000000000000000	1.00000000000000000
IL7	1.00000000000000000	1.00000000000000000	1.00000000000000000	1.00000000000000000	1.00000000000000000	1.00000000000000000	205.26755517761722558
ILRUN	1.00000000000000000	1.00000000000000000	1.00000000000000000	1.00000000000000000	1.00000000000000000	1.00000000000000000	19.63430914620041179
ILVBL	56.40904830740165465	1.00000000000000000	1.00000000000000000	1.00000000000000000	1.00000000000000000	1.00000000000000000	1.00000000000000000
IMMP1L	1.00000000000000000	1.00000000000000000	1.00000000000000000	1.00000000000000000	1.00000000000000000	1.00000000000000000	90.97032769216282588
IMMP2L	1.00000000000000000	1.00000000000000000	1.00000000000000000	1.00000000000000000	1.00000000000000000	1.00000000000000000	109.60463683836324833
IMMT	1.00000000000000000	43.79313524320744477	1.00000000000000000	1.00000000000000000	101.07631386967941012	1.00000000000000000	1.00000000000000000
IMP4	61.70165628629334265	93.55506673797006556	91.22892088199294847	62.66063842370378012	1.00000000000000000	59.55077677338243092	1.00000000000000000
IMPA2	1.00000000000000000	1.00000000000000000	1.00000000000000000	1.00000000000000000	95.67292697158384840	1.00000000000000000	1.00000000000000000
ING1	1.00000000000000000	1.00000000000000000	1.00000000000000000	1.00000000000000000	70.79533045424243198	1.00000000000000000	1.00000000000000000
ING5	1.00000000000000000	1.00000000000000000	1.00000000000000000	1.00000000000000000	1.00000000000000000	56.11318462518932648	78.56803144669200378
INHBA	101.41173106250502656	572.88843652290336195	93.35108837599719322	1.00000000000000000	1.00000000000000000	44.69113617566853236	1.00000000000000000
INMT	332.98660032470058923	1.00000000000000000	1.00000000000000000	1.00000000000000000	1.00000000000000000	20.10790397701353882	180.94065538432568019
INO80C	1.00000000000000000	1.00000000000000000	1.00000000000000000	1.00000000000000000	1.00000000000000000	1.00000000000000000	43.21891770631494722
INPP4B	1.00000000000000000	1.00000000000000000	1.00000000000000000	101.56486593572842025	72.78447129139487970	1.00000000000000000	1.00000000000000000
INPP5F	1.00000000000000000	1.00000000000000000	1.00000000000000000	1.00000000000000000	1.00000000000000000	27.56872706630927183	1.00000000000000000
INSIG1	1.00000000000000000	53.79756688005674192	1.00000000000000000	1.00000000000000000	1.00000000000000000	1.00000000000000000	1.00000000000000000
INSIG2	1.00000000000000000	41.86547283850617873	1.00000000000000000	1.00000000000000000	1.00000000000000000	1.00000000000000000	78.56803144669200378
INSR	1.00000000000000000	1.00000000000000000	1.00000000000000000	1.00000000000000000	1.00000000000000000	45.71034925065167442	1.00000000000000000
INTS10	1.00000000000000000	59.09542267995925613	1.00000000000000000	1.00000000000000000	1.00000000000000000	1.00000000000000000	1.00000000000000000
INTS11	1.00000000000000000	67.75346852615102478	1.00000000000000000	1.00000000000000000	1.00000000000000000	1.00000000000000000	1.00000000000000000
INTS6	1.00000000000000000	1.00000000000000000	1.00000000000000000	1.00000000000000000	1.00000000000000000	83.13767122000749055	128.23894598456351446
IPO11	1.00000000000000000	1.00000000000000000	1.00000000000000000	1.00000000000000000	1.00000000000000000	1.00000000000000000	56.90292743860110392
IPO7	47.04330144976157868	1.00000000000000000	1.00000000000000000	1.00000000000000000	1.00000000000000000	199.88008074527104441	22.10945885315748427
IRAK4	1.00000000000000000	1.00000000000000000	1.00000000000000000	1.00000000000000000	1.00000000000000000	57.37062328498801378	1.00000000000000000
IRF2	1.00000000000000000	1.00000000000000000	1.00000000000000000	1.00000000000000000	1.00000000000000000	69.55014648023319523	1.00000000000000000
IRS2	75.82222275670814327	93.46277963586847193	1.00000000000000000	1.00000000000000000	1.00000000000000000	1.00000000000000000	1.00000000000000000
ISLR	189.59567763437200938	429.56818884315623563	1.00000000000000000	1.00000000000000000	1.00000000000000000	208.65362724842776743	1.00000000000000000
ISYNA1	1.00000000000000000	1.00000000000000000	1.00000000000000000	211.85753460864282260	169.99662575391300834	39.21580795402707054	1.00000000000000000
ITGA11	1.00000000000000000	124.65781486049583293	1.00000000000000000	1.00000000000000000	1.00000000000000000	1.00000000000000000	1.00000000000000000
ITGA2	1.00000000000000000	48.13069070340749533	1.00000000000000000	1.00000000000000000	1.00000000000000000	1.00000000000000000	1.00000000000000000
ITGA4	1.00000000000000000	1.00000000000000000	1.00000000000000000	1.00000000000000000	167.25116817547493042	30.45350350668895700	1.00000000000000000
ITGA5	166.47505122025481228	123.91079973578925433	1.00000000000000000	122.77732725724720808	1.00000000000000000	14.77917395483460439	88.40293380970076953
ITGA7	1.00000000000000000	1.00000000000000000	1.00000000000000000	86.45205045225861795	100.13769613145746007	1.00000000000000000	1.00000000000000000
ITGAE	53.46934513167423830	1.00000000000000000	1.00000000000000000	1.00000000000000000	63.02248853741016177	67.14970833324312594	1.00000000000000000
ITGB2	1.00000000000000000	1.00000000000000000	1.00000000000000000	1.00000000000000000	1.00000000000000000	338.92692335810511395	1.00000000000000000
ITGB5	114.76658942193242297	144.15026423390426658	1.00000000000000000	1.00000000000000000	1.00000000000000000	30.66283657058259493	93.16733769843793311
ITGBL1	148.54855728925460312	284.94712153624084294	1.00000000000000000	1.00000000000000000	1.00000000000000000	81.00717975110271141	180.94065538432568019
ITIH5	70.28136212912960445	1.00000000000000000	1.00000000000000000	1.00000000000000000	1.00000000000000000	1.00000000000000000	180.94065538432568019
ITPR1	1.00000000000000000	1.00000000000000000	1.00000000000000000	1.00000000000000000	117.56647940354648085	1.00000000000000000	1.00000000000000000
ITPR3	1.00000000000000000	1.00000000000000000	1.00000000000000000	1.00000000000000000	1.00000000000000000	1.00000000000000000	43.21891770631494722
ITPRIPL2	1.00000000000000000	69.19130220552246158	1.00000000000000000	1.00000000000000000	1.00000000000000000	108.07441427219261243	1.00000000000000000
JADE1	1.00000000000000000	1.00000000000000000	1.00000000000000000	1.00000000000000000	1.00000000000000000	54.04496074244310932	1.00000000000000000
JAG1	1.00000000000000000	1.00000000000000000	1.00000000000000000	143.74867245336369592	77.34927961304826738	1.00000000000000000	1.00000000000000000
JAML	1.00000000000000000	1.00000000000000000	1.00000000000000000	1.00000000000000000	1.00000000000000000	269.27900384252671984	1.00000000000000000
JCHAIN	138.05932606934769069	1.00000000000000000	1.00000000000000000	1.00000000000000000	1.00000000000000000	1.00000000000000000	1.00000000000000000
JOSD1	1.00000000000000000	1.00000000000000000	1.00000000000000000	1.00000000000000000	1.00000000000000000	1.00000000000000000	103.14262493866672799
JUND	152.32397995858019613	101.48346121610880743	1.00000000000000000	231.56072175230124799	92.23110204586532745	156.73080221497667708	64.32837655947244571
KANK2	88.78356402085509558	64.77047117674133858	1.00000000000000000	141.97056296252915786	103.08536409719138760	1.00000000000000000	1.00000000000000000
KANK3	1.00000000000000000	1.00000000000000000	1.00000000000000000	1.00000000000000000	1.00000000000000000	1.00000000000000000	109.60463683836344728
KAT6B	1.00000000000000000	1.00000000000000000	1.00000000000000000	1.00000000000000000	58.34964944049524149	1.00000000000000000	1.00000000000000000
KAT8	1.00000000000000000	1.00000000000000000	1.00000000000000000	1.00000000000000000	43.13421542342828019	1.00000000000000000	1.00000000000000000
KATNBL1	46.75638055162188778	1.00000000000000000	1.00000000000000000	1.00000000000000000	1.00000000000000000	36.89002231892624906	1.00000000000000000
KBTBD11	1.00000000000000000	1.00000000000000000	1.00000000000000000	1.00000000000000000	1.00000000000000000	1.00000000000000000	143.41079624644436308
KCNE4	1.00000000000000000	151.91623313191115585	1.00000000000000000	92.96461141935729700	312.53977788776029456	1.00000000000000000	1.00000000000000000
KCNJ8	1.00000000000000000	1.00000000000000000	1.00000000000000000	89.67815337583975577	508.00565038108322824	1.00000000000000000	1.00000000000000000
KCNK17	1.00000000000000000	1.00000000000000000	1.00000000000000000	1.00000000000000000	189.09069230869999956	1.00000000000000000	1.00000000000000000
KCNK3	1.00000000000000000	1.00000000000000000	1.00000000000000000	1.00000000000000000	167.75307197364378453	45.25489895972336285	1.00000000000000000
KCNK6	1.00000000000000000	1.00000000000000000	1.00000000000000000	1.00000000000000000	64.06383719355373785	1.00000000000000000	1.00000000000000000
KCNMA1	1.00000000000000000	1.00000000000000000	1.00000000000000000	1.00000000000000000	1.00000000000000000	172.17589642427168428	1.00000000000000000
KCNMB1	1.00000000000000000	1.00000000000000000	1.00000000000000000	60.61331163545568046	1.00000000000000000	1.00000000000000000	1.00000000000000000
KCNQ1OT1	167.84492696548903723	121.05452865629995074	1.00000000000000000	1.00000000000000000	1.00000000000000000	119.34587472326631996	180.94065538432568019
KCNS3	1.00000000000000000	1.00000000000000000	1.00000000000000000	124.70095209404851744	66.30463192365509428	1.00000000000000000	1.00000000000000000
KCTD17	1.00000000000000000	1.00000000000000000	1.00000000000000000	1.00000000000000000	1.00000000000000000	1.00000000000000000	43.21891770631494722
KDELR3	105.70484051919166291	120.88088251675431195	1.00000000000000000	1.00000000000000000	1.00000000000000000	1.00000000000000000	22.10945885315748427
KDM5A	1.00000000000000000	1.00000000000000000	1.00000000000000000	1.00000000000000000	43.89498028566708854	60.87487133746252255	128.23894598456351446
KHNYN	1.00000000000000000	1.00000000000000000	1.00000000000000000	1.00000000000000000	1.00000000000000000	52.53111000340121706	1.00000000000000000
KHSRP	1.00000000000000000	1.00000000000000000	1.00000000000000000	1.00000000000000000	1.00000000000000000	46.80071622452300772	1.00000000000000000
KIAA0040	1.00000000000000000	1.00000000000000000	1.00000000000000000	112.21413935316998334	132.70055932361151463	1.00000000000000000	1.00000000000000000
KIAA0100	1.00000000000000000	1.00000000000000000	1.00000000000000000	1.00000000000000000	1.00000000000000000	1.00000000000000000	109.60463683836324833
KIAA0355	1.00000000000000000	1.00000000000000000	1.00000000000000000	1.00000000000000000	1.00000000000000000	1.00000000000000000	205.26755517761722558
KIAA0930	1.00000000000000000	1.00000000000000000	1.00000000000000000	1.00000000000000000	1.00000000000000000	183.44422654254302074	1.00000000000000000
KIAA1109	1.00000000000000000	1.00000000000000000	1.00000000000000000	1.00000000000000000	71.01992854718716330	1.00000000000000000	1.00000000000000000
KIAA1217	1.00000000000000000	56.40103116693242669	1.00000000000000000	1.00000000000000000	1.00000000000000000	1.00000000000000000	1.00000000000000000
KIAA1324L	56.63686277230607402	1.00000000000000000	1.00000000000000000	1.00000000000000000	1.00000000000000000	1.00000000000000000	1.00000000000000000
KIAA1671	1.00000000000000000	1.00000000000000000	1.00000000000000000	1.00000000000000000	1.00000000000000000	1.00000000000000000	64.32837655947244571
KIF26B	1.00000000000000000	69.39918940904054523	1.00000000000000000	1.00000000000000000	1.00000000000000000	1.00000000000000000	1.00000000000000000
KLC1	1.00000000000000000	61.63194116008513390	1.00000000000000000	116.35432722897621716	1.00000000000000000	1.00000000000000000	56.90292743860121050
KLF10	106.92914920307303817	82.45092767232138442	1.00000000000000000	1.00000000000000000	1.00000000000000000	22.39793665938969980	90.97032769216282588
KLF13	1.00000000000000000	58.57691655199820957	1.00000000000000000	1.00000000000000000	1.00000000000000000	12.85271690728323435	1.00000000000000000
KLF3	1.00000000000000000	48.78060753094478486	1.00000000000000000	1.00000000000000000	1.00000000000000000	19.85276968421792176	1.00000000000000000
KLF4	96.66687244305731497	1.00000000000000000	1.00000000000000000	1.00000000000000000	1.00000000000000000	220.40684716411337263	141.93917861814463777
KLHDC3	53.90838500030921665	74.60920773979108844	1.00000000000000000	90.68718624481822133	100.70853756849118099	1.00000000000000000	1.00000000000000000
KLHDC8B	1.00000000000000000	1.00000000000000000	1.00000000000000000	1.00000000000000000	65.89637320864152059	175.91716709793524842	1.00000000000000000
KLHL23	1.00000000000000000	1.00000000000000000	1.00000000000000000	92.06039603956868689	150.79571192686859149	1.00000000000000000	1.00000000000000000
KLHL24	1.00000000000000000	59.80868676968046316	1.00000000000000000	1.00000000000000000	68.27339888162224213	1.00000000000000000	1.00000000000000000
KLHL9	1.00000000000000000	1.00000000000000000	1.00000000000000000	1.00000000000000000	1.00000000000000000	35.58412199322472702	1.00000000000000000
KMT2A	1.00000000000000000	1.00000000000000000	1.00000000000000000	1.00000000000000000	1.00000000000000000	29.66566557222820677	120.78694915300694390
KMT2C	1.00000000000000000	1.00000000000000000	1.00000000000000000	1.00000000000000000	1.00000000000000000	29.21129807251996269	90.97032769216282588
KNOP1	1.00000000000000000	1.00000000000000000	1.00000000000000000	1.00000000000000000	145.99648591956997734	1.00000000000000000	75.53723658480147662
KPNA2	1.00000000000000000	1.00000000000000000	1.00000000000000000	1.00000000000000000	93.87267310334279102	48.09589070460423699	62.22083218162599394
KPNA4	1.00000000000000000	1.00000000000000000	1.00000000000000000	1.00000000000000000	1.00000000000000000	1.00000000000000000	22.85073345242518883
KPNA6	1.00000000000000000	1.00000000000000000	1.00000000000000000	1.00000000000000000	1.00000000000000000	49.43288552536129998	1.00000000000000000
KPNB1	110.81736111741696504	89.43658719912021127	1.00000000000000000	165.74614560445141365	59.05211669902548977	130.57943917145175305	81.29189148624158179
KRAS	1.00000000000000000	1.00000000000000000	1.00000000000000000	1.00000000000000000	1.00000000000000000	30.86743309744395347	102.13727227191350266
KRCC1	1.00000000000000000	1.00000000000000000	1.00000000000000000	1.00000000000000000	57.93165672490680151	64.58717780408555598	1.00000000000000000
KRT19	1.00000000000000000	46.63480100558495423	1.00000000000000000	1.00000000000000000	1.00000000000000000	1.00000000000000000	22.10945885315748427
KRT7	1.00000000000000000	60.90476192984498738	1.00000000000000000	1.00000000000000000	78.31961339456017868	1.00000000000000000	1.00000000000000000
LACTB	1.00000000000000000	1.00000000000000000	1.00000000000000000	1.00000000000000000	1.00000000000000000	75.33146009663364850	1.00000000000000000
LAGE3	52.58845386599497118	50.67820946002616012	1.00000000000000000	1.00000000000000000	1.00000000000000000	194.99944941032003953	1.00000000000000000
LAMA2	89.06813641083837751	1.00000000000000000	1.00000000000000000	1.00000000000000000	1.00000000000000000	1.00000000000000000	1.00000000000000000
LAMB2	117.23964411744566405	126.09798343248952790	1.00000000000000000	115.50877509386567965	164.40095254663663127	1.00000000000000000	22.85073345242518883
LAMC1	118.81652481500537988	85.97121941440083503	1.00000000000000000	215.96216220418307330	153.60112981179932490	77.98851574534498354	120.78694915300694390
LAMC3	1.00000000000000000	1.00000000000000000	1.00000000000000000	1.00000000000000000	158.66294343134919131	23.78106011990224644	1.00000000000000000
LAPTM4B	47.90641223999606524	1.00000000000000000	1.00000000000000000	1.00000000000000000	93.60316774760688929	1.00000000000000000	103.14262493866672799
LAPTM5	1.00000000000000000	1.00000000000000000	1.00000000000000000	1.00000000000000000	1.00000000000000000	1044.42460678908446425	190.98512967841730870
LARP7	60.60409712457440889	61.51463909016062104	1.00000000000000000	96.50641877718081219	109.87073960868752920	208.11602636370730579	1.00000000000000000
LARS	63.63135699638223031	1.00000000000000000	1.00000000000000000	1.00000000000000000	1.00000000000000000	57.20459745243771721	19.63430914620035139
LASP1	48.46954122983817115	63.84312214064269853	1.00000000000000000	216.64521673379323374	103.31780600861327457	74.44012066501238678	134.64788201912475074
LAT2	1.00000000000000000	1.00000000000000000	1.00000000000000000	1.00000000000000000	1.00000000000000000	165.99816220321872606	1.00000000000000000
LAYN	1.00000000000000000	1.00000000000000000	1.00000000000000000	1.00000000000000000	1.00000000000000000	1.00000000000000000	219.46443945285659538
LBH	219.05478884781140891	153.15537734339650910	1.00000000000000000	205.38173916436605282	132.51288366013173459	53.89544881125981846	93.16733769843793311
LCOR	1.00000000000000000	1.00000000000000000	1.00000000000000000	1.00000000000000000	1.00000000000000000	1.00000000000000000	43.21891770631494722
LCP1	1.00000000000000000	1.00000000000000000	1.00000000000000000	1.00000000000000000	1.00000000000000000	167.59994561590110607	1.00000000000000000
LCP2	1.00000000000000000	1.00000000000000000	1.00000000000000000	1.00000000000000000	1.00000000000000000	54.13652926125686093	1.00000000000000000
LDB2	1.00000000000000000	1.00000000000000000	1.00000000000000000	1.00000000000000000	69.35704814316443390	1.00000000000000000	163.04863747130215756
LDLR	82.51545078901447994	1.00000000000000000	1.00000000000000000	1.00000000000000000	1.00000000000000000	88.02254171992730392	1.00000000000000000
LENG1	1.00000000000000000	1.00000000000000000	1.00000000000000000	1.00000000000000000	74.53588271698968981	24.03450428206205203	1.00000000000000000
LGI4	1.00000000000000000	1.00000000000000000	1.00000000000000000	82.72626880423399598	148.16398488521505783	1.00000000000000000	1.00000000000000000
LHFPL2	1.00000000000000000	1.00000000000000000	1.00000000000000000	1.00000000000000000	1.00000000000000000	42.73021175745569167	1.00000000000000000
LILRB2	1.00000000000000000	1.00000000000000000	1.00000000000000000	1.00000000000000000	1.00000000000000000	63.40899859280112594	1.00000000000000000
LILRB4	1.00000000000000000	1.00000000000000000	1.00000000000000000	1.00000000000000000	1.00000000000000000	161.09301234379947232	1.00000000000000000
LIMCH1	258.20241031402008502	1.00000000000000000	1.00000000000000000	1.00000000000000000	1.00000000000000000	1.00000000000000000	199.57496453052610264
LINC.PINT	59.16652782766999508	1.00000000000000000	1.00000000000000000	1.00000000000000000	1.00000000000000000	1.00000000000000000	1.00000000000000000
LINC00665	1.00000000000000000	1.00000000000000000	1.00000000000000000	1.00000000000000000	1.00000000000000000	1.00000000000000000	38.26861829240080226
LINC00963	43.72418493128737538	44.62522301225722288	1.00000000000000000	1.00000000000000000	1.00000000000000000	24.33002814944428849	1.00000000000000000
LINC01184	1.00000000000000000	1.00000000000000000	1.00000000000000000	1.00000000000000000	1.00000000000000000	1.00000000000000000	43.21891770631494722
LINC01235	1.00000000000000000	1.00000000000000000	1.00000000000000000	1.00000000000000000	1.00000000000000000	1.00000000000000000	43.21891770631494722
LINC01473	1.00000000000000000	1.00000000000000000	1.00000000000000000	1.00000000000000000	1.00000000000000000	53.89544881125981846	1.00000000000000000
LINC01480	1.00000000000000000	1.00000000000000000	1.00000000000000000	1.00000000000000000	1.00000000000000000	1.00000000000000000	43.21891770631494722
LINC01558	1.00000000000000000	1.00000000000000000	1.00000000000000000	1.00000000000000000	1.00000000000000000	1.00000000000000000	106.54729426578737161
LINC01578	1.00000000000000000	1.00000000000000000	1.00000000000000000	1.00000000000000000	1.00000000000000000	38.98316185389432320	1.00000000000000000
LINC02802	1.00000000000000000	1.00000000000000000	1.00000000000000000	1.00000000000000000	1.00000000000000000	1.00000000000000000	112.80585487720216520
LIPA	1.00000000000000000	1.00000000000000000	1.00000000000000000	1.00000000000000000	63.15844499071987883	75.80611151812514947	44.70146690485036345
LIX1L	1.00000000000000000	1.00000000000000000	1.00000000000000000	1.00000000000000000	83.84196841645839982	38.01845073777626283	1.00000000000000000
LLPH	56.17731987846627817	56.10884211703353941	1.00000000000000000	1.00000000000000000	1.00000000000000000	20.98474882539753850	1.00000000000000000
LMBR1	1.00000000000000000	1.00000000000000000	1.00000000000000000	1.00000000000000000	1.00000000000000000	1.00000000000000000	38.26861829240073121
LMBR1L	1.00000000000000000	1.00000000000000000	1.00000000000000000	1.00000000000000000	1.00000000000000000	49.63025073701827949	1.00000000000000000
LMBRD1	1.00000000000000000	1.00000000000000000	1.00000000000000000	1.00000000000000000	74.12174050543612225	20.10790397701353882	1.00000000000000000
LMCD1	404.39191650923777388	428.97662209912954268	144.61797902330735610	291.13907191651338735	1.00000000000000000	50.00449122972769800	109.60463683836324833
LMO7	1.00000000000000000	59.26632226379549451	1.00000000000000000	1.00000000000000000	1.00000000000000000	1.00000000000000000	1.00000000000000000
LMOD1	1.00000000000000000	1.00000000000000000	1.00000000000000000	252.30084392347563949	73.67634651909574472	22.69919975725280992	1.00000000000000000
LNPEP	1.00000000000000000	1.00000000000000000	1.00000000000000000	1.00000000000000000	47.14574679349924224	1.00000000000000000	120.78694915300694390
LOX	137.94232944255963957	134.54560147873658593	138.18748409041737091	1.00000000000000000	1.00000000000000000	19.85276968421792176	209.18511860392638368
LOXL1	64.38500745257144331	85.50186255189933604	1.00000000000000000	1.00000000000000000	1.00000000000000000	1.00000000000000000	1.00000000000000000
LOXL2	1.00000000000000000	157.51830862159656022	1.00000000000000000	1.00000000000000000	116.51702831705738106	64.34517248272680945	1.00000000000000000
LPL	1.00000000000000000	1.00000000000000000	1.00000000000000000	1.00000000000000000	157.52647528110821895	1.00000000000000000	1.00000000000000000
LPXN	1.00000000000000000	1.00000000000000000	1.00000000000000000	1.00000000000000000	1.00000000000000000	65.37408720069569767	1.00000000000000000
LRBA	1.00000000000000000	1.00000000000000000	1.00000000000000000	1.00000000000000000	1.00000000000000000	1.00000000000000000	19.63430914620041179
LRIF1	1.00000000000000000	1.00000000000000000	1.00000000000000000	1.00000000000000000	1.00000000000000000	175.06825351333148433	1.00000000000000000
LRP1	318.55293531323536627	297.63544883106601446	137.13106947627028376	1.00000000000000000	1.00000000000000000	65.67339474623575768	450.85163846081394468
LRPPRC	1.00000000000000000	1.00000000000000000	1.00000000000000000	1.00000000000000000	1.00000000000000000	1.00000000000000000	59.52848808923673829
LRRC17	1.00000000000000000	76.46696800359514157	1.00000000000000000	1.00000000000000000	1.00000000000000000	1.00000000000000000	1.00000000000000000
LRRC32	1.00000000000000000	1.00000000000000000	1.00000000000000000	56.18670274679681853	83.92147431625654974	19.41039982657441598	1.00000000000000000
LRRC41	56.32335090954570234	48.01969347430432578	1.00000000000000000	1.00000000000000000	1.00000000000000000	1.00000000000000000	22.10945885315748427
LRRC59	134.80084237763759347	94.09228098539009011	89.44744694246688255	62.89825927096818248	72.91155395306545017	1.00000000000000000	1.00000000000000000
LRRC61	1.00000000000000000	1.00000000000000000	1.00000000000000000	1.00000000000000000	1.00000000000000000	1.00000000000000000	38.26861829240080226
LRRFIP2	1.00000000000000000	44.41743036645038956	1.00000000000000000	1.00000000000000000	95.99094413905577028	1.00000000000000000	1.00000000000000000
LSAMP	143.96380082171330628	62.82790116687138493	1.00000000000000000	1.00000000000000000	1.00000000000000000	1.00000000000000000	270.91098307648837817
LSM1	56.09680545876567237	115.21001104464649245	137.99705033302441848	49.36704259364015002	78.82498050958022873	1.00000000000000000	75.53723658480147662
LSM10	54.93434060600835522	76.14393305774163423	1.00000000000000000	107.09130202005597710	1.00000000000000000	51.56641663153784805	1.00000000000000000
LSM12	1.00000000000000000	1.00000000000000000	1.00000000000000000	1.00000000000000000	1.00000000000000000	1.00000000000000000	43.21891770631494722
LSP1	1.00000000000000000	1.00000000000000000	1.00000000000000000	1.00000000000000000	1.00000000000000000	478.27816748514624123	1.00000000000000000
LST1	1.00000000000000000	1.00000000000000000	1.00000000000000000	1.00000000000000000	1.00000000000000000	449.64861357131201203	1.00000000000000000
LTB	1.00000000000000000	1.00000000000000000	1.00000000000000000	1.00000000000000000	1.00000000000000000	1.00000000000000000	43.21891770631494722
LTBP2	280.69156701812067922	222.19812762058498379	110.66124601421144291	1.00000000000000000	1.00000000000000000	33.17388403463749569	360.88131076865101932
LTBP3	106.49904762033000338	122.37689274040928922	1.00000000000000000	1.00000000000000000	1.00000000000000000	53.89544881125981846	1.00000000000000000
LUC7L	1.00000000000000000	1.00000000000000000	1.00000000000000000	1.00000000000000000	1.00000000000000000	1.00000000000000000	66.55220035727558070
LURAP1L	1.00000000000000000	1.00000000000000000	1.00000000000000000	221.14939936357114902	152.66191180269191818	1.00000000000000000	1.00000000000000000
LY6H	1.00000000000000000	1.00000000000000000	1.00000000000000000	1.00000000000000000	1.00000000000000000	1.00000000000000000	150.07447316960292483
LY86	1.00000000000000000	1.00000000000000000	1.00000000000000000	1.00000000000000000	1.00000000000000000	65.72180227026814237	1.00000000000000000
LYAR	1.00000000000000000	1.00000000000000000	1.00000000000000000	1.00000000000000000	1.00000000000000000	1.00000000000000000	115.01807115086310773
LYN	1.00000000000000000	1.00000000000000000	1.00000000000000000	1.00000000000000000	1.00000000000000000	42.01836321149495745	110.25366726212600099
LYPLA1	1.00000000000000000	50.51407429098605206	1.00000000000000000	84.99640123795222735	101.47532235006995904	85.52769235829330796	43.60878418267682122
LYPLA2	1.00000000000000000	1.00000000000000000	1.00000000000000000	1.00000000000000000	1.00000000000000000	1.00000000000000000	59.52848808923673829
LYRM4	53.34020326720281702	44.17645485943413064	1.00000000000000000	1.00000000000000000	57.75016302781223487	1.00000000000000000	1.00000000000000000
LYST	1.00000000000000000	1.00000000000000000	1.00000000000000000	1.00000000000000000	1.00000000000000000	61.83954960686570246	1.00000000000000000
LYVE1	1.00000000000000000	1.00000000000000000	1.00000000000000000	1.00000000000000000	1.00000000000000000	1.00000000000000000	190.98512967841730870
LYZ	1.00000000000000000	1.00000000000000000	1.00000000000000000	1.00000000000000000	1.00000000000000000	2840.80787680294588426	93.16733769843793311
LZTS1	1.00000000000000000	1.00000000000000000	1.00000000000000000	1.00000000000000000	120.89745530589091516	1.00000000000000000	1.00000000000000000
MACO1	1.00000000000000000	1.00000000000000000	1.00000000000000000	1.00000000000000000	1.00000000000000000	39.04250544094116293	109.60463683836324833
MAD1L1	1.00000000000000000	1.00000000000000000	1.00000000000000000	1.00000000000000000	1.00000000000000000	37.31452364776630048	1.00000000000000000
MAD2L2	42.66599690068928652	53.34688771934829532	1.00000000000000000	1.00000000000000000	1.00000000000000000	1.00000000000000000	22.10945885315748427
MAF	69.10815518537305024	61.60763846493701124	1.00000000000000000	1.00000000000000000	1.00000000000000000	48.16035529011715255	378.86000881153739783
MAFB	1.00000000000000000	95.71854090595566333	1.00000000000000000	1.00000000000000000	1.00000000000000000	166.45188637069603033	1.00000000000000000
MAFF	1.00000000000000000	1.00000000000000000	1.00000000000000000	1.00000000000000000	1.00000000000000000	1.00000000000000000	85.43783541262989445
MAGED1	111.49328753407637294	114.11294857149957238	1.00000000000000000	1.00000000000000000	1.00000000000000000	70.41972082269631983	43.21891770631494722
MAGEF1	1.00000000000000000	63.36054367819757971	1.00000000000000000	1.00000000000000000	1.00000000000000000	1.00000000000000000	109.60463683836324833
MAGI2.AS3	75.92852950061015349	84.78474325528189581	1.00000000000000000	1.00000000000000000	1.00000000000000000	1.00000000000000000	1.00000000000000000
MAGOHB	1.00000000000000000	50.88095502192351915	1.00000000000000000	72.80932439625604502	63.09459743620088545	59.26924504219226009	1.00000000000000000
MAMDC2	91.20468233227614974	1.00000000000000000	1.00000000000000000	1.00000000000000000	1.00000000000000000	1.00000000000000000	1.00000000000000000
MAML2	1.00000000000000000	1.00000000000000000	1.00000000000000000	1.00000000000000000	1.00000000000000000	1.00000000000000000	90.97032769216282588
MAN1A1	61.61367543909877753	60.71344814588169214	1.00000000000000000	1.00000000000000000	1.00000000000000000	1.00000000000000000	227.13598332975877270
MAN1B1	48.09861474802392678	77.93863268825909074	1.00000000000000000	1.00000000000000000	59.14012499319319716	1.00000000000000000	1.00000000000000000
MANSC1	1.00000000000000000	1.00000000000000000	1.00000000000000000	1.00000000000000000	1.00000000000000000	1.00000000000000000	90.97032769216299641
MAOB	64.73532656495694937	1.00000000000000000	1.00000000000000000	1.00000000000000000	1.00000000000000000	1.00000000000000000	1.00000000000000000
MAP1B	83.61713414753478446	73.11906290149498489	1.00000000000000000	611.98035514061768936	380.27696167073889910	156.19627536794772027	184.15809632445976263
MAP1S	1.00000000000000000	1.00000000000000000	1.00000000000000000	1.00000000000000000	1.00000000000000000	45.50533591984567039	1.00000000000000000
MAP2K1	1.00000000000000000	1.00000000000000000	1.00000000000000000	1.00000000000000000	1.00000000000000000	136.36261297771477530	1.00000000000000000
MAP2K2	1.00000000000000000	1.00000000000000000	1.00000000000000000	1.00000000000000000	1.00000000000000000	58.97009843281678343	1.00000000000000000
MAP2K3	87.58846093222753382	1.00000000000000000	1.00000000000000000	1.00000000000000000	1.00000000000000000	1.00000000000000000	1.00000000000000000
MAP3K13	51.74134320259246067	1.00000000000000000	1.00000000000000000	69.98743514162575252	78.73792052388975549	41.20089766782385254	1.00000000000000000
MAP3K2	1.00000000000000000	47.42337580627935978	1.00000000000000000	1.00000000000000000	1.00000000000000000	152.76377517994154687	1.00000000000000000
MAP3K20	75.49028202897845574	59.17893048319847082	1.00000000000000000	183.11282749844588125	204.08219149456598984	96.65997948460756106	1.00000000000000000
MAP3K7CL	1.00000000000000000	1.00000000000000000	1.00000000000000000	573.69200724888867171	235.13937855978161906	1.00000000000000000	1.00000000000000000
MAP4K5	1.00000000000000000	48.61575985140882494	1.00000000000000000	1.00000000000000000	1.00000000000000000	1.00000000000000000	64.32837655947244571
MAP7D3	32.87080664857128909	1.00000000000000000	1.00000000000000000	70.27179734745659800	52.87752634269391905	1.00000000000000000	1.00000000000000000
MAPK1	1.00000000000000000	1.00000000000000000	1.00000000000000000	1.00000000000000000	1.00000000000000000	70.77664071176201332	22.10945885315748427
MAPKAP1	1.00000000000000000	49.20753319155689809	1.00000000000000000	1.00000000000000000	1.00000000000000000	1.00000000000000000	22.85073345242518883
MAPKAPK2	1.00000000000000000	45.26441015501833931	1.00000000000000000	1.00000000000000000	1.00000000000000000	1.00000000000000000	22.10945885315748427
MAPKAPK5.AS1	1.00000000000000000	1.00000000000000000	1.00000000000000000	1.00000000000000000	1.00000000000000000	1.00000000000000000	90.97032769216299641
MAPRE1	61.89918086125137364	62.22924736742930918	1.00000000000000000	184.82695659837034441	88.19698047767761295	50.52732011313155880	22.10945885315748427
MAPRE2	1.00000000000000000	1.00000000000000000	1.00000000000000000	85.28102693269492818	1.00000000000000000	1.00000000000000000	1.00000000000000000
MARCH5	1.00000000000000000	1.00000000000000000	1.00000000000000000	1.00000000000000000	63.34531083698722398	1.00000000000000000	1.00000000000000000
MARCH7	1.00000000000000000	41.20181613958217781	1.00000000000000000	1.00000000000000000	75.27395324059342840	33.07060062444627846	1.00000000000000000
MARVELD1	1.00000000000000000	72.90467825432371285	1.00000000000000000	1.00000000000000000	1.00000000000000000	52.00403851877868533	1.00000000000000000
MAST4	1.00000000000000000	1.00000000000000000	1.00000000000000000	1.00000000000000000	1.00000000000000000	1.00000000000000000	90.97032769216282588
MATN2	1.00000000000000000	1.00000000000000000	1.00000000000000000	1.00000000000000000	1.00000000000000000	1.00000000000000000	109.60463683836324833
MAZ	1.00000000000000000	1.00000000000000000	1.00000000000000000	1.00000000000000000	1.00000000000000000	32.85178506818597555	1.00000000000000000
MBD3	1.00000000000000000	1.00000000000000000	1.00000000000000000	1.00000000000000000	1.00000000000000000	1.00000000000000000	40.91644009028756557
MBNL2	68.49522089577240536	1.00000000000000000	1.00000000000000000	1.00000000000000000	1.00000000000000000	1.00000000000000000	1.00000000000000000
MBTPS1	58.62377071950920993	49.02544168840589123	1.00000000000000000	1.00000000000000000	1.00000000000000000	1.00000000000000000	22.10945885315748427
MCAM	1.00000000000000000	1.00000000000000000	1.00000000000000000	259.77162518652056633	332.24896528955662234	43.44200149163974345	1.00000000000000000
MCEMP1	1.00000000000000000	1.00000000000000000	1.00000000000000000	1.00000000000000000	1.00000000000000000	189.50580154720486803	1.00000000000000000
MCOLN1	1.00000000000000000	1.00000000000000000	1.00000000000000000	1.00000000000000000	1.00000000000000000	74.44317615503720731	1.00000000000000000
MCRS1	1.00000000000000000	1.00000000000000000	1.00000000000000000	1.00000000000000000	1.00000000000000000	44.11495276346806094	1.00000000000000000
MCUB	48.63617273220491910	70.16049910241122234	1.00000000000000000	1.00000000000000000	1.00000000000000000	32.70969701980284583	1.00000000000000000
MDFI	85.39669588491645413	75.52070444511613800	1.00000000000000000	1.00000000000000000	1.00000000000000000	1.00000000000000000	19.63430914620041179
MDFIC	1.00000000000000000	1.00000000000000000	1.00000000000000000	1.00000000000000000	1.00000000000000000	39.04250544094116293	1.00000000000000000
MDM4	57.81756917985489963	1.00000000000000000	1.00000000000000000	1.00000000000000000	63.79427030707753232	1.00000000000000000	19.61204799894915496
MED21	1.00000000000000000	54.30838483111158155	1.00000000000000000	64.95029452825829708	104.94842178201265881	1.00000000000000000	22.10945885315748427
MED28	73.44786855771327794	53.78881056770912039	114.12324968639970280	1.00000000000000000	74.48709607119870668	27.80980751630629655	22.10945885315748427
MED30	49.52499358716422506	1.00000000000000000	1.00000000000000000	1.00000000000000000	1.00000000000000000	43.15024164735000767	1.00000000000000000
MED31	1.00000000000000000	47.70459389295030661	1.00000000000000000	1.00000000000000000	1.00000000000000000	171.09361786503231428	19.61204799894915496
MED6	1.00000000000000000	1.00000000000000000	1.00000000000000000	1.00000000000000000	1.00000000000000000	38.15226920406117728	1.00000000000000000
MED7	1.00000000000000000	1.00000000000000000	1.00000000000000000	1.00000000000000000	1.00000000000000000	1.00000000000000000	38.26861829240080226
MED8	38.99962801235047039	56.63461460325853380	1.00000000000000000	1.00000000000000000	54.86816504241313908	1.00000000000000000	1.00000000000000000
MEDAG	144.61960973619184756	68.25378084562993308	1.00000000000000000	1.00000000000000000	1.00000000000000000	1.00000000000000000	1.00000000000000000
MEF2C	1.00000000000000000	1.00000000000000000	1.00000000000000000	304.43102398188807456	447.48328114646807308	1.00000000000000000	110.25366726212600099
MEF2D	1.00000000000000000	1.00000000000000000	1.00000000000000000	1.00000000000000000	85.11796857092369351	15.33283278611410516	1.00000000000000000
MEG3	281.83028848663678900	220.95258086996349789	1.00000000000000000	1.00000000000000000	1.00000000000000000	33.17388403463749569	1.00000000000000000
MEIS1	44.34919480282962212	49.60485959916409371	1.00000000000000000	1.00000000000000000	1.00000000000000000	1.00000000000000000	1.00000000000000000
MEIS2	1.00000000000000000	1.00000000000000000	1.00000000000000000	1.00000000000000000	1.00000000000000000	190.09960946087355182	1.00000000000000000
MEOX2	55.43596548144800096	1.00000000000000000	1.00000000000000000	1.00000000000000000	1.00000000000000000	1.00000000000000000	1.00000000000000000
MEST	107.42420991553647980	1.00000000000000000	1.00000000000000000	1.00000000000000000	153.78527816048435284	46.87775383822355479	1.00000000000000000
METTL23	1.00000000000000000	37.50557280418343709	1.00000000000000000	1.00000000000000000	1.00000000000000000	11.45384840879629706	1.00000000000000000
METTL7A	176.92232052899811379	1.00000000000000000	1.00000000000000000	1.00000000000000000	1.00000000000000000	1.00000000000000000	1.00000000000000000
MFAP4	1621.57768973060592543	461.37318316567228749	589.46183212891435232	523.77004402408033457	1.00000000000000000	274.13654289568643208	360.88131076865101932
MFSD1	68.27530037363503368	69.85345495310224351	1.00000000000000000	1.00000000000000000	1.00000000000000000	159.03386803244887915	1.00000000000000000
MFSD10	56.90905370476810532	99.53954241512514045	89.22338161989368643	1.00000000000000000	72.89250873400558817	1.00000000000000000	64.32837655947244571
MFSD14B	1.00000000000000000	1.00000000000000000	1.00000000000000000	1.00000000000000000	1.00000000000000000	1.00000000000000000	109.60463683836324833
MGAT2	1.00000000000000000	50.83693684093749710	1.00000000000000000	1.00000000000000000	1.00000000000000000	1.00000000000000000	1.00000000000000000
MGLL	1.00000000000000000	1.00000000000000000	1.00000000000000000	109.80105001506673545	106.56250618421225340	1.00000000000000000	1.00000000000000000
MGST1	225.24261532197391489	1.00000000000000000	173.96628532856905736	1.00000000000000000	1.00000000000000000	64.02976724299394107	1.00000000000000000
MGST2	64.93228054696980678	45.28254762031156133	1.00000000000000000	1.00000000000000000	91.35846195866984942	74.65404529229715536	589.14077126280585617
MIA3	1.00000000000000000	41.90693017621510563	1.00000000000000000	65.14848368116659572	1.00000000000000000	1.00000000000000000	1.00000000000000000
MICAL2	1.00000000000000000	52.55840768727600221	1.00000000000000000	1.00000000000000000	1.00000000000000000	1.00000000000000000	1.00000000000000000
MICU2	1.00000000000000000	41.54921765832622071	1.00000000000000000	1.00000000000000000	1.00000000000000000	1.00000000000000000	134.64788201912475074
MID1IP1	1.00000000000000000	42.84167477867331542	1.00000000000000000	1.00000000000000000	1.00000000000000000	45.71034925065167442	1.00000000000000000
MIER1	1.00000000000000000	1.00000000000000000	1.00000000000000000	1.00000000000000000	105.11468089598018594	51.48642667930128169	38.26861829240073121
MINDY2	1.00000000000000000	84.38804148630758561	1.00000000000000000	281.65514096964432156	1.00000000000000000	68.94893106576607522	1.00000000000000000
MIR100HG	53.11941319152391117	54.57375719586168827	1.00000000000000000	1.00000000000000000	1.00000000000000000	1.00000000000000000	1.00000000000000000
MIR4435.2HG	1.00000000000000000	67.98693874868693854	1.00000000000000000	76.36906251545434543	310.29769215063629417	37.48301093992580491	1.00000000000000000
MIR4458HG	1.00000000000000000	1.00000000000000000	1.00000000000000000	1.00000000000000000	82.93009064802521380	1.00000000000000000	1.00000000000000000
MIR99AHG	117.59194238764806073	1.00000000000000000	1.00000000000000000	1.00000000000000000	1.00000000000000000	1.00000000000000000	43.21891770631494722
MIS18BP1	1.00000000000000000	1.00000000000000000	1.00000000000000000	1.00000000000000000	1.00000000000000000	60.41917313926816746	1.00000000000000000
MKKS	1.00000000000000000	1.00000000000000000	1.00000000000000000	1.00000000000000000	1.00000000000000000	1.00000000000000000	19.63430914620041179
MKLN1	1.00000000000000000	1.00000000000000000	1.00000000000000000	1.00000000000000000	1.00000000000000000	41.14042484711321634	90.97032769216299641
MKRN1	45.10699412244695594	49.81917089875710758	1.00000000000000000	106.73757188897938875	85.74847309703595499	69.15720594457667403	1.00000000000000000
MLF1	67.96338905802839747	1.00000000000000000	1.00000000000000000	1.00000000000000000	1.00000000000000000	1.00000000000000000	1.00000000000000000
MLLT6	1.00000000000000000	1.00000000000000000	1.00000000000000000	1.00000000000000000	1.00000000000000000	171.34853972332169292	64.91317627401528512
MLX	1.00000000000000000	43.36907443348165714	1.00000000000000000	1.00000000000000000	1.00000000000000000	67.52761941277441338	1.00000000000000000
MLXIP	99.02041787048159449	81.58780245937377629	1.00000000000000000	1.00000000000000000	1.00000000000000000	1.00000000000000000	1.00000000000000000
MMD	69.93319289330007393	88.85864787499816941	1.00000000000000000	1.00000000000000000	1.00000000000000000	1.00000000000000000	1.00000000000000000
MMP1	1.00000000000000000	751.62281500939400303	1.00000000000000000	1.00000000000000000	1.00000000000000000	1.00000000000000000	1.00000000000000000
MMP11	1.00000000000000000	968.63177051335640044	1.00000000000000000	1.00000000000000000	184.80746421604865759	21.76385430070605054	1.00000000000000000
MMP12	1.00000000000000000	1.00000000000000000	1.00000000000000000	1.00000000000000000	1.00000000000000000	359.58684081729927584	1.00000000000000000
MMP19	144.79413608984259554	49.21571179896364612	1.00000000000000000	1.00000000000000000	1.00000000000000000	103.37490541017908185	1.00000000000000000
MMP2	1192.62736492947510669	1218.23298898983580330	426.77379298794835449	1.00000000000000000	1.00000000000000000	716.42733779014918127	686.69522128374092063
MMP23B	245.51533562606292094	137.73712335253114247	117.12738876634647056	1.00000000000000000	1.00000000000000000	37.16700512840639448	1.00000000000000000
MMP9	1.00000000000000000	1.00000000000000000	1.00000000000000000	1.00000000000000000	1.00000000000000000	193.37677997536090402	1.00000000000000000
MMRN1	1.00000000000000000	1.00000000000000000	1.00000000000000000	1.00000000000000000	1.00000000000000000	1.00000000000000000	567.04460687463722479
MNDA	1.00000000000000000	1.00000000000000000	1.00000000000000000	1.00000000000000000	1.00000000000000000	285.49793808386232286	1.00000000000000000
MOB2	1.00000000000000000	51.35954293791015601	1.00000000000000000	1.00000000000000000	52.11894746448902538	1.00000000000000000	22.10945885315748427
MOB4	66.06813239405452975	54.08395416623932306	1.00000000000000000	111.88910294318648653	73.10515803777180111	65.14120124889255692	90.97032769216282588
MOCS1	1.00000000000000000	1.00000000000000000	1.00000000000000000	1.00000000000000000	135.82397108358375704	1.00000000000000000	1.00000000000000000
MORN2	1.00000000000000000	1.00000000000000000	1.00000000000000000	1.00000000000000000	1.00000000000000000	1.00000000000000000	43.21891770631494722
MOXD1	280.11238422851818086	154.57865237694420557	1.00000000000000000	1.00000000000000000	1.00000000000000000	106.64981098088038891	450.85163846081394468
MPHOSPH6	1.00000000000000000	1.00000000000000000	1.00000000000000000	1.00000000000000000	1.00000000000000000	63.52129065980972911	1.00000000000000000
MPP1	1.00000000000000000	1.00000000000000000	1.00000000000000000	1.00000000000000000	1.00000000000000000	196.32291604014264408	1.00000000000000000
MPRIP	1.00000000000000000	54.15364953100240086	1.00000000000000000	137.03843083441040562	100.07850314469507680	46.67663104332279289	199.57496453052647212
MPST	92.95426437697851441	71.75108508021010323	133.81565847390598378	1.00000000000000000	1.00000000000000000	20.55358983122228267	43.21891770631494722
MPZL1	117.78341801070088479	159.01098658304726996	1.00000000000000000	1.00000000000000000	1.00000000000000000	27.53693069424172890	1.00000000000000000
MRC1	1.00000000000000000	1.00000000000000000	1.00000000000000000	1.00000000000000000	1.00000000000000000	97.62887451101207148	143.41079624644436308
MRC2	218.86877034477132042	189.17296262002099638	1.00000000000000000	1.00000000000000000	1.00000000000000000	85.42735751927752119	1.00000000000000000
MRGPRF	72.60724507533413430	48.76797419121319166	1.00000000000000000	201.90550058175617210	1.00000000000000000	1.00000000000000000	1.00000000000000000
MRI1	1.00000000000000000	1.00000000000000000	1.00000000000000000	1.00000000000000000	1.00000000000000000	1.00000000000000000	128.23894598456351446
MRPL10	1.00000000000000000	50.54532406057253979	1.00000000000000000	1.00000000000000000	1.00000000000000000	1.00000000000000000	1.00000000000000000
MRPL11	67.76295300056709436	74.14536898689368627	1.00000000000000000	94.74566853820070378	58.45525896130149590	46.26914833969831164	1.00000000000000000
MRPL14	96.34726695747274050	87.55999305270684374	114.04287864281538134	190.43724822567494925	127.77463940836739198	83.94586429412801465	1.00000000000000000
MRPL19	1.00000000000000000	1.00000000000000000	1.00000000000000000	1.00000000000000000	59.64450451768239247	1.00000000000000000	78.56803144669200378
MRPL23	68.26245221098506022	60.69411679893169520	130.92490428892307364	1.00000000000000000	55.27389024273519880	106.65054188153021641	22.30439209133841061
MRPL24	58.35476142145489575	47.81179654036529314	1.00000000000000000	63.86417833227632457	72.56959639306829501	1.00000000000000000	1.00000000000000000
MRPL3	81.63350163089981493	67.97779275294047352	1.00000000000000000	110.86542101552143436	82.69994995834278484	40.85646158113595305	1.00000000000000000
MRPL35	1.00000000000000000	1.00000000000000000	1.00000000000000000	1.00000000000000000	1.00000000000000000	44.55030715507450623	1.00000000000000000
MRPL37	36.37745275800375566	1.00000000000000000	1.00000000000000000	1.00000000000000000	1.00000000000000000	1.00000000000000000	1.00000000000000000
MRPL38	1.00000000000000000	58.30864678365975351	1.00000000000000000	109.86937619208457306	95.79589746644974468	26.37621236827876459	22.85073345242518883
MRPL43	86.46205388413309834	88.44337342109399458	1.00000000000000000	144.79251408134004464	117.38932754187348451	1.00000000000000000	75.53723658480147662
MRPL48	1.00000000000000000	1.00000000000000000	1.00000000000000000	1.00000000000000000	1.00000000000000000	38.52484554709909759	1.00000000000000000
MRPL50	45.41239474254390984	1.00000000000000000	1.00000000000000000	1.00000000000000000	85.03669334622503584	28.51014124900040869	1.00000000000000000
MRPL9	1.00000000000000000	38.98829604065394250	1.00000000000000000	58.77016494105842526	90.02738962560142966	1.00000000000000000	1.00000000000000000
MRPS11	84.35202088404993503	44.46042712749675729	1.00000000000000000	84.80835014317993625	56.72082216293333090	1.00000000000000000	199.57496453052610264
MRPS18A	1.00000000000000000	42.80842082919144076	1.00000000000000000	1.00000000000000000	1.00000000000000000	1.00000000000000000	19.61204799894915496
MRPS23	46.36392790886244342	40.83286504573172238	1.00000000000000000	74.69202617032254921	1.00000000000000000	36.75235262039100803	93.16733769843793311
MRPS25	59.69910233763830121	1.00000000000000000	1.00000000000000000	1.00000000000000000	1.00000000000000000	51.17801818814023562	22.10945885315748427
MRPS28	1.00000000000000000	38.21144655854789818	1.00000000000000000	1.00000000000000000	70.28534913515511562	38.42114280664750225	1.00000000000000000
MRPS33	56.33303678667419945	48.94147918426220656	1.00000000000000000	1.00000000000000000	1.00000000000000000	1.00000000000000000	90.97032769216299641
MRPS35	1.00000000000000000	46.85622011816590771	1.00000000000000000	1.00000000000000000	53.91347088909073193	1.00000000000000000	1.00000000000000000
MRPS5	55.62975364095375141	55.66439390235483131	1.00000000000000000	84.66515589584555812	100.90273735810897904	1.00000000000000000	115.01807115086310773
MRTO4	51.03823176378843129	1.00000000000000000	1.00000000000000000	1.00000000000000000	1.00000000000000000	1.00000000000000000	22.30439209133841061
MRVI1	1.00000000000000000	1.00000000000000000	1.00000000000000000	107.23067572684726656	71.63018870206370536	1.00000000000000000	1.00000000000000000
MS4A4A	1.00000000000000000	1.00000000000000000	1.00000000000000000	1.00000000000000000	1.00000000000000000	200.12666923784797746	1.00000000000000000
MS4A6A	1.00000000000000000	1.00000000000000000	1.00000000000000000	1.00000000000000000	1.00000000000000000	366.09752663671719120	1.00000000000000000
MS4A7	1.00000000000000000	1.00000000000000000	1.00000000000000000	1.00000000000000000	1.00000000000000000	332.29117336329073851	1.00000000000000000
MSC	1.00000000000000000	50.77603173036385442	1.00000000000000000	1.00000000000000000	1.00000000000000000	1.00000000000000000	1.00000000000000000
MSL1	1.00000000000000000	1.00000000000000000	1.00000000000000000	1.00000000000000000	1.00000000000000000	201.14130520813944258	1.00000000000000000
MSL3	1.00000000000000000	1.00000000000000000	1.00000000000000000	1.00000000000000000	1.00000000000000000	56.28136622425838453	1.00000000000000000
MSN	87.81650276026874735	120.63777111106105622	1.00000000000000000	292.35240783597760128	140.29463879635878243	181.35835524705120747	62.22083218162599394
MSR1	1.00000000000000000	1.00000000000000000	1.00000000000000000	1.00000000000000000	1.00000000000000000	138.73562815799627401	1.00000000000000000
MSRB1	1.00000000000000000	1.00000000000000000	1.00000000000000000	1.00000000000000000	1.00000000000000000	49.19453286042875817	1.00000000000000000
MSRB3	47.50746065832451848	84.33640196885821183	1.00000000000000000	185.94455546391191092	58.51748479005807013	19.15726182388315735	22.10945885315748427
MT.ND6	1.00000000000000000	1.00000000000000000	1.00000000000000000	1.00000000000000000	1.00000000000000000	44.70469757607506978	109.60463683836324833
MT1A	140.77059935199196161	1.00000000000000000	129.97500840450123860	165.49545224795232912	1.00000000000000000	1.00000000000000000	1.00000000000000000
MT1E	1051.41389019995904164	378.43778747434976140	1389.36502990480425979	881.68063774573636238	232.95051008474561627	263.02225865848055264	141.93917861814463777
MT1F	1.00000000000000000	1.00000000000000000	1.00000000000000000	1.00000000000000000	1.00000000000000000	53.25192765968039055	1.00000000000000000
MT1M	322.21849705332908798	1.00000000000000000	439.83556716621689020	366.37458177430386286	1.00000000000000000	1.00000000000000000	270.91098307648837817
MT1X	1302.49885625782576426	235.58974846328763419	2512.01922652975099481	495.83308501912938482	218.14845790289928118	1401.16370393919305570	360.88131076865192881
MT2A	8776.35765048720350023	3437.91297820893623793	12115.57831945460020506	4727.71823698377193068	1977.47031036562611916	1059.00742041400621929	1151.71871000643500338
MTCH2	57.26696744234310898	88.48474710004424537	1.00000000000000000	130.18590286954153612	91.88221100848642209	1.00000000000000000	64.32837655947244571
MTHFD2	60.87669044695137188	1.00000000000000000	191.05195879969664929	196.49832675672649884	141.43435854535081830	30.41444961901901323	1.00000000000000000
MTHFS	1.00000000000000000	1.00000000000000000	1.00000000000000000	1.00000000000000000	1.00000000000000000	1.00000000000000000	109.60463683836324833
MTMR14	1.00000000000000000	1.00000000000000000	1.00000000000000000	1.00000000000000000	1.00000000000000000	205.82591971977248591	1.00000000000000000
MTUS1	1.00000000000000000	1.00000000000000000	1.00000000000000000	1.00000000000000000	147.26188455517763032	1.00000000000000000	413.81729716135657782
MTX1	53.15193039240383399	56.88644597135975545	1.00000000000000000	1.00000000000000000	84.41094522624111107	1.00000000000000000	1.00000000000000000
MUSTN1	1.00000000000000000	1.00000000000000000	1.00000000000000000	1185.32480713185668719	192.36857417853815377	1.00000000000000000	1.00000000000000000
MXRA5	138.82772415501884211	264.97886150479632761	1.00000000000000000	1.00000000000000000	1.00000000000000000	82.57297768240884750	1.00000000000000000
MXRA7	1.00000000000000000	58.59940723524285744	1.00000000000000000	1.00000000000000000	1.00000000000000000	1.00000000000000000	93.16733769843793311
MYCT1	1.00000000000000000	1.00000000000000000	1.00000000000000000	1.00000000000000000	1.00000000000000000	1.00000000000000000	56.90292743860110392
MYH10	196.45564435485508170	102.30022392054391389	1.00000000000000000	1.00000000000000000	1.00000000000000000	1.00000000000000000	81.29189148624158179
MYH11	1.00000000000000000	1.00000000000000000	1.00000000000000000	940.52981705765546394	113.06684557231164945	65.33289468692511548	1.00000000000000000
MYL9	558.85846674982508375	1443.37290430058897073	1218.85764270157551437	6873.63989912385659409	1676.43899266102607726	1038.74402685478708008	1.00000000000000000
MYLIP	1.00000000000000000	1.00000000000000000	1.00000000000000000	108.01154052897857127	82.92747469180264375	27.39650098941112688	43.21891770631494722
MYLK	172.34558477203418647	311.85524449770923638	1.00000000000000000	1352.02949852951337562	291.91067429916478204	120.33695336156833378	1.00000000000000000
MYO1B	74.87929165446108470	58.47448714187007823	1.00000000000000000	164.81497224677065105	449.67494221789428366	51.89375688175086054	43.21891770631494722
MYO1C	44.09178477329974299	67.25630973249144517	1.00000000000000000	1.00000000000000000	106.17918500192399733	46.67663104332279289	1.00000000000000000
MYO1F	1.00000000000000000	1.00000000000000000	1.00000000000000000	1.00000000000000000	1.00000000000000000	35.63377702718549500	1.00000000000000000
MYO6	1.00000000000000000	1.00000000000000000	1.00000000000000000	1.00000000000000000	1.00000000000000000	1.00000000000000000	199.57496453052610264
MYOF	46.59015603709043063	53.77624760933460379	1.00000000000000000	175.90674145181014865	72.89726612593392474	42.31824270393720866	1.00000000000000000
MYZAP	1.00000000000000000	1.00000000000000000	1.00000000000000000	1.00000000000000000	1.00000000000000000	1.00000000000000000	127.65675311894494826
NAA50	60.42923601195057870	45.83779223553107585	1.00000000000000000	1.00000000000000000	1.00000000000000000	1.00000000000000000	1.00000000000000000
NAA80	1.00000000000000000	1.00000000000000000	1.00000000000000000	1.00000000000000000	1.00000000000000000	1.00000000000000000	19.63430914620041179
NABP1	1.00000000000000000	1.00000000000000000	1.00000000000000000	1.00000000000000000	1.00000000000000000	68.92789662992940691	90.97032769216282588
NAE1	48.11901723502256090	54.75676522916160138	1.00000000000000000	1.00000000000000000	1.00000000000000000	39.37418589887038678	1.00000000000000000
NAGA	1.00000000000000000	1.00000000000000000	1.00000000000000000	1.00000000000000000	1.00000000000000000	69.71896871365929371	1.00000000000000000
NAP1L4	1.00000000000000000	65.90383118828580677	1.00000000000000000	52.14628724780514801	60.44112086654865124	53.99286472002687276	38.26861829240073121
NAPRT	1.00000000000000000	47.87584927224740738	1.00000000000000000	1.00000000000000000	1.00000000000000000	38.17103435237132913	1.00000000000000000
NBR1	1.00000000000000000	55.18045135977016002	1.00000000000000000	1.00000000000000000	1.00000000000000000	1.00000000000000000	1.00000000000000000
NCBP2AS2	1.00000000000000000	55.29199130616408553	1.00000000000000000	121.83405429621686267	64.32677785652819580	204.30081069582735154	1.00000000000000000
NCF2	1.00000000000000000	1.00000000000000000	1.00000000000000000	1.00000000000000000	1.00000000000000000	75.42491471518127355	1.00000000000000000
NCK1	1.00000000000000000	39.98866011437517187	1.00000000000000000	1.00000000000000000	1.00000000000000000	16.54416719275459613	1.00000000000000000
NCK2	1.00000000000000000	1.00000000000000000	1.00000000000000000	1.00000000000000000	105.61556255137786309	1.00000000000000000	1.00000000000000000
NCKAP1	69.02203034626077738	75.05370826263529693	1.00000000000000000	98.57420981148166561	58.60947725620954429	1.00000000000000000	64.32837655947244571
NCKAP1L	1.00000000000000000	1.00000000000000000	1.00000000000000000	1.00000000000000000	1.00000000000000000	173.10027011893606641	1.00000000000000000
NCOA7	47.61671376072351336	1.00000000000000000	1.00000000000000000	1.00000000000000000	66.46157860208238333	37.12478967039857025	1.00000000000000000
NCSTN	1.00000000000000000	38.12971004680830589	1.00000000000000000	1.00000000000000000	1.00000000000000000	1.00000000000000000	90.97032769216282588
NDRG2	109.48233341205312286	1.00000000000000000	1.00000000000000000	172.96939629654005444	446.55155028313794219	132.03234139457489960	22.10945885315748427
NDUFA4L2	1.00000000000000000	1.00000000000000000	824.59156284095445244	1747.64064658044389944	2454.08445060391386505	148.26751753344478857	1.00000000000000000
NDUFAF4	1.00000000000000000	1.00000000000000000	1.00000000000000000	1.00000000000000000	48.06821384640478101	1.00000000000000000	1.00000000000000000
NDUFS1	1.00000000000000000	1.00000000000000000	1.00000000000000000	1.00000000000000000	60.59987866193529271	1.00000000000000000	38.26861829240073121
NDUFS3	80.11853211421878029	109.99422377828885544	1.00000000000000000	111.35568869527448044	153.88825447230408372	86.26519441081805439	1.00000000000000000
NECAP2	1.00000000000000000	1.00000000000000000	1.00000000000000000	1.00000000000000000	57.54538873167518886	34.67556080056653656	1.00000000000000000
NEDD9	87.25923855064003476	1.00000000000000000	1.00000000000000000	1.00000000000000000	1.00000000000000000	1.00000000000000000	1.00000000000000000
NEK6	51.68990501528543291	40.99742165056280641	1.00000000000000000	1.00000000000000000	1.00000000000000000	1.00000000000000000	1.00000000000000000
NELFB	1.00000000000000000	1.00000000000000000	1.00000000000000000	1.00000000000000000	1.00000000000000000	47.61031979011223569	1.00000000000000000
NELFCD	1.00000000000000000	1.00000000000000000	1.00000000000000000	1.00000000000000000	1.00000000000000000	44.24334667947226762	1.00000000000000000
NENF	115.83859063937077849	101.02323247546254947	151.54246958542938728	79.44428091022571436	91.98113609685329095	25.71475993646712865	1.00000000000000000
NES	1.00000000000000000	1.00000000000000000	1.00000000000000000	1.00000000000000000	88.01703756955730285	1.00000000000000000	1.00000000000000000
NET1	1.00000000000000000	57.30220738198532615	1.00000000000000000	134.37842350282895154	1.00000000000000000	1.00000000000000000	1.00000000000000000
NEURL1B	1.00000000000000000	1.00000000000000000	1.00000000000000000	81.31730571869594826	66.93113946216870147	1.00000000000000000	1.00000000000000000
NEXN	180.35529078927356750	195.89928875365018257	1.00000000000000000	590.03151926306361474	222.30475208619151317	130.56907004067267053	1.00000000000000000
NF1	44.40025242395154237	1.00000000000000000	1.00000000000000000	1.00000000000000000	60.72103791765876935	56.11318462518932648	1.00000000000000000
NFASC	1.00000000000000000	1.00000000000000000	1.00000000000000000	95.27517284501297468	71.28001900102609056	1.00000000000000000	1.00000000000000000
NFATC2IP	1.00000000000000000	1.00000000000000000	1.00000000000000000	1.00000000000000000	1.00000000000000000	67.27324809830457752	162.04510539264470026
NFATC4	1.00000000000000000	1.00000000000000000	1.00000000000000000	1.00000000000000000	59.08628478639997184	1.00000000000000000	1.00000000000000000
NFIX	66.26328713364931389	1.00000000000000000	1.00000000000000000	1.00000000000000000	1.00000000000000000	1.00000000000000000	1.00000000000000000
NFKB2	1.00000000000000000	1.00000000000000000	1.00000000000000000	1.00000000000000000	1.00000000000000000	61.59220679494521988	1.00000000000000000
NFKBIZ	71.18855950091871421	1.00000000000000000	1.00000000000000000	1.00000000000000000	1.00000000000000000	76.23425869180336178	1.00000000000000000
NFYB	1.00000000000000000	106.90294312633872664	1.00000000000000000	1.00000000000000000	1.00000000000000000	1.00000000000000000	1.00000000000000000
NFYC	1.00000000000000000	1.00000000000000000	1.00000000000000000	1.00000000000000000	1.00000000000000000	41.85271558318468266	1.00000000000000000
NGDN	1.00000000000000000	1.00000000000000000	1.00000000000000000	1.00000000000000000	1.00000000000000000	1.00000000000000000	19.63430914620041179
NHLRC3	1.00000000000000000	63.62327870393255580	1.00000000000000000	1.00000000000000000	1.00000000000000000	67.43889572661483101	1.00000000000000000
NIBAN1	1.00000000000000000	1.00000000000000000	1.00000000000000000	104.03030628189165441	1.00000000000000000	44.57617537114570894	64.32837655947244571
NID2	1.00000000000000000	1.00000000000000000	1.00000000000000000	1.00000000000000000	79.41369460020565896	1.00000000000000000	1.00000000000000000
NIPSNAP2	1.00000000000000000	46.83328764502987696	1.00000000000000000	1.00000000000000000	1.00000000000000000	1.00000000000000000	207.18540884930104085
NIPSNAP3A	1.00000000000000000	1.00000000000000000	1.00000000000000000	56.71552659524969897	79.58160707781743781	1.00000000000000000	1.00000000000000000
NIT2	1.00000000000000000	49.88779337758052179	1.00000000000000000	1.00000000000000000	68.65342972199212568	1.00000000000000000	1.00000000000000000
NKAP	1.00000000000000000	35.23065781284889653	1.00000000000000000	1.00000000000000000	1.00000000000000000	1.00000000000000000	1.00000000000000000
NKD2	97.79286384742000848	55.82387244140591065	1.00000000000000000	1.00000000000000000	1.00000000000000000	1.00000000000000000	1.00000000000000000
NKG7	1.00000000000000000	1.00000000000000000	1.00000000000000000	1.00000000000000000	1.00000000000000000	79.16982240472000854	1.00000000000000000
NMB	1.00000000000000000	1.00000000000000000	1.00000000000000000	1.00000000000000000	1.00000000000000000	1.00000000000000000	19.63430914620041179
NMI	1.00000000000000000	42.17516172270281771	1.00000000000000000	1.00000000000000000	63.93763703836872025	1.00000000000000000	64.32837655947244571
NMRAL1	1.00000000000000000	1.00000000000000000	1.00000000000000000	1.00000000000000000	1.00000000000000000	42.68729798820608323	1.00000000000000000
NMT1	1.00000000000000000	47.97618014470774028	1.00000000000000000	1.00000000000000000	1.00000000000000000	11.26358181914749856	1.00000000000000000
NNT	1.00000000000000000	1.00000000000000000	1.00000000000000000	1.00000000000000000	1.00000000000000000	66.41235917972331038	1.00000000000000000
NOB1	51.43678174595506647	62.97061621017255817	1.00000000000000000	1.00000000000000000	1.00000000000000000	1.00000000000000000	78.56803144669200378
NOC2L	1.00000000000000000	64.36908327827758569	1.00000000000000000	1.00000000000000000	1.00000000000000000	175.06825351333148433	1.00000000000000000
NOL9	1.00000000000000000	1.00000000000000000	1.00000000000000000	1.00000000000000000	1.00000000000000000	1.00000000000000000	109.60463683836324833
NOLC1	84.00669437364443581	1.00000000000000000	1.00000000000000000	1.00000000000000000	1.00000000000000000	1.00000000000000000	1.00000000000000000
NOP16	70.76097067060771906	1.00000000000000000	1.00000000000000000	1.00000000000000000	1.00000000000000000	1.00000000000000000	38.26861829240080226
NOP58	66.45950274256706791	1.00000000000000000	1.00000000000000000	1.00000000000000000	1.00000000000000000	45.77735107092694733	22.30439209133841061
NOTCH1	1.00000000000000000	1.00000000000000000	1.00000000000000000	1.00000000000000000	1.00000000000000000	1.00000000000000000	109.60463683836344728
NOTCH2	107.59914133481279919	66.37038423974270529	1.00000000000000000	1.00000000000000000	1.00000000000000000	1.00000000000000000	1.00000000000000000
NOTCH3	1.00000000000000000	129.12727964050145602	1.00000000000000000	377.92304562345424301	771.29679424886012384	95.02684401268668068	1.00000000000000000
NOX4	1.00000000000000000	73.66345628453767347	1.00000000000000000	1.00000000000000000	1.00000000000000000	1.00000000000000000	1.00000000000000000
NPDC1	60.53595741772774375	64.88313237100544484	1.00000000000000000	1.00000000000000000	1.00000000000000000	1.00000000000000000	1.00000000000000000
NPEPPS	57.59548363759171963	52.26010983736387061	1.00000000000000000	1.00000000000000000	56.43831970178310797	1.00000000000000000	1.00000000000000000
NPHP3	1.00000000000000000	1.00000000000000000	1.00000000000000000	1.00000000000000000	1.00000000000000000	36.09519599544618984	1.00000000000000000
NPL	1.00000000000000000	1.00000000000000000	1.00000000000000000	1.00000000000000000	1.00000000000000000	231.20788444422922225	1.00000000000000000
NPLOC4	1.00000000000000000	1.00000000000000000	1.00000000000000000	1.00000000000000000	1.00000000000000000	38.18997629017902540	1.00000000000000000
NPM3	67.37709437003512392	44.56080822231034233	1.00000000000000000	1.00000000000000000	1.00000000000000000	1.00000000000000000	1.00000000000000000
NPNT	127.07985114549916261	1.00000000000000000	1.00000000000000000	1.00000000000000000	1.00000000000000000	1.00000000000000000	185.33467539687592307
NPTN	1.00000000000000000	58.02478886829598537	1.00000000000000000	92.38181082899519936	1.00000000000000000	1.00000000000000000	1.00000000000000000
NR1H2	1.00000000000000000	61.07428223250229138	1.00000000000000000	156.59613236809346404	61.05374232222178676	49.43288552536129998	1.00000000000000000
NR1H3	1.00000000000000000	1.00000000000000000	1.00000000000000000	1.00000000000000000	1.00000000000000000	1.00000000000000000	64.32837655947244571
NR2F1	141.39310128336347816	45.19454375103988752	1.00000000000000000	1.00000000000000000	68.53455407178195458	1.00000000000000000	180.67941453884509428
NR2F2	73.07623816664745675	84.98901029385940831	1.00000000000000000	353.83887502603727171	528.12277465862541703	85.73486973094738062	267.97320531783958586
NR2F2.AS1	1.00000000000000000	1.00000000000000000	1.00000000000000000	110.62273017723921953	84.07970763439631412	1.00000000000000000	1.00000000000000000
NR4A1	177.64377770847391957	95.17170427288334622	1.00000000000000000	199.32186046622240383	1.00000000000000000	74.63729152806664047	1.00000000000000000
NR4A2	1.00000000000000000	1.00000000000000000	1.00000000000000000	1.00000000000000000	1.00000000000000000	115.17277244058979591	1.00000000000000000
NRARP	1.00000000000000000	1.00000000000000000	1.00000000000000000	1.00000000000000000	65.91734388633091157	1.00000000000000000	1.00000000000000000
NRAS	1.00000000000000000	1.00000000000000000	1.00000000000000000	1.00000000000000000	1.00000000000000000	1.00000000000000000	19.63430914620041179
NRBF2	1.00000000000000000	90.48245905361787322	1.00000000000000000	1.00000000000000000	1.00000000000000000	45.07282988383122557	1.00000000000000000
NRDC	81.84007240520519133	53.41444733334046902	1.00000000000000000	1.00000000000000000	1.00000000000000000	34.57952143756240559	1.00000000000000000
NRN1	1.00000000000000000	1.00000000000000000	1.00000000000000000	1.00000000000000000	1.00000000000000000	1.00000000000000000	80.83288018057514535
NRP2	1.00000000000000000	67.31708502250927495	1.00000000000000000	1.00000000000000000	1.00000000000000000	1.00000000000000000	392.32049207020770609
NSFL1C	1.00000000000000000	46.26930712478432639	1.00000000000000000	1.00000000000000000	1.00000000000000000	1.00000000000000000	19.61204799894915496
NSL1	1.00000000000000000	35.74337714747668571	1.00000000000000000	1.00000000000000000	1.00000000000000000	1.00000000000000000	1.00000000000000000
NSMCE1	54.94704793421337286	82.90555270784795994	1.00000000000000000	178.57154463109941389	73.28418966383546262	1.00000000000000000	19.63430914620035139
NSMCE3	1.00000000000000000	1.00000000000000000	1.00000000000000000	1.00000000000000000	1.00000000000000000	53.82490549044020156	1.00000000000000000
NT5C	70.24223156265971113	79.13441343951775764	1.00000000000000000	130.04511529709247952	106.23433230780686642	99.29633769093825890	1.00000000000000000
NT5C3A	1.00000000000000000	1.00000000000000000	1.00000000000000000	1.00000000000000000	1.00000000000000000	22.87697561389291678	128.23894598456351446
NTM	1.00000000000000000	92.12309305854176955	1.00000000000000000	1.00000000000000000	1.00000000000000000	27.80804913982598947	1.00000000000000000
NTN4	1.00000000000000000	1.00000000000000000	1.00000000000000000	140.17939457293201144	1.00000000000000000	1.00000000000000000	1.00000000000000000
NTRK3	1.00000000000000000	1.00000000000000000	1.00000000000000000	93.99697486331987761	1.00000000000000000	1.00000000000000000	1.00000000000000000
NUAK1	1.00000000000000000	38.77019746654541166	1.00000000000000000	1.00000000000000000	1.00000000000000000	1.00000000000000000	1.00000000000000000
NUB1	1.00000000000000000	46.96093325176195066	1.00000000000000000	1.00000000000000000	57.33138312413869642	175.91716709793524842	1.00000000000000000
NUDT14	1.00000000000000000	1.00000000000000000	1.00000000000000000	1.00000000000000000	1.00000000000000000	32.94159842588005205	78.56803144669200378
NUDT16	1.00000000000000000	1.00000000000000000	1.00000000000000000	1.00000000000000000	1.00000000000000000	60.12034256390030151	136.86880460328833919
NUDT22	1.00000000000000000	60.95273017317124697	1.00000000000000000	1.00000000000000000	1.00000000000000000	206.15842712822959015	1.00000000000000000
NUDT4	1.00000000000000000	1.00000000000000000	1.00000000000000000	121.67978705652494398	66.98252761051416826	1.00000000000000000	1.00000000000000000
NUDT5	54.11887119277842828	60.88385596541700551	1.00000000000000000	1.00000000000000000	101.03688298882316587	33.43213524910804324	1.00000000000000000
NUFIP2	58.57044318917787962	1.00000000000000000	1.00000000000000000	1.00000000000000000	1.00000000000000000	1.00000000000000000	59.52848808923673829
NUMA1	55.11047321032719992	75.86451899377192376	1.00000000000000000	1.00000000000000000	1.00000000000000000	1.00000000000000000	93.16733769843793311
NUMB	1.00000000000000000	1.00000000000000000	1.00000000000000000	1.00000000000000000	1.00000000000000000	1.00000000000000000	90.97032769216282588
NUP214	1.00000000000000000	1.00000000000000000	1.00000000000000000	1.00000000000000000	1.00000000000000000	49.43288552536129998	1.00000000000000000
NUP62	1.00000000000000000	1.00000000000000000	1.00000000000000000	1.00000000000000000	1.00000000000000000	64.44837022859545073	1.00000000000000000
NUS1	1.00000000000000000	1.00000000000000000	1.00000000000000000	1.00000000000000000	1.00000000000000000	36.92532255426712595	78.14053608818586838
NUTF2	66.15715927758709825	80.85506128239850909	1.00000000000000000	88.92333923507007398	94.03842386273360887	1.00000000000000000	1.00000000000000000
NUTM2A.AS1	1.00000000000000000	1.00000000000000000	1.00000000000000000	1.00000000000000000	85.84046572679793030	1.00000000000000000	1.00000000000000000
NXF1	1.00000000000000000	1.00000000000000000	1.00000000000000000	1.00000000000000000	49.62235999564246214	1.00000000000000000	93.16733769843793311
NXT1	61.64739444603934970	56.08646392212608589	88.73188482529438659	1.00000000000000000	1.00000000000000000	19.43811717620255664	59.52848808923673829
OAF	1.00000000000000000	1.00000000000000000	1.00000000000000000	1.00000000000000000	1.00000000000000000	1.00000000000000000	40.91644009028756557
OCIAD2	1.00000000000000000	39.48061447175491168	1.00000000000000000	1.00000000000000000	1.00000000000000000	1.00000000000000000	1.00000000000000000
ODF3B	60.78020141733374260	99.26520430400772455	1.00000000000000000	91.11746465371003012	108.93742373217867225	37.12478967039857025	1.00000000000000000
OGA	59.61536706358882753	72.93319450624196065	1.00000000000000000	53.47146995757621823	74.14963073926999471	33.07060062444627846	1.00000000000000000
OGFOD3	53.18353676394708174	44.49113932653374093	1.00000000000000000	1.00000000000000000	73.27082328506995168	1.00000000000000000	1.00000000000000000
OGFR	1.00000000000000000	37.91652450916173933	1.00000000000000000	1.00000000000000000	62.25673887908904902	41.52706021095664823	1.00000000000000000
OGN	62.51753723432965870	1.00000000000000000	1.00000000000000000	1.00000000000000000	1.00000000000000000	1.00000000000000000	1.00000000000000000
OLFM2	1.00000000000000000	50.23263456826042983	1.00000000000000000	1.00000000000000000	1.00000000000000000	1.00000000000000000	1.00000000000000000
OLFML1	67.28787286058552297	1.00000000000000000	1.00000000000000000	1.00000000000000000	1.00000000000000000	1.00000000000000000	1.00000000000000000
OLFML2A	1.00000000000000000	1.00000000000000000	1.00000000000000000	1.00000000000000000	240.89501035794719996	1.00000000000000000	153.28219116532525845
OLFML2B	94.32367585115042630	128.81931236071071112	1.00000000000000000	181.03650553634963671	133.61600287149158817	113.23065182758237768	1.00000000000000000
OLFML3	320.93391562825581786	175.32916405459849329	123.86637265317474998	1.00000000000000000	82.19538834550925799	37.68895811372931348	1.00000000000000000
OLR1	1.00000000000000000	1.00000000000000000	1.00000000000000000	1.00000000000000000	1.00000000000000000	116.02132073852577321	1.00000000000000000
OPTN	88.73956424881042437	106.02757896759196399	1.00000000000000000	91.26768158795134411	144.74794721558333777	1.00000000000000000	19.61204799894915496
OSBP2	1.00000000000000000	1.00000000000000000	1.00000000000000000	1.00000000000000000	1.00000000000000000	1.00000000000000000	43.21891770631494722
OSCAR	1.00000000000000000	1.00000000000000000	1.00000000000000000	1.00000000000000000	1.00000000000000000	66.94382233863817078	1.00000000000000000
OSER1	1.00000000000000000	47.80826400218639094	1.00000000000000000	1.00000000000000000	1.00000000000000000	1.00000000000000000	22.10945885315748427
OSMR	61.23036634248303045	53.85796822986436894	1.00000000000000000	1.00000000000000000	1.00000000000000000	1.00000000000000000	90.97032769216282588
OSTF1	1.00000000000000000	68.23708146120061713	1.00000000000000000	1.00000000000000000	73.78187599641664463	1.00000000000000000	59.52848808923673829
OSTM1	1.00000000000000000	1.00000000000000000	1.00000000000000000	69.80053065000058155	55.13946191369747396	68.54078950237486367	22.30439209133841061
OTUD6B.AS1	1.00000000000000000	1.00000000000000000	1.00000000000000000	1.00000000000000000	1.00000000000000000	1.00000000000000000	90.97032769216282588
P2RY14	1.00000000000000000	1.00000000000000000	1.00000000000000000	1.00000000000000000	197.09993228050768721	1.00000000000000000	1.00000000000000000
P3H1	62.11381047153525969	126.04480726040428351	1.00000000000000000	1.00000000000000000	1.00000000000000000	1.00000000000000000	1.00000000000000000
P3H3	46.19478290988601543	55.64990766211026596	1.00000000000000000	1.00000000000000000	1.00000000000000000	1.00000000000000000	1.00000000000000000
P3H4	52.88727934666010810	81.48938145035785396	1.00000000000000000	1.00000000000000000	1.00000000000000000	1.00000000000000000	93.16733769843793311
P4HA1	69.71242844017309892	97.76445388844788909	97.80382706249869784	1.00000000000000000	1.00000000000000000	96.34376846572038744	1.00000000000000000
P4HA2	112.39325259805148960	151.36401772876800464	138.30783538554308620	1.00000000000000000	61.19176957831112418	1.00000000000000000	1.00000000000000000
P4HA3	1.00000000000000000	72.61492039807070853	1.00000000000000000	1.00000000000000000	1.00000000000000000	1.00000000000000000	1.00000000000000000
PABPC4	64.66958968312526679	1.00000000000000000	1.00000000000000000	1.00000000000000000	1.00000000000000000	50.29407328228192142	1.00000000000000000
PACSIN2	1.00000000000000000	1.00000000000000000	1.00000000000000000	77.87777192606274923	89.05537951386726547	193.35070336606045771	56.90292743860121050
PAFAH1B3	1.00000000000000000	1.00000000000000000	1.00000000000000000	1.00000000000000000	1.00000000000000000	1.00000000000000000	83.52522427296439389
PAG1	1.00000000000000000	1.00000000000000000	1.00000000000000000	127.07170846799267849	164.74372638360250676	60.97044090074916056	1.00000000000000000
PAGR1	1.00000000000000000	53.57345722141248956	1.00000000000000000	1.00000000000000000	1.00000000000000000	34.99417394557777072	1.00000000000000000
PAICS	55.33577800006366232	1.00000000000000000	1.00000000000000000	1.00000000000000000	1.00000000000000000	1.00000000000000000	1.00000000000000000
PAK1	1.00000000000000000	1.00000000000000000	1.00000000000000000	1.00000000000000000	1.00000000000000000	77.69843713845769173	1.00000000000000000
PALLD	192.86428778952216589	235.75799727503664371	129.43110062128482696	393.71218918279538457	69.10701614516038660	161.68949463099951913	1.00000000000000000
PAM16	1.00000000000000000	1.00000000000000000	1.00000000000000000	1.00000000000000000	1.00000000000000000	1.00000000000000000	19.63430914620041179
PAMR1	75.14859574887306337	1.00000000000000000	1.00000000000000000	1.00000000000000000	1.00000000000000000	71.49918531549452894	1.00000000000000000
PANK2	1.00000000000000000	1.00000000000000000	1.00000000000000000	1.00000000000000000	1.00000000000000000	178.31243563296922616	1.00000000000000000
PAPPA	99.39764239646800092	1.00000000000000000	1.00000000000000000	1.00000000000000000	1.00000000000000000	1.00000000000000000	1.00000000000000000
PAPSS1	1.00000000000000000	46.41351590269442084	1.00000000000000000	1.00000000000000000	1.00000000000000000	171.62948036200575075	1.00000000000000000
PAPSS2	1.00000000000000000	1.00000000000000000	1.00000000000000000	1.00000000000000000	1.00000000000000000	36.92532255426712595	1.00000000000000000
PARL	1.00000000000000000	50.15770547569093907	111.82906392306186660	1.00000000000000000	1.00000000000000000	78.01620599147956625	62.22083218162599394
PARM1	1.00000000000000000	1.00000000000000000	1.00000000000000000	186.26837182706472618	101.37364939171627043	19.96060121022272327	1.00000000000000000
PARP14	1.00000000000000000	70.75790808499662887	1.00000000000000000	1.00000000000000000	143.01945511388919385	57.95824572687947551	115.01807115086310773
PARVA	84.95971063369275100	156.72345871613154600	1.00000000000000000	79.50332025058497720	109.93935383495981739	1.00000000000000000	1.00000000000000000
PARVB	1.00000000000000000	1.00000000000000000	1.00000000000000000	1.00000000000000000	1.00000000000000000	82.62708827448017246	43.21891770631494722
PAXX	49.52297402035267737	73.40555443501281729	1.00000000000000000	80.25827956782599415	61.05901534046632406	43.20012353245545711	1.00000000000000000
PBX1	105.93093905084185735	73.02248566489355142	1.00000000000000000	1.00000000000000000	68.11030691980380425	1.00000000000000000	1.00000000000000000
PBXIP1	1.00000000000000000	46.61867414486684424	1.00000000000000000	1.00000000000000000	65.95953719030696050	22.72122300405479578	1.00000000000000000
PCAT19	1.00000000000000000	1.00000000000000000	1.00000000000000000	1.00000000000000000	1.00000000000000000	1.00000000000000000	632.84223816765609172
PCBD1	46.77223220452324881	44.48503684070889364	96.58732870669487625	1.00000000000000000	1.00000000000000000	47.18116040666891564	270.91098307648837817
PCDH18	1.00000000000000000	1.00000000000000000	1.00000000000000000	1.00000000000000000	100.24282578508177721	33.07060062444627846	1.00000000000000000
PCDH7	48.07679295873209213	53.31519831331375769	1.00000000000000000	1.00000000000000000	1.00000000000000000	1.00000000000000000	1.00000000000000000
PCF11	1.00000000000000000	1.00000000000000000	1.00000000000000000	1.00000000000000000	1.00000000000000000	56.79384684937103600	90.97032769216282588
PCGF5	1.00000000000000000	1.00000000000000000	1.00000000000000000	78.86854710741050667	1.00000000000000000	36.34502241794146471	1.00000000000000000
PCID2	1.00000000000000000	1.00000000000000000	1.00000000000000000	1.00000000000000000	1.00000000000000000	1.00000000000000000	43.21891770631494722
PCMTD2	1.00000000000000000	1.00000000000000000	1.00000000000000000	1.00000000000000000	1.00000000000000000	27.56872706630927183	128.23894598456351446
PCSK6	1.00000000000000000	1.00000000000000000	1.00000000000000000	1.00000000000000000	1.00000000000000000	1.00000000000000000	88.40293380970076953
PCSK7	72.26454658675375242	59.32540295524913176	1.00000000000000000	133.68838510108528794	54.23656653911056935	1.00000000000000000	40.91644009028756557
PCYOX1	60.54752945480233706	1.00000000000000000	1.00000000000000000	1.00000000000000000	1.00000000000000000	1.00000000000000000	1.00000000000000000
PDCD2	1.00000000000000000	1.00000000000000000	1.00000000000000000	1.00000000000000000	1.00000000000000000	37.88246334536397342	80.83288018057514535
PDCL3	1.00000000000000000	1.00000000000000000	1.00000000000000000	156.00104637327237356	83.58612016428020297	1.00000000000000000	40.91644009028756557
PDE1A	46.72464210305880528	1.00000000000000000	1.00000000000000000	1.00000000000000000	1.00000000000000000	1.00000000000000000	90.97032769216282588
PDE2A	1.00000000000000000	1.00000000000000000	1.00000000000000000	1.00000000000000000	1.00000000000000000	1.00000000000000000	64.32837655947244571
PDE3A	1.00000000000000000	1.00000000000000000	1.00000000000000000	104.15261015110706921	1.00000000000000000	1.00000000000000000	1.00000000000000000
PDE4D	48.55765617681391433	1.00000000000000000	1.00000000000000000	1.00000000000000000	1.00000000000000000	1.00000000000000000	1.00000000000000000
PDE4DIP	59.54960936020980000	47.79964247758703522	1.00000000000000000	1.00000000000000000	1.00000000000000000	1.00000000000000000	1.00000000000000000
PDE5A	1.00000000000000000	1.00000000000000000	1.00000000000000000	1.00000000000000000	101.21629881535098150	1.00000000000000000	1.00000000000000000
PDGFA	1.00000000000000000	1.00000000000000000	1.00000000000000000	134.76125584123096246	1.00000000000000000	1.00000000000000000	1.00000000000000000
PDGFC	1.00000000000000000	43.90855968710522461	1.00000000000000000	1.00000000000000000	1.00000000000000000	1.00000000000000000	22.85073345242518883
PDGFRA	256.19134948568802201	224.42659204616347779	81.26370177812130180	1.00000000000000000	1.00000000000000000	90.41294923116981863	1.00000000000000000
PDGFRB	175.76683448927781228	290.26260587807979618	197.98475425141458572	562.48497347070929209	1470.89484730903132004	212.75800610760916243	1.00000000000000000
PDGFRL	84.39579863849995434	120.34934292969444414	1.00000000000000000	1.00000000000000000	1.00000000000000000	1.00000000000000000	1.00000000000000000
PDHA1	1.00000000000000000	1.00000000000000000	1.00000000000000000	1.00000000000000000	1.00000000000000000	1.00000000000000000	38.26861829240080226
PDHB	67.64300809620485211	83.76598959744727324	100.29717423200276016	225.86690048774531192	108.67420554867092619	32.70051797588301667	1.00000000000000000
PDLIM4	107.58221456744580280	121.98598577386417219	127.12332159153510247	1.00000000000000000	1.00000000000000000	27.80804913982598947	62.22083218162599394
PDLIM5	104.94735575198549782	124.77441602953115307	1.00000000000000000	306.71842781300506431	111.46609284714801902	75.33146009663364850	38.26861829240073121
PDPK1	1.00000000000000000	1.00000000000000000	1.00000000000000000	1.00000000000000000	1.00000000000000000	185.62684838186766001	93.16733769843793311
PDPN	163.55340495117096111	254.33687564701332917	132.18389138782879400	1.00000000000000000	1.00000000000000000	1.00000000000000000	440.61263991918247029
PDS5A	1.00000000000000000	1.00000000000000000	1.00000000000000000	1.00000000000000000	1.00000000000000000	1.00000000000000000	38.26861829240080226
PDXDC1	1.00000000000000000	1.00000000000000000	1.00000000000000000	1.00000000000000000	1.00000000000000000	43.15024164735000767	1.00000000000000000
PDZRN3	70.52154701190796970	1.00000000000000000	1.00000000000000000	1.00000000000000000	1.00000000000000000	1.00000000000000000	1.00000000000000000
PEAK1	1.00000000000000000	1.00000000000000000	1.00000000000000000	1.00000000000000000	74.79432106788442525	1.00000000000000000	22.10945885315748427
PEAR1	1.00000000000000000	1.00000000000000000	1.00000000000000000	1.00000000000000000	107.47923223612582433	1.00000000000000000	1.00000000000000000
PECAM1	1.00000000000000000	1.00000000000000000	1.00000000000000000	1.00000000000000000	1.00000000000000000	1.00000000000000000	363.00478793304671399
PELO	1.00000000000000000	58.16521643329068780	1.00000000000000000	193.15440119171159949	134.99012120902955303	43.53558829870763702	1.00000000000000000
PEMT	58.33757642242226638	1.00000000000000000	1.00000000000000000	1.00000000000000000	1.00000000000000000	1.00000000000000000	22.30439209133841061
PER1	52.71285382375068451	45.08532047113146035	1.00000000000000000	1.00000000000000000	1.00000000000000000	1.00000000000000000	1.00000000000000000
PERP	1.00000000000000000	67.48715532570238906	155.49637189716506214	1.00000000000000000	255.69942413203804676	46.16813219242740729	1.00000000000000000
PEX16	1.00000000000000000	1.00000000000000000	1.00000000000000000	1.00000000000000000	1.00000000000000000	36.92532255426712595	1.00000000000000000
PFKL	45.49882069454234568	79.37246687421838942	1.00000000000000000	96.74608635773368803	100.00816142317782464	63.04396407854146389	1.00000000000000000
PFN2	45.29486028720007340	93.51247741854427886	1.00000000000000000	1.00000000000000000	1.00000000000000000	1.00000000000000000	90.97032769216282588
PGF	1.00000000000000000	1.00000000000000000	1.00000000000000000	215.24542951670051139	210.46389633439218869	1.00000000000000000	56.90292743860110392
PGM1	52.62270082356908318	67.39824036390416495	1.00000000000000000	1.00000000000000000	1.00000000000000000	1.00000000000000000	1.00000000000000000
PGM2L1	1.00000000000000000	1.00000000000000000	1.00000000000000000	1.00000000000000000	1.00000000000000000	102.53714885012189484	1.00000000000000000
PGM3	55.13521032687442158	48.26689933991428916	1.00000000000000000	1.00000000000000000	1.00000000000000000	1.00000000000000000	1.00000000000000000
PGM5	1.00000000000000000	1.00000000000000000	1.00000000000000000	1.00000000000000000	1.00000000000000000	1.00000000000000000	85.43783541262989445
PGP	1.00000000000000000	1.00000000000000000	1.00000000000000000	1.00000000000000000	1.00000000000000000	1.00000000000000000	19.63430914620041179
PGRMC2	68.76066198524546280	57.60223515254040905	1.00000000000000000	1.00000000000000000	1.00000000000000000	1.00000000000000000	38.22409599789831702
PHACTR1	1.00000000000000000	1.00000000000000000	1.00000000000000000	1.00000000000000000	1.00000000000000000	53.67398606398146654	1.00000000000000000
PHC2	64.65732527349899783	92.51365391826793427	1.00000000000000000	1.00000000000000000	1.00000000000000000	40.01538118053876047	1.00000000000000000
PHF11	1.00000000000000000	49.27655869873576933	1.00000000000000000	1.00000000000000000	1.00000000000000000	27.32672174495056439	1.00000000000000000
PHF14	108.52194446279807494	88.32791853285203842	1.00000000000000000	131.21088157969683152	63.47479724882025209	1.00000000000000000	141.93917861814463777
PHF3	1.00000000000000000	1.00000000000000000	1.00000000000000000	1.00000000000000000	1.00000000000000000	43.15024164735000767	1.00000000000000000
PHLDA2	1.00000000000000000	71.81176687235843303	1.00000000000000000	160.86914930287446168	72.56072955428682292	1.00000000000000000	1.00000000000000000
PHLDA3	68.57332109549477650	127.03053658523805325	1.00000000000000000	1.00000000000000000	1.00000000000000000	64.77331965640505018	1.00000000000000000
PHLDB2	65.21387770988813770	1.00000000000000000	1.00000000000000000	1.00000000000000000	1.00000000000000000	1.00000000000000000	1.00000000000000000
PHYKPL	1.00000000000000000	1.00000000000000000	1.00000000000000000	1.00000000000000000	1.00000000000000000	1.00000000000000000	56.90292743860110392
PI15	1.00000000000000000	1.00000000000000000	1.00000000000000000	87.33303330887893878	1.00000000000000000	1.00000000000000000	1.00000000000000000
PI4KB	1.00000000000000000	1.00000000000000000	1.00000000000000000	1.00000000000000000	1.00000000000000000	1.00000000000000000	90.97032769216282588
PICALM	1.00000000000000000	75.14512002390038958	1.00000000000000000	204.57028292218916476	101.39026610195298872	108.61783221611172223	128.23894598456391236
PIEZO1	1.00000000000000000	1.00000000000000000	1.00000000000000000	1.00000000000000000	1.00000000000000000	1.00000000000000000	163.04863747130215756
PIEZO2	61.09529166558002800	1.00000000000000000	1.00000000000000000	1.00000000000000000	1.00000000000000000	1.00000000000000000	254.81355319323375852
PIGC	1.00000000000000000	45.28394267258305206	1.00000000000000000	1.00000000000000000	1.00000000000000000	1.00000000000000000	38.26861829240073121
PIGF	1.00000000000000000	1.00000000000000000	1.00000000000000000	1.00000000000000000	1.00000000000000000	1.00000000000000000	38.26861829240073121
PIGP	1.00000000000000000	1.00000000000000000	1.00000000000000000	1.00000000000000000	68.78584600846984642	1.00000000000000000	1.00000000000000000
PIK3C2A	1.00000000000000000	1.00000000000000000	1.00000000000000000	1.00000000000000000	1.00000000000000000	1.00000000000000000	109.60463683836344728
PIK3R1	67.84137119755622791	43.23279633351280893	1.00000000000000000	1.00000000000000000	1.00000000000000000	51.65207430761159912	1.00000000000000000
PILRA	1.00000000000000000	1.00000000000000000	1.00000000000000000	1.00000000000000000	1.00000000000000000	37.90833156143517613	1.00000000000000000
PIM1	155.46291539686362171	82.44245591467581846	1.00000000000000000	1.00000000000000000	1.00000000000000000	29.48648078033455988	1.00000000000000000
PIP4K2A	1.00000000000000000	1.00000000000000000	1.00000000000000000	1.00000000000000000	1.00000000000000000	59.07982945966240607	1.00000000000000000
PITPNB	46.13209000904765844	1.00000000000000000	1.00000000000000000	1.00000000000000000	1.00000000000000000	1.00000000000000000	56.90292743860110392
PKDCC	1.00000000000000000	1.00000000000000000	1.00000000000000000	1.00000000000000000	1.00000000000000000	112.44401669984574710	1.00000000000000000
PKN2	1.00000000000000000	1.00000000000000000	1.00000000000000000	1.00000000000000000	1.00000000000000000	1.00000000000000000	56.90292743860110392
PLA2G12A	47.95554098565926182	1.00000000000000000	1.00000000000000000	1.00000000000000000	1.00000000000000000	15.87924884838010087	1.00000000000000000
PLA2G2A	952.46156045121153966	1.00000000000000000	1.00000000000000000	1.00000000000000000	1.00000000000000000	1.00000000000000000	1.00000000000000000
PLA2G7	1.00000000000000000	1.00000000000000000	1.00000000000000000	1.00000000000000000	1.00000000000000000	95.80368513725112223	1.00000000000000000
PLAAT3	1.00000000000000000	44.92517014032313938	1.00000000000000000	1.00000000000000000	72.87797167937976894	1.00000000000000000	78.56803144669200378
PLAC8	1.00000000000000000	1.00000000000000000	1.00000000000000000	1.00000000000000000	1.00000000000000000	63.03073509542348773	1.00000000000000000
PLAC9	319.98559394470726147	119.89489036754184781	254.13302258263229305	689.68324672833398381	437.80318088718541958	105.77246205497868914	270.91098307648837817
PLAGL1	1.00000000000000000	45.73695542654165536	1.00000000000000000	1.00000000000000000	1.00000000000000000	1.00000000000000000	1.00000000000000000
PLAT	1.00000000000000000	192.00090866218928909	1.00000000000000000	1.00000000000000000	114.51191154064323996	1.00000000000000000	1.00000000000000000
PLAU	78.66001664188740961	364.33523851485381329	1.00000000000000000	1.00000000000000000	1.00000000000000000	92.94139956050904061	1.00000000000000000
PLAUR	190.39131326718427317	157.79236364245284108	136.80211142452930062	1.00000000000000000	1.00000000000000000	432.04373063717434889	1.00000000000000000
PLCE1	1.00000000000000000	1.00000000000000000	1.00000000000000000	1.00000000000000000	125.63935593692663417	1.00000000000000000	1.00000000000000000
PLEC	86.13929900177889465	83.68030802259049494	1.00000000000000000	1.00000000000000000	1.00000000000000000	149.22882066396317668	1.00000000000000000
PLEK	1.00000000000000000	1.00000000000000000	1.00000000000000000	1.00000000000000000	1.00000000000000000	192.46339279509393805	1.00000000000000000
PLEKHA1	1.00000000000000000	1.00000000000000000	1.00000000000000000	1.00000000000000000	1.00000000000000000	1.00000000000000000	128.23894598456351446
PLEKHA2	1.00000000000000000	1.00000000000000000	1.00000000000000000	1.00000000000000000	79.78808907256008354	1.00000000000000000	1.00000000000000000
PLEKHA4	61.09952201710790831	1.00000000000000000	1.00000000000000000	1.00000000000000000	1.00000000000000000	1.00000000000000000	1.00000000000000000
PLEKHA5	1.00000000000000000	54.03657679725947816	1.00000000000000000	1.00000000000000000	1.00000000000000000	1.00000000000000000	1.00000000000000000
PLEKHB2	1.00000000000000000	1.00000000000000000	1.00000000000000000	1.00000000000000000	1.00000000000000000	56.16173084694463569	1.00000000000000000
PLEKHH2	170.00780323432067576	1.00000000000000000	1.00000000000000000	1.00000000000000000	1.00000000000000000	1.00000000000000000	1.00000000000000000
PLEKHJ1	53.92871840022275620	54.58671935237812534	1.00000000000000000	1.00000000000000000	1.00000000000000000	33.17388403463749569	1.00000000000000000
PLEKHO1	1.00000000000000000	75.65903639443641282	1.00000000000000000	1.00000000000000000	1.00000000000000000	49.90807790839012625	99.67749029984948095
PLGRKT	1.00000000000000000	88.13117628663091807	1.00000000000000000	1.00000000000000000	1.00000000000000000	54.66503888412286472	90.97032769216282588
PLIN3	71.50384648132107657	110.59254989590540674	122.02406169561825777	1.00000000000000000	1.00000000000000000	19.85276968421792176	22.10945885315748427
PLK2	56.57663318780362260	1.00000000000000000	1.00000000000000000	1.00000000000000000	86.88332067356567734	1.00000000000000000	1.00000000000000000
PLK3	62.88030502030884605	60.18365850932376304	1.00000000000000000	1.00000000000000000	1.00000000000000000	1.00000000000000000	1.00000000000000000
PLN	1.00000000000000000	72.99391142348910932	1.00000000000000000	835.84343736795619861	1.00000000000000000	1.00000000000000000	1.00000000000000000
PLOD2	127.07267300825350276	169.70858099449597489	104.23419167839902855	1.00000000000000000	1.00000000000000000	44.24334667947226762	1.00000000000000000
PLOD3	1.00000000000000000	60.98628152260194923	1.00000000000000000	1.00000000000000000	81.91944056452054213	56.03968365011910180	1.00000000000000000
PLP2	143.91614684627219845	219.81969876075672232	287.85786790195538742	162.19361723277921783	83.64915514965687748	194.17043368287576754	1.00000000000000000
PLPP3	147.23391941504365832	54.84299159561486903	1.00000000000000000	98.79793573186790923	1.00000000000000000	27.80804913982598947	255.47789196912688681
PLPP4	1.00000000000000000	66.08794782054373229	1.00000000000000000	1.00000000000000000	1.00000000000000000	1.00000000000000000	1.00000000000000000
PLPP5	1.00000000000000000	70.30199042402858822	1.00000000000000000	1.00000000000000000	1.00000000000000000	1.00000000000000000	180.94065538432568019
PLSCR3	1.00000000000000000	42.77051968529001158	1.00000000000000000	1.00000000000000000	1.00000000000000000	1.00000000000000000	19.63430914620035139
PLSCR4	60.77128966168127278	71.26702196653521071	1.00000000000000000	1.00000000000000000	1.00000000000000000	1.00000000000000000	141.93917861814463777
PLXDC1	1.00000000000000000	1.00000000000000000	1.00000000000000000	150.45406488409551571	441.22598941936729489	50.97593593520023347	1.00000000000000000
PLXDC2	251.15761761610943381	255.84536603688704304	1.00000000000000000	1.00000000000000000	1.00000000000000000	126.29602548177911103	90.97032769216299641
PLXNB2	46.39042881796364526	59.74617586586430207	1.00000000000000000	52.39910019370069705	1.00000000000000000	44.39839951450561983	1.00000000000000000
PLXNC1	1.00000000000000000	1.00000000000000000	1.00000000000000000	1.00000000000000000	1.00000000000000000	181.57347632555183736	1.00000000000000000
PLXND1	1.00000000000000000	1.00000000000000000	1.00000000000000000	1.00000000000000000	120.81187364942776696	1.00000000000000000	38.26861829240073121
PMAIP1	1.00000000000000000	1.00000000000000000	1.00000000000000000	1.00000000000000000	1.00000000000000000	34.75189619866726787	1.00000000000000000
PMEPA1	1.00000000000000000	122.87970994885041875	1.00000000000000000	1.00000000000000000	184.67690245838991814	1.00000000000000000	1.00000000000000000
PMF1	47.45228259574872709	69.05408742474837425	1.00000000000000000	105.92181304968654842	1.00000000000000000	37.68895811372931348	106.54729426578737161
PMM1	46.64813732690373627	48.32596250735626597	1.00000000000000000	1.00000000000000000	57.14981621663084610	1.00000000000000000	1.00000000000000000
PMPCA	44.57844007418206189	1.00000000000000000	1.00000000000000000	1.00000000000000000	1.00000000000000000	1.00000000000000000	1.00000000000000000
PNKP	1.00000000000000000	1.00000000000000000	1.00000000000000000	1.00000000000000000	1.00000000000000000	82.09811461736236993	59.52848808923673829
PNP	1.00000000000000000	1.00000000000000000	1.00000000000000000	1.00000000000000000	1.00000000000000000	1.00000000000000000	44.70146690485036345
PNRC2	84.58351593757888054	65.85491453781565951	1.00000000000000000	62.17992340322908973	57.50182969091910223	1.00000000000000000	38.26861829240073121
PODN	118.77110207073786796	114.40588916299653022	1.00000000000000000	1.00000000000000000	1.00000000000000000	1.00000000000000000	1.00000000000000000
PODNL1	1.00000000000000000	132.55276348756800076	1.00000000000000000	1.00000000000000000	1.00000000000000000	1.00000000000000000	1.00000000000000000
PODXL	1.00000000000000000	1.00000000000000000	1.00000000000000000	1.00000000000000000	1.00000000000000000	1.00000000000000000	19.63430914620041179
POGLUT3	1.00000000000000000	50.92043147653796353	1.00000000000000000	1.00000000000000000	1.00000000000000000	1.00000000000000000	1.00000000000000000
POLD2	42.54376921288637448	1.00000000000000000	207.01343499269319182	1.00000000000000000	1.00000000000000000	31.34522695324159614	19.63430914620041179
POLDIP2	1.00000000000000000	59.29805632946831651	1.00000000000000000	1.00000000000000000	1.00000000000000000	1.00000000000000000	38.26861829240080226
POLE3	1.00000000000000000	1.00000000000000000	1.00000000000000000	1.00000000000000000	1.00000000000000000	32.08833438550920647	109.60463683836344728
POLK	1.00000000000000000	1.00000000000000000	1.00000000000000000	1.00000000000000000	1.00000000000000000	22.87697561389291678	128.23894598456391236
POLR2A	41.41098935058884223	1.00000000000000000	1.00000000000000000	1.00000000000000000	1.00000000000000000	33.07060062444627846	1.00000000000000000
POLR2B	51.76763483739532745	1.00000000000000000	1.00000000000000000	1.00000000000000000	1.00000000000000000	1.00000000000000000	43.21891770631494722
POLR2C	49.78425282887943126	79.75039808751948556	1.00000000000000000	1.00000000000000000	56.18429012927179400	1.00000000000000000	1.00000000000000000
POLR2M	1.00000000000000000	1.00000000000000000	1.00000000000000000	1.00000000000000000	1.00000000000000000	43.55581118499050319	1.00000000000000000
POMC	1.00000000000000000	1.00000000000000000	1.00000000000000000	1.00000000000000000	1.00000000000000000	1.00000000000000000	43.21891770631494722
POP4	1.00000000000000000	52.50282620012210799	1.00000000000000000	1.00000000000000000	74.15682504143795484	31.52233876459857598	1.00000000000000000
POP5	1.00000000000000000	1.00000000000000000	1.00000000000000000	1.00000000000000000	1.00000000000000000	1.00000000000000000	19.63430914620041179
POP7	55.97877242957855515	61.67698049445772313	1.00000000000000000	1.00000000000000000	1.00000000000000000	32.88665982820253220	1.00000000000000000
POSTN	456.39543025763015294	2199.93138240995722299	197.78641798080656145	1.00000000000000000	1.00000000000000000	437.59871235027742387	1.00000000000000000
PPIE	1.00000000000000000	57.24965161258557345	1.00000000000000000	1.00000000000000000	55.34766806962552721	1.00000000000000000	1.00000000000000000
PPIL3	1.00000000000000000	1.00000000000000000	1.00000000000000000	1.00000000000000000	61.57170816741164998	1.00000000000000000	1.00000000000000000
PPIL4	54.74564821561350669	51.50283692532597968	1.00000000000000000	1.00000000000000000	82.11706700554341865	1.00000000000000000	1.00000000000000000
PPM1F	1.00000000000000000	1.00000000000000000	1.00000000000000000	1.00000000000000000	1.00000000000000000	1.00000000000000000	109.60463683836344728
PPM1K	1.00000000000000000	1.00000000000000000	1.00000000000000000	1.00000000000000000	57.74571778124886379	1.00000000000000000	1.00000000000000000
PPM1L	1.00000000000000000	1.00000000000000000	1.00000000000000000	1.00000000000000000	1.00000000000000000	1.00000000000000000	19.63430914620041179
PPP1R11	1.00000000000000000	67.06567378483973130	1.00000000000000000	1.00000000000000000	1.00000000000000000	1.00000000000000000	1.00000000000000000
PPP1R12A	63.96735871247011573	83.77448089837702128	1.00000000000000000	203.86359381795506351	263.17260459758097113	70.41869865757686853	22.10945885315748427
PPP1R12B	1.00000000000000000	1.00000000000000000	1.00000000000000000	246.22436119674591737	1.00000000000000000	1.00000000000000000	1.00000000000000000
PPP1R14A	275.36683843354717283	183.22728297819679710	487.46304548324036432	2032.69473324759724164	1808.39537258714881318	260.13814008134539790	1.00000000000000000
PPP1R14B	1.00000000000000000	1.00000000000000000	1.00000000000000000	1.00000000000000000	1.00000000000000000	53.82490549044020156	1.00000000000000000
PPP1R15B	1.00000000000000000	1.00000000000000000	1.00000000000000000	1.00000000000000000	1.00000000000000000	37.77842813976414504	1.00000000000000000
PPP1R7	61.33609255299003138	70.55639525766623876	1.00000000000000000	120.36852718897240777	60.24191290679129196	50.78099536458098839	43.60878418267682122
PPP2CB	45.37252212283944175	1.00000000000000000	1.00000000000000000	1.00000000000000000	1.00000000000000000	1.00000000000000000	1.00000000000000000
PPP2R2A	1.00000000000000000	47.06114468343886159	1.00000000000000000	1.00000000000000000	79.49081807218753681	1.00000000000000000	169.27459156433718590
PPP2R3C	1.00000000000000000	1.00000000000000000	1.00000000000000000	1.00000000000000000	52.17314707167030008	38.98316185389432320	1.00000000000000000
PPP2R5C	1.00000000000000000	1.00000000000000000	1.00000000000000000	1.00000000000000000	41.22744589717540009	31.52233876459857598	180.67941453884509428
PPP2R5E	1.00000000000000000	1.00000000000000000	1.00000000000000000	1.00000000000000000	70.89007497206540620	1.00000000000000000	109.60463683836324833
PPP4R2	64.12413867508774956	51.02531973958041789	1.00000000000000000	1.00000000000000000	1.00000000000000000	81.86590861866984881	1.00000000000000000
PPP6R3	1.00000000000000000	1.00000000000000000	1.00000000000000000	1.00000000000000000	1.00000000000000000	1.00000000000000000	19.63430914620041179
PQBP1	55.56751903854037522	59.97867902335460855	1.00000000000000000	76.83629951438246053	67.12447947593656750	26.26117599873311548	1.00000000000000000
PRAF2	95.19969281355139401	97.13876693899310055	1.00000000000000000	1.00000000000000000	1.00000000000000000	47.65836979433501597	1.00000000000000000
PRCC	1.00000000000000000	42.44282572932080910	1.00000000000000000	1.00000000000000000	1.00000000000000000	1.00000000000000000	1.00000000000000000
PREB	48.38521778214111180	51.00355559682110851	1.00000000000000000	1.00000000000000000	1.00000000000000000	1.00000000000000000	1.00000000000000000
PRELP	396.59807251622436297	330.50816236215541721	177.68262986126660508	146.00410911982515927	1.00000000000000000	61.08541298983314505	1.00000000000000000
PREX2	1.00000000000000000	1.00000000000000000	1.00000000000000000	1.00000000000000000	1.00000000000000000	1.00000000000000000	109.60463683836344728
PRG4	153.17542233870213408	1.00000000000000000	1.00000000000000000	1.00000000000000000	1.00000000000000000	1.00000000000000000	1.00000000000000000
PRKAG1	1.00000000000000000	50.85085146344210472	1.00000000000000000	1.00000000000000000	47.52881731536660226	1.00000000000000000	1.00000000000000000
PRKAR1B	1.00000000000000000	1.00000000000000000	1.00000000000000000	1.00000000000000000	1.00000000000000000	1.00000000000000000	146.84409184351713407
PRKCB	1.00000000000000000	1.00000000000000000	1.00000000000000000	1.00000000000000000	1.00000000000000000	44.95586706169104474	1.00000000000000000
PRKDC	48.63519402422688387	1.00000000000000000	1.00000000000000000	1.00000000000000000	1.00000000000000000	63.40899859280112594	1.00000000000000000
PRMT9	1.00000000000000000	1.00000000000000000	1.00000000000000000	1.00000000000000000	1.00000000000000000	50.39759664147935325	1.00000000000000000
PROX1	1.00000000000000000	1.00000000000000000	1.00000000000000000	1.00000000000000000	1.00000000000000000	1.00000000000000000	217.94803283124579707
PRPF19	1.00000000000000000	1.00000000000000000	1.00000000000000000	1.00000000000000000	48.61260879769797327	38.74115653253561931	38.22409599789831702
PRPF38A	1.00000000000000000	1.00000000000000000	1.00000000000000000	1.00000000000000000	1.00000000000000000	42.26004578563423308	1.00000000000000000
PRPF8	1.00000000000000000	1.00000000000000000	1.00000000000000000	1.00000000000000000	1.00000000000000000	28.02387372338283100	1.00000000000000000
PRPS2	1.00000000000000000	57.39276444047361991	1.00000000000000000	1.00000000000000000	1.00000000000000000	43.41613327556853363	1.00000000000000000
PRPSAP1	1.00000000000000000	54.10127978555743056	1.00000000000000000	1.00000000000000000	1.00000000000000000	1.00000000000000000	62.22083218162599394
PRR16	1.00000000000000000	48.79380499682077499	1.00000000000000000	1.00000000000000000	96.25728284226975973	1.00000000000000000	1.00000000000000000
PRRC1	1.00000000000000000	1.00000000000000000	1.00000000000000000	1.00000000000000000	1.00000000000000000	75.77306114573624996	1.00000000000000000
PRXL2A	66.55312415433664341	1.00000000000000000	1.00000000000000000	1.00000000000000000	96.34040990401133797	1.00000000000000000	329.75388770844807595
PSD3	1.00000000000000000	50.53021669201315547	1.00000000000000000	1.00000000000000000	1.00000000000000000	1.00000000000000000	1.00000000000000000
PSMA3.AS1	46.91086984581915686	39.21345852926678077	1.00000000000000000	1.00000000000000000	55.79903197354117594	1.00000000000000000	1.00000000000000000
PSMD10	1.00000000000000000	1.00000000000000000	1.00000000000000000	1.00000000000000000	1.00000000000000000	42.01836321149495745	1.00000000000000000
PSMD6	1.00000000000000000	51.55063470207292653	1.00000000000000000	1.00000000000000000	83.45787978013845532	39.24921789669434702	1.00000000000000000
PSME3	1.00000000000000000	1.00000000000000000	1.00000000000000000	1.00000000000000000	1.00000000000000000	224.35005262329650577	1.00000000000000000
PSMG1	38.77127814105219983	1.00000000000000000	1.00000000000000000	1.00000000000000000	1.00000000000000000	1.00000000000000000	1.00000000000000000
PTAR1	1.00000000000000000	1.00000000000000000	1.00000000000000000	1.00000000000000000	1.00000000000000000	1.00000000000000000	43.21891770631494722
PTEN	1.00000000000000000	61.78914661966201294	1.00000000000000000	97.00033532225171484	206.20404547520055871	45.70788243814833862	1.00000000000000000
PTGDS	4307.31722607498431898	386.00325407353471974	1102.79656218264017298	1.00000000000000000	1.00000000000000000	177.49276155600136917	180.94065538432568019
PTGER2	1.00000000000000000	1.00000000000000000	1.00000000000000000	1.00000000000000000	1.00000000000000000	33.17388403463749569	1.00000000000000000
PTGFRN	71.41423106231481199	70.44554828508654509	1.00000000000000000	1.00000000000000000	1.00000000000000000	1.00000000000000000	1.00000000000000000
PTGIR	1.00000000000000000	55.86118515276562135	1.00000000000000000	77.60794835240315592	137.65329802377107171	172.15857345349812135	1.00000000000000000
PTGIS	104.38273973814511919	79.33460387126287117	1.00000000000000000	1.00000000000000000	1.00000000000000000	1.00000000000000000	1.00000000000000000
PTK2	1.00000000000000000	1.00000000000000000	1.00000000000000000	234.68783975729786562	217.99700308279702199	27.80804913982598947	78.56803144669200378
PTK7	83.71223915045450781	144.39652084947809385	1.00000000000000000	1.00000000000000000	1.00000000000000000	63.21693401241758892	22.30439209133841061
PTN	1.00000000000000000	1.00000000000000000	1.00000000000000000	1.00000000000000000	848.58719933721522466	1.00000000000000000	1.00000000000000000
PTP4A3	1.00000000000000000	1.00000000000000000	1.00000000000000000	595.33800327820688381	482.16696540115714242	66.89746055894482879	1.00000000000000000
PTPA	1.00000000000000000	48.20696698295884630	1.00000000000000000	1.00000000000000000	116.72363069051020545	1.00000000000000000	56.90292743860121050
PTPN1	1.00000000000000000	1.00000000000000000	1.00000000000000000	1.00000000000000000	1.00000000000000000	42.93677355218362379	1.00000000000000000
PTPN11	1.00000000000000000	1.00000000000000000	1.00000000000000000	1.00000000000000000	1.00000000000000000	1.00000000000000000	62.22083218162599394
PTPN2	56.57943061397261175	1.00000000000000000	1.00000000000000000	1.00000000000000000	1.00000000000000000	66.74616142501282923	128.23894598456391236
PTPN6	1.00000000000000000	1.00000000000000000	1.00000000000000000	1.00000000000000000	1.00000000000000000	60.22051377232679670	1.00000000000000000
PTPN9	1.00000000000000000	1.00000000000000000	1.00000000000000000	1.00000000000000000	1.00000000000000000	1.00000000000000000	90.97032769216282588
PTPRC	1.00000000000000000	1.00000000000000000	1.00000000000000000	1.00000000000000000	1.00000000000000000	131.47185104026573299	1.00000000000000000
PTPRE	1.00000000000000000	1.00000000000000000	1.00000000000000000	1.00000000000000000	1.00000000000000000	83.68736698902998228	233.38112393860703264
PTPRK	1.00000000000000000	1.00000000000000000	1.00000000000000000	1.00000000000000000	88.59961579872921789	1.00000000000000000	1.00000000000000000
PTX3	468.81082754440461713	1.00000000000000000	1.00000000000000000	1.00000000000000000	1.00000000000000000	1.00000000000000000	99.67749029984948095
PUDP	1.00000000000000000	1.00000000000000000	1.00000000000000000	1.00000000000000000	1.00000000000000000	1.00000000000000000	64.32837655947244571
PUM1	47.80834419614305375	48.86188311347140711	1.00000000000000000	1.00000000000000000	1.00000000000000000	1.00000000000000000	1.00000000000000000
PUM3	42.08489133947233540	1.00000000000000000	1.00000000000000000	1.00000000000000000	1.00000000000000000	1.00000000000000000	1.00000000000000000
PURA	1.00000000000000000	45.60281939902091608	1.00000000000000000	1.00000000000000000	1.00000000000000000	45.69419251812487204	1.00000000000000000
PUS1	1.00000000000000000	1.00000000000000000	1.00000000000000000	1.00000000000000000	1.00000000000000000	1.00000000000000000	90.97032769216282588
PXDN	1.00000000000000000	91.75293132587727030	1.00000000000000000	97.27101018541981148	88.32678595696773982	1.00000000000000000	1.00000000000000000
PYCR2	1.00000000000000000	1.00000000000000000	1.00000000000000000	1.00000000000000000	65.86404397973183222	1.00000000000000000	1.00000000000000000
QPRT	97.10636893467120956	48.97882089208793843	1.00000000000000000	1.00000000000000000	1.00000000000000000	1.00000000000000000	1.00000000000000000
QRICH1	1.00000000000000000	1.00000000000000000	1.00000000000000000	1.00000000000000000	1.00000000000000000	1.00000000000000000	43.21891770631494722
QSOX1	319.94877122523104163	115.71906547115273156	96.09722617103008702	1.00000000000000000	1.00000000000000000	36.75235262039100803	90.97032769216282588
QTRT1	53.44883668165403634	49.48880043111412874	1.00000000000000000	1.00000000000000000	77.71631788774315908	1.00000000000000000	1.00000000000000000
R3HCC1	1.00000000000000000	47.29464735739465908	1.00000000000000000	1.00000000000000000	1.00000000000000000	1.00000000000000000	22.10945885315748427
RAB20	1.00000000000000000	1.00000000000000000	1.00000000000000000	1.00000000000000000	1.00000000000000000	177.49276155600136917	22.10945885315748427
RAB32	64.71111404469453987	67.46505319142505641	1.00000000000000000	148.91419894988666783	1.00000000000000000	95.24227270576547255	90.97032769216282588
RAB35	1.00000000000000000	1.00000000000000000	1.00000000000000000	1.00000000000000000	1.00000000000000000	1.00000000000000000	109.60463683836324833
RAB4A	60.19467739155460606	62.45701126972425499	91.26925134983449084	1.00000000000000000	1.00000000000000000	45.56408100604274125	1.00000000000000000
RAB8A	1.00000000000000000	1.00000000000000000	1.00000000000000000	1.00000000000000000	86.40993522665256421	1.00000000000000000	22.10945885315748427
RAB9A	1.00000000000000000	40.02526730476719763	1.00000000000000000	1.00000000000000000	1.00000000000000000	1.00000000000000000	1.00000000000000000
RABGAP1	1.00000000000000000	1.00000000000000000	1.00000000000000000	1.00000000000000000	76.20240490395200084	1.00000000000000000	1.00000000000000000
RABGGTA	1.00000000000000000	1.00000000000000000	1.00000000000000000	1.00000000000000000	1.00000000000000000	44.30109461578759067	1.00000000000000000
RAI14	1.00000000000000000	74.12259662080555245	1.00000000000000000	1.00000000000000000	1.00000000000000000	1.00000000000000000	56.90292743860110392
RALB	1.00000000000000000	62.23718354994242929	1.00000000000000000	1.00000000000000000	1.00000000000000000	1.00000000000000000	44.70146690485036345
RAMP1	141.09284411591181652	208.85535880804258113	1.00000000000000000	113.49467325390567396	1.00000000000000000	133.42478758730945287	1.00000000000000000
RAMP2	1.00000000000000000	1.00000000000000000	1.00000000000000000	1.00000000000000000	1.00000000000000000	1.00000000000000000	1290.34821335655783514
RANBP2	1.00000000000000000	1.00000000000000000	1.00000000000000000	1.00000000000000000	1.00000000000000000	1.00000000000000000	90.97032769216299641
RANGRF	1.00000000000000000	1.00000000000000000	1.00000000000000000	1.00000000000000000	1.00000000000000000	54.31779903110941632	1.00000000000000000
RAP2A	1.00000000000000000	1.00000000000000000	1.00000000000000000	1.00000000000000000	1.00000000000000000	41.55137748819597476	1.00000000000000000
RARRES1	953.48787140297076803	489.33965677340154343	345.07145205282313327	1.00000000000000000	1.00000000000000000	189.38073208973531791	540.82196615297675635
RARS	57.28684456288966231	52.37859448822246122	1.00000000000000000	1.00000000000000000	1.00000000000000000	1.00000000000000000	1.00000000000000000
RARS2	1.00000000000000000	56.95356905861452645	1.00000000000000000	1.00000000000000000	1.00000000000000000	1.00000000000000000	1.00000000000000000
RASGEF1B	1.00000000000000000	1.00000000000000000	1.00000000000000000	1.00000000000000000	1.00000000000000000	47.52167951963924963	1.00000000000000000
RASGRP2	1.00000000000000000	1.00000000000000000	1.00000000000000000	68.56625113983817243	1.00000000000000000	1.00000000000000000	1.00000000000000000
RASGRP3	1.00000000000000000	1.00000000000000000	1.00000000000000000	1.00000000000000000	1.00000000000000000	1.00000000000000000	106.54729426578737161
RASL12	1.00000000000000000	1.00000000000000000	1.00000000000000000	77.73767759388030640	135.52409244024309487	1.00000000000000000	1.00000000000000000
RASSF4	1.00000000000000000	1.00000000000000000	1.00000000000000000	1.00000000000000000	1.00000000000000000	109.56102948449996859	1.00000000000000000
RB1CC1	1.00000000000000000	49.32796171099403182	1.00000000000000000	1.00000000000000000	84.76281115759852014	1.00000000000000000	43.21891770631494722
RBBP6	47.41772262723878129	1.00000000000000000	1.00000000000000000	1.00000000000000000	1.00000000000000000	34.57952143756240559	43.60878418267682122
RBL2	1.00000000000000000	1.00000000000000000	1.00000000000000000	1.00000000000000000	1.00000000000000000	1.00000000000000000	59.52848808923673829
RBM22	1.00000000000000000	1.00000000000000000	1.00000000000000000	1.00000000000000000	1.00000000000000000	1.00000000000000000	43.21891770631494722
RBM27	1.00000000000000000	1.00000000000000000	1.00000000000000000	1.00000000000000000	57.21162303492598511	1.00000000000000000	22.85073345242518883
RBM6	68.99741808455108583	46.23405384733695200	1.00000000000000000	1.00000000000000000	73.84093172800007210	1.00000000000000000	1.00000000000000000
RBM7	63.99801643195115730	78.96037444110727677	1.00000000000000000	78.95367979790161428	1.00000000000000000	19.28373842187518861	1.00000000000000000
RBMS3	79.49226203857757866	1.00000000000000000	1.00000000000000000	1.00000000000000000	131.63668893567816554	1.00000000000000000	22.30439209133841061
RBPMS	1.00000000000000000	118.23040706020772461	83.62705700164268308	181.31947421414963628	109.21046112556646790	34.57952143756240559	240.61666891799410450
RCBTB1	1.00000000000000000	1.00000000000000000	1.00000000000000000	1.00000000000000000	1.00000000000000000	1.00000000000000000	43.21891770631494722
RCC2	1.00000000000000000	1.00000000000000000	1.00000000000000000	1.00000000000000000	1.00000000000000000	43.59390913220865116	1.00000000000000000
RCSD1	1.00000000000000000	1.00000000000000000	1.00000000000000000	58.12070805481337743	1.00000000000000000	1.00000000000000000	1.00000000000000000
RDH11	1.00000000000000000	71.35316344975738900	1.00000000000000000	1.00000000000000000	49.31484639824695648	1.00000000000000000	1.00000000000000000
RDH14	40.79238233102974220	41.21909453811056068	1.00000000000000000	63.75687736975534392	1.00000000000000000	1.00000000000000000	75.53723658480147662
RELA	1.00000000000000000	56.13236212149170257	1.00000000000000000	1.00000000000000000	1.00000000000000000	1.00000000000000000	19.63430914620035139
REM1	1.00000000000000000	1.00000000000000000	1.00000000000000000	1.00000000000000000	81.85982344297980262	1.00000000000000000	1.00000000000000000
RERG	48.64734958311476731	1.00000000000000000	1.00000000000000000	93.36621576991321092	136.96214613239035884	1.00000000000000000	1.00000000000000000
RESF1	1.00000000000000000	1.00000000000000000	1.00000000000000000	1.00000000000000000	1.00000000000000000	45.75572728611683715	1.00000000000000000
REV1	1.00000000000000000	1.00000000000000000	1.00000000000000000	1.00000000000000000	1.00000000000000000	1.00000000000000000	90.97032769216282588
REXO4	1.00000000000000000	1.00000000000000000	1.00000000000000000	1.00000000000000000	1.00000000000000000	42.34891319407810784	1.00000000000000000
RFK	1.00000000000000000	1.00000000000000000	1.00000000000000000	1.00000000000000000	1.00000000000000000	1.00000000000000000	56.90292743860121050
RFTN1	1.00000000000000000	1.00000000000000000	1.00000000000000000	1.00000000000000000	67.84574970334153932	1.00000000000000000	1.00000000000000000
RGCC	1001.29344875064487042	206.09825242433367976	224.18169485352757420	1.00000000000000000	1.00000000000000000	175.91716709793524842	1.00000000000000000
RGL2	1.00000000000000000	1.00000000000000000	1.00000000000000000	1.00000000000000000	1.00000000000000000	1.00000000000000000	112.67228799369492265
RGS1	1.00000000000000000	1.00000000000000000	1.00000000000000000	1.00000000000000000	1.00000000000000000	472.52004122966195609	1.00000000000000000
RGS10	63.24436071100093670	58.39248811472302236	1.00000000000000000	1.00000000000000000	1.00000000000000000	183.00671623820394984	1.00000000000000000
RGS16	1.00000000000000000	132.09352475733544452	1.00000000000000000	235.92331388462679342	346.42315267130152279	1.00000000000000000	104.82961636430283647
RGS19	1.00000000000000000	1.00000000000000000	1.00000000000000000	1.00000000000000000	1.00000000000000000	71.70376482285399788	1.00000000000000000
RGS5	1.00000000000000000	1.00000000000000000	541.43160885743247945	2394.75114878691783815	6210.72756037488488801	851.99462470542812298	1.00000000000000000
RHBDD2	37.92057738450920823	81.87958512364571106	1.00000000000000000	1.00000000000000000	1.00000000000000000	19.41039982657441598	1.00000000000000000
RHOD	1.00000000000000000	47.15846183209906428	1.00000000000000000	1.00000000000000000	1.00000000000000000	1.00000000000000000	1.00000000000000000
RHOQ	56.55677701449783257	60.89958928159029483	1.00000000000000000	107.04334340569468509	100.96456103229377277	189.49631978522063491	1.00000000000000000
RHOT2	1.00000000000000000	1.00000000000000000	1.00000000000000000	1.00000000000000000	60.18983890500573608	43.74766665811062438	1.00000000000000000
RHOU	1.00000000000000000	1.00000000000000000	1.00000000000000000	1.00000000000000000	1.00000000000000000	1.00000000000000000	124.99335839109191681
RIC8A	39.37428918559849222	51.80640816619863642	1.00000000000000000	1.00000000000000000	1.00000000000000000	1.00000000000000000	1.00000000000000000
RILPL2	1.00000000000000000	1.00000000000000000	1.00000000000000000	1.00000000000000000	1.00000000000000000	68.00227083426590013	1.00000000000000000
RIMKLB	1.00000000000000000	1.00000000000000000	1.00000000000000000	1.00000000000000000	1.00000000000000000	1.00000000000000000	90.97032769216299641
RIN2	1.00000000000000000	127.17834487445527714	1.00000000000000000	1.00000000000000000	1.00000000000000000	1.00000000000000000	90.97032769216282588
RING1	52.03908806870209958	45.61833416634741667	1.00000000000000000	1.00000000000000000	1.00000000000000000	1.00000000000000000	1.00000000000000000
RIOK3	1.00000000000000000	1.00000000000000000	1.00000000000000000	1.00000000000000000	1.00000000000000000	179.69542153927503136	1.00000000000000000
RMND1	1.00000000000000000	1.00000000000000000	1.00000000000000000	1.00000000000000000	1.00000000000000000	179.50883514597427393	1.00000000000000000
RNASE1	1.00000000000000000	1.00000000000000000	1.00000000000000000	1.00000000000000000	1.00000000000000000	504.14158461451256699	1.00000000000000000
RNASE2	1.00000000000000000	1.00000000000000000	1.00000000000000000	1.00000000000000000	1.00000000000000000	57.27297942714785961	1.00000000000000000
RNASE4	138.68886220814735566	114.36652519678759177	188.07285202799999979	69.39106087966486314	1.00000000000000000	1.00000000000000000	185.33467539687592307
RNASE6	1.00000000000000000	1.00000000000000000	1.00000000000000000	1.00000000000000000	1.00000000000000000	128.41543605816801232	1.00000000000000000
RNASEH1	1.00000000000000000	1.00000000000000000	1.00000000000000000	1.00000000000000000	1.00000000000000000	1.00000000000000000	43.21891770631494722
RNASEH2B	1.00000000000000000	1.00000000000000000	1.00000000000000000	1.00000000000000000	1.00000000000000000	70.46184495612330068	1.00000000000000000
RNASET2	68.35182363584901566	55.91929081952734748	1.00000000000000000	1.00000000000000000	1.00000000000000000	441.83611558910939721	1.00000000000000000
RND3	77.87596110589713305	102.94588956448478712	1.00000000000000000	98.92054931731196632	1.00000000000000000	11.38192715035302172	38.26861829240080226
RNF114	1.00000000000000000	64.19836169953698857	1.00000000000000000	67.55714739223066090	66.75438914974328952	1.00000000000000000	1.00000000000000000
RNF115	1.00000000000000000	55.76118370447893824	1.00000000000000000	1.00000000000000000	1.00000000000000000	44.69113617566853236	1.00000000000000000
RNF130	65.24677682633380016	77.98015398736932013	1.00000000000000000	1.00000000000000000	1.00000000000000000	336.76523209107784851	1.00000000000000000
RNF139	1.00000000000000000	1.00000000000000000	1.00000000000000000	1.00000000000000000	62.16581968830159610	1.00000000000000000	1.00000000000000000
RNF141	1.00000000000000000	1.00000000000000000	1.00000000000000000	1.00000000000000000	1.00000000000000000	22.03292317261234246	1.00000000000000000
RNF149	109.29524447870178960	97.46060198930126717	1.00000000000000000	1.00000000000000000	1.00000000000000000	248.94884214492583396	1.00000000000000000
RNF152	1.00000000000000000	1.00000000000000000	1.00000000000000000	1.00000000000000000	94.41131628965790412	1.00000000000000000	1.00000000000000000
RNF19A	1.00000000000000000	1.00000000000000000	1.00000000000000000	1.00000000000000000	1.00000000000000000	46.67663104332279289	1.00000000000000000
RNF207	1.00000000000000000	1.00000000000000000	1.00000000000000000	1.00000000000000000	1.00000000000000000	59.45538689451179692	1.00000000000000000
RNF213	41.79412197742121293	75.16191686363058011	1.00000000000000000	1.00000000000000000	105.28040873384368581	19.85276968421792176	1.00000000000000000
RNF24	54.39686723281279512	1.00000000000000000	1.00000000000000000	1.00000000000000000	1.00000000000000000	1.00000000000000000	1.00000000000000000
RNF38	1.00000000000000000	1.00000000000000000	1.00000000000000000	1.00000000000000000	1.00000000000000000	32.01062310209184147	146.87325513076427796
RNF5	48.90262035630268400	60.54393763663777150	1.00000000000000000	136.77006076423609215	160.00020844874413228	59.81714435685564979	1.00000000000000000
RNFT1	1.00000000000000000	1.00000000000000000	1.00000000000000000	1.00000000000000000	1.00000000000000000	54.31779903110941632	1.00000000000000000
ROCK1	79.15622954552024737	78.60680832327194878	1.00000000000000000	239.44430330326352419	113.13069874676449444	114.81949269504904976	134.64788201912475074
ROCK2	1.00000000000000000	43.72409662949774400	1.00000000000000000	100.92193885638883444	107.57202940417548120	1.00000000000000000	1.00000000000000000
RORA	84.39926354403023367	64.25436872909162389	1.00000000000000000	1.00000000000000000	1.00000000000000000	1.00000000000000000	43.21891770631494722
RPA2	60.74992184347051705	76.75490688792478977	1.00000000000000000	1.00000000000000000	1.00000000000000000	31.34740662517220144	1.00000000000000000
RPAIN	81.84997425816612804	68.78538115097369143	1.00000000000000000	75.98034835016763111	70.43431594909110061	1.00000000000000000	134.64788201912475074
RPF2	81.97482843193910185	1.00000000000000000	1.00000000000000000	1.00000000000000000	1.00000000000000000	1.00000000000000000	120.78694915300694390
RPGR	1.00000000000000000	1.00000000000000000	1.00000000000000000	1.00000000000000000	1.00000000000000000	1.00000000000000000	190.57898365567550059
RPIA	1.00000000000000000	1.00000000000000000	1.00000000000000000	1.00000000000000000	1.00000000000000000	1.00000000000000000	115.01807115086310773
RPP25	1.00000000000000000	1.00000000000000000	1.00000000000000000	1.00000000000000000	1.00000000000000000	1.00000000000000000	90.97032769216282588
RPP30	1.00000000000000000	52.53071138668799023	1.00000000000000000	1.00000000000000000	1.00000000000000000	1.00000000000000000	1.00000000000000000
RPS6KA3	1.00000000000000000	1.00000000000000000	1.00000000000000000	1.00000000000000000	1.00000000000000000	46.26914833969831164	1.00000000000000000
RPS6KB2	1.00000000000000000	1.00000000000000000	1.00000000000000000	48.25611644682557255	65.09691383630023154	50.32870673993470945	1.00000000000000000
RRAGC	1.00000000000000000	44.12525246485741803	1.00000000000000000	1.00000000000000000	1.00000000000000000	1.00000000000000000	1.00000000000000000
RRAS	56.18904981738633353	67.50169868658318251	1.00000000000000000	131.50444789518880384	110.95954227623357724	1.00000000000000000	1.00000000000000000
RRP36	1.00000000000000000	1.00000000000000000	1.00000000000000000	1.00000000000000000	1.00000000000000000	1.00000000000000000	90.97032769216282588
RSBN1	1.00000000000000000	1.00000000000000000	1.00000000000000000	1.00000000000000000	1.00000000000000000	1.00000000000000000	109.60463683836344728
RSU1	53.14388042737401463	96.55308853686172199	1.00000000000000000	194.20787706070839818	180.46641233135872540	40.08721460280562354	38.26861829240080226
RTCB	42.88012643099783361	54.92828966873223351	1.00000000000000000	98.08187446150446931	1.00000000000000000	30.83732925269824676	1.00000000000000000
RUFY3	1.00000000000000000	1.00000000000000000	1.00000000000000000	1.00000000000000000	1.00000000000000000	48.00263291086385919	1.00000000000000000
RUNX1	114.36562005921220475	131.90994980028946770	1.00000000000000000	1.00000000000000000	1.00000000000000000	70.62781636073813729	1.00000000000000000
RUNX2	1.00000000000000000	49.51955218797339597	1.00000000000000000	1.00000000000000000	1.00000000000000000	1.00000000000000000	1.00000000000000000
RUNX3	1.00000000000000000	1.00000000000000000	1.00000000000000000	1.00000000000000000	1.00000000000000000	42.06319319107784338	1.00000000000000000
RUSC1	1.00000000000000000	1.00000000000000000	1.00000000000000000	1.00000000000000000	1.00000000000000000	58.37757434644437637	1.00000000000000000
RUVBL2	50.10422983677759845	39.27376979453499928	1.00000000000000000	1.00000000000000000	83.37158916385138241	1.00000000000000000	22.10945885315748427
RWDD4	1.00000000000000000	1.00000000000000000	1.00000000000000000	100.12812729462856964	1.00000000000000000	1.00000000000000000	1.00000000000000000
RXRA	1.00000000000000000	1.00000000000000000	1.00000000000000000	1.00000000000000000	1.00000000000000000	1.00000000000000000	90.97032769216282588
RYBP	1.00000000000000000	1.00000000000000000	1.00000000000000000	1.00000000000000000	1.00000000000000000	26.18338336702987945	83.52522427296439389
S100A16	342.48577606815808849	393.02085643569944295	382.22670639673532378	1.00000000000000000	1.00000000000000000	82.68191169149864095	362.70594425720190657
S100A8	1.00000000000000000	1.00000000000000000	1.00000000000000000	1.00000000000000000	1.00000000000000000	238.53281983883326234	1.00000000000000000
S1PR3	1.00000000000000000	1.00000000000000000	1.00000000000000000	1.00000000000000000	180.20542784307696138	32.85178506818597555	1.00000000000000000
SAMM50	1.00000000000000000	48.17044358947256200	1.00000000000000000	1.00000000000000000	1.00000000000000000	1.00000000000000000	44.70146690485036345
SAMSN1	1.00000000000000000	1.00000000000000000	1.00000000000000000	1.00000000000000000	1.00000000000000000	228.56094889018805816	1.00000000000000000
SAP30BP	61.86655630257445182	59.29547740783412735	1.00000000000000000	71.02461619934422288	63.82057122163084983	1.00000000000000000	19.63430914620035139
SAR1B	53.29516597873806205	50.75801208843834189	1.00000000000000000	90.67423485442667186	60.33259451819371577	1.00000000000000000	1.00000000000000000
SART3	1.00000000000000000	1.00000000000000000	1.00000000000000000	1.00000000000000000	1.00000000000000000	46.55903365038373209	1.00000000000000000
SASH1	1.00000000000000000	1.00000000000000000	1.00000000000000000	1.00000000000000000	85.18282933109021826	54.35651140020405592	90.97032769216282588
SCAMP1	1.00000000000000000	59.38304378909089110	1.00000000000000000	1.00000000000000000	1.00000000000000000	1.00000000000000000	1.00000000000000000
SCAMP3	1.00000000000000000	38.94510158711644721	1.00000000000000000	1.00000000000000000	1.00000000000000000	103.15662367572133462	19.63430914620035139
SCD	1.00000000000000000	1.00000000000000000	1.00000000000000000	1.00000000000000000	1.00000000000000000	39.66076604710923448	1.00000000000000000
SCFD1	1.00000000000000000	44.81086199401045889	1.00000000000000000	1.00000000000000000	75.58203334940481000	20.41906341255317514	1.00000000000000000
SCG5	1.00000000000000000	1.00000000000000000	1.00000000000000000	1.00000000000000000	1.00000000000000000	196.65048730856682369	1.00000000000000000
SCGB1A1	93.90326971076687812	1.00000000000000000	1.00000000000000000	249.42516834982390606	1.00000000000000000	1.00000000000000000	1.00000000000000000
SCGB3A1	1.00000000000000000	1.00000000000000000	1.00000000000000000	1.00000000000000000	1.00000000000000000	1.00000000000000000	109.60463683836324833
SCN7A	270.76599118595476057	52.19514358500166651	1.00000000000000000	1.00000000000000000	66.95544385811446375	29.78646288023879052	1.00000000000000000
SCN9A	1.00000000000000000	1.00000000000000000	1.00000000000000000	1.00000000000000000	1.00000000000000000	1.00000000000000000	56.90292743860110392
SCNM1	1.00000000000000000	51.33686609892946251	1.00000000000000000	1.00000000000000000	1.00000000000000000	1.00000000000000000	1.00000000000000000
SCRN1	1.00000000000000000	1.00000000000000000	1.00000000000000000	1.00000000000000000	1.00000000000000000	1.00000000000000000	109.60463683836324833
SCRN2	1.00000000000000000	42.89577836098804653	1.00000000000000000	1.00000000000000000	1.00000000000000000	175.68389111459916307	1.00000000000000000
SCYL1	1.00000000000000000	54.24590474445359689	1.00000000000000000	69.37063423815551744	1.00000000000000000	1.00000000000000000	1.00000000000000000
SDC1	1.00000000000000000	81.08207649270742934	1.00000000000000000	1.00000000000000000	1.00000000000000000	1.00000000000000000	1.00000000000000000
SDC2	78.32307447103892173	235.40841855802452187	130.54101391031403523	582.03387630577708478	380.22072729748543907	149.64673774035131260	1.00000000000000000
SDC4	74.42247414827532737	1.00000000000000000	1.00000000000000000	1.00000000000000000	1.00000000000000000	63.28564665268076794	1.00000000000000000
SDCCAG8	51.51774243649499141	1.00000000000000000	1.00000000000000000	1.00000000000000000	1.00000000000000000	95.59021704208474546	1.00000000000000000
SDF2L1	83.24173943039973267	82.69051464446687305	1.00000000000000000	173.86513969880479635	81.14738882818492982	58.52533177900817662	43.21891770631494722
SDHA	59.83694573940311301	61.06377375679338826	1.00000000000000000	108.11655693573229087	116.07350569636213322	1.00000000000000000	1.00000000000000000
SDHAF2	44.89236070071295615	53.12228190192806210	1.00000000000000000	80.93857049032828854	1.00000000000000000	1.00000000000000000	93.16733769843793311
SDS	1.00000000000000000	1.00000000000000000	1.00000000000000000	1.00000000000000000	1.00000000000000000	68.30997466964541331	1.00000000000000000
SEC11C	1.00000000000000000	1.00000000000000000	1.00000000000000000	122.82270213951194648	1.00000000000000000	40.30496323309299100	19.63430914620041179
SEC23IP	1.00000000000000000	1.00000000000000000	1.00000000000000000	1.00000000000000000	1.00000000000000000	1.00000000000000000	90.97032769216282588
SEC24D	1.00000000000000000	63.85897141937613952	1.00000000000000000	1.00000000000000000	1.00000000000000000	1.00000000000000000	1.00000000000000000
SEL1L	1.00000000000000000	1.00000000000000000	1.00000000000000000	1.00000000000000000	62.31105974565521421	42.93677355218362379	1.00000000000000000
SELENBP1	61.23295666523789293	1.00000000000000000	1.00000000000000000	1.00000000000000000	70.72284873299420838	1.00000000000000000	1.00000000000000000
SELENOI	1.00000000000000000	1.00000000000000000	1.00000000000000000	1.00000000000000000	1.00000000000000000	1.00000000000000000	40.91644009028756557
SELENON	1.00000000000000000	1.00000000000000000	1.00000000000000000	1.00000000000000000	1.00000000000000000	15.33283278611410516	124.99335839109191681
SELPLG	1.00000000000000000	1.00000000000000000	1.00000000000000000	1.00000000000000000	1.00000000000000000	27.32672174495056439	1.00000000000000000
SEMA3A	1.00000000000000000	1.00000000000000000	1.00000000000000000	1.00000000000000000	1.00000000000000000	1.00000000000000000	227.13598332975877270
SEMA3C	62.50816419406944391	1.00000000000000000	1.00000000000000000	1.00000000000000000	1.00000000000000000	1.00000000000000000	1.00000000000000000
SEMA5A	1.00000000000000000	1.00000000000000000	1.00000000000000000	1.00000000000000000	75.09688314436526468	47.75219595074152323	1.00000000000000000
SEPTIN10	1.00000000000000000	1.00000000000000000	1.00000000000000000	89.04604557308307733	1.00000000000000000	1.00000000000000000	162.04510539264470026
SEPTIN4	1.00000000000000000	1.00000000000000000	1.00000000000000000	333.73790866756456808	346.50136678767808007	1.00000000000000000	1.00000000000000000
SEPTIN6	1.00000000000000000	1.00000000000000000	1.00000000000000000	1.00000000000000000	65.93650705342059837	175.68389111459916307	1.00000000000000000
SEPTIN9	1.00000000000000000	1.00000000000000000	1.00000000000000000	81.69133824124493515	118.17958417905704493	34.70142901663774637	43.60878418267682122
SERINC2	1.00000000000000000	56.67376795151075441	1.00000000000000000	1.00000000000000000	1.00000000000000000	1.00000000000000000	1.00000000000000000
SERINC5	60.93695007339819369	1.00000000000000000	1.00000000000000000	1.00000000000000000	1.00000000000000000	59.37742863526628412	1.00000000000000000
SERPINA1	1.00000000000000000	1.00000000000000000	1.00000000000000000	1.00000000000000000	1.00000000000000000	592.09854028085089794	22.10945885315748427
SERPINA3	227.02002722816510527	1.00000000000000000	1.00000000000000000	1.00000000000000000	1.00000000000000000	1.00000000000000000	93.16733769843793311
SERPINB1	63.74729913923769686	69.82945010692516519	86.53515846995829008	1.00000000000000000	1.00000000000000000	89.38819744853616100	22.30439209133841061
SERPINE1	438.13734061019943056	278.97663900872788645	238.95187160525310333	391.30653808082382739	1.00000000000000000	51.99456380521608168	1.00000000000000000
SERPINE2	162.34130486946619953	408.82292266102138001	992.61607499512626873	1.00000000000000000	1.00000000000000000	1.00000000000000000	1.00000000000000000
SERPINI1	1.00000000000000000	1.00000000000000000	1.00000000000000000	1.00000000000000000	312.99276024133575902	1.00000000000000000	1.00000000000000000
SERTAD1	72.16821562922183375	64.68719612917620054	1.00000000000000000	1.00000000000000000	1.00000000000000000	117.66876846766487574	1.00000000000000000
SERTAD2	1.00000000000000000	1.00000000000000000	1.00000000000000000	1.00000000000000000	1.00000000000000000	32.88665982820253220	1.00000000000000000
SETBP1	1.00000000000000000	1.00000000000000000	1.00000000000000000	1.00000000000000000	1.00000000000000000	1.00000000000000000	90.97032769216299641
SETD3	1.00000000000000000	1.00000000000000000	1.00000000000000000	1.00000000000000000	1.00000000000000000	53.48017777964184205	1.00000000000000000
SETD9	1.00000000000000000	1.00000000000000000	1.00000000000000000	1.00000000000000000	1.00000000000000000	1.00000000000000000	19.63430914620041179
SETDB2	1.00000000000000000	1.00000000000000000	1.00000000000000000	1.00000000000000000	1.00000000000000000	187.08310319109480702	1.00000000000000000
SEZ6L2	1.00000000000000000	68.87176372343166975	1.00000000000000000	1.00000000000000000	1.00000000000000000	1.00000000000000000	1.00000000000000000
SF3B3	1.00000000000000000	1.00000000000000000	1.00000000000000000	1.00000000000000000	1.00000000000000000	187.33160188552020031	93.16733769843793311
SF3B4	52.40177797301481633	1.00000000000000000	1.00000000000000000	1.00000000000000000	1.00000000000000000	83.63150649115019064	22.10945885315748427
SFRP2	2282.87716531795240371	2349.43304793077959403	839.11154053793450203	1.00000000000000000	1.00000000000000000	228.28952481545826458	1.00000000000000000
SFRP4	423.67047307716620708	1219.31880987831254970	1.00000000000000000	1.00000000000000000	1.00000000000000000	860.31181676466178487	1.00000000000000000
SFTA1P	101.33866195014824996	1.00000000000000000	1.00000000000000000	1.00000000000000000	1.00000000000000000	1.00000000000000000	180.94065538432568019
SFTPB	1.00000000000000000	49.97586183448129304	1.00000000000000000	1.00000000000000000	77.09426960654097627	1.00000000000000000	1.00000000000000000
SFXN3	1.00000000000000000	1.00000000000000000	1.00000000000000000	1.00000000000000000	1.00000000000000000	33.96924432371956470	81.29189148624158179
SGCA	1.00000000000000000	1.00000000000000000	1.00000000000000000	110.25346277467282619	74.65585618799505596	1.00000000000000000	1.00000000000000000
SGCB	65.65293184689760153	128.74810198290998642	1.00000000000000000	95.10168350555817085	54.73032479411325824	51.80842195289655194	1.00000000000000000
SGK1	224.44767013699896552	1.00000000000000000	1.00000000000000000	1.00000000000000000	1.00000000000000000	43.55581118499050319	81.29189148624158179
SGK3	1.00000000000000000	1.00000000000000000	1.00000000000000000	1.00000000000000000	1.00000000000000000	49.88458920920717077	1.00000000000000000
SH2B3	1.00000000000000000	1.00000000000000000	1.00000000000000000	1.00000000000000000	1.00000000000000000	1.00000000000000000	38.26861829240073121
SH3BP5	1.00000000000000000	1.00000000000000000	1.00000000000000000	1.00000000000000000	1.00000000000000000	77.52903325774667564	1.00000000000000000
SH3D19	77.51543893291461984	1.00000000000000000	1.00000000000000000	1.00000000000000000	1.00000000000000000	1.00000000000000000	1.00000000000000000
SH3KBP1	60.80440926450026495	1.00000000000000000	1.00000000000000000	1.00000000000000000	162.34632819402406767	55.09948387890806032	115.01807115086310773
SH3PXD2B	1.00000000000000000	57.06804321292716509	1.00000000000000000	1.00000000000000000	1.00000000000000000	1.00000000000000000	1.00000000000000000
SHARPIN	60.16433291090961433	57.23103026836346174	1.00000000000000000	124.49575237278097006	49.73515275902011723	57.12635471478982652	1.00000000000000000
SHC1	58.63939425376491243	81.24921154038447924	1.00000000000000000	1.00000000000000000	1.00000000000000000	1.00000000000000000	292.48526941604734475
SHE	1.00000000000000000	1.00000000000000000	1.00000000000000000	1.00000000000000000	1.00000000000000000	1.00000000000000000	59.52848808923673829
SHISA4	1.00000000000000000	56.26014497418958626	1.00000000000000000	1.00000000000000000	1.00000000000000000	1.00000000000000000	1.00000000000000000
SHKBP1	1.00000000000000000	1.00000000000000000	1.00000000000000000	1.00000000000000000	1.00000000000000000	209.88152734408612332	1.00000000000000000
SHOC2	1.00000000000000000	1.00000000000000000	1.00000000000000000	1.00000000000000000	1.00000000000000000	27.74788625612202253	109.60463683836324833
SHPRH	1.00000000000000000	1.00000000000000000	1.00000000000000000	1.00000000000000000	66.52538884375222494	1.00000000000000000	1.00000000000000000
SIGIRR	1.00000000000000000	61.02778638055669092	1.00000000000000000	76.85638730391471540	1.00000000000000000	98.31928974157858647	1.00000000000000000
SIGLEC7	1.00000000000000000	1.00000000000000000	1.00000000000000000	1.00000000000000000	1.00000000000000000	53.41757528799065824	1.00000000000000000
SIN3B	1.00000000000000000	1.00000000000000000	1.00000000000000000	1.00000000000000000	1.00000000000000000	1.00000000000000000	80.83288018057514535
SIRPA	1.00000000000000000	1.00000000000000000	1.00000000000000000	1.00000000000000000	1.00000000000000000	86.23970559675917968	99.44492817952432517
SIRT2	1.00000000000000000	41.66770914533181269	1.00000000000000000	1.00000000000000000	1.00000000000000000	1.00000000000000000	22.10945885315748427
SIRT6	1.00000000000000000	1.00000000000000000	1.00000000000000000	1.00000000000000000	1.00000000000000000	1.00000000000000000	40.91644009028756557
SKA2	1.00000000000000000	1.00000000000000000	1.00000000000000000	71.13317537504492805	89.77824718231323686	1.00000000000000000	1.00000000000000000
SKI	1.00000000000000000	60.25562427579354363	1.00000000000000000	1.00000000000000000	1.00000000000000000	48.32453463076281253	1.00000000000000000
SKIL	74.30415796359444869	127.31741821494298961	1.00000000000000000	1.00000000000000000	1.00000000000000000	124.22103002186555898	1.00000000000000000
SLA	1.00000000000000000	1.00000000000000000	1.00000000000000000	1.00000000000000000	1.00000000000000000	89.20540506861033236	1.00000000000000000
SLAMF8	1.00000000000000000	1.00000000000000000	1.00000000000000000	1.00000000000000000	1.00000000000000000	28.02387372338283100	1.00000000000000000
SLBP	54.02457148072996063	63.43932089185283019	1.00000000000000000	106.09311373709515181	1.00000000000000000	36.51067004625174661	1.00000000000000000
SLC10A7	1.00000000000000000	1.00000000000000000	1.00000000000000000	1.00000000000000000	1.00000000000000000	1.00000000000000000	40.91644009028756557
SLC11A1	1.00000000000000000	1.00000000000000000	1.00000000000000000	1.00000000000000000	1.00000000000000000	170.21749764586894571	1.00000000000000000
SLC12A2	1.00000000000000000	1.00000000000000000	1.00000000000000000	1.00000000000000000	123.29878306088819784	1.00000000000000000	1.00000000000000000
SLC12A8	88.80989453479486428	65.29951740141426342	1.00000000000000000	1.00000000000000000	1.00000000000000000	65.30988359884484851	1.00000000000000000
SLC15A3	1.00000000000000000	1.00000000000000000	1.00000000000000000	1.00000000000000000	1.00000000000000000	50.60923473190964472	1.00000000000000000
SLC16A3	87.85945760822318107	264.28089429474147209	212.80343055784814510	1.00000000000000000	1.00000000000000000	77.99621625515077028	1.00000000000000000
SLC17A5	1.00000000000000000	1.00000000000000000	1.00000000000000000	1.00000000000000000	1.00000000000000000	59.24662771404454986	1.00000000000000000
SLC1A5	86.22907456185275521	57.86567905274191759	1.00000000000000000	1.00000000000000000	1.00000000000000000	1.00000000000000000	1.00000000000000000
SLC20A1	108.60721911025163422	83.27007022487759968	1.00000000000000000	1.00000000000000000	1.00000000000000000	51.51348295439245106	1.00000000000000000
SLC22A17	1.00000000000000000	47.96958255495265178	1.00000000000000000	1.00000000000000000	1.00000000000000000	1.00000000000000000	1.00000000000000000
SLC24A1	1.00000000000000000	1.00000000000000000	1.00000000000000000	1.00000000000000000	1.00000000000000000	1.00000000000000000	64.32837655947244571
SLC25A25	1.00000000000000000	1.00000000000000000	1.00000000000000000	1.00000000000000000	1.00000000000000000	1.00000000000000000	66.55220035727558070
SLC25A32	1.00000000000000000	1.00000000000000000	1.00000000000000000	1.00000000000000000	1.00000000000000000	1.00000000000000000	85.43783541262989445
SLC25A4	1.00000000000000000	1.00000000000000000	1.00000000000000000	95.17808166667188630	1.00000000000000000	1.00000000000000000	1.00000000000000000
SLC27A3	1.00000000000000000	1.00000000000000000	1.00000000000000000	1.00000000000000000	1.00000000000000000	1.00000000000000000	156.13606289338403599
SLC31A2	1.00000000000000000	1.00000000000000000	1.00000000000000000	1.00000000000000000	1.00000000000000000	34.94292671155636754	1.00000000000000000
SLC35B2	1.00000000000000000	69.56859931748954295	1.00000000000000000	1.00000000000000000	1.00000000000000000	71.49918531549452894	1.00000000000000000
SLC35B3	1.00000000000000000	46.35819614327264304	1.00000000000000000	1.00000000000000000	1.00000000000000000	1.00000000000000000	180.67941453884509428
SLC35C2	1.00000000000000000	76.00581599820048950	1.00000000000000000	1.00000000000000000	1.00000000000000000	1.00000000000000000	1.00000000000000000
SLC35E1	1.00000000000000000	1.00000000000000000	1.00000000000000000	1.00000000000000000	1.00000000000000000	35.70443767390014500	1.00000000000000000
SLC35F5	56.55465014603799290	62.02513856286428506	1.00000000000000000	1.00000000000000000	72.42001038152929482	1.00000000000000000	1.00000000000000000
SLC35F6	1.00000000000000000	1.00000000000000000	1.00000000000000000	1.00000000000000000	1.00000000000000000	1.00000000000000000	78.56803144669200378
SLC38A1	1.00000000000000000	1.00000000000000000	1.00000000000000000	1.00000000000000000	1.00000000000000000	1.00000000000000000	168.69482529594242237
SLC38A10	70.02955104714547474	77.36272608598100931	1.00000000000000000	1.00000000000000000	1.00000000000000000	67.43889572661483101	1.00000000000000000
SLC38A11	1.00000000000000000	1.00000000000000000	1.00000000000000000	1.00000000000000000	97.38599676639900338	1.00000000000000000	1.00000000000000000
SLC38A5	55.80329613231015173	78.98359836305661474	58.51931685732446908	1.00000000000000000	1.00000000000000000	1.00000000000000000	1.00000000000000000
SLC39A13	58.43041072237208766	75.45919022248531860	1.00000000000000000	1.00000000000000000	50.10626619812087768	1.00000000000000000	1.00000000000000000
SLC39A3	1.00000000000000000	40.62504255335322512	1.00000000000000000	1.00000000000000000	1.00000000000000000	1.00000000000000000	1.00000000000000000
SLC40A1	177.83955648326971755	93.00579641608241843	1.00000000000000000	1.00000000000000000	1.00000000000000000	25.23302236363089079	109.60463683836324833
SLC41A3	1.00000000000000000	1.00000000000000000	1.00000000000000000	1.00000000000000000	1.00000000000000000	1.00000000000000000	115.01807115086310773
SLC44A1	92.38127687412733735	135.88508499536754925	1.00000000000000000	1.00000000000000000	1.00000000000000000	44.30109461578759067	180.94065538432568019
SLC44A2	1.00000000000000000	1.00000000000000000	1.00000000000000000	1.00000000000000000	50.25900776239812728	1.00000000000000000	1.00000000000000000
SLC45A3	1.00000000000000000	1.00000000000000000	1.00000000000000000	1.00000000000000000	1.00000000000000000	1.00000000000000000	62.22083218162599394
SLC4A7	1.00000000000000000	1.00000000000000000	1.00000000000000000	1.00000000000000000	1.00000000000000000	1.00000000000000000	112.67228799369492265
SLC50A1	45.88743759962658686	1.00000000000000000	1.00000000000000000	1.00000000000000000	1.00000000000000000	1.00000000000000000	44.70146690485036345
SLC52A2	1.00000000000000000	65.77960849406686350	1.00000000000000000	1.00000000000000000	88.03265275832201553	1.00000000000000000	1.00000000000000000
SLC7A7	1.00000000000000000	1.00000000000000000	1.00000000000000000	1.00000000000000000	1.00000000000000000	82.97396482037179055	1.00000000000000000
SLC8A1	1.00000000000000000	1.00000000000000000	1.00000000000000000	1.00000000000000000	1.00000000000000000	52.54649634496005461	1.00000000000000000
SLC8B1	1.00000000000000000	1.00000000000000000	1.00000000000000000	1.00000000000000000	1.00000000000000000	1.00000000000000000	19.63430914620041179
SLC9A3R2	1.00000000000000000	56.31070554097620828	1.00000000000000000	1.00000000000000000	1.00000000000000000	1.00000000000000000	1.00000000000000000
SLC9A9	1.00000000000000000	1.00000000000000000	1.00000000000000000	1.00000000000000000	1.00000000000000000	1.00000000000000000	56.90292743860110392
SLCO3A1	1.00000000000000000	1.00000000000000000	1.00000000000000000	1.00000000000000000	51.39712275456993495	1.00000000000000000	1.00000000000000000
SLFN11	1.00000000000000000	1.00000000000000000	1.00000000000000000	1.00000000000000000	1.00000000000000000	45.56408100604274125	1.00000000000000000
SLFN5	1.00000000000000000	1.00000000000000000	1.00000000000000000	1.00000000000000000	1.00000000000000000	1.00000000000000000	64.32837655947244571
SLIT2	138.69452546836203055	66.55007740697710972	1.00000000000000000	1.00000000000000000	1.00000000000000000	1.00000000000000000	1.00000000000000000
SLIT3	174.37404871366135239	1.00000000000000000	1.00000000000000000	140.33256664656852308	52.26756651661835917	22.69919975725280992	1.00000000000000000
SLMAP	1.00000000000000000	1.00000000000000000	1.00000000000000000	196.02532261794183910	1.00000000000000000	1.00000000000000000	1.00000000000000000
SLPI	109.32204207146727981	1.00000000000000000	235.32707851262239274	1.00000000000000000	1.00000000000000000	1.00000000000000000	1.00000000000000000
SLU7	1.00000000000000000	56.61161823316152919	1.00000000000000000	1.00000000000000000	1.00000000000000000	47.65836979433501597	1.00000000000000000
SMAD1	1.00000000000000000	1.00000000000000000	1.00000000000000000	1.00000000000000000	1.00000000000000000	1.00000000000000000	430.55902798443145230
SMAGP	1.00000000000000000	1.00000000000000000	1.00000000000000000	1.00000000000000000	1.00000000000000000	1.00000000000000000	80.83288018057514535
SMAP2	1.00000000000000000	1.00000000000000000	1.00000000000000000	1.00000000000000000	1.00000000000000000	103.63347449283921264	1.00000000000000000
SMARCA2	95.87804758467169108	56.12660602584288227	1.00000000000000000	1.00000000000000000	1.00000000000000000	64.72113703784496863	1.00000000000000000
SMARCB1	1.00000000000000000	113.87647693417184769	1.00000000000000000	105.62069103186001939	112.54670639454410264	1.00000000000000000	1.00000000000000000
SMARCC2	1.00000000000000000	1.00000000000000000	1.00000000000000000	1.00000000000000000	52.45775768264489614	39.01219631846547742	1.00000000000000000
SMC1A	1.00000000000000000	1.00000000000000000	1.00000000000000000	1.00000000000000000	1.00000000000000000	59.37742863526628412	1.00000000000000000
SMC4	1.00000000000000000	1.00000000000000000	1.00000000000000000	1.00000000000000000	65.48262709105168256	42.14028641660796382	1.00000000000000000
SMC5	1.00000000000000000	1.00000000000000000	1.00000000000000000	1.00000000000000000	1.00000000000000000	40.72642186718602630	1.00000000000000000
SMC6	1.00000000000000000	1.00000000000000000	1.00000000000000000	1.00000000000000000	84.10914583634385622	1.00000000000000000	1.00000000000000000
SMCO4	1.00000000000000000	63.76800886254607548	1.00000000000000000	1.00000000000000000	1.00000000000000000	134.20912347716404156	1.00000000000000000
SMG1	1.00000000000000000	1.00000000000000000	1.00000000000000000	1.00000000000000000	1.00000000000000000	1.00000000000000000	90.97032769216282588
SMIM10L1	1.00000000000000000	40.74836770807600317	1.00000000000000000	1.00000000000000000	1.00000000000000000	1.00000000000000000	38.26861829240080226
SMIM12	1.00000000000000000	44.65147762823358590	1.00000000000000000	106.78408335931445095	59.88430637012316993	1.00000000000000000	141.93917861814463777
SMIM25	1.00000000000000000	1.00000000000000000	1.00000000000000000	1.00000000000000000	1.00000000000000000	193.23386566983663215	1.00000000000000000
SMOC2	1.00000000000000000	1.00000000000000000	1.00000000000000000	295.81163966338397131	127.87290692883605914	1.00000000000000000	1.00000000000000000
SMOX	1.00000000000000000	1.00000000000000000	1.00000000000000000	1.00000000000000000	1.00000000000000000	59.37742863526628412	1.00000000000000000
SMPDL3A	60.10466486249089257	1.00000000000000000	1.00000000000000000	1.00000000000000000	1.00000000000000000	15.87924884838010087	1.00000000000000000
SMS	50.65715880292600559	54.45424683229814633	91.21168473959541245	133.06557659766792767	1.00000000000000000	49.43288552536129998	1.00000000000000000
SMTN	73.03313296963953860	96.59642616266249604	1.00000000000000000	160.46273055445982436	131.79816382968891730	68.30997466964541331	1.00000000000000000
SMYD2	1.00000000000000000	1.00000000000000000	1.00000000000000000	1.00000000000000000	1.00000000000000000	32.88665982820253220	136.66902417742264220
SMYD3	83.90330252142904044	107.25664434654170520	1.00000000000000000	1.00000000000000000	1.00000000000000000	149.59899187350919192	1.00000000000000000
SNAI2	86.51084896700056959	165.20773681937060928	140.02060169403964096	1.00000000000000000	99.82456376907346396	67.35896954919510904	22.10945885315748427
SNAPC1	37.90681691125519137	1.00000000000000000	1.00000000000000000	1.00000000000000000	1.00000000000000000	1.00000000000000000	1.00000000000000000
SNAPC5	1.00000000000000000	1.00000000000000000	1.00000000000000000	86.01993871498105193	1.00000000000000000	183.68623186390180990	1.00000000000000000
SNCG	1.00000000000000000	1.00000000000000000	1.00000000000000000	82.67241274411090046	1.00000000000000000	1.00000000000000000	365.86903284981696061
SNHG1	1.00000000000000000	1.00000000000000000	1.00000000000000000	1.00000000000000000	1.00000000000000000	1.00000000000000000	38.26861829240080226
SNHG14	1.00000000000000000	55.91290200215692607	1.00000000000000000	1.00000000000000000	87.64132285282568091	1.00000000000000000	1.00000000000000000
SNHG15	1.00000000000000000	1.00000000000000000	1.00000000000000000	159.05369357206032532	1.00000000000000000	1.00000000000000000	1.00000000000000000
SNHG18	1.00000000000000000	41.72047367852538002	1.00000000000000000	1.00000000000000000	92.92260051899532414	42.68729798820608323	1.00000000000000000
SNHG3	101.00556660232702200	51.71560342830392898	1.00000000000000000	89.33509882553197201	1.00000000000000000	1.00000000000000000	22.30439209133841061
SNHG7	105.91654437946792200	84.36276870915932591	143.22290061332657274	1.00000000000000000	1.00000000000000000	30.69227679039083867	75.53723658480147662
SNHG9	1.00000000000000000	1.00000000000000000	1.00000000000000000	1.00000000000000000	1.00000000000000000	1.00000000000000000	62.22083218162599394
SNRNP200	1.00000000000000000	42.28424649772617272	1.00000000000000000	1.00000000000000000	1.00000000000000000	1.00000000000000000	19.63430914620035139
SNRPA	51.11245944776997874	43.98746270187840679	1.00000000000000000	68.77336862573058340	1.00000000000000000	1.00000000000000000	180.94065538432599283
SNRPA1	76.91829689221724209	61.75150086283296247	1.00000000000000000	1.00000000000000000	1.00000000000000000	1.00000000000000000	1.00000000000000000
SNRPD3	62.23118137172104269	59.03899622981645479	1.00000000000000000	82.09500909958295267	119.71705980276530568	1.00000000000000000	78.56803144669200378
SNX1	1.00000000000000000	1.00000000000000000	1.00000000000000000	1.00000000000000000	1.00000000000000000	81.61410397464499056	1.00000000000000000
SNX10	1.00000000000000000	1.00000000000000000	1.00000000000000000	1.00000000000000000	1.00000000000000000	185.31760221071576211	1.00000000000000000
SNX7	1.00000000000000000	39.13890977371628566	1.00000000000000000	1.00000000000000000	1.00000000000000000	1.00000000000000000	44.70146690485036345
SNX9	74.96575874881115453	102.38880702925057165	1.00000000000000000	1.00000000000000000	1.00000000000000000	31.52233876459857598	1.00000000000000000
SOAT1	1.00000000000000000	1.00000000000000000	1.00000000000000000	1.00000000000000000	1.00000000000000000	68.92634183072384246	1.00000000000000000
SOCS1	1.00000000000000000	1.00000000000000000	1.00000000000000000	1.00000000000000000	1.00000000000000000	46.14438114236840249	1.00000000000000000
SOCS2	1.00000000000000000	1.00000000000000000	1.00000000000000000	1.00000000000000000	1.00000000000000000	1.00000000000000000	128.23894598456351446
SOD3	308.51747060236669995	276.10205783764655507	375.72731824310380944	991.29986334453724339	569.00626726390134991	117.58335446441979855	1.00000000000000000
SORBS2	1.00000000000000000	1.00000000000000000	1.00000000000000000	73.90609352824793632	1.00000000000000000	1.00000000000000000	1.00000000000000000
SORBS3	44.14698902351779708	78.78278233297828592	1.00000000000000000	65.14958698513478907	84.30177212146575982	1.00000000000000000	22.10945885315748427
SOX18	1.00000000000000000	1.00000000000000000	1.00000000000000000	1.00000000000000000	1.00000000000000000	1.00000000000000000	90.97032769216299641
SP110	1.00000000000000000	45.40980965173671535	1.00000000000000000	1.00000000000000000	71.30099638730968081	25.71475993646712865	22.30439209133841061
SP3	1.00000000000000000	1.00000000000000000	1.00000000000000000	1.00000000000000000	1.00000000000000000	1.00000000000000000	90.97032769216282588
SPARCL1	1228.92009131655231613	548.75735070574216934	503.76209036706364941	2513.18950175596410190	2701.38594798379881468	539.60984509079275995	2250.25819230406932547
SPART	79.50174337114923162	46.87752480595884919	111.38695504022038563	1.00000000000000000	1.00000000000000000	26.67212863981586679	90.97032769216282588
SPATA33	1.00000000000000000	1.00000000000000000	1.00000000000000000	1.00000000000000000	1.00000000000000000	1.00000000000000000	109.60463683836324833
SPG21	60.98241528083425322	77.89217383386518634	84.60907822249613730	1.00000000000000000	1.00000000000000000	53.84694362979570315	1.00000000000000000
SPHK1	61.89704807449109580	220.76003531320623097	1.00000000000000000	1.00000000000000000	1.00000000000000000	39.50266205885415616	62.22083218162599394
SPI1	1.00000000000000000	1.00000000000000000	1.00000000000000000	1.00000000000000000	1.00000000000000000	172.93223468949355492	1.00000000000000000
SPIDR	1.00000000000000000	1.00000000000000000	1.00000000000000000	1.00000000000000000	1.00000000000000000	1.00000000000000000	40.91644009028756557
SPINK1	1.00000000000000000	1.00000000000000000	1.00000000000000000	1.00000000000000000	1.00000000000000000	56.03968365011910180	1.00000000000000000
SPINT2	141.78384347909141638	107.98912106356223717	1.00000000000000000	1.00000000000000000	1.00000000000000000	85.70778384972645370	1.00000000000000000
SPOCK1	1.00000000000000000	58.01296479163816144	1.00000000000000000	1.00000000000000000	1.00000000000000000	1.00000000000000000	1.00000000000000000
SPON1	177.93652039018175515	128.67864312731256859	1.00000000000000000	1.00000000000000000	1.00000000000000000	1.00000000000000000	1.00000000000000000
SPOP	59.35406444672813109	60.79826032870256824	1.00000000000000000	66.73694917964922979	52.82222659215840821	1.00000000000000000	81.29189148624158179
SPRED1	1.00000000000000000	47.94587283265395428	1.00000000000000000	1.00000000000000000	1.00000000000000000	15.43212411768535297	1.00000000000000000
SPRYD7	1.00000000000000000	1.00000000000000000	1.00000000000000000	1.00000000000000000	1.00000000000000000	1.00000000000000000	43.21891770631494722
SPSB1	61.44287714284247670	127.41515788259822273	1.00000000000000000	1.00000000000000000	1.00000000000000000	1.00000000000000000	90.97032769216282588
SPTAN1	88.07875173988030326	63.25224570286538750	1.00000000000000000	1.00000000000000000	1.00000000000000000	1.00000000000000000	1.00000000000000000
SPTLC1	48.67132477160134840	77.42841881167969120	1.00000000000000000	1.00000000000000000	1.00000000000000000	1.00000000000000000	277.50201309531365723
SPTLC2	1.00000000000000000	1.00000000000000000	1.00000000000000000	1.00000000000000000	1.00000000000000000	219.03211986140320278	56.90292743860110392
SQOR	1.00000000000000000	46.58156428356932111	1.00000000000000000	1.00000000000000000	1.00000000000000000	55.19779210215939003	1.00000000000000000
SRA1	66.16845446664335384	73.89103746123380745	1.00000000000000000	75.18754786256171485	1.00000000000000000	41.99973315128076479	94.17154573100179960
SRD5A3	1.00000000000000000	1.00000000000000000	1.00000000000000000	1.00000000000000000	1.00000000000000000	37.83230888545676152	1.00000000000000000
SREK1	94.24062660826460558	63.57518678754814800	1.00000000000000000	66.99356736091522180	83.75788362694355271	1.00000000000000000	1.00000000000000000
SRGAP1	89.67511626944587988	1.00000000000000000	1.00000000000000000	1.00000000000000000	1.00000000000000000	36.75235262039100803	1.00000000000000000
SRP54	41.81312687819663410	61.51298477072902671	1.00000000000000000	1.00000000000000000	1.00000000000000000	1.00000000000000000	1.00000000000000000
SRP72	93.46953448325638192	94.68904221605821192	1.00000000000000000	92.36482418378096781	117.98580911058802201	48.44972645411450429	1.00000000000000000
SRPK1	1.00000000000000000	1.00000000000000000	1.00000000000000000	1.00000000000000000	1.00000000000000000	39.28644308356716408	1.00000000000000000
SRPK2	1.00000000000000000	1.00000000000000000	1.00000000000000000	1.00000000000000000	59.38751423378133154	19.41039982657441598	22.10945885315748427
SRPRA	61.28671711833200675	54.56013458221605106	1.00000000000000000	62.97413635556338107	79.14224951786455620	1.00000000000000000	22.85073345242518883
SRPX	106.05632680969149817	62.14475308998171244	1.00000000000000000	1.00000000000000000	1.00000000000000000	1.00000000000000000	180.94065538432568019
SRPX2	51.14225967597453604	125.86006295295582902	1.00000000000000000	1.00000000000000000	1.00000000000000000	1.00000000000000000	1.00000000000000000
SRSF1	87.56858121214850144	59.97425079911541701	1.00000000000000000	55.24766488513132145	74.39614696760106938	1.00000000000000000	1.00000000000000000
SS18	1.00000000000000000	47.71182642202189328	1.00000000000000000	1.00000000000000000	1.00000000000000000	1.00000000000000000	1.00000000000000000
SS18L2	47.58404320592915582	1.00000000000000000	1.00000000000000000	1.00000000000000000	1.00000000000000000	48.89436685725232934	166.05044854592881620
SSPN	118.46287001550636830	167.73098038841072821	1.00000000000000000	121.12540462689655385	1.00000000000000000	21.61827066459698443	1.00000000000000000
SSTR2	1.00000000000000000	1.00000000000000000	1.00000000000000000	1.00000000000000000	84.84122299151515278	1.00000000000000000	1.00000000000000000
ST3GAL1	59.17972909818251281	1.00000000000000000	1.00000000000000000	1.00000000000000000	1.00000000000000000	19.15726182388315735	1.00000000000000000
ST3GAL4	65.62919747618175847	66.73346351773356844	1.00000000000000000	1.00000000000000000	1.00000000000000000	1.00000000000000000	1.00000000000000000
ST3GAL6	1.00000000000000000	1.00000000000000000	1.00000000000000000	1.00000000000000000	1.00000000000000000	1.00000000000000000	56.90292743860110392
ST5	1.00000000000000000	72.23083855264007980	1.00000000000000000	1.00000000000000000	78.03873541764338029	1.00000000000000000	1.00000000000000000
ST6GAL1	1.00000000000000000	1.00000000000000000	1.00000000000000000	1.00000000000000000	1.00000000000000000	1.00000000000000000	109.60463683836324833
ST6GALNAC6	53.62536733794510724	58.91811018089354945	1.00000000000000000	1.00000000000000000	1.00000000000000000	1.00000000000000000	1.00000000000000000
ST8SIA1	1.00000000000000000	1.00000000000000000	1.00000000000000000	1.00000000000000000	1.00000000000000000	1.00000000000000000	43.21891770631494722
STAB1	1.00000000000000000	1.00000000000000000	1.00000000000000000	1.00000000000000000	1.00000000000000000	1.00000000000000000	177.24552174654141368
STAG2	1.00000000000000000	1.00000000000000000	1.00000000000000000	1.00000000000000000	1.00000000000000000	1.00000000000000000	90.97032769216282588
STAMBP	1.00000000000000000	1.00000000000000000	1.00000000000000000	1.00000000000000000	1.00000000000000000	1.00000000000000000	19.63430914620041179
STAT2	76.41692302024650019	111.36580814770650250	1.00000000000000000	1.00000000000000000	1.00000000000000000	81.29160802810339703	1.00000000000000000
STAT6	1.00000000000000000	1.00000000000000000	1.00000000000000000	70.35074727990894417	52.81744031090850910	38.01845073777626283	1.00000000000000000
STEAP1	155.03360630636663586	185.17033711956281650	123.75111274873070499	1.00000000000000000	1.00000000000000000	1.00000000000000000	1.00000000000000000
STEAP2	71.24454468115780514	70.75001414713878489	1.00000000000000000	1.00000000000000000	1.00000000000000000	1.00000000000000000	1.00000000000000000
STEAP4	1.00000000000000000	1.00000000000000000	1.00000000000000000	99.16191649686874143	143.22591283126990902	1.00000000000000000	1.00000000000000000
STIM2	1.00000000000000000	1.00000000000000000	1.00000000000000000	1.00000000000000000	1.00000000000000000	1.00000000000000000	141.93917861814463777
STIP1	1.00000000000000000	1.00000000000000000	1.00000000000000000	1.00000000000000000	79.59639936144954220	1.00000000000000000	1.00000000000000000
STK17A	1.00000000000000000	66.70909796593639385	1.00000000000000000	1.00000000000000000	1.00000000000000000	33.17388403463749569	1.00000000000000000
STK17B	65.32773374326940541	54.16923535396578870	1.00000000000000000	1.00000000000000000	1.00000000000000000	1.00000000000000000	1.00000000000000000
STK25	1.00000000000000000	46.06002372503497355	1.00000000000000000	50.10623151614294812	1.00000000000000000	1.00000000000000000	1.00000000000000000
STK4	1.00000000000000000	1.00000000000000000	1.00000000000000000	1.00000000000000000	1.00000000000000000	77.80429244616607320	1.00000000000000000
STMN3	42.93299337239118074	51.57038017485908910	1.00000000000000000	1.00000000000000000	1.00000000000000000	1.00000000000000000	1.00000000000000000
STON2	1.00000000000000000	1.00000000000000000	1.00000000000000000	1.00000000000000000	1.00000000000000000	1.00000000000000000	85.43783541262989445
STT3A	43.06861108553151496	1.00000000000000000	1.00000000000000000	1.00000000000000000	1.00000000000000000	1.00000000000000000	44.70146690485036345
STT3B	57.38404386515565392	1.00000000000000000	1.00000000000000000	1.00000000000000000	1.00000000000000000	78.83810780311056021	1.00000000000000000
STX10	1.00000000000000000	56.87966815530154463	1.00000000000000000	70.66729688648234742	1.00000000000000000	58.09106583090786557	1.00000000000000000
STX11	1.00000000000000000	1.00000000000000000	1.00000000000000000	1.00000000000000000	1.00000000000000000	1.00000000000000000	56.90292743860121050
STX12	47.98680134990451052	55.49975113595233012	1.00000000000000000	146.91203393389525900	96.23912075331411131	1.00000000000000000	1.00000000000000000
STX6	1.00000000000000000	1.00000000000000000	1.00000000000000000	1.00000000000000000	1.00000000000000000	49.14582291551173654	1.00000000000000000
STX7	1.00000000000000000	45.76352308104686273	1.00000000000000000	1.00000000000000000	1.00000000000000000	103.28368623151322936	1.00000000000000000
STX8	49.52463084589544451	70.53456363027247278	94.67961384850934792	1.00000000000000000	65.89919345746081092	94.68136939500587346	1.00000000000000000
STXBP2	1.00000000000000000	1.00000000000000000	1.00000000000000000	1.00000000000000000	1.00000000000000000	226.73106927203107830	1.00000000000000000
SUCLA2	1.00000000000000000	1.00000000000000000	1.00000000000000000	129.18181733991320925	58.39742746442307464	1.00000000000000000	1.00000000000000000
SUCLG2	60.86184554273887670	82.05755227590006484	1.00000000000000000	112.05644383441075718	45.08725779302717029	29.50279447500539121	1.00000000000000000
SUGCT	1.00000000000000000	45.38475502824814356	1.00000000000000000	1.00000000000000000	1.00000000000000000	1.00000000000000000	1.00000000000000000
SUGP2	1.00000000000000000	1.00000000000000000	1.00000000000000000	1.00000000000000000	1.00000000000000000	38.74115653253561931	1.00000000000000000
SULF1	90.23050790936284216	604.99364784540375695	1.00000000000000000	100.57328948011014802	1.00000000000000000	42.59285083670413030	1.00000000000000000
SULF2	64.33824881013647712	89.26875503168831472	1.00000000000000000	1.00000000000000000	1.00000000000000000	62.33366201947568896	360.62006992317066079
SULT1A1	61.56527300715781337	1.00000000000000000	1.00000000000000000	1.00000000000000000	1.00000000000000000	1.00000000000000000	1.00000000000000000
SUN1	1.00000000000000000	1.00000000000000000	1.00000000000000000	1.00000000000000000	1.00000000000000000	1.00000000000000000	128.23894598456351446
SUPT16H	52.64835957680213596	1.00000000000000000	1.00000000000000000	1.00000000000000000	1.00000000000000000	1.00000000000000000	90.97032769216282588
SURF2	1.00000000000000000	1.00000000000000000	1.00000000000000000	83.01704385965919641	1.00000000000000000	25.36046284946112905	1.00000000000000000
SUZ12	1.00000000000000000	1.00000000000000000	1.00000000000000000	1.00000000000000000	1.00000000000000000	1.00000000000000000	19.63430914620041179
SVBP	1.00000000000000000	1.00000000000000000	1.00000000000000000	1.00000000000000000	67.23721345077419187	57.20459745243771721	38.26861829240073121
SVEP1	115.01483115218910314	1.00000000000000000	1.00000000000000000	1.00000000000000000	1.00000000000000000	1.00000000000000000	1.00000000000000000
SVIL	42.90435818722145456	88.19761954989211006	1.00000000000000000	1.00000000000000000	1.00000000000000000	1.00000000000000000	120.78694915300694390
SVIP	1.00000000000000000	1.00000000000000000	1.00000000000000000	1.00000000000000000	1.00000000000000000	1.00000000000000000	88.40293380970076953
SWAP70	1.00000000000000000	1.00000000000000000	1.00000000000000000	1.00000000000000000	1.00000000000000000	64.95036495157494016	180.94065538432568019
SWI5	66.87061851800700651	58.44100754856427216	1.00000000000000000	1.00000000000000000	92.73539304107099213	1.00000000000000000	1.00000000000000000
SYDE1	1.00000000000000000	41.27042471312558547	1.00000000000000000	1.00000000000000000	1.00000000000000000	22.31602204061159966	1.00000000000000000
SYNE2	1.00000000000000000	1.00000000000000000	1.00000000000000000	167.07298836843887102	98.01260311204022457	1.00000000000000000	1.00000000000000000
SYNGR1	56.00543776631036508	54.77813152332732471	1.00000000000000000	1.00000000000000000	1.00000000000000000	36.32668752420392622	1.00000000000000000
SYNGR2	1.00000000000000000	1.00000000000000000	1.00000000000000000	1.00000000000000000	1.00000000000000000	81.68939489189848757	177.24552174654141368
SYNPO	46.96091129857705226	1.00000000000000000	1.00000000000000000	1.00000000000000000	1.00000000000000000	1.00000000000000000	1.00000000000000000
SYNPO2	1.00000000000000000	1.00000000000000000	1.00000000000000000	292.31418243645958910	1.00000000000000000	1.00000000000000000	1.00000000000000000
SYTL2	1.00000000000000000	51.02187590875382739	1.00000000000000000	112.26227437378847185	61.93491150782090671	175.68389111459916307	1.00000000000000000
SZRD1	40.27150901703260644	62.56197956193053500	1.00000000000000000	1.00000000000000000	95.05965246105439803	1.00000000000000000	1.00000000000000000
TACC1	197.10374889592074510	108.01607580891312921	1.00000000000000000	302.08684119372452415	321.51400474652365347	107.89672950521445216	1.00000000000000000
TAF11	1.00000000000000000	59.13479286936090062	1.00000000000000000	1.00000000000000000	1.00000000000000000	39.90006355827009799	1.00000000000000000
TAF12	53.48923078886379301	51.20896867810551356	1.00000000000000000	1.00000000000000000	1.00000000000000000	19.83015448414117898	1.00000000000000000
TAF15	1.00000000000000000	1.00000000000000000	1.00000000000000000	1.00000000000000000	1.00000000000000000	1.00000000000000000	44.70146690485036345
TAGLN	1251.43018999021910531	3734.96678832863744901	2579.46845637237720439	14621.34318269353025244	1313.39224452695975742	2764.81029355730970565	93.16733769843793311
TANC2	1.00000000000000000	1.00000000000000000	1.00000000000000000	1.00000000000000000	1.00000000000000000	1.00000000000000000	19.63430914620041179
TAOK1	1.00000000000000000	1.00000000000000000	1.00000000000000000	1.00000000000000000	1.00000000000000000	21.74280173438694419	109.60463683836324833
TAP2	1.00000000000000000	1.00000000000000000	1.00000000000000000	1.00000000000000000	1.00000000000000000	30.83732925269824676	1.00000000000000000
TAPBPL	1.00000000000000000	1.00000000000000000	1.00000000000000000	1.00000000000000000	70.49857054179784654	1.00000000000000000	40.91644009028756557
TARBP2	1.00000000000000000	1.00000000000000000	1.00000000000000000	1.00000000000000000	1.00000000000000000	61.67312270844131916	1.00000000000000000
TBC1D15	1.00000000000000000	1.00000000000000000	1.00000000000000000	1.00000000000000000	1.00000000000000000	76.08748128244883446	109.60463683836324833
TBC1D2B	1.00000000000000000	1.00000000000000000	1.00000000000000000	1.00000000000000000	104.27159427736933139	29.21129807251996269	1.00000000000000000
TBC1D9	1.00000000000000000	1.00000000000000000	1.00000000000000000	1.00000000000000000	1.00000000000000000	1.00000000000000000	59.52848808923673829
TBCC	1.00000000000000000	48.29646162392049291	1.00000000000000000	1.00000000000000000	1.00000000000000000	1.00000000000000000	1.00000000000000000
TBL1XR1	63.52724238962876058	58.49600594848229207	1.00000000000000000	1.00000000000000000	1.00000000000000000	1.00000000000000000	141.93917861814463777
TBX1	1.00000000000000000	1.00000000000000000	1.00000000000000000	1.00000000000000000	1.00000000000000000	1.00000000000000000	217.94803283124579707
TBX2	1.00000000000000000	1.00000000000000000	1.00000000000000000	138.09253542621598854	320.22163502555446257	1.00000000000000000	1.00000000000000000
TBX2.AS1	1.00000000000000000	1.00000000000000000	1.00000000000000000	1.00000000000000000	86.47810978321641073	1.00000000000000000	1.00000000000000000
TBX3	1.00000000000000000	1.00000000000000000	1.00000000000000000	1.00000000000000000	56.30886092830547796	1.00000000000000000	1.00000000000000000
TBX5	1.00000000000000000	1.00000000000000000	1.00000000000000000	1.00000000000000000	66.05189347437648451	1.00000000000000000	1.00000000000000000
TCAF1	62.28076016279767657	1.00000000000000000	1.00000000000000000	1.00000000000000000	60.89942170231715579	1.00000000000000000	40.91644009028756557
TCEA2	1.00000000000000000	1.00000000000000000	1.00000000000000000	1.00000000000000000	1.00000000000000000	56.20838831669954061	22.10945885315748427
TCEAL1	82.01164683312107684	69.09836347240158716	1.00000000000000000	1.00000000000000000	1.00000000000000000	1.00000000000000000	1.00000000000000000
TCERG1	1.00000000000000000	1.00000000000000000	1.00000000000000000	1.00000000000000000	1.00000000000000000	1.00000000000000000	43.21891770631494722
TCF21	183.69545690750962308	1.00000000000000000	1.00000000000000000	1.00000000000000000	109.45458124490602358	1.00000000000000000	270.91098307648837817
TCN2	1.00000000000000000	1.00000000000000000	1.00000000000000000	1.00000000000000000	1.00000000000000000	38.01845073777626283	1.00000000000000000
TCTN3	47.14020465107062563	46.35406366272836465	1.00000000000000000	1.00000000000000000	1.00000000000000000	1.00000000000000000	1.00000000000000000
TDG	47.92612977738432534	43.01341764409548318	1.00000000000000000	102.02057841105620639	52.54234431059686727	36.92532255426712595	1.00000000000000000
TDO2	74.22793113746253368	138.13048635438934753	1.00000000000000000	1.00000000000000000	135.37486321831735836	1.00000000000000000	1.00000000000000000
TDP2	1.00000000000000000	1.00000000000000000	1.00000000000000000	1.00000000000000000	1.00000000000000000	175.68389111459916307	22.10945885315748427
TEAD1	52.98846111077325105	60.39641833111657121	1.00000000000000000	1.00000000000000000	1.00000000000000000	1.00000000000000000	1.00000000000000000
TEAD2	1.00000000000000000	1.00000000000000000	1.00000000000000000	1.00000000000000000	68.92696538328121392	1.00000000000000000	38.26861829240073121
TENT5A	73.52853418647742956	1.00000000000000000	1.00000000000000000	1.00000000000000000	206.98621551176702837	113.18880512897889901	1.00000000000000000
TERF1	39.72917859443075628	62.23434219648199672	1.00000000000000000	80.39555075395968231	1.00000000000000000	1.00000000000000000	43.21891770631494722
TES	1.00000000000000000	1.00000000000000000	1.00000000000000000	1.00000000000000000	58.47185411030935143	1.00000000000000000	22.10945885315748427
TESC	1.00000000000000000	1.00000000000000000	1.00000000000000000	1.00000000000000000	271.98356696503395824	1.00000000000000000	1.00000000000000000
TFF3	1.00000000000000000	1.00000000000000000	1.00000000000000000	1.00000000000000000	1.00000000000000000	1.00000000000000000	1043.24176987499777169
TFPT	1.00000000000000000	1.00000000000000000	1.00000000000000000	1.00000000000000000	1.00000000000000000	45.18183560896003570	128.23894598456351446
TFRC	1.00000000000000000	1.00000000000000000	1.00000000000000000	1.00000000000000000	1.00000000000000000	82.43990637013992284	1.00000000000000000
TGFB1I1	89.59420430943519875	229.43452538555308706	170.57629105799227887	353.86178724949462548	316.22250436408916130	192.09134145770863711	1.00000000000000000
TGFB3	50.40249336856823703	66.12622530620623706	1.00000000000000000	168.43134324923778422	97.02507343613726221	1.00000000000000000	1.00000000000000000
TGFBI	111.40910454359151061	269.28895074853863889	388.99496639421619193	317.09657413299828477	207.64101890780378312	212.58233080027102346	1.00000000000000000
TGFBR2	75.04011028818727880	65.64308511309748440	1.00000000000000000	1.00000000000000000	1.00000000000000000	58.98616868439434313	527.38888884946538838
TGFBR3	1.00000000000000000	1.00000000000000000	1.00000000000000000	1.00000000000000000	1.00000000000000000	1.00000000000000000	88.40293380970076953
TGIF1	125.59529845157670991	174.85342372847529191	139.42677920466465480	1.00000000000000000	1.00000000000000000	61.67312270844131916	185.33467539687592307
THAP12	1.00000000000000000	1.00000000000000000	1.00000000000000000	1.00000000000000000	1.00000000000000000	1.00000000000000000	109.60463683836324833
THAP7	1.00000000000000000	60.37308875750928649	1.00000000000000000	1.00000000000000000	1.00000000000000000	21.52716363829498647	19.63430914620041179
THAP9.AS1	1.00000000000000000	1.00000000000000000	1.00000000000000000	1.00000000000000000	1.00000000000000000	1.00000000000000000	19.63430914620041179
THBD	1.00000000000000000	1.00000000000000000	1.00000000000000000	1.00000000000000000	1.00000000000000000	1.00000000000000000	80.83288018057514535
THBS1	462.74291939827566011	245.87453478511494609	114.08228015620852602	368.64429017580806658	118.73796483285288161	82.76299329436572805	1.00000000000000000
THBS2	268.18826659597812068	662.63497909102375161	229.00784756201875325	1.00000000000000000	1.00000000000000000	231.10375143476883864	1.00000000000000000
THBS3	61.34712705183308401	1.00000000000000000	1.00000000000000000	1.00000000000000000	1.00000000000000000	4.97827570888906124	1.00000000000000000
THEMIS2	1.00000000000000000	1.00000000000000000	1.00000000000000000	1.00000000000000000	1.00000000000000000	189.01001369703234900	112.80585487720216520
THOC3	1.00000000000000000	1.00000000000000000	1.00000000000000000	1.00000000000000000	1.00000000000000000	1.00000000000000000	43.21891770631494722
THOC6	1.00000000000000000	1.00000000000000000	1.00000000000000000	1.00000000000000000	1.00000000000000000	187.08310319109480702	1.00000000000000000
THUMPD1	1.00000000000000000	37.78174280939946073	1.00000000000000000	1.00000000000000000	1.00000000000000000	1.00000000000000000	1.00000000000000000
THUMPD3.AS1	70.40653249029804783	55.29823029041899929	1.00000000000000000	1.00000000000000000	109.18286680674684419	1.00000000000000000	90.97032769216282588
THYN1	49.23699629102824105	60.78827038558470264	78.97589232575381857	1.00000000000000000	50.29656357071805672	78.31209918943616799	1.00000000000000000
TIA1	1.00000000000000000	51.63813774539102042	1.00000000000000000	1.00000000000000000	1.00000000000000000	1.00000000000000000	93.16733769843793311
TIE1	1.00000000000000000	1.00000000000000000	1.00000000000000000	1.00000000000000000	1.00000000000000000	1.00000000000000000	190.54555874836754015
TIFA	1.00000000000000000	1.00000000000000000	1.00000000000000000	1.00000000000000000	1.00000000000000000	190.71307900830663584	22.30439209133841061
TIMM10	41.12251717495033176	65.71817215805094747	1.00000000000000000	102.64372419300190131	118.30068517285573648	1.00000000000000000	22.85073345242518883
TIMM17A	55.97131559246094668	62.02531721607836346	87.39566405581291519	1.00000000000000000	88.26599293494963661	59.51032549218929546	1.00000000000000000
TIMM17B	1.00000000000000000	45.66228943491943681	1.00000000000000000	1.00000000000000000	75.07826882853585460	55.47325763322732683	1.00000000000000000
TIMM50	64.51577341626379791	1.00000000000000000	1.00000000000000000	1.00000000000000000	1.00000000000000000	1.00000000000000000	109.60463683836324833
TINAGL1	1.00000000000000000	1.00000000000000000	1.00000000000000000	636.22944277239571420	367.26999643479791757	43.44200149163974345	1.00000000000000000
TINF2	1.00000000000000000	55.97660267329889905	1.00000000000000000	1.00000000000000000	1.00000000000000000	1.00000000000000000	1.00000000000000000
TJP2	46.89896306457073649	1.00000000000000000	1.00000000000000000	1.00000000000000000	1.00000000000000000	1.00000000000000000	1.00000000000000000
TLE1	1.00000000000000000	1.00000000000000000	1.00000000000000000	102.31298217432035358	84.22214763244539881	26.18338336702987945	88.40293380970076953
TLE4	1.00000000000000000	1.00000000000000000	1.00000000000000000	1.00000000000000000	1.00000000000000000	1.00000000000000000	43.21891770631494722
TM2D3	70.87550480263406882	92.45677350882702683	1.00000000000000000	83.71605116542285430	105.37439168726105265	40.66833134338949662	1.00000000000000000
TM4SF18	1.00000000000000000	1.00000000000000000	1.00000000000000000	1.00000000000000000	1.00000000000000000	1.00000000000000000	156.13606289338403599
TMBIM1	76.15976764495803764	66.84713264254460796	69.00820436489821930	1.00000000000000000	1.00000000000000000	19.28373842187518861	56.90292743860110392
TMC6	1.00000000000000000	1.00000000000000000	1.00000000000000000	1.00000000000000000	1.00000000000000000	1.00000000000000000	19.63430914620041179
TMCO3	1.00000000000000000	52.46525800445285626	1.00000000000000000	1.00000000000000000	1.00000000000000000	1.00000000000000000	1.00000000000000000
TMED5	47.94316504918293731	1.00000000000000000	1.00000000000000000	1.00000000000000000	1.00000000000000000	49.00473835168310188	19.61204799894915496
TMED7	52.72141560193370680	68.67480585520608827	1.00000000000000000	65.56673433621432423	60.40355359241825539	1.00000000000000000	106.54729426578737161
TMEM101	1.00000000000000000	56.18976708769969974	1.00000000000000000	1.00000000000000000	72.96154173025502132	42.96409979503050636	1.00000000000000000
TMEM106B	1.00000000000000000	44.91234618689636449	1.00000000000000000	1.00000000000000000	52.00631505150756340	1.00000000000000000	1.00000000000000000
TMEM107	1.00000000000000000	1.00000000000000000	1.00000000000000000	1.00000000000000000	1.00000000000000000	161.86942017318753528	43.21891770631494722
TMEM115	1.00000000000000000	58.77102146923760273	1.00000000000000000	1.00000000000000000	1.00000000000000000	1.00000000000000000	90.97032769216282588
TMEM119	81.81288130857134888	79.12905124568405313	1.00000000000000000	1.00000000000000000	1.00000000000000000	1.00000000000000000	1.00000000000000000
TMEM127	1.00000000000000000	1.00000000000000000	1.00000000000000000	1.00000000000000000	1.00000000000000000	44.30109461578759067	1.00000000000000000
TMEM128	1.00000000000000000	1.00000000000000000	1.00000000000000000	1.00000000000000000	1.00000000000000000	1.00000000000000000	44.70146690485036345
TMEM140	1.00000000000000000	1.00000000000000000	1.00000000000000000	1.00000000000000000	1.00000000000000000	1.00000000000000000	22.85073345242518883
TMEM160	85.94737671835473236	86.18987814793698021	1.00000000000000000	119.74880939923322387	94.61968285337631812	112.00297673265752962	38.22409599789831702
TMEM18	58.39866335590223656	34.83559469247799711	1.00000000000000000	1.00000000000000000	1.00000000000000000	1.00000000000000000	1.00000000000000000
TMEM183A	1.00000000000000000	51.52298557309661220	103.55769657598557387	1.00000000000000000	1.00000000000000000	27.73196575566333522	19.63430914620041179
TMEM189	1.00000000000000000	50.64822904443188634	1.00000000000000000	1.00000000000000000	1.00000000000000000	20.10790397701353882	1.00000000000000000
TMEM204	1.00000000000000000	144.01916721602330540	1.00000000000000000	1.00000000000000000	153.85749031233700634	38.11389290601635338	1.00000000000000000
TMEM222	1.00000000000000000	44.09451768062369581	1.00000000000000000	1.00000000000000000	1.00000000000000000	1.00000000000000000	1.00000000000000000
TMEM223	1.00000000000000000	48.05494394177921436	1.00000000000000000	1.00000000000000000	1.00000000000000000	1.00000000000000000	22.10945885315748427
TMEM242	1.00000000000000000	51.83625865403940480	1.00000000000000000	1.00000000000000000	1.00000000000000000	1.00000000000000000	1.00000000000000000
TMEM243	61.50336478696117126	70.95287664217669032	1.00000000000000000	1.00000000000000000	1.00000000000000000	26.65895454786873842	1.00000000000000000
TMEM248	57.13315778776684084	85.58436064400326870	1.00000000000000000	1.00000000000000000	1.00000000000000000	1.00000000000000000	1.00000000000000000
TMEM255B	1.00000000000000000	1.00000000000000000	1.00000000000000000	1.00000000000000000	1.00000000000000000	1.00000000000000000	212.09458853157485692
TMEM259	52.58401044911474287	1.00000000000000000	1.00000000000000000	1.00000000000000000	1.00000000000000000	1.00000000000000000	1.00000000000000000
TMEM263	45.22682082185902885	53.27077605799141224	1.00000000000000000	49.71388970009054731	1.00000000000000000	37.05405579016889561	1.00000000000000000
TMEM33	1.00000000000000000	1.00000000000000000	1.00000000000000000	1.00000000000000000	1.00000000000000000	44.11495276346806094	1.00000000000000000
TMEM38B	1.00000000000000000	1.00000000000000000	1.00000000000000000	108.57673160605584428	1.00000000000000000	32.88665982820253220	1.00000000000000000
TMEM43	93.25723964919913556	95.81428335350099701	1.00000000000000000	66.28097219190598821	1.00000000000000000	59.21338157315307171	1.00000000000000000
TMEM45A	102.48572056017967213	178.16783289291115011	182.71076769991583433	1.00000000000000000	1.00000000000000000	39.12019187645120866	1.00000000000000000
TMEM47	50.20719863944513861	48.34790649687850816	1.00000000000000000	162.09409756938038072	131.97439761545308556	32.11420260158040207	1.00000000000000000
TMEM54	1.00000000000000000	41.12840518892904385	1.00000000000000000	1.00000000000000000	1.00000000000000000	1.00000000000000000	1.00000000000000000
TMEM60	1.00000000000000000	52.13033689675179261	1.00000000000000000	1.00000000000000000	1.00000000000000000	59.30909419924314108	1.00000000000000000
TMEM9	58.11703571034384908	61.76259389993872162	80.59477125094443295	1.00000000000000000	1.00000000000000000	1.00000000000000000	19.63430914620041179
TMEM91	1.00000000000000000	1.00000000000000000	64.89603238401801377	1.00000000000000000	1.00000000000000000	1.00000000000000000	1.00000000000000000
TMUB1	1.00000000000000000	53.50031378343516053	1.00000000000000000	1.00000000000000000	1.00000000000000000	1.00000000000000000	1.00000000000000000
TMX3	1.00000000000000000	1.00000000000000000	1.00000000000000000	1.00000000000000000	84.55777583674937148	1.00000000000000000	115.01807115086310773
TMX4	54.41740471199093321	1.00000000000000000	1.00000000000000000	1.00000000000000000	1.00000000000000000	1.00000000000000000	1.00000000000000000
TNC	1.00000000000000000	114.04406143946354746	1.00000000000000000	1.00000000000000000	1.00000000000000000	1.00000000000000000	1.00000000000000000
TNFAIP1	1.00000000000000000	1.00000000000000000	1.00000000000000000	1.00000000000000000	1.00000000000000000	1.00000000000000000	115.01807115086310773
TNFAIP3	1.00000000000000000	1.00000000000000000	1.00000000000000000	1.00000000000000000	1.00000000000000000	96.65997948460756106	1.00000000000000000
TNFRSF12A	439.77934618958533974	292.92273527276165623	119.86049413728750324	258.87769989966454887	1.00000000000000000	53.89544881125981846	1.00000000000000000
TNFRSF14	1.00000000000000000	1.00000000000000000	1.00000000000000000	1.00000000000000000	60.29082475267590269	86.06969333727262494	43.21891770631494722
TNFRSF21	1.00000000000000000	58.99567127780240838	1.00000000000000000	1.00000000000000000	94.60354100956347168	1.00000000000000000	109.60463683836324833
TNFRSF4	1.00000000000000000	1.00000000000000000	1.00000000000000000	1.00000000000000000	1.00000000000000000	1.00000000000000000	158.71953805571345697
TNFRSF6B	1.00000000000000000	76.48545955685773379	1.00000000000000000	1.00000000000000000	1.00000000000000000	1.00000000000000000	1.00000000000000000
TNFSF10	57.75227297561751527	138.44242945245633791	1.00000000000000000	1.00000000000000000	1.00000000000000000	1.00000000000000000	549.23962230189022193
TNFSF12	1.00000000000000000	1.00000000000000000	1.00000000000000000	1.00000000000000000	1.00000000000000000	64.40011108040435772	93.16733769843793311
TNFSF13	1.00000000000000000	1.00000000000000000	1.00000000000000000	1.00000000000000000	1.00000000000000000	106.81997040394371368	1.00000000000000000
TNFSF13B	175.02689157844528722	116.43273020363594128	1.00000000000000000	1.00000000000000000	1.00000000000000000	80.01016288763742068	1.00000000000000000
TNIP1	1.00000000000000000	88.77841571374268881	1.00000000000000000	60.68186985946969259	80.87945131414500111	30.21208163449420070	1.00000000000000000
TNIP2	1.00000000000000000	37.67714675252700118	1.00000000000000000	1.00000000000000000	52.64356043501728522	1.00000000000000000	1.00000000000000000
TNKS1BP1	1.00000000000000000	1.00000000000000000	1.00000000000000000	1.00000000000000000	80.78429955651375849	1.00000000000000000	1.00000000000000000
TNPO1	61.49450891452550394	42.72187346041800993	1.00000000000000000	1.00000000000000000	1.00000000000000000	1.00000000000000000	136.86880460328833919
TNPO3	1.00000000000000000	1.00000000000000000	1.00000000000000000	1.00000000000000000	1.00000000000000000	37.88246334536397342	1.00000000000000000
TNRC6A	51.21895409758958095	49.53512572592802599	1.00000000000000000	1.00000000000000000	1.00000000000000000	1.00000000000000000	22.85073345242518883
TNS1	1.00000000000000000	71.00772530710165142	1.00000000000000000	129.95637106168092600	176.52339264241066985	33.07060062444627846	1.00000000000000000
TNS2	72.38106978602705510	1.00000000000000000	1.00000000000000000	70.76131891660497786	140.36218596929083446	1.00000000000000000	1.00000000000000000
TNXB	213.05915927916100827	1.00000000000000000	1.00000000000000000	1.00000000000000000	1.00000000000000000	1.00000000000000000	270.91098307648837817
TOM1	1.00000000000000000	54.76176425633285305	1.00000000000000000	1.00000000000000000	1.00000000000000000	1.00000000000000000	1.00000000000000000
TOMM40	43.87174705722711820	1.00000000000000000	1.00000000000000000	1.00000000000000000	1.00000000000000000	25.23969488658728011	1.00000000000000000
TOR1AIP2	1.00000000000000000	1.00000000000000000	1.00000000000000000	1.00000000000000000	1.00000000000000000	1.00000000000000000	43.21891770631494722
TP53BP1	1.00000000000000000	1.00000000000000000	1.00000000000000000	1.00000000000000000	1.00000000000000000	1.00000000000000000	109.60463683836324833
TP53I13	57.10450349461469699	107.37315603913737050	1.00000000000000000	1.00000000000000000	1.00000000000000000	1.00000000000000000	1.00000000000000000
TP53RK	1.00000000000000000	52.75500917768748366	1.00000000000000000	1.00000000000000000	1.00000000000000000	1.00000000000000000	38.26861829240073121
TPBG	83.66003509741041455	83.61042444933680429	73.31502654838313049	1.00000000000000000	1.00000000000000000	1.00000000000000000	1.00000000000000000
TPD52L2	1.00000000000000000	64.29051896589918158	143.14165403750413930	103.89817651997991277	1.00000000000000000	1.00000000000000000	162.04510539264470026
TPM1	446.19465510014259735	1045.76329007877620825	615.41714451668815400	2430.23340830470260698	966.61745973842005242	557.45274189142503474	177.24552174654141368
TPM2	614.15380579378484072	1513.64950531912336373	1317.55522330205280923	4547.03082032184283889	1234.51730249205456857	1024.63716564745959658	1.00000000000000000
TPPP3	139.86554632203279880	1.00000000000000000	1.00000000000000000	671.80268290991625690	1032.86554834261028191	135.15546740874299303	1.00000000000000000
TPRA1	1.00000000000000000	1.00000000000000000	1.00000000000000000	1.00000000000000000	1.00000000000000000	1.00000000000000000	90.97032769216282588
TPRKB	45.94050616427553990	54.04025612993358152	1.00000000000000000	85.01913778737224447	95.72233511409208973	94.38746784249634914	1.00000000000000000
TPST1	88.28029123714200921	119.36734512222609794	1.00000000000000000	1.00000000000000000	1.00000000000000000	1.00000000000000000	19.61204799894915496
TPST2	1.00000000000000000	1.00000000000000000	1.00000000000000000	1.00000000000000000	1.00000000000000000	1.00000000000000000	43.21891770631494722
TRA2A	52.64025972932092401	1.00000000000000000	1.00000000000000000	1.00000000000000000	1.00000000000000000	180.77217676825750914	43.21891770631494722
TRADD	1.00000000000000000	57.81309632081934780	1.00000000000000000	45.60757541790266600	1.00000000000000000	1.00000000000000000	1.00000000000000000
TRAK1	1.00000000000000000	1.00000000000000000	1.00000000000000000	1.00000000000000000	1.00000000000000000	36.51067004625174661	1.00000000000000000
TRAM2	1.00000000000000000	43.13440405271669675	1.00000000000000000	1.00000000000000000	1.00000000000000000	1.00000000000000000	1.00000000000000000
TREM1	1.00000000000000000	1.00000000000000000	1.00000000000000000	1.00000000000000000	1.00000000000000000	160.32940727077706811	1.00000000000000000
TREM2	1.00000000000000000	1.00000000000000000	1.00000000000000000	1.00000000000000000	1.00000000000000000	239.96672350178283750	1.00000000000000000
TRIAP1	1.00000000000000000	43.40999949159878923	1.00000000000000000	1.00000000000000000	1.00000000000000000	1.00000000000000000	1.00000000000000000
TRIB2	1.00000000000000000	1.00000000000000000	1.00000000000000000	1.00000000000000000	54.57684277745131851	1.00000000000000000	43.60878418267682122
TRIM13	1.00000000000000000	53.70359113845468357	1.00000000000000000	1.00000000000000000	79.76586854354142986	1.00000000000000000	1.00000000000000000
TRIM22	1.00000000000000000	1.00000000000000000	1.00000000000000000	1.00000000000000000	70.57098957938873696	77.89313837648843730	56.90292743860110392
TRIM38	1.00000000000000000	1.00000000000000000	1.00000000000000000	1.00000000000000000	1.00000000000000000	37.54878450206756924	1.00000000000000000
TRIM69	1.00000000000000000	1.00000000000000000	1.00000000000000000	1.00000000000000000	1.00000000000000000	171.09361786503231428	1.00000000000000000
TRIM8	64.48815362536377904	47.64239871461666809	1.00000000000000000	1.00000000000000000	1.00000000000000000	31.66663426872897702	1.00000000000000000
TRIOBP	1.00000000000000000	1.00000000000000000	1.00000000000000000	1.00000000000000000	1.00000000000000000	1.00000000000000000	128.23894598456391236
TRIP10	60.52755348620240738	1.00000000000000000	1.00000000000000000	1.00000000000000000	1.00000000000000000	1.00000000000000000	1.00000000000000000
TRIP12	1.00000000000000000	1.00000000000000000	1.00000000000000000	1.00000000000000000	1.00000000000000000	41.72933377552522671	109.60463683836344728
TRMT1	1.00000000000000000	1.00000000000000000	1.00000000000000000	1.00000000000000000	1.00000000000000000	202.21718514688885193	1.00000000000000000
TRMT10C	46.91081122124025882	1.00000000000000000	1.00000000000000000	1.00000000000000000	1.00000000000000000	1.00000000000000000	1.00000000000000000
TRNAU1AP	1.00000000000000000	1.00000000000000000	1.00000000000000000	1.00000000000000000	1.00000000000000000	1.00000000000000000	19.63430914620041179
TRPC6	1.00000000000000000	1.00000000000000000	1.00000000000000000	1.00000000000000000	140.66079118679490989	1.00000000000000000	1.00000000000000000
TRPV2	1.00000000000000000	1.00000000000000000	1.00000000000000000	1.00000000000000000	54.84044069512923159	1.00000000000000000	93.16733769843793311
TRUB2	1.00000000000000000	1.00000000000000000	1.00000000000000000	1.00000000000000000	1.00000000000000000	48.56621720490208105	1.00000000000000000
TSC22D4	1.00000000000000000	1.00000000000000000	1.00000000000000000	105.65661516891591987	87.99261358145555789	29.74807219196864594	38.26861829240073121
TSFM	1.00000000000000000	50.18629367405691966	1.00000000000000000	1.00000000000000000	1.00000000000000000	1.00000000000000000	90.97032769216299641
TSHZ2	100.80074497321203353	110.12199436207431802	1.00000000000000000	1.00000000000000000	1.00000000000000000	1.00000000000000000	1.00000000000000000
TSNAX	1.00000000000000000	1.00000000000000000	1.00000000000000000	1.00000000000000000	64.46709030507503257	38.18938078084690346	22.10945885315748427
TSPAN13	1.00000000000000000	1.00000000000000000	1.00000000000000000	1.00000000000000000	1.00000000000000000	1.00000000000000000	109.60463683836324833
TSPAN14	1.00000000000000000	1.00000000000000000	1.00000000000000000	1.00000000000000000	1.00000000000000000	71.10246778222960984	43.21891770631494722
TSPAN18	1.00000000000000000	1.00000000000000000	1.00000000000000000	1.00000000000000000	1.00000000000000000	1.00000000000000000	96.75258408713500557
TSPAN5	1.00000000000000000	45.95558220851570752	1.00000000000000000	1.00000000000000000	1.00000000000000000	1.00000000000000000	180.67941453884509428
TSPAN6	1.00000000000000000	42.84252277749197901	1.00000000000000000	1.00000000000000000	1.00000000000000000	1.00000000000000000	1.00000000000000000
TSPAN9	78.02220910540896170	75.72789290149617614	1.00000000000000000	1.00000000000000000	1.00000000000000000	1.00000000000000000	43.60878418267682122
TSPYL1	1.00000000000000000	1.00000000000000000	1.00000000000000000	1.00000000000000000	1.00000000000000000	50.37823569131498402	1.00000000000000000
TSR2	1.00000000000000000	45.64935560394430780	1.00000000000000000	1.00000000000000000	1.00000000000000000	37.05405579016889561	1.00000000000000000
TSTD1	1.00000000000000000	1.00000000000000000	1.00000000000000000	1.00000000000000000	1.00000000000000000	43.32320037845526173	1.00000000000000000
TSTD3	1.00000000000000000	1.00000000000000000	1.00000000000000000	1.00000000000000000	1.00000000000000000	1.00000000000000000	56.90292743860110392
TTC17	52.40808233142794847	1.00000000000000000	1.00000000000000000	1.00000000000000000	1.00000000000000000	27.12596382984019172	1.00000000000000000
TTI1	1.00000000000000000	1.00000000000000000	1.00000000000000000	1.00000000000000000	1.00000000000000000	1.00000000000000000	90.97032769216282588
TTYH3	1.00000000000000000	1.00000000000000000	1.00000000000000000	1.00000000000000000	1.00000000000000000	20.98474882539753850	38.26861829240080226
TUBA1C	145.10262850643397314	118.57162415907465913	173.45029456296873605	124.41993029520229186	1.00000000000000000	85.90626842983633082	1.00000000000000000
TUBB2A	118.13724596024032110	1.00000000000000000	1.00000000000000000	1.00000000000000000	1.00000000000000000	88.12550082723495848	38.26861829240073121
TUBGCP2	1.00000000000000000	1.00000000000000000	1.00000000000000000	1.00000000000000000	1.00000000000000000	97.12040445506119113	1.00000000000000000
TULP3	1.00000000000000000	1.00000000000000000	1.00000000000000000	1.00000000000000000	1.00000000000000000	38.98316185389432320	1.00000000000000000
TUSC2	1.00000000000000000	53.67934060489223214	1.00000000000000000	1.00000000000000000	1.00000000000000000	1.00000000000000000	38.26861829240073121
TUSC3	74.95995108677992391	52.30826174739379297	1.00000000000000000	1.00000000000000000	116.12322724909849114	55.64255875596800394	1.00000000000000000
TWISTNB	1.00000000000000000	1.00000000000000000	1.00000000000000000	1.00000000000000000	48.39845621336682058	1.00000000000000000	22.10945885315748427
TWSG1	47.65485283869210775	73.97779852593758676	1.00000000000000000	85.26524215867547696	1.00000000000000000	10.63371109611664345	1.00000000000000000
TXNDC12	96.42506605042757428	90.69540918136846130	94.79714000772591476	1.00000000000000000	100.49529593509492997	48.57130793119991807	1.00000000000000000
TXNDC15	88.61681439700751639	102.56058140067096929	1.00000000000000000	135.39467361209969454	72.13610486783022679	1.00000000000000000	1.00000000000000000
TXNDC5	80.47420987056794672	59.58815802871695411	1.00000000000000000	1.00000000000000000	1.00000000000000000	1.00000000000000000	19.63430914620035139
TXNDC9	1.00000000000000000	1.00000000000000000	1.00000000000000000	1.00000000000000000	1.00000000000000000	41.20089766782385254	261.88682800368849257
TXNL4B	1.00000000000000000	1.00000000000000000	1.00000000000000000	1.00000000000000000	1.00000000000000000	1.00000000000000000	38.26861829240073121
TXNRD1	43.00427988116676659	1.00000000000000000	1.00000000000000000	1.00000000000000000	1.00000000000000000	24.36996904831426392	22.10945885315748427
TYROBP	1.00000000000000000	1.00000000000000000	1.00000000000000000	1.00000000000000000	1.00000000000000000	2874.93850123721949785	22.30439209133841061
TYW3	1.00000000000000000	1.00000000000000000	1.00000000000000000	1.00000000000000000	1.00000000000000000	1.00000000000000000	38.26861829240080226
UACA	94.83778343825521517	120.85743912025768054	1.00000000000000000	238.56839349893371605	315.65758414604016480	74.58526408459306367	85.43783541262989445
UAP1	153.60263443772126379	61.35066735460887344	127.16416421830768968	1.00000000000000000	1.00000000000000000	1.00000000000000000	1.00000000000000000
UBA2	61.29262779700250974	40.32877798882385179	1.00000000000000000	148.08300853345988912	165.22155439775559671	50.17756110931339464	1.00000000000000000
UBA6	1.00000000000000000	1.00000000000000000	1.00000000000000000	1.00000000000000000	1.00000000000000000	1.00000000000000000	44.70146690485036345
UBE2D4	1.00000000000000000	1.00000000000000000	1.00000000000000000	1.00000000000000000	1.00000000000000000	46.43462572196409610	1.00000000000000000
UBE2E2	65.68642045660068618	75.64410061611907565	1.00000000000000000	183.30743082466082683	108.16015984313222020	44.72808301171461665	1.00000000000000000
UBE2G2	53.97818797911723721	51.16363115639532566	1.00000000000000000	1.00000000000000000	1.00000000000000000	1.00000000000000000	1.00000000000000000
UBE2Q2	1.00000000000000000	1.00000000000000000	1.00000000000000000	1.00000000000000000	1.00000000000000000	175.06696494418531529	1.00000000000000000
UBE2W	1.00000000000000000	1.00000000000000000	1.00000000000000000	1.00000000000000000	52.53688610563190764	30.21208163449420070	1.00000000000000000
UBE2Z	1.00000000000000000	1.00000000000000000	1.00000000000000000	1.00000000000000000	1.00000000000000000	190.14926994807140659	64.32837655947244571
UBE3A	64.55346812519580624	1.00000000000000000	1.00000000000000000	1.00000000000000000	52.79524728782362786	27.87196608281392685	1.00000000000000000
UBL3	1.00000000000000000	52.23503825401270007	1.00000000000000000	1.00000000000000000	1.00000000000000000	15.33283278611410516	1.00000000000000000
UBL7	1.00000000000000000	1.00000000000000000	1.00000000000000000	1.00000000000000000	1.00000000000000000	41.86961187183388233	1.00000000000000000
UBN1	1.00000000000000000	1.00000000000000000	1.00000000000000000	1.00000000000000000	1.00000000000000000	1.00000000000000000	40.91644009028756557
UBTD1	1.00000000000000000	37.42095821983448189	1.00000000000000000	1.00000000000000000	1.00000000000000000	1.00000000000000000	75.53723658480161873
UCP2	1.00000000000000000	1.00000000000000000	1.00000000000000000	1.00000000000000000	1.00000000000000000	92.50478989079627468	1.00000000000000000
UFM1	74.78951322621460918	82.07058882892899021	104.22636256062284588	1.00000000000000000	1.00000000000000000	89.77226618406275804	78.14053608818586838
UFSP2	51.23034339441594653	46.27374245923638796	1.00000000000000000	1.00000000000000000	1.00000000000000000	1.00000000000000000	1.00000000000000000
UGCG	102.08299358734473117	50.30311598636977521	1.00000000000000000	77.01160778547416896	76.20561595409239430	1.00000000000000000	1.00000000000000000
UGDH	125.73759195715112469	73.96520529212226336	1.00000000000000000	1.00000000000000000	1.00000000000000000	1.00000000000000000	1.00000000000000000
UNC5B	1.00000000000000000	72.50796795308836806	1.00000000000000000	1.00000000000000000	1.00000000000000000	1.00000000000000000	62.22083218162599394
UPP1	1.00000000000000000	1.00000000000000000	1.00000000000000000	1.00000000000000000	1.00000000000000000	335.94289365042681084	1.00000000000000000
UPRT	1.00000000000000000	1.00000000000000000	1.00000000000000000	1.00000000000000000	1.00000000000000000	1.00000000000000000	59.52848808923673829
UQCC3	61.04843935714161773	55.55561629302310678	1.00000000000000000	1.00000000000000000	1.00000000000000000	1.00000000000000000	90.97032769216282588
URI1	1.00000000000000000	1.00000000000000000	1.00000000000000000	1.00000000000000000	1.00000000000000000	1.00000000000000000	40.91644009028756557
URM1	47.98000271032277908	68.87879491802833343	1.00000000000000000	142.03201258938511842	48.76525534744114054	67.41898688911999216	59.52848808923673829
USE1	52.25695987365757844	56.84184081383158826	1.00000000000000000	1.00000000000000000	89.53053363132191578	1.00000000000000000	1.00000000000000000
USF2	1.00000000000000000	1.00000000000000000	1.00000000000000000	1.00000000000000000	1.00000000000000000	46.43462572196409610	1.00000000000000000
USP11	59.95198758269201988	61.95772363968486474	1.00000000000000000	1.00000000000000000	57.59360451791355473	1.00000000000000000	1.00000000000000000
USP15	1.00000000000000000	1.00000000000000000	1.00000000000000000	1.00000000000000000	1.00000000000000000	93.45668593590821160	1.00000000000000000
USP16	57.88289656550679041	64.95635692429348751	1.00000000000000000	123.48574038813895015	113.22155634521448064	31.13645532915843361	1.00000000000000000
USP34	62.50540293090460864	53.20328094085737547	1.00000000000000000	1.00000000000000000	54.69521050174428467	1.00000000000000000	1.00000000000000000
USP4	1.00000000000000000	1.00000000000000000	1.00000000000000000	1.00000000000000000	1.00000000000000000	1.00000000000000000	19.63430914620041179
USP53	89.74421052603017301	1.00000000000000000	1.00000000000000000	1.00000000000000000	1.00000000000000000	1.00000000000000000	43.60878418267682122
USP8	49.47787927456029422	51.21411836156916308	1.00000000000000000	1.00000000000000000	59.24572412100234686	1.00000000000000000	1.00000000000000000
UTP11	52.48662906725616750	48.01585809169075958	1.00000000000000000	115.37694709793724712	64.53919470358280819	47.61393922785118349	1.00000000000000000
UTRN	1.00000000000000000	1.00000000000000000	1.00000000000000000	1.00000000000000000	140.76274206411224554	135.03538294998244851	181.97015245248863380
UVRAG	1.00000000000000000	1.00000000000000000	1.00000000000000000	1.00000000000000000	1.00000000000000000	72.47506085499256301	1.00000000000000000
UXS1	1.00000000000000000	1.00000000000000000	1.00000000000000000	1.00000000000000000	56.38856127557586717	1.00000000000000000	19.63430914620041179
VAC14	1.00000000000000000	1.00000000000000000	1.00000000000000000	1.00000000000000000	1.00000000000000000	1.00000000000000000	38.26861829240080226
VAMP3	52.57189353870387549	46.71591343107424876	1.00000000000000000	158.74612667891847195	84.74480301896376488	39.12019187645120866	1.00000000000000000
VAMP4	1.00000000000000000	1.00000000000000000	1.00000000000000000	1.00000000000000000	1.00000000000000000	61.67312270844131916	1.00000000000000000
VAPB	1.00000000000000000	1.00000000000000000	1.00000000000000000	1.00000000000000000	1.00000000000000000	1.00000000000000000	43.21891770631494722
VASN	120.78936324864872631	62.47759239279469767	1.00000000000000000	60.16574043420602180	98.66744605072608465	1.00000000000000000	1.00000000000000000
VASP	1.00000000000000000	44.35861794495280463	1.00000000000000000	140.94744879233772394	123.02805386862995363	227.03250521722898725	59.52848808923673829
VAT1	1.00000000000000000	58.29082371608905788	1.00000000000000000	1.00000000000000000	1.00000000000000000	15.33283278611410516	1.00000000000000000
VBP1	67.02728292514309771	53.64379453173917511	1.00000000000000000	1.00000000000000000	101.05698804820072212	1.00000000000000000	38.26861829240080226
VCAM1	163.39880538200833371	172.21805950955283038	1.00000000000000000	1.00000000000000000	1.00000000000000000	1.00000000000000000	1.00000000000000000
VCAN	506.87213733887881517	1358.95835241713803043	235.58537476400209698	1.00000000000000000	1.00000000000000000	635.64359916024773156	180.94065538432568019
VCL	91.94291965481885143	109.18101515094463139	1.00000000000000000	224.63232388077841506	99.62136443391121077	46.67663104332279289	93.16733769843793311
VEGFA	65.78025754530929703	83.39081616336579827	77.44705500492702299	1.00000000000000000	1.00000000000000000	46.63820362396715780	1.00000000000000000
VEGFB	1.00000000000000000	39.82981002029647044	1.00000000000000000	1.00000000000000000	1.00000000000000000	41.20089766782385254	1.00000000000000000
VEZT	1.00000000000000000	57.73720646461754313	1.00000000000000000	1.00000000000000000	1.00000000000000000	1.00000000000000000	1.00000000000000000
VGLL3	90.53487585026955742	44.99015086882749870	1.00000000000000000	145.35915316110325080	1.00000000000000000	1.00000000000000000	1.00000000000000000
VPS13C	1.00000000000000000	52.41184273455925791	1.00000000000000000	1.00000000000000000	1.00000000000000000	51.56641663153784805	1.00000000000000000
VPS16	1.00000000000000000	1.00000000000000000	1.00000000000000000	1.00000000000000000	1.00000000000000000	82.04225114832317445	1.00000000000000000
VPS35L	1.00000000000000000	1.00000000000000000	1.00000000000000000	1.00000000000000000	1.00000000000000000	1.00000000000000000	88.40293380970076953
VPS36	1.00000000000000000	45.47613867096329443	1.00000000000000000	1.00000000000000000	1.00000000000000000	1.00000000000000000	38.26861829240073121
VPS4B	1.00000000000000000	1.00000000000000000	1.00000000000000000	1.00000000000000000	59.34409302185042634	1.00000000000000000	1.00000000000000000
VPS72	1.00000000000000000	55.09788187760201339	1.00000000000000000	1.00000000000000000	1.00000000000000000	1.00000000000000000	1.00000000000000000
VSIG4	1.00000000000000000	1.00000000000000000	1.00000000000000000	1.00000000000000000	1.00000000000000000	389.67424557482758019	1.00000000000000000
VSTM4	1.00000000000000000	1.00000000000000000	1.00000000000000000	1.00000000000000000	54.30121110373645621	1.00000000000000000	1.00000000000000000
VTA1	1.00000000000000000	1.00000000000000000	1.00000000000000000	1.00000000000000000	1.00000000000000000	25.36046284946112905	134.64788201912475074
VWF	1.00000000000000000	1.00000000000000000	1.00000000000000000	1.00000000000000000	1.00000000000000000	1.00000000000000000	530.25313376623500972
WAC.AS1	1.00000000000000000	1.00000000000000000	1.00000000000000000	1.00000000000000000	1.00000000000000000	187.87468870635441931	124.99335839109191681
WAPL	1.00000000000000000	1.00000000000000000	1.00000000000000000	1.00000000000000000	52.66752636124333975	1.00000000000000000	90.97032769216282588
WASHC3	51.24576355476131795	55.52252989651481840	1.00000000000000000	84.74137753036613674	1.00000000000000000	1.00000000000000000	93.16733769843793311
WASHC4	1.00000000000000000	43.08438560681236140	1.00000000000000000	1.00000000000000000	61.52637919340622830	1.00000000000000000	1.00000000000000000
WASHC5	1.00000000000000000	1.00000000000000000	1.00000000000000000	1.00000000000000000	1.00000000000000000	1.00000000000000000	43.21891770631494722
WASL	39.51369526480791450	50.72874980798603417	1.00000000000000000	1.00000000000000000	1.00000000000000000	1.00000000000000000	1.00000000000000000
WBP11	60.93170133639330999	1.00000000000000000	1.00000000000000000	1.00000000000000000	80.15555930625400549	42.34927674568618272	1.00000000000000000
WBP1L	76.39411999325943725	68.06988580269315037	1.00000000000000000	1.00000000000000000	1.00000000000000000	64.58717780408555598	1.00000000000000000
WBP2	1.00000000000000000	45.05465485365884604	1.00000000000000000	78.96428678612596741	46.67232263722668506	44.69113617566853236	22.85073345242518883
WBP4	56.19555145352569525	1.00000000000000000	1.00000000000000000	1.00000000000000000	1.00000000000000000	1.00000000000000000	38.26861829240073121
WDFY1	1.00000000000000000	1.00000000000000000	1.00000000000000000	1.00000000000000000	1.00000000000000000	178.31243563296922616	1.00000000000000000
WDFY2	1.00000000000000000	1.00000000000000000	1.00000000000000000	1.00000000000000000	1.00000000000000000	61.32360005932730473	64.32837655947244571
WDR18	1.00000000000000000	40.38814049531908523	1.00000000000000000	1.00000000000000000	1.00000000000000000	1.00000000000000000	1.00000000000000000
WDR26	1.00000000000000000	1.00000000000000000	1.00000000000000000	1.00000000000000000	1.00000000000000000	1.00000000000000000	78.56803144669200378
WDR41	1.00000000000000000	42.89054437926791508	1.00000000000000000	1.00000000000000000	1.00000000000000000	1.00000000000000000	1.00000000000000000
WDR43	46.89987784143754368	1.00000000000000000	1.00000000000000000	1.00000000000000000	1.00000000000000000	1.00000000000000000	1.00000000000000000
WDR45	74.31405955421850251	80.46574238057615958	101.94716515379920452	1.00000000000000000	83.15308139365048135	1.00000000000000000	1.00000000000000000
WDR45B	1.00000000000000000	47.09722681009923662	1.00000000000000000	1.00000000000000000	1.00000000000000000	1.00000000000000000	38.26861829240073121
WDR46	41.27365777090621890	48.22951069104794186	1.00000000000000000	1.00000000000000000	61.68821538107580693	1.00000000000000000	1.00000000000000000
WDR54	1.00000000000000000	45.78064026160161148	1.00000000000000000	1.00000000000000000	1.00000000000000000	1.00000000000000000	19.63430914620035139
WDR6	1.00000000000000000	1.00000000000000000	1.00000000000000000	1.00000000000000000	1.00000000000000000	1.00000000000000000	78.14053608818586838
WDR74	46.22521573920695204	1.00000000000000000	1.00000000000000000	1.00000000000000000	1.00000000000000000	1.00000000000000000	1.00000000000000000
WFS1	1.00000000000000000	1.00000000000000000	1.00000000000000000	1.00000000000000000	1.00000000000000000	1.00000000000000000	146.87325513076399375
WIPF1	1.00000000000000000	51.83054845506249109	1.00000000000000000	1.00000000000000000	1.00000000000000000	93.30326814482094733	22.30439209133841061
WIPI2	46.88580832928693098	59.15931669604912457	1.00000000000000000	1.00000000000000000	1.00000000000000000	1.00000000000000000	43.21891770631494722
WNK1	1.00000000000000000	1.00000000000000000	1.00000000000000000	1.00000000000000000	1.00000000000000000	49.43288552536129998	156.13606289338403599
WNT2	74.51981565172735600	67.34667262172639823	1.00000000000000000	1.00000000000000000	1.00000000000000000	1.00000000000000000	1.00000000000000000
WWTR1	1.00000000000000000	68.11866294691340329	1.00000000000000000	1.00000000000000000	1.00000000000000000	1.00000000000000000	184.11532571247943224
XAF1	1.00000000000000000	56.25824915203678955	1.00000000000000000	1.00000000000000000	1.00000000000000000	1.00000000000000000	1.00000000000000000
XPA	1.00000000000000000	1.00000000000000000	1.00000000000000000	1.00000000000000000	1.00000000000000000	56.96236919071524341	1.00000000000000000
XPO1	1.00000000000000000	49.89418384242017623	1.00000000000000000	1.00000000000000000	1.00000000000000000	41.14728426846436093	1.00000000000000000
XPO4	1.00000000000000000	1.00000000000000000	1.00000000000000000	1.00000000000000000	1.00000000000000000	1.00000000000000000	40.91644009028756557
XPOT	1.00000000000000000	1.00000000000000000	1.00000000000000000	1.00000000000000000	1.00000000000000000	1.00000000000000000	90.97032769216282588
XXYLT1	1.00000000000000000	1.00000000000000000	1.00000000000000000	1.00000000000000000	1.00000000000000000	1.00000000000000000	128.23894598456351446
YAF2	1.00000000000000000	1.00000000000000000	1.00000000000000000	1.00000000000000000	88.71253530606040272	51.56484486361223674	1.00000000000000000
YAP1	48.21538728397861462	49.55177316747649741	1.00000000000000000	117.08629926977870639	1.00000000000000000	1.00000000000000000	75.53723658480147662
YES1	1.00000000000000000	1.00000000000000000	1.00000000000000000	1.00000000000000000	1.00000000000000000	1.00000000000000000	64.32837655947244571
YIF1B	1.00000000000000000	51.45990793710779343	1.00000000000000000	1.00000000000000000	1.00000000000000000	14.77917395483460439	1.00000000000000000
YPEL3	48.12477866672904270	83.61298783537148438	1.00000000000000000	1.00000000000000000	1.00000000000000000	1.00000000000000000	22.85073345242518883
YTHDC1	1.00000000000000000	56.78117292219450007	1.00000000000000000	89.88986409462175686	1.00000000000000000	1.00000000000000000	43.60878418267682122
YY1	57.19800223600181255	78.53809552232161195	1.00000000000000000	95.17253249791200176	82.63485609452598624	1.00000000000000000	141.93917861814463777
Z95331.1	1.00000000000000000	1.00000000000000000	1.00000000000000000	1.00000000000000000	1.00000000000000000	1.00000000000000000	90.97032769216282588
ZBED1	1.00000000000000000	67.79289528426966172	1.00000000000000000	1.00000000000000000	1.00000000000000000	1.00000000000000000	1.00000000000000000
ZBED5	1.00000000000000000	1.00000000000000000	1.00000000000000000	1.00000000000000000	64.48342317832290860	6.13179090957374839	1.00000000000000000
ZBTB7A	1.00000000000000000	1.00000000000000000	1.00000000000000000	1.00000000000000000	1.00000000000000000	46.80071622452300772	1.00000000000000000
ZC3H13	70.56954916199862282	59.51185468173992632	1.00000000000000000	1.00000000000000000	92.53320280954140742	1.00000000000000000	43.60878418267682122
ZCCHC10	1.00000000000000000	1.00000000000000000	1.00000000000000000	1.00000000000000000	1.00000000000000000	1.00000000000000000	56.90292743860110392
ZDHHC12	1.00000000000000000	77.73651663326768357	1.00000000000000000	1.00000000000000000	1.00000000000000000	1.00000000000000000	19.63430914620041179
ZDHHC20	1.00000000000000000	1.00000000000000000	1.00000000000000000	1.00000000000000000	1.00000000000000000	47.57088635632107554	134.64788201912475074
ZDHHC4	58.46026903379697615	71.50344820925305100	1.00000000000000000	1.00000000000000000	1.00000000000000000	38.66030896828234376	1.00000000000000000
ZDHHC9	1.00000000000000000	1.00000000000000000	1.00000000000000000	1.00000000000000000	1.00000000000000000	1.00000000000000000	19.63430914620041179
ZEB1	1.00000000000000000	66.89224019630474061	1.00000000000000000	1.00000000000000000	52.15007732615013936	1.00000000000000000	1.00000000000000000
ZEB2	98.94044136898688180	87.32453025496766941	1.00000000000000000	174.24851869556590600	160.04721942618027697	276.90515391911156939	1.00000000000000000
ZFAND1	1.00000000000000000	54.98098122377534480	1.00000000000000000	90.35933404457691154	1.00000000000000000	1.00000000000000000	1.00000000000000000
ZFAND2A	1.00000000000000000	1.00000000000000000	1.00000000000000000	1.00000000000000000	1.00000000000000000	1.00000000000000000	38.26861829240080226
ZFHX3	1.00000000000000000	49.55099971731424091	1.00000000000000000	78.54004046124305205	101.39997962843055745	48.60084187618657126	128.23894598456351446
ZFP91	1.00000000000000000	1.00000000000000000	1.00000000000000000	1.00000000000000000	1.00000000000000000	70.28777694065384196	1.00000000000000000
ZFR	47.71385142948181368	1.00000000000000000	1.00000000000000000	1.00000000000000000	1.00000000000000000	1.00000000000000000	93.16733769843793311
ZFYVE21	68.36927858070112052	47.09848496585089350	1.00000000000000000	150.71523909134666042	52.44808417005319257	42.01148803246318408	109.60463683836324833
ZGPAT	1.00000000000000000	1.00000000000000000	1.00000000000000000	1.00000000000000000	1.00000000000000000	1.00000000000000000	90.97032769216282588
ZKSCAN1	58.09448057604175375	57.91984811873797412	1.00000000000000000	68.29203560059191602	1.00000000000000000	79.72390257993077967	22.10945885315748427
ZMAT3	1.00000000000000000	1.00000000000000000	1.00000000000000000	1.00000000000000000	1.00000000000000000	1.00000000000000000	56.90292743860110392
ZMYM2	1.00000000000000000	1.00000000000000000	1.00000000000000000	1.00000000000000000	1.00000000000000000	1.00000000000000000	44.70146690485036345
ZNF106	123.29248246377274256	48.10247440455810164	1.00000000000000000	1.00000000000000000	1.00000000000000000	200.41859941338006479	1.00000000000000000
ZNF131	1.00000000000000000	1.00000000000000000	1.00000000000000000	1.00000000000000000	1.00000000000000000	1.00000000000000000	90.97032769216282588
ZNF148	1.00000000000000000	1.00000000000000000	1.00000000000000000	1.00000000000000000	69.15547350511876346	1.00000000000000000	90.97032769216282588
ZNF22	55.57452844731023589	62.95761461428210026	1.00000000000000000	100.37937773016787446	121.99175289755982021	1.00000000000000000	136.86880460328833919
ZNF24	1.00000000000000000	1.00000000000000000	1.00000000000000000	46.88010510572833311	61.87633689949375793	1.00000000000000000	22.30439209133841061
ZNF281	1.00000000000000000	53.08344201227386350	1.00000000000000000	1.00000000000000000	1.00000000000000000	1.00000000000000000	1.00000000000000000
ZNF292	42.70467195862471499	1.00000000000000000	1.00000000000000000	1.00000000000000000	57.37698989840372121	41.20089766782385254	1.00000000000000000
ZNF32	1.00000000000000000	40.95768145536803218	1.00000000000000000	105.72139994263069696	1.00000000000000000	177.49276155600136917	43.21891770631494722
ZNF326	1.00000000000000000	1.00000000000000000	1.00000000000000000	1.00000000000000000	1.00000000000000000	1.00000000000000000	56.90292743860110392
ZNF330	1.00000000000000000	1.00000000000000000	1.00000000000000000	1.00000000000000000	1.00000000000000000	44.21527176650229052	136.86880460328833919
ZNF33A	1.00000000000000000	1.00000000000000000	1.00000000000000000	1.00000000000000000	1.00000000000000000	19.85276968421792176	163.00586685932196929
ZNF385A	1.00000000000000000	1.00000000000000000	1.00000000000000000	1.00000000000000000	1.00000000000000000	64.99715082658632070	1.00000000000000000
ZNF385D	1.00000000000000000	1.00000000000000000	1.00000000000000000	1.00000000000000000	1.00000000000000000	1.00000000000000000	136.86880460328833919
ZNF398	1.00000000000000000	1.00000000000000000	1.00000000000000000	1.00000000000000000	1.00000000000000000	44.69113617566853236	1.00000000000000000
ZNF426	1.00000000000000000	1.00000000000000000	1.00000000000000000	1.00000000000000000	1.00000000000000000	1.00000000000000000	64.32837655947244571
ZNF467	1.00000000000000000	1.00000000000000000	1.00000000000000000	1.00000000000000000	1.00000000000000000	1.00000000000000000	85.43783541262989445
ZNF511	1.00000000000000000	60.55960284613676237	1.00000000000000000	1.00000000000000000	1.00000000000000000	44.11495276346806094	1.00000000000000000
ZNF532	1.00000000000000000	1.00000000000000000	1.00000000000000000	1.00000000000000000	1.00000000000000000	178.31243563296922616	1.00000000000000000
ZNF562	1.00000000000000000	1.00000000000000000	1.00000000000000000	1.00000000000000000	1.00000000000000000	70.77664071176201332	1.00000000000000000
ZNF581	1.00000000000000000	39.45971344169064565	1.00000000000000000	1.00000000000000000	1.00000000000000000	1.00000000000000000	1.00000000000000000
ZNF622	1.00000000000000000	1.00000000000000000	1.00000000000000000	1.00000000000000000	1.00000000000000000	39.04250544094116293	1.00000000000000000
ZNF638	48.52018360753717729	46.48093042920993412	1.00000000000000000	1.00000000000000000	81.99733255700601831	1.00000000000000000	180.94065538432568019
ZNF644	1.00000000000000000	1.00000000000000000	1.00000000000000000	1.00000000000000000	1.00000000000000000	1.00000000000000000	64.32837655947244571
ZNF655	1.00000000000000000	1.00000000000000000	1.00000000000000000	1.00000000000000000	1.00000000000000000	34.20477450395222974	1.00000000000000000
ZNF667.AS1	99.13558812248315633	48.99916150735735698	1.00000000000000000	1.00000000000000000	1.00000000000000000	1.00000000000000000	38.26861829240073121
ZNF791	1.00000000000000000	1.00000000000000000	1.00000000000000000	1.00000000000000000	1.00000000000000000	1.00000000000000000	38.26861829240080226
ZNHIT3	48.25815641319324811	71.37561305834090319	1.00000000000000000	127.98956236672157161	72.59923540864900815	37.16700512840639448	1.00000000000000000
ZNRD1	52.06585890571575703	38.84174067278453890	1.00000000000000000	1.00000000000000000	1.00000000000000000	1.00000000000000000	43.21891770631494722
ZNRD2	1.00000000000000000	55.49247289684438300	1.00000000000000000	1.00000000000000000	1.00000000000000000	38.11389290601635338	1.00000000000000000
ZRANB2	78.58339225026972485	63.58461175681798494	1.00000000000000000	92.65876380811783974	85.87024680908139374	1.00000000000000000	22.10945885315748427
ZSCAN16.AS1	1.00000000000000000	1.00000000000000000	1.00000000000000000	1.00000000000000000	1.00000000000000000	47.57088635632107554	1.00000000000000000
ZSCAN18	81.46769997025374721	1.00000000000000000	1.00000000000000000	1.00000000000000000	1.00000000000000000	1.00000000000000000	43.60878418267682122
ZSWIM7	1.00000000000000000	1.00000000000000000	1.00000000000000000	1.00000000000000000	52.87070394330442014	63.70029916069612597	1.00000000000000000
